ensembl_id,chrom,window_start,window_end,window_len,strand,in_gtf,n_neighbor_genes,target_cds,target_utr,target_exon_noncoding,target_intron,neighbor_exon,neighbor_intron,intergenic,raw_target_cds,raw_target_utr,raw_target_exon,raw_target_intron,raw_neighbor_exon,raw_intergenic,symbol,family
ENSG00000181409,17,81067918,81264525,196608,-1,True,15,0.021453857421875,0.044886271158854164,0.0006917317708333334,0.216461181640625,0.15162150065104166,0.4865570068359375,0.07832845052083333,0.021453857421875,0.052581787109375,0.0670318603515625,0.216461181640625,0.16499837239583334,0.07832845052083333,AATK,kinase
ENSG00000097007,9,130736950,130933557,196608,1,True,4,0.017242431640625,0.011189778645833334,1.52587890625e-05,0.7381846110026041,0.037445068359375,0.16077677408854166,0.035146077473958336,0.017242431640625,0.011189778645833334,0.028447469075520832,0.7381846110026041,0.042261759440104164,0.035146077473958336,ABL1,kinase
ENSG00000143322,1,179131374,179327981,196608,-1,True,9,0.0022379557291666665,0.0015869140625,0.013524373372395834,0.4826863606770833,0.008290608723958334,0.16994222005208334,0.3217315673828125,0.0022379557291666665,0.0015869140625,0.0173492431640625,0.4826863606770833,0.019358317057291668,0.3217315673828125,ABL2,kinase
ENSG00000182827,1,226088438,226285045,196608,-1,True,10,0.0081787109375,0.010264078776041666,4.0690104166666664e-05,0.19556681315104166,0.053644816080729164,0.5058746337890625,0.22643025716145834,0.0081787109375,0.010264078776041666,0.018483479817708332,0.19556681315104166,0.058298746744791664,0.22643025716145834,ACBD3,kinase
ENSG00000115170,2,157778027,157974634,196608,-1,True,5,0.0027618408203125,0.010960896809895834,0.0009663899739583334,0.4853973388671875,0.016825358072916668,0.482025146484375,0.0010630289713541667,0.0027618408203125,0.010960896809895834,0.014689127604166666,0.4853973388671875,0.016825358072916668,0.0010630289713541667,ACVR1,kinase
ENSG00000135503,12,51853395,52050002,196608,1,True,10,0.009531656901041666,0.019322713216145832,4.57763671875e-05,0.20203653971354166,0.10100301106770833,0.216156005859375,0.451904296875,0.009531656901041666,0.020116170247395832,0.028900146484375,0.20203653971354166,0.1015472412109375,0.451904296875,ACVR1B,kinase
ENSG00000123612,2,157530561,157727168,196608,-1,True,1,0.0075225830078125,0.019322713216145832,1.52587890625e-05,0.4732462565104167,0.0047149658203125,0.004974365234375,0.490203857421875,0.0075225830078125,0.01971435546875,0.026860555013020832,0.4732462565104167,0.0047149658203125,0.490203857421875,ACVR1C,kinase
ENSG00000121989,2,147746725,147943332,196608,1,True,5,0.0079498291015625,0.0211334228515625,0.005304972330729167,0.4053141276041667,0.037389119466145836,0.060643513997395836,0.4622650146484375,0.0079498291015625,0.022181193033854168,0.034388224283854164,0.4053141276041667,0.0422210693359375,0.4622650146484375,ACVR2A,kinase
ENSG00000114739,3,38355586,38552193,196608,1,True,7,0.0078125,0.052098592122395836,0.019968668619791668,0.11977132161458333,0.09393310546875,0.5103047688802084,0.19611104329427084,0.0078125,0.052098592122395836,0.0798797607421875,0.11977132161458333,0.095550537109375,0.19611104329427084,ACVR2B,kinase
ENSG00000139567,12,51809200,52005807,196608,1,True,13,0.00921630859375,0.019933064778645832,0.0016581217447916667,0.052881876627604164,0.13349405924479166,0.3583577473958333,0.4244588216145833,0.00921630859375,0.0237579345703125,0.0308074951171875,0.052881876627604164,0.13349405924479166,0.4244588216145833,ACVRL1,kinase
ENSG00000106992,9,127779372,127975979,196608,-1,True,19,0.0038350423177083335,0.016876220703125,1.52587890625e-05,0.040679931640625,0.19733174641927084,0.6321512858072916,0.10911051432291667,0.0038350423177083335,0.0197906494140625,0.020726521809895832,0.040679931640625,0.20369466145833334,0.10911051432291667,AK1,kinase
ENSG00000004455,1,32938580,33135187,196608,-1,True,10,0.00543212890625,0.0669708251953125,0.019775390625,0.2791748046875,0.08371480305989583,0.4178415934244792,0.1270904541015625,0.00543212890625,0.070953369140625,0.0921783447265625,0.2791748046875,0.09539794921875,0.1270904541015625,AK2,kinase
ENSG00000147853,9,4642899,4839506,196608,-1,True,10,0.0034637451171875,0.019343058268229168,1.52587890625e-05,0.14242045084635416,0.08252461751302083,0.6230824788411459,0.129150390625,0.0034637451171875,0.019643147786458332,0.022822062174479168,0.14242045084635416,0.08406575520833333,0.129150390625,AK3,kinase
ENSG00000162433,1,65049899,65246506,196608,1,True,7,0.0034027099609375,0.035374959309895836,0.0011698404947916667,0.3936258951822917,0.015009562174479166,0.0890045166015625,0.4624125162760417,0.0034027099609375,0.035430908203125,0.039947509765625,0.3936258951822917,0.015879313151041668,0.4624125162760417,AK4,kinase
ENSG00000154027,1,77183715,77380322,196608,1,True,6,0.0045318603515625,0.0066375732421875,0.010223388671875,0.478607177734375,0.026463826497395832,0.4735361735026042,0.0,0.0045318603515625,0.0067291259765625,0.021392822265625,0.478607177734375,0.028895060221354168,0.0,AK5,kinase
ENSG00000085231,5,69271217,69467824,196608,-1,True,8,0.0027262369791666665,0.008143107096354166,1.52587890625e-05,0.085906982421875,0.10282389322916667,0.5774078369140625,0.2229766845703125,0.0027262369791666665,0.008992513020833334,0.010884602864583334,0.085906982421875,0.14130655924479166,0.2229766845703125,AK6,kinase
ENSG00000140057,14,96293824,96490431,196608,1,True,5,0.011973063151041666,0.015116373697916666,0.0017598470052083333,0.4691162109375,0.058497111002604164,0.4163309733072917,0.0272064208984375,0.011973063151041666,0.015116373697916666,0.028849283854166668,0.4691162109375,0.0634613037109375,0.0272064208984375,AK7,kinase
ENSG00000165695,9,132779981,132976588,196608,-1,True,6,0.006830851236979167,0.0003102620442708333,0.0050811767578125,0.4902852376302083,0.12810262044270834,0.3635609944661458,0.005828857421875,0.006830851236979167,0.0003102620442708333,0.0122222900390625,0.4902852376302083,0.13018798828125,0.005828857421875,AK8,kinase
ENSG00000155085,6,109592899,109789506,196608,-1,True,1,0.009969075520833334,0.007624308268229167,1.52587890625e-05,0.4824676513671875,0.10035196940104167,0.3995717366536458,0.0,0.009969075520833334,0.008204142252604166,0.017608642578125,0.4824676513671875,0.10191853841145833,0.0,AK9,kinase
ENSG00000121057,17,56986942,57183549,196608,1,True,9,0.0147705078125,0.024464925130208332,1.52587890625e-05,0.14516703287760416,0.0470733642578125,0.3507588704427083,0.4177500406901042,0.0147705078125,0.029713948567708332,0.039250691731770836,0.14516703287760416,0.06903076171875,0.4177500406901042,AKAP1,kinase
ENSG00000111254,12,4550748,4747355,196608,-1,True,10,0.0130157470703125,0.016840616861979168,1.52587890625e-05,0.1516571044921875,0.111907958984375,0.6966298421223959,0.0099334716796875,0.0130157470703125,0.016840616861979168,0.029871622721354168,0.1516571044921875,0.12744649251302084,0.0099334716796875,AKAP3,kinase
ENSG00000147081,X,50102704,50299311,196608,-1,True,5,0.013031005859375,0.00225830078125,0.0001068115234375,0.036641438802083336,0.009389241536458334,0.5414632161458334,0.3971099853515625,0.013031005859375,0.00225830078125,0.0153961181640625,0.036641438802083336,0.0106048583984375,0.3971099853515625,AKAP4,kinase
ENSG00000179841,14,64367195,64563802,196608,1,True,12,0.0065155029296875,0.03167724609375,1.52587890625e-05,0.007593790690104167,0.3227132161458333,0.6124420166015625,0.01904296875,0.0065155029296875,0.03167724609375,0.0382080078125,0.007593790690104167,0.3227132161458333,0.01904296875,AKAP5,kinase
ENSG00000151320,14,32230994,32427601,196608,1,True,4,0.0,0.0024363199869791665,0.0,0.4975636800130208,0.014048258463541666,0.008906046549479166,0.4770456949869792,0.0,0.0024363199869791665,0.0024363199869791665,0.4975636800130208,0.021540323893229168,0.4770456949869792,AKAP6,kinase
ENSG00000118507,6,131037163,131233770,196608,1,True,5,0.004323323567708333,0.0023040771484375,0.0038503011067708335,0.4895222981770833,0.010762532552083334,0.2266693115234375,0.2625681559244792,0.004323323567708333,0.0027618408203125,0.010477701822916666,0.4895222981770833,0.017634073893229168,0.2625681559244792,AKAP7,kinase
ENSG00000105127,19,15281484,15478091,196608,-1,True,13,0.010747273763020834,0.011159261067708334,0.010203043619791666,0.10239664713541667,0.16877237955729166,0.6306915283203125,0.06602986653645833,0.010747273763020834,0.01824951171875,0.032109578450520836,0.10239664713541667,0.172607421875,0.06602986653645833,AKAP8,kinase
ENSG00000127914,7,91842558,92039165,196608,1,True,3,0.0242919921875,0.0021921793619791665,0.001312255859375,0.4723154703776042,0.0376434326171875,0.1905975341796875,0.2716471354166667,0.0242919921875,0.024500528971354168,0.027796427408854168,0.4723154703776042,0.037684122721354164,0.2716471354166667,AKAP9,kinase
ENSG00000108599,17,19879525,20076132,196608,-1,True,7,0.0115966796875,0.013422648111979166,0.0019276936848958333,0.3496500651041667,0.026418050130208332,0.3624216715494792,0.23456319173177084,0.0115966796875,0.021728515625,0.026947021484375,0.3496500651041667,0.02960205078125,0.23456319173177084,AKAP10,kinase
ENSG00000023516,13,42173848,42370455,196608,1,True,5,0.0290069580078125,0.024363199869791668,1.52587890625e-05,0.2101287841796875,0.09306844075520833,0.4867604573567708,0.15665690104166666,0.0290069580078125,0.024363199869791668,0.053385416666666664,0.2101287841796875,0.09306844075520833,0.15665690104166666,AKAP11,kinase
ENSG00000131016,6,151141663,151338270,196608,1,True,7,0.0017496744791666667,0.002471923828125,0.0,0.4959360758463542,0.0137786865234375,0.4277140299479167,0.058349609375,0.0017496744791666667,0.002471923828125,0.004221598307291667,0.4959360758463542,0.016357421875,0.058349609375,AKAP12,kinase
ENSG00000170776,15,85282299,85478906,196608,1,True,6,0.0,0.0010782877604166667,0.0025431315104166665,0.4965413411458333,0.04608154296875,0.4536031087239583,0.000152587890625,0.0,0.0010782877604166667,0.0036214192708333335,0.4965413411458333,0.048802693684895836,0.000152587890625,AKAP13,kinase
ENSG00000186471,X,119797589,119994196,196608,1,True,13,0.0030364990234375,0.003082275390625,0.0006764729817708334,0.11977132161458333,0.11190287272135417,0.7593638102213541,0.002166748046875,0.0030364990234375,0.003082275390625,0.006795247395833333,0.11977132161458333,0.113067626953125,0.002166748046875,AKAP14,kinase
ENSG00000197976,X,1493300,1689907,196608,1,True,4,0.011566162109375,0.013458251953125,1.52587890625e-05,0.030548095703125,0.029988606770833332,0.5618387858072916,0.3525848388671875,0.011566162109375,0.018218994140625,0.0250396728515625,0.030548095703125,0.029988606770833332,0.3525848388671875,AKAP17A,kinase
ENSG00000142208,14,104697445,104894052,196608,-1,True,17,0.009129842122395834,0.021341959635416668,0.030751546223958332,0.09435017903645833,0.22438557942708334,0.4572957356770833,0.16274515787760416,0.009129842122395834,0.02288818359375,0.061223347981770836,0.09435017903645833,0.22831217447916666,0.16274515787760416,AKT1,kinase
ENSG00000105221,19,40187042,40383649,196608,-1,True,17,0.009440104166666666,0.07143656412760417,0.029591878255208332,0.1703948974609375,0.165435791015625,0.3408355712890625,0.21286519368489584,0.009440104166666666,0.07845052083333333,0.11046854654947917,0.1703948974609375,0.1745452880859375,0.21286519368489584,AKT2,kinase
ENSG00000117020,1,243751940,243948547,196608,-1,True,3,0.00023396809895833334,0.0030263264973958335,0.0030263264973958335,0.4979654947916667,0.009653727213541666,0.4003397623697917,0.08575439453125,0.00023396809895833334,0.0030263264973958335,0.00628662109375,0.4979654947916667,0.012852986653645834,0.08575439453125,AKT3,kinase
ENSG00000171094,2,29823283,30019890,196608,-1,True,3,0.0033925374348958335,0.0047149658203125,0.0,0.4918924967447917,0.009226481119791666,0.4907735188802083,0.0,0.0033925374348958335,0.0047149658203125,0.008107503255208334,0.4918924967447917,0.018259684244791668,0.0,ALK,kinase
ENSG00000139163,12,22526867,22723474,196608,1,True,8,0.008626302083333334,0.033721923828125,0.025502522786458332,0.2657623291015625,0.037770589192708336,0.5818583170572916,0.046758015950520836,0.008626302083333334,0.038503011067708336,0.06785074869791667,0.2657623291015625,0.038060506184895836,0.046758015950520836,ETNK1,kinase
ENSG00000143845,1,204053741,204250348,196608,-1,True,9,0.007837931315104166,0.0099945068359375,0.005121866861979167,0.083770751953125,0.1208343505859375,0.7088673909505209,0.06357320149739583,0.007837931315104166,0.011774698893229166,0.022954305013020832,0.083770751953125,0.1309051513671875,0.06357320149739583,ETNK2,kinase
ENSG00000092820,6,158721065,158917672,196608,-1,True,9,0.010223388671875,0.007405598958333333,0.00015767415364583334,0.2552083333333333,0.06805419921875,0.5397898356119791,0.11916097005208333,0.010223388671875,0.007405598958333333,0.017786661783854168,0.2552083333333333,0.082000732421875,0.11916097005208333,EZR,kinase
ENSG00000108950,17,68503064,68699671,196608,-1,True,7,0.0089569091796875,0.016576131184895832,0.0063018798828125,0.3052419026692708,0.09903971354166667,0.5638834635416666,0.0,0.0089569091796875,0.022776285807291668,0.031834920247395836,0.3052419026692708,0.103271484375,0.0,FAM20A,kinase
ENSG00000116199,1,178927590,179124197,196608,1,True,7,0.0062408447265625,0.027425130208333332,1.52587890625e-05,0.224517822265625,0.1071319580078125,0.16016133626302084,0.4745076497395833,0.0062408447265625,0.027425130208333332,0.033681233723958336,0.224517822265625,0.10946146647135417,0.4745076497395833,FAM20B,kinase
ENSG00000177706,7,94267,290874,196608,1,True,9,0.0120086669921875,0.009958902994791666,0.0069580078125,0.3206990559895833,0.11156717936197917,0.3197021484375,0.21910603841145834,0.0120086669921875,0.009958902994791666,0.028925577799479168,0.3206990559895833,0.12461344401041667,0.21910603841145834,FAM20C,kinase
ENSG00000151422,5,108649593,108846200,196608,1,True,7,0.0024464925130208335,0.003962198893229167,0.004109700520833333,0.4897664388020833,0.026346842447916668,0.2975667317708333,0.17580159505208334,0.0024464925130208335,0.003962198893229167,0.010518391927083334,0.4897664388020833,0.037745157877604164,0.17580159505208334,FER,kinase
ENSG00000182511,15,90786200,90982807,196608,1,True,19,0.014455159505208334,0.009633382161458334,0.0027974446614583335,0.0367889404296875,0.2802276611328125,0.4748636881510417,0.18123372395833334,0.014455159505208334,0.0161285400390625,0.026885986328125,0.0367889404296875,0.2802276611328125,0.18123372395833334,FES,kinase
ENSG00000077782,8,38370332,38566939,196608,-1,True,15,0.016367594401041668,0.028691609700520832,0.043589274088541664,0.2603708902994792,0.08028666178385417,0.5216725667317709,0.049021402994791664,0.016367594401041668,0.042271931966145836,0.08864847819010417,0.2603708902994792,0.10589090983072917,0.049021402994791664,FGFR1,kinase
ENSG00000066468,10,121500141,121696748,196608,-1,True,5,0.009989420572916666,0.023778279622395832,0.029774983723958332,0.4365285237630208,0.010955810546875,0.033482869466145836,0.4554901123046875,0.009989420572916666,0.028772989908854168,0.06354268391927083,0.4365285237630208,0.010955810546875,0.4554901123046875,FGFR2,kinase
ENSG00000068078,4,1694989,1891596,196608,1,True,9,0.0132293701171875,0.010340372721354166,0.0019734700520833335,0.053741455078125,0.14201863606770834,0.5095062255859375,0.2691904703776042,0.0132293701171875,0.017969767252604168,0.025543212890625,0.053741455078125,0.14356486002604166,0.2691904703776042,FGFR3,kinase
ENSG00000160867,5,176988611,177185218,196608,1,True,4,0.013671875,0.012873331705729166,0.0050048828125,0.0279388427734375,0.057500203450520836,0.6849110921223959,0.19809977213541666,0.013671875,0.015248616536458334,0.031550089518229164,0.0279388427734375,0.057500203450520836,0.19809977213541666,FGFR4,kinase
ENSG00000000938,1,27536882,27733489,196608,-1,True,14,0.008148193359375,0.014546712239583334,0.0015767415364583333,0.09526570638020833,0.08642578125,0.5770212809244791,0.21701558430989584,0.008148193359375,0.014546712239583334,0.024271647135416668,0.09526570638020833,0.08642578125,0.21701558430989584,FGR,kinase
ENSG00000179431,11,35520156,35716763,196608,1,True,4,0.0066680908203125,0.00555419921875,1.52587890625e-05,0.0,0.016840616861979168,0.3641153971354167,0.6068064371744791,0.0066680908203125,0.00555419921875,0.012237548828125,0.0,0.016840616861979168,0.6068064371744791,FJX1,kinase
ENSG00000102755,13,28396825,28593432,196608,-1,True,5,0.008809407552083334,0.0015869140625,1.52587890625e-05,0.4896748860677083,0.039652506510416664,0.1427764892578125,0.3174845377604167,0.008809407552083334,0.0021413167317708335,0.010411580403645834,0.4896748860677083,0.039652506510416664,0.3174845377604167,FLT1,kinase
ENSG00000122025,13,28002273,28198880,196608,-1,True,5,0.015202840169270834,0.004994710286458333,0.0009562174479166666,0.4738362630208333,0.01727294921875,0.3019765218098958,0.185760498046875,0.015202840169270834,0.008921305338541666,0.021153767903645832,0.4738362630208333,0.025609334309895832,0.185760498046875,FLT3,kinase
ENSG00000037280,5,180551297,180747904,196608,-1,True,9,0.023249308268229168,0.010498046875,0.011881510416666666,0.1991424560546875,0.06891377766927083,0.2647908528645833,0.4215240478515625,0.023249308268229168,0.025065104166666668,0.045628865559895836,0.1991424560546875,0.06891377766927083,0.4215240478515625,FLT4,kinase
ENSG00000111816,6,115962588,116159195,196608,-1,True,6,0.004063924153645833,0.0034332275390625,0.0,0.4935302734375,0.028981526692708332,0.4695994059244792,0.0003916422526041667,0.004063924153645833,0.0034332275390625,0.007497151692708333,0.4935302734375,0.06441752115885417,0.0003916422526041667,FRK,kinase
ENSG00000010810,6,111775149,111971756,196608,-1,True,2,0.0,0.014862060546875,0.0,0.4852549235026042,0.032414754231770836,0.4669240315755208,0.0005442301432291666,0.0,0.014862060546875,0.014862060546875,0.4852549235026042,0.032414754231770836,0.0005442301432291666,FYN,kinase
ENSG00000144649,3,42881007,43077614,196608,1,True,11,0.008992513020833334,0.028864542643229168,0.025243123372395832,0.3886210123697917,0.08211263020833333,0.416748046875,0.049418131510416664,0.008992513020833334,0.0302581787109375,0.06310017903645833,0.3886210123697917,0.09529622395833333,0.049418131510416664,GASK1A,kinase
ENSG00000164125,4,158074722,158271329,196608,-1,True,11,0.0091552734375,0.035344441731770836,3.0517578125e-05,0.20864359537760416,0.12219746907552083,0.4797465006510417,0.1448822021484375,0.0091552734375,0.0369720458984375,0.044530232747395836,0.20864359537760416,0.13251749674479166,0.1448822021484375,GASK1B,kinase
ENSG00000198814,X,30555119,30751726,196608,1,True,9,0.0103607177734375,0.017181396484375,6.103515625e-05,0.3696543375651042,0.030583699544270832,0.1762542724609375,0.395904541015625,0.0103607177734375,0.024393717447916668,0.0276031494140625,0.3696543375651042,0.0387725830078125,0.395904541015625,GK,kinase
ENSG00000196475,4,79309925,79506532,196608,-1,True,3,0.0084381103515625,0.0010477701822916667,1.52587890625e-05,0.0,0.0256805419921875,0.19937642415364584,0.76544189453125,0.0084381103515625,0.0010477701822916667,0.009501139322916666,0.0,0.0256805419921875,0.76544189453125,GK2,kinase
ENSG00000175066,3,142127282,142323889,196608,-1,True,3,0.009440104166666666,0.049886067708333336,0.0024363199869791665,0.2844390869140625,0.031316121419270836,0.16982523600260416,0.4526570638020833,0.009440104166666666,0.05419921875,0.061762491861979164,0.2844390869140625,0.031316121419270836,0.4526570638020833,GK5,kinase
ENSG00000185974,13,113568915,113765522,196608,1,True,5,0.0085906982421875,0.0129241943359375,0.0032958984375,0.3338623046875,0.047673543294270836,0.3496958414713542,0.24395751953125,0.0085906982421875,0.0129241943359375,0.024810791015625,0.3338623046875,0.047673543294270836,0.24395751953125,GRK1,kinase
ENSG00000173020,11,67168169,67364776,196608,1,True,14,0.01141357421875,0.0065460205078125,0.016286214192708332,0.068328857421875,0.13892618815104166,0.6946461995442709,0.06385294596354167,0.01141357421875,0.0072021484375,0.034245808919270836,0.068328857421875,0.14391072591145834,0.06385294596354167,GRK2,kinase
ENSG00000100077,22,25466371,25662978,196608,1,True,5,0.001861572265625,0.0022837320963541665,0.0,0.4970906575520833,0.06559244791666667,0.4331715901692708,0.0,0.001861572265625,0.0027313232421875,0.004145304361979167,0.4970906575520833,0.081207275390625,0.0,GRK3,kinase
ENSG00000125388,4,2865267,3061874,196608,1,True,8,0.0105743408203125,0.0105743408203125,0.0036773681640625,0.3677825927734375,0.15932718912760416,0.4448089599609375,0.0032552083333333335,0.0105743408203125,0.0105743408203125,0.0248260498046875,0.3677825927734375,0.16077677408854166,0.0032552083333333335,GRK4,kinase
ENSG00000198873,10,119109267,119305874,196608,1,True,6,0.0002644856770833333,0.0019073486328125,0.0,0.4979705810546875,0.060333251953125,0.4106648763020833,0.028859456380208332,0.0002644856770833333,0.0019073486328125,0.0021718343098958335,0.4979705810546875,0.0638427734375,0.028859456380208332,GRK5,kinase
ENSG00000198055,5,177328372,177524979,196608,1,True,15,0.010406494140625,0.011622111002604166,0.0014750162760416667,0.17841084798177084,0.24850972493489584,0.4234212239583333,0.12615458170572916,0.010406494140625,0.014668782552083334,0.023503621419270832,0.17841084798177084,0.2790374755859375,0.12615458170572916,GRK6,kinase
ENSG00000114124,3,141665104,141861711,196608,1,True,9,0.0084381103515625,0.024775187174479168,1.52587890625e-05,0.2513224283854167,0.049494425455729164,0.4661763509114583,0.19977823893229166,0.0084381103515625,0.024775187174479168,0.033228556315104164,0.2513224283854167,0.053120930989583336,0.19977823893229166,GRK7,kinase
ENSG00000105723,19,42144299,42340906,196608,-1,True,15,0.012135823567708334,0.016087849934895832,0.0011850992838541667,0.054011027018229164,0.17566935221354166,0.6408640543619791,0.10004679361979167,0.012135823567708334,0.022954305013020832,0.029408772786458332,0.054011027018229164,0.18863423665364584,0.10004679361979167,GSK3A,kinase
ENSG00000082701,3,119996144,120192751,196608,-1,True,7,0.0020802815755208335,0.0062103271484375,0.027842203776041668,0.4666493733723958,0.051844278971354164,0.44537353515625,0.0,0.0020802815755208335,0.006734212239583333,0.0361328125,0.4666493733723958,0.060821533203125,0.0,GSK3B,kinase
ENSG00000101336,20,31953938,32150545,196608,1,True,10,0.008661905924479166,0.002899169921875,0.004119873046875,0.23690287272135416,0.09807840983072917,0.4263509114583333,0.22298685709635416,0.008661905924479166,0.011250813802083334,0.015680948893229168,0.23690287272135416,0.10154215494791667,0.22298685709635416,HCK,kinase
ENSG00000163349,1,113831020,114027627,196608,1,True,9,0.0189666748046875,0.030125935872395832,3.0517578125e-05,0.19779459635416666,0.15667724609375,0.5905354817708334,0.005869547526041667,0.0189666748046875,0.030359903971354168,0.049123128255208336,0.19779459635416666,0.1578369140625,0.005869547526041667,HIPK1,kinase
ENSG00000064393,7,139679695,139876302,196608,-1,True,3,0.005610148111979167,0.0019073486328125,0.0,0.4924825032552083,0.009638468424479166,0.4903615315755208,0.0,0.005610148111979167,0.0019073486328125,0.007517496744791667,0.4924825032552083,0.017333984375,0.0,HIPK2,kinase
ENSG00000110422,11,33159077,33355684,196608,1,True,6,0.0185394287109375,0.016199747721354168,0.0005696614583333334,0.4682973225911458,0.040623982747395836,0.43511962890625,0.020650227864583332,0.0185394287109375,0.016199747721354168,0.035308837890625,0.4682973225911458,0.040623982747395836,0.020650227864583332,HIPK3,kinase
ENSG00000160396,19,40291878,40488485,196608,-1,True,16,0.0093994140625,0.0030263264973958335,1.52587890625e-05,0.043055216471354164,0.19602457682291666,0.4698740641276042,0.2786051432291667,0.0093994140625,0.0030263264973958335,0.012440999348958334,0.043055216471354164,0.2094573974609375,0.2786051432291667,HIPK4,kinase
ENSG00000142149,21,31774716,31971323,196608,1,True,2,0.005137125651041667,0.0033315022786458335,0.0,0.4915313720703125,0.006490071614583333,0.0020497639973958335,0.4914601643880208,0.005137125651041667,0.0033315022786458335,0.0084686279296875,0.4915313720703125,0.007965087890625,0.4914601643880208,HUNK,kinase
ENSG00000104365,8,42172998,42369605,196608,1,True,6,0.014078776041666666,0.011286417643229166,0.030827840169270832,0.2548777262369792,0.09406026204427083,0.4642791748046875,0.13058980305989584,0.014078776041666666,0.0234527587890625,0.056193033854166664,0.2548777262369792,0.09406026204427083,0.13058980305989584,IKBKB,kinase
ENSG00000263528,1,206372172,206568779,196608,1,True,8,0.012690226236979166,0.007359822591145833,0.0015411376953125,0.11349995930989583,0.08765157063802083,0.713714599609375,0.06354268391927083,0.012690226236979166,0.008524576822916666,0.0215911865234375,0.11349995930989583,0.09794108072916667,0.06354268391927083,IKBKE,kinase
ENSG00000166333,11,6505470,6702077,196608,1,True,18,0.007466634114583333,0.004572550455729167,0.005681355794270833,0.018732706705729168,0.262603759765625,0.5841623942057291,0.11678059895833333,0.007466634114583333,0.011469523111979166,0.017720540364583332,0.018732706705729168,0.2877451578776042,0.11678059895833333,ILK,kinase
ENSG00000184216,X,153921599,154118206,196608,-1,True,12,0.012934366861979166,0.005839029947916667,0.0030721028645833335,0.026087443033854168,0.2114105224609375,0.5822092692057291,0.158447265625,0.012934366861979166,0.012980143229166666,0.021845499674479168,0.026087443033854168,0.21145121256510416,0.158447265625,IRAK1,kinase
ENSG00000134070,3,10066615,10263222,196608,1,True,8,0.010009765625,0.00823974609375,1.52587890625e-05,0.3830108642578125,0.08674112955729167,0.32147216796875,0.19051106770833334,0.010009765625,0.00823974609375,0.0182647705078125,0.3830108642578125,0.08674112955729167,0.19051106770833334,IRAK2,kinase
ENSG00000090376,12,66090910,66287517,196608,1,True,9,0.009836832682291666,0.040425618489583336,3.0517578125e-05,0.28350830078125,0.07738749186197917,0.2636922200520833,0.3251190185546875,0.009836832682291666,0.040425618489583336,0.05029296875,0.28350830078125,0.08489481608072917,0.3251190185546875,IRAK3,kinase
ENSG00000198001,12,43660647,43857254,196608,1,True,7,0.007319132486979167,0.022654215494791668,0.007197062174479167,0.16304524739583334,0.0908966064453125,0.2636973063151042,0.4451904296875,0.007319132486979167,0.029149373372395832,0.03717041015625,0.16304524739583334,0.10596720377604167,0.4451904296875,IRAK4,kinase
ENSG00000113263,5,157082536,157279143,196608,1,True,7,0.009577433268229166,0.014668782552083334,0.019505818684895832,0.5271962483723959,0.0545196533203125,0.334747314453125,0.039784749348958336,0.009577433268229166,0.019114176432291668,0.043752034505208336,0.5271962483723959,0.07154337565104167,0.039784749348958336,ITK,kinase
ENSG00000162434,1,64868246,65064853,196608,-1,True,8,0.0038706461588541665,0.025349934895833332,0.0054473876953125,0.96533203125,0.0,0.0,0.0,0.0038706461588541665,0.027598063151041668,0.03466796875,0.96533203125,0.060557047526041664,0.0,JAK1,kinase
ENSG00000096968,9,4886968,5083575,196608,1,True,2,0.0130767822265625,0.007207234700520833,0.0,0.4842020670572917,0.004720052083333333,0.0015513102213541667,0.4892425537109375,0.0130767822265625,0.007207234700520833,0.020284016927083332,0.4842020670572917,0.009577433268229166,0.4892425537109375,JAK2,kinase
ENSG00000105639,19,17749679,17946286,196608,-1,True,11,0.018107096354166668,0.011815388997395834,0.012644449869791666,0.07590230305989583,0.121826171875,0.4068959554036458,0.3528086344401042,0.018107096354166668,0.021626790364583332,0.042566935221354164,0.07590230305989583,0.12493896484375,0.3528086344401042,JAK3,kinase
ENSG00000128052,4,55027292,55223899,196608,-1,True,8,0.02069091796875,0.0089874267578125,0.0025990804036458335,0.20738728841145834,0.0496063232421875,0.2994740804036458,0.4112548828125,0.02069091796875,0.0089874267578125,0.032277425130208336,0.20738728841145834,0.0507354736328125,0.4112548828125,KDR,kinase
ENSG00000157404,4,54559653,54756260,196608,1,True,2,0.014948527018229166,0.012725830078125,0.029937744140625,0.3671773274739583,0.012685139973958334,0.016688028971354168,0.54583740234375,0.014948527018229166,0.01556396484375,0.057612101236979164,0.3671773274739583,0.012685139973958334,0.54583740234375,KIT,kinase
ENSG00000131023,6,149619798,149816405,196608,-1,True,8,0.019287109375,0.0230560302734375,0.002899169921875,0.2596944173177083,0.064300537109375,0.5565338134765625,0.07422892252604167,0.019287109375,0.0394744873046875,0.0452423095703125,0.2596944173177083,0.06676737467447917,0.07422892252604167,LATS1,kinase
ENSG00000150457,13,20963283,21159890,196608,-1,True,12,0.0166015625,0.014439900716145834,0.0003560384114583333,0.4191182454427083,0.058324178059895836,0.3172861735026042,0.1738739013671875,0.0166015625,0.014439900716145834,0.031397501627604164,0.4191182454427083,0.06270853678385417,0.1738739013671875,LATS2,kinase
ENSG00000182866,1,32152961,32349568,196608,1,True,21,0.0099029541015625,0.004175821940104167,0.0037841796875,0.15978495279947916,0.254852294921875,0.4960734049479167,0.0714263916015625,0.0099029541015625,0.010965983072916666,0.017862955729166668,0.15978495279947916,0.2561747233072917,0.0714263916015625,LCK,kinase
ENSG00000106683,7,73985500,74182107,196608,1,True,7,0.0108642578125,0.008707682291666666,0.016352335611979168,0.16546630859375,0.07418314615885417,0.498077392578125,0.226348876953125,0.0108642578125,0.013600667317708334,0.035924275716145836,0.16546630859375,0.07418314615885417,0.226348876953125,LIMK1,kinase
ENSG00000182541,22,31113994,31310601,196608,1,True,15,0.012471516927083334,0.018290201822916668,0.005747477213541667,0.3132832845052083,0.0955810546875,0.4804026285807292,0.07422383626302083,0.012471516927083334,0.018971761067708332,0.036509195963541664,0.3132832845052083,0.09665425618489583,0.07422383626302083,LIMK2,kinase
ENSG00000164715,7,98008558,98205165,196608,1,True,1,0.022801717122395832,0.001617431640625,0.0009816487630208333,0.474609375,0.0033009847005208335,0.021565755208333332,0.4751230875651042,0.022801717122395832,0.001617431640625,0.025400797526041668,0.474609375,0.0033009847005208335,0.4751230875651042,LMTK2,kinase
ENSG00000142235,19,48413532,48610139,196608,-1,True,11,0.025110880533854168,0.006011962890625,3.0517578125e-05,0.11464436848958333,0.16111246744791666,0.5137939453125,0.17929585774739584,0.025110880533854168,0.010233561197916666,0.031153361002604168,0.11464436848958333,0.16198221842447916,0.17929585774739584,LMTK3,kinase
ENSG00000154237,15,100821053,101017660,196608,1,True,11,0.008336385091145834,0.0035044352213541665,0.0009358723958333334,0.4873758951822917,0.12880961100260416,0.2835947672526042,0.08744303385416667,0.008336385091145834,0.0035044352213541665,0.012776692708333334,0.4873758951822917,0.13196309407552084,0.08744303385416667,LRRK1,kinase
ENSG00000188906,12,40126693,40323300,196608,1,True,6,0.02978515625,0.006683349609375,0.012781778971354166,0.594451904296875,0.036834716796875,0.2470703125,0.07239278157552083,0.02978515625,0.034388224283854164,0.049250284830729164,0.594451904296875,0.0858154296875,0.07239278157552083,LRRK2,kinase
ENSG00000073331,4,112199065,112395672,196608,1,True,6,0.00140380859375,0.0036722819010416665,0.019144694010416668,0.536102294921875,0.07499186197916667,0.21243794759114584,0.15224711100260416,0.00140380859375,0.0040740966796875,0.024220784505208332,0.536102294921875,0.10115559895833333,0.15224711100260416,ALPK1,kinase
ENSG00000198796,18,58530788,58727395,196608,-1,True,10,0.027226765950520832,0.00177001953125,0.009099324544270834,0.4619038899739583,0.0474853515625,0.3040059407552083,0.14850870768229166,0.027226765950520832,0.00177001953125,0.038096110026041664,0.4619038899739583,0.0668487548828125,0.14850870768229166,ALPK2,kinase
ENSG00000136383,15,84719052,84915659,196608,1,True,6,0.0260162353515625,0.026957194010416668,0.00013224283854166666,0.23327128092447916,0.08826700846354167,0.51361083984375,0.11174519856770833,0.0260162353515625,0.026957194010416668,0.053105672200520836,0.23327128092447916,0.0888671875,0.11174519856770833,ALPK3,kinase
ENSG00000135409,12,53325551,53522158,196608,1,True,16,0.008982340494791666,0.0026143391927083335,0.007929484049479166,0.021169026692708332,0.2151641845703125,0.4759063720703125,0.2682342529296875,0.008982340494791666,0.0056610107421875,0.019526163736979168,0.021169026692708332,0.2151641845703125,0.2682342529296875,AMHR2,kinase
ENSG00000170209,11,113289475,113486082,196608,1,True,6,0.0117645263671875,0.0014699300130208333,3.0517578125e-05,0.051015218098958336,0.06266276041666667,0.77685546875,0.09620157877604167,0.0117645263671875,0.0030466715494791665,0.013264973958333334,0.051015218098958336,0.06266276041666667,0.09620157877604167,ANKK1,kinase
ENSG00000078061,X,47462901,47659508,196608,1,True,16,0.009953816731770834,0.0146026611328125,0.0020955403645833335,0.027974446614583332,0.15918986002604166,0.5036163330078125,0.2825673421223958,0.009953816731770834,0.0146026611328125,0.026652018229166668,0.027974446614583332,0.16066996256510416,0.2825673421223958,ARAF,kinase
ENSG00000124198,20,48823407,49020014,196608,1,True,6,0.023518880208333332,0.0009104410807291666,0.004720052083333333,0.4708506266276042,0.012502034505208334,0.3987172444661458,0.08878072102864583,0.023518880208333332,0.022786458333333332,0.029149373372395832,0.4708506266276042,0.014373779296875,0.08878072102864583,ARFGEF2,kinase
ENSG00000062524,15,41415524,41612131,196608,-1,True,9,0.0135040283203125,0.00274658203125,0.0015207926432291667,0.034383138020833336,0.1467742919921875,0.5523122151692709,0.24875895182291666,0.0135040283203125,0.00274658203125,0.017771402994791668,0.034383138020833336,0.1467742919921875,0.24875895182291666,LTK,kinase
ENSG00000254087,8,55781531,55978138,196608,1,True,6,0.0054779052734375,0.0045623779296875,0.001007080078125,0.4890034993489583,0.0231475830078125,0.20663960774739584,0.2701619466145833,0.0054779052734375,0.0045623779296875,0.01104736328125,0.4890034993489583,0.032496134440104164,0.2701619466145833,LYN,kinase
ENSG00000151276,3,65940615,66137222,196608,-1,True,5,0.0015920003255208333,0.0031026204427083335,0.0,0.4953053792317708,0.010935465494791666,0.4178873697916667,0.07117716471354167,0.0015920003255208333,0.0031026204427083335,0.004694620768229167,0.4953053792317708,0.015645345052083332,0.07117716471354167,MAGI1,kinase
ENSG00000187391,7,79355364,79551971,196608,-1,True,4,0.0015309651692708333,0.0017649332682291667,0.028920491536458332,0.4677836100260417,0.09543355305989583,0.045867919921875,0.3586985270182292,0.0015309651692708333,0.0017649332682291667,0.032216389973958336,0.4677836100260417,0.10041300455729167,0.3586985270182292,MAGI2,kinase
ENSG00000081026,1,113292211,113488818,196608,1,True,2,0.0016072591145833333,0.0027109781901041665,0.0040740966796875,0.4916788736979167,0.0014444986979166667,0.16898091634114584,0.3295033772786458,0.0016072591145833333,0.0027109781901041665,0.008392333984375,0.4916788736979167,0.007380167643229167,0.3295033772786458,MAGI3,kinase
ENSG00000111837,6,10740236,10936843,196608,-1,True,7,0.0103607177734375,0.011957804361979166,3.0517578125e-05,0.3633473714192708,0.0664825439453125,0.5321248372395834,0.015696207682291668,0.0103607177734375,0.014775594075520834,0.022349039713541668,0.3633473714192708,0.07064310709635417,0.015696207682291668,MAK,kinase
ENSG00000078018,2,209325743,209522350,196608,1,True,1,0.0,0.006256103515625,0.0,0.4940439860026042,0.006098429361979167,0.16350809733072916,0.3300933837890625,0.0,0.006256103515625,0.006256103515625,0.4940439860026042,0.006098429361979167,0.3300933837890625,MAP2,kinase
ENSG00000169032,15,66288608,66485215,196608,1,True,9,0.005086263020833333,0.0038960774739583335,0.0018666585286458333,0.489593505859375,0.055750528971354164,0.4317525227864583,0.012054443359375,0.005086263020833333,0.004567464192708333,0.0108489990234375,0.489593505859375,0.058746337890625,0.012054443359375,MAP2K1,kinase
ENSG00000126934,19,4025819,4222426,196608,-1,True,11,0.0091552734375,0.0031636555989583335,0.029057820638020832,0.13104756673177084,0.1540069580078125,0.4048970540364583,0.2686716715494792,0.0091552734375,0.0031636555989583335,0.041376749674479164,0.13104756673177084,0.1540069580078125,0.2686716715494792,MAP2K2,kinase
ENSG00000034152,17,21186407,21383014,196608,1,True,8,0.008158365885416666,0.006963094075520833,0.004119873046875,0.13624064127604166,0.0790863037109375,0.2817637125651042,0.4836680094401042,0.008158365885416666,0.013031005859375,0.0192413330078125,0.13624064127604166,0.0790863037109375,0.4836680094401042,MAP2K3,kinase
ENSG00000065559,17,11922573,12119180,196608,1,True,10,0.004302978515625,0.0003000895182291667,0.004338582356770833,0.4913075764973958,0.042470296223958336,0.4567362467447917,0.0005442301432291666,0.004302978515625,0.0032704671223958335,0.008941650390625,0.4913075764973958,0.046361287434895836,0.0005442301432291666,MAP2K4,kinase
ENSG00000137764,15,67444399,67641006,196608,1,True,5,0.00311279296875,0.004979451497395833,0.0029551188151041665,0.4894205729166667,0.058024088541666664,0.3859100341796875,0.055597941080729164,0.00311279296875,0.004979451497395833,0.01104736328125,0.4894205729166667,0.06293741861979167,0.055597941080729164,MAP2K5,kinase
ENSG00000108984,17,69316393,69513000,196608,1,True,7,0.00054931640625,0.004674275716145833,0.0016886393229166667,0.4931589762369792,0.010218302408854166,0.049138387044270836,0.4405721028645833,0.00054931640625,0.005015055338541667,0.0069122314453125,0.4931589762369792,0.031626383463541664,0.4405721028645833,MAP2K6,kinase
ENSG00000076984,19,7805573,8002180,196608,1,True,20,0.0075836181640625,0.0109405517578125,0.008494059244791666,0.027089436848958332,0.21863810221354166,0.5358174641927084,0.191436767578125,0.0075836181640625,0.0109405517578125,0.027018229166666668,0.027089436848958332,0.220977783203125,0.191436767578125,MAP2K7,kinase
ENSG00000095015,5,56717245,56913852,196608,1,True,9,0.0230712890625,0.01275634765625,0.00360107421875,0.3706003824869792,0.049565633138020836,0.10413106282552083,0.4362742106119792,0.0230712890625,0.01275634765625,0.0394287109375,0.3706003824869792,0.052714029947916664,0.4362742106119792,MAP3K1,kinase
ENSG00000169967,2,127289672,127486279,196608,-1,True,10,0.0094451904296875,0.0520782470703125,1.52587890625e-05,0.3951975504557292,0.09789530436197917,0.4117228190104167,0.0336456298828125,0.0094451904296875,0.0520782470703125,0.0615386962890625,0.3951975504557292,0.112701416015625,0.0336456298828125,MAP3K2,kinase
ENSG00000198909,17,63524113,63720720,196608,1,True,12,0.010431925455729166,0.0163421630859375,0.0044708251953125,0.344757080078125,0.1666412353515625,0.3879954020182292,0.06936136881510417,0.010431925455729166,0.025004069010416668,0.031244913736979168,0.344757080078125,0.17461140950520834,0.06936136881510417,MAP3K3,kinase
ENSG00000085511,6,160893465,161090072,196608,1,True,5,0.015864054361979168,0.0025075276692708335,0.0019378662109375,0.4811960856119792,0.06792195638020833,0.4067026774088542,0.023869832356770832,0.015864054361979168,0.009023030598958334,0.0203094482421875,0.4811960856119792,0.07234700520833333,0.023869832356770832,MAP3K4,kinase
ENSG00000197442,6,136694174,136890781,196608,-1,True,4,0.008214314778645834,0.0022684733072916665,0.0,0.4926706949869792,0.015167236328125,0.3318888346354167,0.14979044596354166,0.008214314778645834,0.0034434000651041665,0.0104827880859375,0.4926706949869792,0.025141398111979168,0.14979044596354166,MAP3K5,kinase
ENSG00000142733,1,27268658,27465265,196608,-1,True,15,0.019810994466145832,0.0029398600260416665,0.005335489908854167,0.031895955403645836,0.17150370279947916,0.58935546875,0.17915852864583334,0.019810994466145832,0.0029805501302083335,0.028086344401041668,0.031895955403645836,0.17150370279947916,0.17915852864583334,MAP3K6,kinase
ENSG00000135341,6,90488769,90685376,196608,-1,True,5,0.011896769205729166,0.018605550130208332,0.018651326497395832,0.3247934977213542,0.02880859375,0.35736083984375,0.2398834228515625,0.011896769205729166,0.027577718098958332,0.049153645833333336,0.3247934977213542,0.028828938802083332,0.2398834228515625,MAP3K7,kinase
ENSG00000107968,10,30335880,30532487,196608,1,True,13,0.0077667236328125,0.018702189127604168,0.0006357828776041666,0.11714680989583333,0.051584879557291664,0.19858805338541666,0.6055755615234375,0.0077667236328125,0.018702189127604168,0.027104695638020832,0.11714680989583333,0.054601033528645836,0.6055755615234375,MAP3K8,kinase
ENSG00000006432,14,70711210,70907817,196608,-1,True,8,0.017949422200520832,0.043060302734375,0.002044677734375,0.3795522054036458,0.056559244791666664,0.040140787760416664,0.460693359375,0.017949422200520832,0.043558756510416664,0.06305440266927083,0.3795522054036458,0.058985392252604164,0.460693359375,MAP3K9,kinase
ENSG00000130758,19,40093122,40289729,196608,1,True,13,0.0147705078125,0.004923502604166667,0.005254109700520833,0.097900390625,0.1680908203125,0.5458119710286459,0.16324869791666666,0.0147705078125,0.014088948567708334,0.0249481201171875,0.097900390625,0.1680908203125,0.16324869791666666,MAP3K10,kinase
ENSG00000173327,11,65515918,65712525,196608,-1,True,22,0.012939453125,0.014617919921875,0.026173909505208332,0.035929361979166664,0.2979736328125,0.4777577718098958,0.13460795084635416,0.012939453125,0.019872029622395832,0.053731282552083336,0.035929361979166664,0.2979736328125,0.13460795084635416,MAP3K11,kinase
ENSG00000139625,12,53401155,53597762,196608,-1,True,16,0.013666788736979166,0.015899658203125,0.014531453450520834,0.059636433919270836,0.177459716796875,0.6317698160807291,0.0870361328125,0.013666788736979166,0.023050944010416668,0.044097900390625,0.059636433919270836,0.18525187174479166,0.0870361328125,MAP3K12,kinase
ENSG00000073803,3,185264832,185461439,196608,1,True,2,0.007329305013020833,0.016652425130208332,0.0003763834635416667,0.8835347493489584,0.0011545817057291667,0.08612060546875,0.004831949869791667,0.007329305013020833,0.021036783854166668,0.024358113606770832,0.8835347493489584,0.007685343424479167,0.004831949869791667,MAP3K13,kinase
ENSG00000006062,17,45218717,45415324,196608,-1,True,13,0.01519775390625,0.014043172200520834,0.0033060709635416665,0.2420806884765625,0.14190165201822916,0.3323516845703125,0.2511189778645833,0.01519775390625,0.019231160481770832,0.0325469970703125,0.2420806884765625,0.15943400065104166,0.2511189778645833,MAP3K14,kinase
ENSG00000180815,X,19417205,19613812,196608,-1,True,2,0.007486979166666667,0.0012563069661458333,0.0019480387369791667,0.4893086751302083,0.063507080078125,0.342559814453125,0.09393310546875,0.007486979166666667,0.0012563069661458333,0.010691324869791666,0.4893086751302083,0.0687713623046875,0.09393310546875,MAP3K15,kinase
ENSG00000176601,2,134949144,135145751,196608,-1,True,4,0.020360310872395832,0.010447184244791666,0.0105438232421875,0.3807271321614583,0.07008870442708333,0.4571940104166667,0.050638834635416664,0.020360310872395832,0.028467814127604168,0.041351318359375,0.3807271321614583,0.07008870442708333,0.050638834635416664,MAP3K19,kinase
ENSG00000091436,2,172977542,173174149,196608,1,True,2,0.0012563069661458333,0.007273356119791667,0.0020243326822916665,0.4921112060546875,0.018992106119791668,0.3642679850260417,0.11407470703125,0.0012563069661458333,0.007273356119791667,0.010553995768229166,0.4921112060546875,0.020991007486979168,0.11407470703125,MAP3K20,kinase
ENSG00000143674,1,233229420,233426027,196608,1,True,5,0.016082763671875,0.0251312255859375,3.0517578125e-05,0.2515614827473958,0.032928466796875,0.4713592529296875,0.20290629069010416,0.016082763671875,0.0251312255859375,0.0412445068359375,0.2515614827473958,0.032928466796875,0.20290629069010416,MAP3K21,kinase
ENSG00000100030,22,21769342,21965949,196608,-1,True,8,0.0049591064453125,0.001220703125,0.0004425048828125,0.4935557047526042,0.18773396809895834,0.14251708984375,0.1695709228515625,0.0049591064453125,0.001220703125,0.006622314453125,0.4935557047526042,0.19423929850260416,0.1695709228515625,MAPK1,kinase
ENSG00000102882,16,30024917,30221524,196608,-1,True,26,0.0061492919921875,0.013651529947916666,0.0020904541015625,0.025929768880208332,0.22458902994791666,0.3732248942057292,0.3543650309244792,0.0061492919921875,0.017313639322916668,0.021891276041666668,0.025929768880208332,0.22605387369791666,0.3543650309244792,MAPK3,kinase
ENSG00000141639,18,50461783,50658390,196608,1,True,2,0.0,0.005137125651041667,0.0023447672526041665,0.4957529703776042,0.0032450358072916665,0.24134318033854166,0.2521769205729167,0.0,0.005137125651041667,0.007481892903645833,0.4957529703776042,0.012288411458333334,0.2521769205729167,MAPK4,kinase
ENSG00000069956,15,51920915,52117522,196608,1,True,14,0.0110015869140625,0.019490559895833332,0.003509521484375,0.5522918701171875,0.045308430989583336,0.3121287027994792,0.056269327799479164,0.0110015869140625,0.019490559895833332,0.034001668294270836,0.5522918701171875,0.069488525390625,0.056269327799479164,MAPK6,kinase
ENSG00000166484,17,19280194,19476801,196608,1,True,15,0.012583414713541666,0.007603963216145833,0.007008870442708333,0.0024261474609375,0.14713541666666666,0.702911376953125,0.120330810546875,0.012583414713541666,0.009735107421875,0.027196248372395832,0.0024261474609375,0.14936319986979166,0.120330810546875,MAPK7,kinase
ENSG00000107643,10,48208373,48404980,196608,1,True,4,0.0012766520182291667,0.0033671061197916665,0.0,0.4955495198567708,0.028437296549479168,0.3672129313151042,0.104156494140625,0.0012766520182291667,0.0033671061197916665,0.004643758138020833,0.4955495198567708,0.028437296549479168,0.104156494140625,MAPK8,kinase
ENSG00000050748,5,180193780,180390387,196608,-1,True,8,0.008412679036458334,0.025782267252604168,0.0113525390625,0.2543233235677083,0.043965657552083336,0.3763987223307292,0.2797648111979167,0.008412679036458334,0.031702677408854164,0.0455474853515625,0.2543233235677083,0.047459920247395836,0.2797648111979167,MAPK9,kinase
ENSG00000109339,4,86261750,86458357,196608,-1,True,2,0.0003153483072916667,0.0259246826171875,0.0075531005859375,0.9662068684895834,0.0,0.0,0.0,0.0003153483072916667,0.026240030924479168,0.033793131510416664,0.9662068684895834,0.0035349527994791665,0.0,MAPK10,kinase
ENSG00000185386,22,50172077,50368684,196608,-1,True,17,0.005574544270833333,0.0068206787109375,0.0012868245442708333,0.0222015380859375,0.2673136393229167,0.5667928059895834,0.13000996907552084,0.005574544270833333,0.009892781575520834,0.013682047526041666,0.0222015380859375,0.2673136393229167,0.13000996907552084,MAPK11,kinase
ENSG00000188130,22,50163380,50359987,196608,-1,True,17,0.006871541341145833,0.00482177734375,0.0366058349609375,0.0345306396484375,0.219879150390625,0.5298919677734375,0.16739908854166666,0.006871541341145833,0.005406697591145833,0.048299153645833336,0.0345306396484375,0.24627176920572916,0.16739908854166666,MAPK12,kinase
ENSG00000156711,6,36032209,36228816,196608,1,True,5,0.007232666015625,0.0287017822265625,0.0022328694661458335,0.046854654947916664,0.09427388509114583,0.8207041422526041,0.0,0.007232666015625,0.0307769775390625,0.038167317708333336,0.046854654947916664,0.09427388509114583,0.0,MAPK13,kinase
ENSG00000112062,6,35929504,36126111,196608,1,True,6,0.007741292317708333,0.036860148111979164,0.0014851888020833333,0.4359588623046875,0.035959879557291664,0.48199462890625,0.0,0.007741292317708333,0.040796915690104164,0.046086629231770836,0.4359588623046875,0.048431396484375,0.0,MAPK14,kinase
ENSG00000181085,8,143618045,143814652,196608,1,True,14,0.0107269287109375,0.001556396484375,0.004338582356770833,0.014811197916666666,0.22320048014322916,0.5694376627604166,0.17592875162760416,0.0107269287109375,0.001556396484375,0.016621907552083332,0.014811197916666666,0.22472127278645834,0.17592875162760416,MAPK15,kinase
ENSG00000162889,1,206586601,206783208,196608,1,True,10,0.0065765380859375,0.012186686197916666,0.0029195149739583335,0.22957356770833334,0.14160664876302084,0.325927734375,0.2812093098958333,0.0065765380859375,0.012903849283854166,0.0216827392578125,0.22957356770833334,0.14380900065104166,0.2812093098958333,MAPKAPK2,kinase
ENSG00000114738,3,50518847,50715454,196608,1,True,11,0.0072479248046875,0.0259246826171875,0.000518798828125,0.1673736572265625,0.208160400390625,0.3511861165364583,0.23958841959635416,0.0072479248046875,0.0259246826171875,0.03369140625,0.1673736572265625,0.209625244140625,0.23958841959635416,MAPKAPK3,kinase
ENSG00000089022,12,111743924,111940531,196608,1,True,11,0.007868448893229166,0.050928751627604164,0.012181599934895834,0.23526509602864584,0.12883504231770834,0.3198496500651042,0.2450714111328125,0.007868448893229166,0.052693684895833336,0.07097880045572917,0.23526509602864584,0.14725748697916666,0.2450714111328125,MAPKAPK5,kinase
ENSG00000116141,1,220429832,220626439,196608,1,True,8,0.005727132161458333,0.0042572021484375,0.0027974446614583335,0.4874725341796875,0.026006062825520832,0.21236673990885416,0.2613728841145833,0.005727132161458333,0.008880615234375,0.012781778971354166,0.4874725341796875,0.031077067057291668,0.2613728841145833,MARK1,kinase
ENSG00000072518,11,63740806,63937413,196608,1,True,14,0.013956705729166666,0.0245208740234375,0.022633870442708332,0.3055979410807292,0.11243184407552083,0.381439208984375,0.1394195556640625,0.013956705729166666,0.028452555338541668,0.0611114501953125,0.3055979410807292,0.11577860514322917,0.1394195556640625,MARK2,kinase
ENSG00000075413,14,103287111,103483718,196608,1,True,11,0.009979248046875,0.00787353515625,0.025365193684895832,0.4570566813151042,0.07453409830729167,0.3157958984375,0.10939534505208333,0.009979248046875,0.0159759521484375,0.043217976888020836,0.4570566813151042,0.07825724283854167,0.10939534505208333,MARK3,kinase
ENSG00000007047,19,45152967,45349574,196608,1,True,8,0.011881510416666666,0.015233357747395834,0.0063018798828125,0.7413126627604166,0.030675252278645832,0.13986714680989584,0.054728190104166664,0.011881510416666666,0.021275838216145832,0.033416748046875,0.7413126627604166,0.0860443115234375,0.054728190104166664,MARK4,kinase
ENSG00000105613,19,12740211,12936818,196608,1,True,26,0.024871826171875,0.005610148111979167,0.007059733072916667,0.1710052490234375,0.20043436686197916,0.5133921305338541,0.07762654622395833,0.024871826171875,0.007441202799479167,0.037541707356770836,0.1710052490234375,0.20615641276041666,0.07762654622395833,MAST1,kinase
ENSG00000086015,1,45705308,45901915,196608,1,True,4,0.0025431315104166665,0.0018513997395833333,0.0007425944010416666,0.5794219970703125,0.014862060546875,0.21924336751302084,0.18133544921875,0.0025431315104166665,0.0018513997395833333,0.005137125651041667,0.5794219970703125,0.017918904622395832,0.18133544921875,MAST2,kinase
ENSG00000099308,19,17999474,18196081,196608,1,True,15,0.021489461263020832,0.012639363606770834,0.0030110677083333335,0.23723347981770834,0.12722269694010416,0.4331461588541667,0.16525777180989584,0.021489461263020832,0.013112386067708334,0.037139892578125,0.23723347981770834,0.132781982421875,0.16525777180989584,MAST3,kinase
ENSG00000069020,5,66498089,66694696,196608,1,True,6,0.0018463134765625,0.00140380859375,0.0,0.4968159993489583,0.0185699462890625,0.3947906494140625,0.08657328287760417,0.0018463134765625,0.00140380859375,0.0032501220703125,0.4968159993489583,0.023493448893229168,0.08657328287760417,MAST4,kinase
ENSG00000120539,10,27057048,27253655,196608,1,True,10,0.01348876953125,0.012303670247395834,1.52587890625e-05,0.1447296142578125,0.12215169270833333,0.6586354573567709,0.048675537109375,0.01348876953125,0.012303670247395834,0.025807698567708332,0.1447296142578125,0.15007527669270834,0.048675537109375,MASTL,kinase
ENSG00000007264,19,3688078,3884685,196608,-1,True,11,0.009740193684895834,0.0103302001953125,0.0029856363932291665,0.09983317057291667,0.11646016438802083,0.6258290608723959,0.13482157389322916,0.009740193684895834,0.012318929036458334,0.0230560302734375,0.09983317057291667,0.11646016438802083,0.13482157389322916,MATK,kinase
ENSG00000165304,9,36474591,36671198,196608,1,True,3,0.009114583333333334,0.006337483723958333,0.0014851888020833333,0.4872385660807292,0.004633585611979167,0.0672607421875,0.4239298502604167,0.009114583333333334,0.012481689453125,0.016937255859375,0.4872385660807292,0.007893880208333334,0.4239298502604167,MELK,kinase
ENSG00000153208,2,111800303,111996910,196608,1,True,7,0.007375081380208333,0.0006561279296875,0.0,0.4919687906901042,0.049204508463541664,0.4463755289713542,0.004419962565104167,0.007375081380208333,0.005889892578125,0.008031209309895834,0.4919687906901042,0.057118733723958336,0.004419962565104167,MERTK,kinase
ENSG00000105976,7,116573892,116770499,196608,1,True,3,0.0148162841796875,0.0029347737630208335,0.0009307861328125,0.4820556640625,0.011377970377604166,0.487884521484375,0.0,0.0148162841796875,0.004709879557291667,0.018681844075520832,0.4820556640625,0.013275146484375,0.0,MET,kinase
ENSG00000079277,1,46505965,46702572,196608,-1,True,12,0.008783976236979166,0.034876505533854164,0.019383748372395832,0.23926798502604166,0.175994873046875,0.3766072591145833,0.14508565266927084,0.008783976236979166,0.041803995768229164,0.06304423014322917,0.23926798502604166,0.21877543131510416,0.14508565266927084,MKNK1,kinase
ENSG00000099875,19,1952941,2149548,196608,-1,True,11,0.007685343424479167,0.016021728515625,0.0052032470703125,0.0919189453125,0.16439310709635416,0.6288553873697916,0.0859222412109375,0.007685343424479167,0.021799723307291668,0.028910319010416668,0.0919189453125,0.16439310709635416,0.0859222412109375,MKNK2,kinase
ENSG00000020426,14,60636457,60833064,196608,1,True,6,0.0034993489583333335,0.000518798828125,0.005198160807291667,0.4908803304036458,0.077056884765625,0.20729573567708334,0.21555074055989584,0.0034993489583333335,0.000518798828125,0.00921630859375,0.4908803304036458,0.0802001953125,0.21555074055989584,MNAT1,kinase
ENSG00000114978,2,74080576,74277183,196608,-1,True,11,0.0034942626953125,0.021860758463541668,0.007771809895833333,0.10117594401041667,0.19628397623697916,0.5669352213541666,0.10247802734375,0.0034942626953125,0.021860758463541668,0.0331268310546875,0.10117594401041667,0.19708251953125,0.10247802734375,MOB1A,kinase
ENSG00000173542,4,70804065,71000672,196608,1,True,7,0.0034434000651041665,0.0328826904296875,0.008015950520833334,0.4558766682942708,0.0582122802734375,0.336395263671875,0.10517374674479167,0.0034434000651041665,0.032953898111979164,0.044342041015625,0.4558766682942708,0.06659444173177083,0.10517374674479167,MOB1B,kinase
ENSG00000182208,11,1388476,1585083,196608,-1,True,8,0.00408935546875,0.004770914713541667,0.014216105143229166,0.13862101236979166,0.09477742513020833,0.4717915852864583,0.2717336018880208,0.00408935546875,0.004770914713541667,0.023076375325520832,0.13862101236979166,0.09477742513020833,0.2717336018880208,MOB2,kinase
ENSG00000172081,19,1998023,2194630,196608,-1,True,9,0.0033111572265625,0.023310343424479168,1.52587890625e-05,0.10381571451822917,0.11663818359375,0.6878306070963541,0.0650787353515625,0.0033111572265625,0.023310343424479168,0.026636759440104168,0.10381571451822917,0.11791483561197917,0.0650787353515625,MOB3A,kinase
ENSG00000120162,9,27431511,27628118,196608,-1,True,7,0.0021260579427083335,0.01409912109375,0.0,0.4837748209635417,0.113983154296875,0.3278350830078125,0.0581817626953125,0.0021260579427083335,0.01409912109375,0.016225179036458332,0.4837748209635417,0.134002685546875,0.0581817626953125,MOB3B,kinase
ENSG00000142961,1,46518508,46715115,196608,-1,True,11,0.0032958984375,0.027857462565104168,1.52587890625e-05,0.015340169270833334,0.22996012369791666,0.590087890625,0.13344319661458334,0.0032958984375,0.027857462565104168,0.031168619791666668,0.015340169270833334,0.2306365966796875,0.13344319661458334,MOB3C,kinase
ENSG00000115540,2,197417762,197614369,196608,1,True,11,0.0034332275390625,0.017323811848958332,0.0,0.17317708333333334,0.11236063639322917,0.4788716634114583,0.21483357747395834,0.0034332275390625,0.020314534505208332,0.020757039388020832,0.17317708333333334,0.11739095052083333,0.21483357747395834,MOB4,kinase
ENSG00000080823,14,102206861,102403468,196608,-1,True,5,0.008087158203125,0.020960489908854168,0.027353922526041668,0.3540140787760417,0.09467061360677083,0.4328104654947917,0.062103271484375,0.008087158203125,0.027348836263020832,0.056401570638020836,0.3540140787760417,0.09592692057291667,0.062103271484375,MOK,kinase
ENSG00000130830,X,154707182,154903789,196608,-1,True,13,0.008387247721354166,0.0037740071614583335,0.015446980794270834,0.18782552083333334,0.09839884440104167,0.6090240478515625,0.07714335123697917,0.008387247721354166,0.0115814208984375,0.027608235677083332,0.18782552083333334,0.09993998209635417,0.07714335123697917,MPP1,kinase
ENSG00000108852,17,43809233,44005840,196608,-1,True,11,0.010289510091145834,0.028523763020833332,0.0007781982421875,0.1351470947265625,0.11258443196614583,0.612518310546875,0.10015869140625,0.010289510091145834,0.030736287434895832,0.039591471354166664,0.1351470947265625,0.11258443196614583,0.10015869140625,MPP2,kinase
ENSG00000161647,17,43734843,43931450,196608,-1,True,12,0.009343465169270834,0.006952921549479167,0.0065460205078125,0.14181009928385416,0.1604461669921875,0.3791402180989583,0.2957611083984375,0.009343465169270834,0.011479695638020834,0.0228424072265625,0.14181009928385416,0.1604461669921875,0.2957611083984375,MPP3,kinase
ENSG00000082126,2,201600341,201796948,196608,-1,True,8,0.010996500651041666,0.0038248697916666665,0.0104217529296875,0.24852498372395834,0.22547403971354166,0.4451904296875,0.055567423502604164,0.010996500651041666,0.005701700846354167,0.025243123372395832,0.24852498372395834,0.23282877604166666,0.055567423502604164,MPP4,kinase
ENSG00000150054,10,28204761,28401368,196608,-1,True,4,0.00018819173177083334,0.011667887369791666,0.0017242431640625,0.65032958984375,0.008748372395833334,0.0034027099609375,0.3239390055338542,0.00018819173177083334,0.011667887369791666,0.013580322265625,0.65032958984375,0.016337076822916668,0.3239390055338542,MPP7,kinase
ENSG00000164078,3,49805570,50002177,196608,-1,True,10,0.021494547526041668,0.005045572916666667,0.0023091634114583335,0.0689544677734375,0.14295450846354166,0.6165568033854166,0.1426849365234375,0.021494547526041668,0.015187581380208334,0.028849283854166668,0.0689544677734375,0.14943440755208334,0.1426849365234375,MST1R,kinase
ENSG00000198793,1,11164248,11360855,196608,-1,True,9,0.022420247395833332,0.0020853678385416665,0.0030670166015625,0.4724527994791667,0.042724609375,0.2845815022786458,0.17266845703125,0.022420247395833332,0.0079803466796875,0.0275726318359375,0.4724527994791667,0.0553436279296875,0.17266845703125,MTOR,kinase
ENSG00000030304,9,110570487,110767094,196608,1,True,3,0.005208333333333333,0.000823974609375,0.00013224283854166666,0.493896484375,0.008443196614583334,0.06884765625,0.4226481119791667,0.005208333333333333,0.000823974609375,0.00616455078125,0.493896484375,0.00958251953125,0.4226481119791667,MUSK,kinase
ENSG00000065534,3,123786029,123982636,196608,-1,True,3,0.0009918212890625,0.006403605143229167,0.0,0.4928232828776042,0.079193115234375,0.3187917073567708,0.10179646809895833,0.0009918212890625,0.006418863932291667,0.007395426432291667,0.4928232828776042,0.07985941569010417,0.10179646809895833,MYLK,kinase
ENSG00000101306,20,31721052,31917659,196608,1,True,10,0.00909423828125,0.006032307942708333,0.00011698404947916667,0.06310017903645833,0.072540283203125,0.6568450927734375,0.19227091471354166,0.00909423828125,0.006032307942708333,0.0152435302734375,0.06310017903645833,0.072540283203125,0.19227091471354166,MYLK2,kinase
ENSG00000140795,16,46650041,46846648,196608,-1,True,9,0.012644449869791666,0.029627482096354168,0.012110392252604166,0.3938496907552083,0.12525431315104166,0.2839914957682292,0.14252217610677084,0.012644449869791666,0.030202229817708332,0.05438232421875,0.3938496907552083,0.133544921875,0.14252217610677084,MYLK3,kinase
ENSG00000145949,6,2652619,2849226,196608,-1,True,7,0.0074920654296875,0.029851277669270832,0.0013376871744791667,0.5040334065755209,0.040771484375,0.249176025390625,0.16733805338541666,0.0074920654296875,0.030420939127604168,0.0386810302734375,0.5040334065755209,0.0565032958984375,0.16733805338541666,MYLK4,kinase
ENSG00000137474,11,77029942,77226549,196608,1,True,7,0.035390218098958336,0.006566365559895833,0.011774698893229166,0.3887583414713542,0.0558319091796875,0.3621470133463542,0.13953145345052084,0.035390218098958336,0.0129241943359375,0.053731282552083336,0.3887583414713542,0.058298746744791664,0.13953145345052084,MYO7A,kinase
ENSG00000170011,3,39711305,39907912,196608,1,True,1,0.0005594889322916666,0.006072998046875,8.646647135416667e-05,0.4968159993489583,0.005727132161458333,0.010080973307291666,0.4806569417317708,0.0005594889322916666,0.006632486979166667,0.006718953450520833,0.4968159993489583,0.005727132161458333,0.4806569417317708,MYRIP,kinase
ENSG00000172915,13,34843966,35040573,196608,1,True,2,0.001495361328125,0.0028025309244791665,0.0011749267578125,0.4945271809895833,0.023890177408854168,0.061086018880208336,0.4150238037109375,0.001495361328125,0.0028025309244791665,0.005472819010416667,0.4945271809895833,0.023890177408854168,0.4150238037109375,NBEA,kinase
ENSG00000137601,4,169514280,169710887,196608,-1,True,5,0.0087890625,0.0175018310546875,0.020009358723958332,0.454010009765625,0.030248006184895832,0.4694417317708333,0.0,0.0087890625,0.0252685546875,0.046300252278645836,0.454010009765625,0.0378570556640625,0.0,NEK1,kinase
ENSG00000117650,1,211577318,211773925,196608,-1,True,13,0.007268269856770833,0.007476806640625,0.0011647542317708333,0.07059224446614583,0.11102294921875,0.3733571370442708,0.4291178385416667,0.007268269856770833,0.007476806640625,0.015909830729166668,0.07059224446614583,0.1165618896484375,0.4291178385416667,NEK2,kinase
ENSG00000136098,13,52061294,52257901,196608,-1,True,11,0.0078125,0.0199127197265625,0.0015106201171875,0.10789998372395833,0.0980682373046875,0.7296803792317709,0.035115559895833336,0.0078125,0.025299072265625,0.02923583984375,0.10789998372395833,0.0992584228515625,0.035115559895833336,NEK3,kinase
ENSG00000114904,3,52672637,52869244,196608,-1,True,24,0.013834635416666666,0.0182952880859375,0.0005238850911458334,0.2853902180989583,0.19936625162760416,0.4427947998046875,0.039794921875,0.013834635416666666,0.020696004231770832,0.03265380859375,0.2853902180989583,0.22575887044270834,0.039794921875,NEK4,kinase
ENSG00000197168,13,52030770,52227377,196608,-1,True,12,0.013453165690104166,0.021036783854166668,0.0013936360677083333,0.4497629801432292,0.1161041259765625,0.3631337483723958,0.035115559895833336,0.013453165690104166,0.0260009765625,0.035883585611979164,0.4497629801432292,0.12384033203125,0.035115559895833336,NEK5,kinase
ENSG00000119408,9,124159645,124356252,196608,1,True,6,0.006327311197916667,0.020360310872395832,1.52587890625e-05,0.4600626627604167,0.010040283203125,0.2726033528645833,0.2305908203125,0.006327311197916667,0.021006266276041668,0.026702880859375,0.4600626627604167,0.0222930908203125,0.2305908203125,NEK6,kinase
ENSG00000151414,1,198058694,198255301,196608,1,True,3,0.00115966796875,0.012903849283854166,0.0010782877604166667,0.485443115234375,0.0016886393229166667,0.319061279296875,0.1786651611328125,0.00115966796875,0.012903849283854166,0.015141805013020834,0.485443115234375,0.0151214599609375,0.1786651611328125,NEK7,kinase
ENSG00000160602,17,28630484,28827091,196608,1,True,24,0.011372884114583334,0.0081939697265625,0.0029093424479166665,0.06683349609375,0.238067626953125,0.6244710286458334,0.048151652018229164,0.011372884114583334,0.009653727213541666,0.0224761962890625,0.06683349609375,0.2460784912109375,0.048151652018229164,NEK8,kinase
ENSG00000119638,14,75028745,75225352,196608,-1,True,11,0.015726725260416668,0.036554972330729164,0.0155487060546875,0.17626953125,0.109710693359375,0.5066986083984375,0.13949076334635416,0.015726725260416668,0.051081339518229164,0.06783040364583333,0.17626953125,0.12823486328125,0.13949076334635416,NEK9,kinase
ENSG00000163491,3,27271080,27467687,196608,-1,True,3,0.010243733723958334,0.0038350423177083335,0.016270955403645832,0.4700419108072917,0.0549468994140625,0.4446614583333333,0.0,0.010243733723958334,0.0038350423177083335,0.0303497314453125,0.4700419108072917,0.055369059244791664,0.0,NEK10,kinase
ENSG00000114670,3,130928573,131125180,196608,1,True,5,0.0037790934244791665,0.0040130615234375,0.003662109375,0.4886830647786458,0.059468587239583336,0.4403940836588542,0.0,0.0037790934244791665,0.004262288411458333,0.011454264322916666,0.4886830647786458,0.075164794921875,0.0,NEK11,kinase
ENSG00000186575,22,29505329,29701936,196608,1,True,5,0.010538736979166666,0.028605143229166668,3.0517578125e-05,0.4442901611328125,0.060887654622395836,0.3416392008463542,0.11400858561197917,0.010538736979166666,0.037083943684895836,0.039174397786458336,0.4442901611328125,0.0639495849609375,0.11400858561197917,NF2,kinase
ENSG00000177453,5,43093921,43290528,196608,1,True,8,0.00665283203125,0.0209808349609375,0.0012715657552083333,0.4227142333984375,0.054443359375,0.4600830078125,0.033854166666666664,0.00665283203125,0.0209808349609375,0.028905232747395832,0.4227142333984375,0.06854756673177083,0.033854166666666664,NIM1K,kinase
ENSG00000087095,17,27944373,28140980,196608,1,True,7,0.0037078857421875,0.0105438232421875,1.52587890625e-05,0.4905853271484375,0.010676066080729166,0.23984781901041666,0.24462381998697916,0.0037078857421875,0.0105438232421875,0.0142669677734375,0.4905853271484375,0.014104207356770834,0.24462381998697916,NLK,kinase
ENSG00000198400,1,156762561,156959168,196608,1,True,9,0.012908935546875,0.008036295572916666,0.005549112955729167,0.3102925618489583,0.11452229817708333,0.430816650390625,0.1178741455078125,0.012908935546875,0.013020833333333334,0.026494344075520832,0.3102925618489583,0.14324442545572916,0.1178741455078125,NTRK1,kinase
ENSG00000148053,9,84571425,84768032,196608,1,True,2,0.007100423177083333,0.0109100341796875,0.025339762369791668,0.4635365804036458,0.016896565755208332,0.4187571207682292,0.057459513346354164,0.007100423177083333,0.012212117513020834,0.0433502197265625,0.4635365804036458,0.016896565755208332,0.057459513346354164,NTRK2,kinase
ENSG00000140538,15,88158436,88355043,196608,-1,True,2,0.0020090738932291665,0.005279541015625,0.0,0.4940032958984375,0.018259684244791668,0.4324086507161458,0.048039754231770836,0.0020090738932291665,0.006663004557291667,0.007288614908854167,0.4940032958984375,0.025014241536458332,0.048039754231770836,NTRK3,kinase
ENSG00000074590,12,106040651,106237258,196608,-1,True,5,0.0100860595703125,0.020029703776041668,1.52587890625e-05,0.3544413248697917,0.027933756510416668,0.06979878743489583,0.5176951090494791,0.0100860595703125,0.021514892578125,0.030131022135416668,0.3544413248697917,0.035003662109375,0.5176951090494791,NUAK1,kinase
ENSG00000163545,1,205223442,205420049,196608,-1,True,8,0.00958251953125,0.007649739583333333,1.52587890625e-05,0.08286539713541667,0.084930419921875,0.5604960123697916,0.2544606526692708,0.00958251953125,0.007649739583333333,0.017247517903645832,0.08286539713541667,0.084930419921875,0.2544606526692708,NUAK2,kinase
ENSG00000154358,1,228109740,228306347,196608,1,True,14,0.0745849609375,0.030629475911458332,0.012868245442708334,0.3819173177083333,0.13612874348958334,0.18680826822916666,0.17706298828125,0.0745849609375,0.033121744791666664,0.11808268229166667,0.3819173177083333,0.19751485188802084,0.17706298828125,OBSCN,kinase
ENSG00000172939,3,38067233,38263840,196608,1,True,7,0.008427937825520834,0.017567952473958332,0.0048828125,0.4288991292317708,0.1135711669921875,0.3182373046875,0.1084136962890625,0.008427937825520834,0.0209197998046875,0.030878702799479168,0.4288991292317708,0.11560567220052083,0.1084136962890625,OXSR1,kinase
ENSG00000149269,11,77375791,77572398,196608,-1,True,4,0.0022328694661458335,0.021840413411458332,0.0005340576171875,0.4781443277994792,0.031524658203125,0.2729288736979167,0.1927947998046875,0.0022328694661458335,0.022379557291666668,0.024607340494791668,0.4781443277994792,0.037958780924479164,0.1927947998046875,PAK1,kinase
ENSG00000180370,3,196641553,196838160,196608,1,True,8,0.008000691731770834,0.025370279947916668,0.0006764729817708334,0.4384918212890625,0.0636444091796875,0.420196533203125,0.043619791666666664,0.008000691731770834,0.025370279947916668,0.034047444661458336,0.4384918212890625,0.0653533935546875,0.043619791666666664,PAK2,kinase
ENSG00000077264,X,110997887,111194494,196608,1,True,2,0.006195068359375,0.005564371744791667,0.0028584798177083335,0.985382080078125,0.0,0.0,0.0,0.006195068359375,0.005564371744791667,0.014617919921875,0.985382080078125,0.006251017252604167,0.0,PAK3,kinase
ENSG00000130669,19,39027482,39224089,196608,1,True,7,0.0107421875,0.031651814778645836,0.0019175211588541667,0.24605814615885416,0.0373077392578125,0.2681884765625,0.4041341145833333,0.0107421875,0.031651814778645836,0.0443115234375,0.24605814615885416,0.039164225260416664,0.4041341145833333,PAK4,kinase
ENSG00000101349,20,9740773,9937380,196608,-1,True,2,0.0,0.002899169921875,0.0,0.497100830078125,0.010075887044270834,0.19286600748697916,0.29705810546875,0.0,0.002899169921875,0.002899169921875,0.497100830078125,0.012293497721354166,0.29705810546875,PAK5,kinase
ENSG00000137843,15,40140759,40337366,196608,1,True,20,0.0103912353515625,0.021484375,0.0030568440755208335,0.2705586751302083,0.15949503580729166,0.3966827392578125,0.13833109537760416,0.0103912353515625,0.021484375,0.034932454427083336,0.2705586751302083,0.22805277506510416,0.13833109537760416,PAK6,kinase
ENSG00000072415,14,67143131,67339738,196608,1,True,6,0.010325113932291666,0.031534830729166664,0.036631266276041664,0.4064788818359375,0.044169108072916664,0.4086964925130208,0.062164306640625,0.010325113932291666,0.031651814778645836,0.0784912109375,0.4064788818359375,0.059183756510416664,0.062164306640625,PALS1,kinase
ENSG00000152782,10,89546939,89743546,196608,-1,True,5,0.007176717122395833,0.027582804361979168,0.002410888671875,0.2972310384114583,0.08675638834635417,0.4623057047526042,0.11653645833333333,0.007176717122395833,0.027582804361979168,0.03717041015625,0.2972310384114583,0.09228515625,0.11653645833333333,PANK1,kinase
ENSG00000125779,20,3791083,3987690,196608,1,True,10,0.009867350260416666,0.035410563151041664,0.0011342366536458333,0.16237386067708334,0.1746063232421875,0.5431315104166666,0.07347615559895833,0.009867350260416666,0.040924072265625,0.046412150065104164,0.16237386067708334,0.1933746337890625,0.07347615559895833,PANK2,kinase
ENSG00000120137,5,168481065,168677672,196608,-1,True,10,0.005645751953125,0.048151652018229164,1.52587890625e-05,0.104400634765625,0.0646209716796875,0.30255126953125,0.4746144612630208,0.005645751953125,0.048380533854166664,0.053812662760416664,0.104400634765625,0.07239786783854167,0.4746144612630208,PANK3,kinase
ENSG00000157881,1,2428293,2624900,196608,-1,True,14,0.0136566162109375,0.0039011637369791665,0.008544921875,0.06585184733072917,0.2052459716796875,0.63299560546875,0.06980387369791667,0.0136566162109375,0.010197957356770834,0.026102701822916668,0.06585184733072917,0.2052459716796875,0.06980387369791667,PANK4,kinase
ENSG00000115687,2,241051169,241247776,196608,-1,True,8,0.020899454752604168,0.042231241861979164,0.018168131510416668,0.146331787109375,0.17181905110677084,0.5573781331380209,0.043172200520833336,0.020899454752604168,0.045796712239583336,0.081298828125,0.146331787109375,0.17787679036458334,0.043172200520833336,PASK,kinase
ENSG00000178104,1,148746124,148942731,196608,1,True,9,0.007822672526041666,0.027806599934895832,0.018183390299479168,0.6307576497395834,0.036432902018229164,0.1198883056640625,0.15910847981770834,0.007822672526041666,0.03057861328125,0.053812662760416664,0.6307576497395834,0.050048828125,0.15910847981770834,PDE4DIP,kinase
ENSG00000134853,4,54130989,54327596,196608,1,True,2,0.0175018310546875,0.041041056315104164,0.0038706461588541665,0.2891337076822917,0.0017649332682291667,0.497406005859375,0.14928181966145834,0.0175018310546875,0.0426177978515625,0.062413533528645836,0.2891337076822917,0.009562174479166666,0.14928181966145834,PDGFRA,kinase
ENSG00000113721,5,150057542,150254149,196608,-1,True,6,0.018269856770833332,0.019612630208333332,0.0048675537109375,0.18319193522135416,0.09343465169270833,0.6069437662760416,0.07367960611979167,0.018269856770833332,0.033772786458333336,0.042750040690104164,0.18319193522135416,0.09343465169270833,0.07367960611979167,PDGFRB,kinase
ENSG00000175087,1,26013520,26210127,196608,1,True,18,0.0052032470703125,0.018366495768229168,1.52587890625e-05,0.049652099609375,0.15363566080729166,0.37060546875,0.4025217692057292,0.0052032470703125,0.018366495768229168,0.023585001627604168,0.049652099609375,0.1583404541015625,0.4025217692057292,PDIK1L,kinase
ENSG00000152256,2,172457786,172654393,196608,1,True,4,0.007054646809895833,0.0677947998046875,0.0007476806640625,0.19548543294270834,0.047322591145833336,0.4490305582682292,0.23256429036458334,0.007054646809895833,0.06989542643229167,0.07559712727864583,0.19548543294270834,0.055104573567708336,0.23256429036458334,PDK1,kinase
ENSG00000005882,17,49997047,50193654,196608,1,True,17,0.006744384765625,0.0141143798828125,0.007502237955729167,0.060221354166666664,0.21988932291666666,0.4698079427083333,0.22172037760416666,0.006744384765625,0.014617919921875,0.028361002604166668,0.060221354166666664,0.2350616455078125,0.22172037760416666,PDK2,kinase
ENSG00000067992,X,24366982,24563589,196608,1,True,6,0.006337483723958333,0.061528523763020836,0.0209197998046875,0.3446807861328125,0.039438883463541664,0.220428466796875,0.3066660563151042,0.006337483723958333,0.061670939127604164,0.08878580729166667,0.3446807861328125,0.041234334309895836,0.3066660563151042,PDK3,kinase
ENSG00000004799,7,95498213,95694820,196608,-1,True,6,0.0062713623046875,0.014017740885416666,0.004811604817708333,0.0468292236328125,0.08623250325520833,0.648529052734375,0.19330851236979166,0.0062713623046875,0.014017740885416666,0.0251007080078125,0.0468292236328125,0.08701070149739583,0.19330851236979166,PDK4,kinase
ENSG00000140992,16,2439717,2636324,196608,1,True,34,0.010345458984375,0.0316314697265625,0.0142669677734375,0.2754465738932292,0.24546305338541666,0.3715413411458333,0.051305135091145836,0.010345458984375,0.035893758138020836,0.056243896484375,0.2754465738932292,0.3255462646484375,0.051305135091145836,PDPK1,kinase
ENSG00000158571,X,54895885,55092492,196608,-1,True,8,0.007878621419270834,0.014506022135416666,1.52587890625e-05,0.3188934326171875,0.07918294270833333,0.17640177408854166,0.4031219482421875,0.007878621419270834,0.014506022135416666,0.02239990234375,0.3188934326171875,0.07919820149739583,0.4031219482421875,PFKFB1,kinase
ENSG00000123836,1,206954971,207151578,196608,1,True,8,0.008758544921875,0.048044840494791664,0.0022379557291666665,0.17939249674479166,0.0897369384765625,0.3549092610677083,0.3169199625651042,0.008758544921875,0.054799397786458336,0.059041341145833336,0.17939249674479166,0.12357076009114583,0.3169199625651042,PFKFB2,kinase
ENSG00000170525,10,6104628,6301235,196608,1,True,16,0.010950724283854166,0.019134521484375,0.0012105305989583333,0.5267537434895834,0.07095845540364583,0.33831787109375,0.032674153645833336,0.010950724283854166,0.020863850911458332,0.0312957763671875,0.5267537434895834,0.0777740478515625,0.032674153645833336,PFKFB3,kinase
ENSG00000114268,3,48458500,48655107,196608,-1,True,15,0.0089111328125,0.0128173828125,0.009470621744791666,0.19428507486979166,0.2268218994140625,0.4593607584635417,0.0883331298828125,0.0089111328125,0.020131429036458332,0.031199137369791668,0.19428507486979166,0.22864786783854166,0.0883331298828125,PFKFB4,kinase
ENSG00000067177,X,72616003,72812610,196608,-1,True,9,0.012049357096354166,0.0022735595703125,0.0,0.4857838948567708,0.020355224609375,0.16756184895833334,0.3119761149088542,0.012049357096354166,0.0022735595703125,0.014322916666666666,0.4857838948567708,0.024668375651041668,0.3119761149088542,PHKA1,kinase
ENSG00000044446,X,18885811,19082418,196608,-1,True,4,0.0189666748046875,0.011408487955729166,0.017664591471354168,0.4234110514322917,0.08140055338541667,0.4243367513020833,0.0228118896484375,0.0189666748046875,0.011408487955729166,0.048039754231770836,0.4234110514322917,0.09282938639322917,0.0228118896484375,PHKA2,kinase
ENSG00000102893,16,47363027,47559634,196608,1,True,4,0.0042877197265625,0.009363810221354166,0.0031331380208333335,0.4842732747395833,0.021636962890625,0.4773050944010417,0.0,0.0042877197265625,0.0097503662109375,0.01678466796875,0.4842732747395833,0.026494344075520832,0.0,PHKB,kinase
ENSG00000164776,7,55994649,56191256,196608,-1,True,13,0.00726318359375,0.008473714192708334,0.0026957194010416665,0.048146565755208336,0.09679667154947917,0.5786285400390625,0.25799560546875,0.00726318359375,0.009297688802083334,0.0184326171875,0.048146565755208336,0.10120646158854167,0.25799560546875,PHKG1,kinase
ENSG00000156873,16,30650121,30846728,196608,1,True,20,0.006734212239583333,0.024973551432291668,0.006479899088541667,0.02734375,0.23200480143229166,0.3475240071614583,0.3549397786458333,0.006734212239583333,0.026311238606770832,0.038187662760416664,0.02734375,0.2429656982421875,0.3549397786458333,PHKG2,kinase
ENSG00000241973,22,20760508,20957115,196608,-1,True,5,0.014195760091145834,0.0019887288411458335,0.0025482177734375,0.4843495686848958,0.050974527994791664,0.29571533203125,0.15022786458333334,0.014195760091145834,0.0020802815755208335,0.018732706705729168,0.4843495686848958,0.06587727864583333,0.15022786458333334,PI4KA,kinase
ENSG00000011405,11,17109683,17306290,196608,-1,True,6,0.018030802408854168,0.0039825439453125,1.52587890625e-05,0.4779713948567708,0.032526652018229164,0.467041015625,0.0004323323567708333,0.018030802408854168,0.0039825439453125,0.022028605143229168,0.4779713948567708,0.0368804931640625,0.0004323323567708333,PIK3C2A,kinase
ENSG00000133056,1,204396502,204593109,196608,-1,True,8,0.027374267578125,0.018468221028645832,0.005879720052083333,0.3153940836588542,0.11958821614583333,0.259429931640625,0.2538655598958333,0.027374267578125,0.0207672119140625,0.051722208658854164,0.3153940836588542,0.12451171875,0.2538655598958333,PIK3C2B,kinase
ENSG00000139144,12,18163214,18359821,196608,1,True,2,0.008509318033854166,0.004974365234375,1.52587890625e-05,0.5808919270833334,0.0003102620442708333,0.4052988688151042,0.0,0.008509318033854166,0.009663899739583334,0.013498942057291666,0.5808919270833334,0.0037384033203125,0.0,PIK3C2G,kinase
ENSG00000078142,18,41856930,42053537,196608,1,True,3,0.012110392252604166,0.014790852864583334,0.012247721354166666,0.4609883626302083,0.009256998697916666,0.137786865234375,0.3528188069661458,0.012110392252604166,0.015141805013020834,0.039148966471354164,0.4609883626302083,0.010915120442708334,0.3528188069661458,PIK3C3,kinase
ENSG00000121879,3,179050053,179246660,196608,1,True,5,0.016881306966145832,0.038218180338541664,0.0375213623046875,0.375213623046875,0.034749348958333336,0.3675689697265625,0.12984720865885416,0.016881306966145832,0.0472259521484375,0.092620849609375,0.375213623046875,0.052708943684895836,0.12984720865885416,PIK3CA,kinase
ENSG00000051382,3,138736625,138933232,196608,-1,True,7,0.0040740966796875,0.007334391276041667,0.0,0.488739013671875,0.015660603841145832,0.296295166015625,0.187896728515625,0.0040740966796875,0.00921630859375,0.011408487955729166,0.488739013671875,0.0352935791015625,0.187896728515625,PIK3CB,kinase
ENSG00000171608,1,9553427,9750034,196608,1,True,9,0.017659505208333332,0.025487263997395832,0.014826456705729166,0.4518178304036458,0.0775909423828125,0.3234812418619792,0.08913675944010417,0.017659505208333332,0.037623087565104164,0.057973225911458336,0.4518178304036458,0.10067240397135417,0.08913675944010417,PIK3CD,kinase
ENSG00000105851,7,106766978,106963585,196608,1,True,4,0.016815185546875,0.020609537760416668,0.0020701090494791665,0.18279012044270834,0.031463623046875,0.3322194417317708,0.414031982421875,0.016815185546875,0.021555582682291668,0.039494832356770836,0.18279012044270834,0.031463623046875,0.414031982421875,PIK3CG,kinase
ENSG00000137193,6,37071848,37268455,196608,1,True,13,0.004852294921875,0.0089569091796875,0.001678466796875,0.0113525390625,0.050501505533854164,0.6291910807291666,0.2934672037760417,0.004852294921875,0.0089569091796875,0.0154876708984375,0.0113525390625,0.050501505533854164,0.2934672037760417,PIM1,kinase
ENSG00000102096,X,48820721,49017328,196608,-1,True,14,0.005645751953125,0.004892985026041667,0.0035044352213541665,0.015675862630208332,0.23684183756510416,0.4367167154947917,0.296722412109375,0.005645751953125,0.005793253580729167,0.014043172200520834,0.015675862630208332,0.23684183756510416,0.296722412109375,PIM2,kinase
ENSG00000198355,22,49862468,50059075,196608,1,True,13,0.004974365234375,0.007288614908854167,0.0004831949869791667,0.0056304931640625,0.20711771647135416,0.4589335123697917,0.3155721028645833,0.004974365234375,0.007288614908854167,0.012746175130208334,0.0056304931640625,0.20749409993489584,0.3155721028645833,PIM3,kinase
ENSG00000162878,2,41949717,42146324,196608,1,True,10,0.0076141357421875,0.005182902018229167,0.007146199544270833,0.033487955729166664,0.042012532552083336,0.4298858642578125,0.47467041015625,0.0076141357421875,0.009206136067708334,0.0199432373046875,0.033487955729166664,0.042012532552083336,0.47467041015625,PKDCC,kinase
ENSG00000143627,1,155203135,155399742,196608,-1,True,20,0.008794148763020834,0.007303873697916667,1.52587890625e-05,0.045664469401041664,0.28985595703125,0.5999348958333334,0.048431396484375,0.008794148763020834,0.0074462890625,0.01611328125,0.045664469401041664,0.2926839192708333,0.048431396484375,PKLR,kinase
ENSG00000067225,15,72132887,72329494,196608,-1,True,13,0.011871337890625,0.034281412760416664,0.022318522135416668,0.09832763671875,0.13802591959635416,0.6710205078125,0.0241546630859375,0.011871337890625,0.0419769287109375,0.06847127278645833,0.09832763671875,0.14489237467447916,0.0241546630859375,PKM,kinase
ENSG00000123143,19,14335002,14531609,196608,1,True,16,0.017578125,0.0019480387369791667,0.004664103190104167,0.17325846354166666,0.15646870930989584,0.4358367919921875,0.21024576822916666,0.017578125,0.005961100260416667,0.024190266927083332,0.17325846354166666,0.16099039713541666,0.21024576822916666,PKN1,kinase
ENSG00000065243,1,88585969,88782576,196608,1,True,2,0.005421956380208333,0.0018259684244791667,0.0,0.493011474609375,0.015391031901041666,0.4843495686848958,0.0,0.005421956380208333,0.0018259684244791667,0.0072479248046875,0.493011474609375,0.020757039388020832,0.0,PKN2,kinase
ENSG00000160447,9,128604199,128800806,196608,1,True,15,0.013946533203125,0.0037384033203125,1.52587890625e-05,0.076019287109375,0.156890869140625,0.6897430419921875,0.0596466064453125,0.013946533203125,0.0037384033203125,0.0177001953125,0.076019287109375,0.16028340657552084,0.0596466064453125,PKN3,kinase
ENSG00000166851,16,23580585,23777192,196608,1,True,11,0.009765625,0.0030110677083333335,0.011433919270833334,0.040445963541666664,0.16386922200520834,0.4348398844401042,0.3366343180338542,0.009765625,0.004597981770833333,0.024210611979166668,0.040445963541666664,0.16751607259114584,0.3366343180338542,PLK1,kinase
ENSG00000145632,5,58361783,58558390,196608,-1,True,7,0.01055908203125,0.003972371419270833,0.009211222330729166,0.007578531901041667,0.0336151123046875,0.3372294108072917,0.5978342692057291,0.01055908203125,0.003972371419270833,0.02374267578125,0.007578531901041667,0.0336151123046875,0.5978342692057291,PLK2,kinase
ENSG00000173846,1,44702073,44898680,196608,1,True,22,0.009979248046875,0.0022125244140625,0.005035400390625,0.011510213216145834,0.15047200520833334,0.67828369140625,0.14250691731770834,0.009979248046875,0.0022125244140625,0.0172271728515625,0.011510213216145834,0.15102132161458334,0.14250691731770834,PLK3,kinase
ENSG00000142731,4,127782589,127979196,196608,1,True,9,0.014801025390625,0.005427042643229167,0.0025685628255208335,0.07046000162760417,0.12684122721354166,0.684906005859375,0.09499613444010417,0.014801025390625,0.005900065104166667,0.022796630859375,0.07046000162760417,0.12730916341145834,0.09499613444010417,PLK4,kinase
ENSG00000185988,19,1425773,1622380,196608,1,True,19,0.006215413411458333,0.012502034505208334,0.0018157958984375,0.12200419108072917,0.2793731689453125,0.3707326253255208,0.20735677083333334,0.006215413411458333,0.013636271158854166,0.020533243815104168,0.12200419108072917,0.2895253499348958,0.20735677083333334,PLK5,kinase
ENSG00000132356,5,40700071,40896678,196608,-1,True,7,0.009023030598958334,0.020711263020833332,0.0035959879557291665,0.1649627685546875,0.1035003662109375,0.3542887369791667,0.3439178466796875,0.009023030598958334,0.020772298177083332,0.033330281575520836,0.1649627685546875,0.1086273193359375,0.3439178466796875,PRKAA1,kinase
ENSG00000162409,1,56547010,56743617,196608,1,True,4,0.0084228515625,0.039143880208333336,1.52587890625e-05,0.3085683186848958,0.021489461263020832,0.604736328125,0.0176239013671875,0.0084228515625,0.039143880208333336,0.047581990559895836,0.3085683186848958,0.021489461263020832,0.0176239013671875,PRKAA2,kinase
ENSG00000111725,12,119569829,119766436,196608,1,True,6,0.0041961669921875,0.011744181315104166,0.014790852864583334,0.0392608642578125,0.11833699544270833,0.7904815673828125,0.021189371744791668,0.0041961669921875,0.013468424479166666,0.030731201171875,0.0392608642578125,0.1212158203125,0.021189371744791668,PRKAB1,kinase
ENSG00000131791,1,147074167,147270774,196608,-1,True,13,0.004150390625,0.024714152018229168,0.0006103515625,0.065185546875,0.123016357421875,0.5082906087239584,0.2740325927734375,0.004150390625,0.024714152018229168,0.029474894205729168,0.065185546875,0.12834676106770834,0.2740325927734375,PRKAB2,kinase
ENSG00000072062,19,14019459,14216066,196608,-1,True,18,0.0096588134765625,0.019256591796875,0.008366902669270834,0.09697977701822917,0.1598968505859375,0.5804901123046875,0.1253509521484375,0.0096588134765625,0.026357014973958332,0.037282307942708336,0.09697977701822917,0.16503397623697916,0.1253509521484375,PRKACA,kinase
ENSG00000142875,1,84045967,84242574,196608,1,True,3,0.0075225830078125,0.025599161783854168,0.0021311442057291665,0.7807718912760416,0.010345458984375,0.09543863932291667,0.07819112141927083,0.0075225830078125,0.025599161783854168,0.035252888997395836,0.7807718912760416,0.014826456705729166,0.07819112141927083,PRKACB,kinase
ENSG00000165059,9,68915810,69112417,196608,-1,True,6,0.0053558349609375,0.0028177897135416665,1.52587890625e-05,0.0,0.08020528157552083,0.78472900390625,0.1268768310546875,0.0053558349609375,0.0028177897135416665,0.008188883463541666,0.0,0.08020528157552083,0.1268768310546875,PRKACG,kinase
ENSG00000181929,12,48920473,49117080,196608,-1,True,21,0.005833943684895833,0.00921630859375,0.006139119466145833,0.06290690104166667,0.3172861735026042,0.3754526774088542,0.22316487630208334,0.005833943684895833,0.014790852864583334,0.021189371744791668,0.06290690104166667,0.336578369140625,0.22316487630208334,PRKAG1,kinase
ENSG00000106617,7,151778812,151975419,196608,-1,True,8,0.00250244140625,0.009302775065104166,0.0018361409505208333,0.4883524576822917,0.029500325520833332,0.14410400390625,0.32440185546875,0.00250244140625,0.009394327799479166,0.013641357421875,0.4883524576822917,0.046162923177083336,0.32440185546875,PRKAG2,kinase
ENSG00000115592,2,218733500,218930107,196608,-1,True,13,0.0074615478515625,0.02557373046875,0.0021413167317708335,0.031133015950520832,0.12008158365885417,0.4912058512369792,0.3224029541015625,0.0074615478515625,0.026102701822916668,0.035176595052083336,0.031133015950520832,0.1208953857421875,0.3224029541015625,PRKAG3,kinase
ENSG00000108946,17,68414126,68610733,196608,1,True,7,0.006495157877604167,0.0310516357421875,0.026463826497395832,0.1371002197265625,0.040822347005208336,0.7580668131510416,0.0,0.006495157877604167,0.034907023111979164,0.0640106201171875,0.1371002197265625,0.0666656494140625,0.0,PRKAR1A,kinase
ENSG00000188191,7,628978,825585,196608,-1,True,2,0.0022989908854166665,0.015467325846354166,0.007573445638020833,0.4796803792317708,0.0383148193359375,0.3034922281901042,0.15317281087239584,0.0022989908854166665,0.015467325846354166,0.025339762369791668,0.4796803792317708,0.041498819986979164,0.15317281087239584,PRKAR1B,kinase
ENSG00000114302,3,48749571,48946178,196608,-1,True,4,0.0079803466796875,0.012644449869791666,0.007960001627604166,0.4714152018229167,0.061879475911458336,0.3420766194661458,0.09604390462239583,0.0079803466796875,0.018163045247395832,0.028584798177083332,0.4714152018229167,0.06342061360677083,0.09604390462239583,PRKAR2A,kinase
ENSG00000005249,7,106946401,107143008,196608,1,True,2,0.0034128824869791665,0.0014292399088541667,0.004084269205729167,0.4914703369140625,0.0,0.0,0.499603271484375,0.0034128824869791665,0.001556396484375,0.0089263916015625,0.4914703369140625,0.016606648763020832,0.499603271484375,PRKAR2B,kinase
ENSG00000154229,17,66204309,66400916,196608,1,True,6,0.0010426839192708333,0.0012156168619791667,0.0024973551432291665,0.4952443440755208,0.019800821940104168,0.22282918294270834,0.2573699951171875,0.0010426839192708333,0.0012156168619791667,0.004755655924479167,0.4952443440755208,0.025543212890625,0.2573699951171875,PRKCA,kinase
ENSG00000166501,16,23737679,23934286,196608,1,True,2,0.0014394124348958333,0.0018768310546875,0.005610148111979167,0.4911956787109375,0.020411173502604168,0.006357828776041667,0.4731089274088542,0.0014394124348958333,0.0020395914713541665,0.0089263916015625,0.4911956787109375,0.020411173502604168,0.4731089274088542,PRKCB,kinase
ENSG00000163932,3,53062905,53259512,196608,1,True,7,0.011327107747395834,0.026163736979166668,0.005060831705729167,0.14415995279947916,0.10698954264322917,0.5296529134114584,0.17664591471354166,0.011327107747395834,0.033137003580729164,0.042551676432291664,0.14415995279947916,0.108978271484375,0.17664591471354166,PRKCD,kinase
ENSG00000171132,2,45553371,45749978,196608,1,True,4,0.00177001953125,0.004557291666666667,0.004816691080729167,0.4912465413411458,0.0147857666015625,0.2842610677083333,0.1985626220703125,0.00177001953125,0.004557291666666667,0.011144002278645834,0.4912465413411458,0.016688028971354168,0.1985626220703125,PRKCE,kinase
ENSG00000126583,19,53783893,53980500,196608,1,True,16,0.010838826497395834,0.006464640299479167,0.0028584798177083335,0.12460835774739583,0.12219746907552083,0.5441131591796875,0.1889190673828125,0.010838826497395834,0.008305867513020834,0.020161946614583332,0.12460835774739583,0.1229705810546875,0.1889190673828125,PRKCG,kinase
ENSG00000027075,14,61223275,61419882,196608,1,True,3,0.0031331380208333335,0.0083465576171875,0.003936767578125,0.9845835367838541,0.0,0.0,0.0,0.0031331380208333335,0.008672078450520834,0.015416463216145834,0.9845835367838541,0.0540924072265625,0.0,PRKCH,kinase
ENSG00000163558,3,170124120,170320727,196608,1,True,3,0.0096893310546875,0.017278035481770832,0.004547119140625,0.3949940999348958,0.029123942057291668,0.2640940348307292,0.2802734375,0.0096893310546875,0.017278035481770832,0.031514485677083336,0.3949940999348958,0.029632568359375,0.2802734375,PRKCI,kinase
ENSG00000065675,10,6481973,6678580,196608,-1,True,4,0.0059967041015625,0.0051422119140625,0.0,0.4918060302734375,0.045466105143229164,0.24512227376302084,0.2064666748046875,0.0059967041015625,0.006739298502604167,0.011138916015625,0.4918060302734375,0.055353800455729164,0.2064666748046875,PRKCQ,kinase
ENSG00000067606,1,1952107,2148714,196608,1,True,7,0.004048665364583333,0.016270955403645832,0.0034891764322916665,0.4761912027994792,0.0843963623046875,0.3432820638020833,0.07232157389322917,0.004048665364583333,0.018137613932291668,0.023808797200520832,0.4761912027994792,0.11156209309895833,0.07232157389322917,PRKCZ,kinase
ENSG00000184304,14,29829544,30026151,196608,-1,True,3,0.0013427734375,0.0017038981119791667,0.0,0.9969533284505209,0.0,0.0,0.0,0.0013427734375,0.0017038981119791667,0.0030466715494791665,0.9969533284505209,0.013646443684895834,0.0,PRKD1,kinase
ENSG00000105287,19,46618811,46815418,196608,-1,True,18,0.013910929361979166,0.007893880208333334,0.0070037841796875,0.18915303548177084,0.17817179361979166,0.3802490234375,0.2236175537109375,0.013910929361979166,0.014287312825520834,0.02880859375,0.18915303548177084,0.18924458821614584,0.2236175537109375,PRKD2,kinase
ENSG00000115825,2,37226530,37423137,196608,-1,True,7,0.013946533203125,0.018290201822916668,0.02001953125,0.3258158365885417,0.0684661865234375,0.2807769775390625,0.2726847330729167,0.013946533203125,0.018412272135416668,0.052256266276041664,0.3258158365885417,0.07715352376302083,0.2726847330729167,PRKD3,kinase
ENSG00000253729,8,47861833,48058440,196608,-1,True,5,0.0304412841796875,0.0012766520182291667,0.0181427001953125,0.4503733317057292,0.06803385416666667,0.3273671468098958,0.10436503092447917,0.0304412841796875,0.0019429524739583333,0.049860636393229164,0.4503733317057292,0.076690673828125,0.10436503092447917,PRKDC,kinase
ENSG00000185532,10,50976183,51172790,196608,1,True,1,0.0037841796875,0.003957112630208333,0.0,0.9174652099609375,0.0,0.0,0.07479349772135417,0.0037841796875,0.003957112630208333,0.007741292317708333,0.9174652099609375,0.0073394775390625,0.07479349772135417,PRKG1,kinase
ENSG00000138669,4,81116919,81313526,196608,-1,True,2,0.010589599609375,0.006601969401041667,0.0014139811197916667,0.4953715006510417,0.0,0.0,0.48602294921875,0.010589599609375,0.006601969401041667,0.018605550130208332,0.4953715006510417,0.0123138427734375,0.48602294921875,PRKG2,kinase
ENSG00000183943,X,3615346,3811953,196608,-1,True,5,0.0048370361328125,0.00201416015625,0.00018819173177083334,0.4929606119791667,0.009938557942708334,0.047083536783854164,0.4429779052734375,0.0048370361328125,0.00201416015625,0.007039388020833333,0.4929606119791667,0.0131378173828125,0.4429779052734375,PRKX,kinase
ENSG00000149311,11,108124763,108321370,196608,1,True,5,0.033406575520833336,0.047510782877604164,0.053797403971354164,0.3666229248046875,0.08434041341145833,0.3885701497395833,0.025751749674479168,0.033406575520833336,0.07806396484375,0.13471476236979166,0.3666229248046875,0.08767191569010417,0.025751749674479168,ATM,kinase
ENSG00000175054,3,142480430,142677037,196608,-1,True,7,0.031641642252604164,0.0003916422526041667,0.042317708333333336,0.4258931477864583,0.036051432291666664,0.3861033121744792,0.07760111490885417,0.031641642252604164,0.013671875,0.07435099283854167,0.4258931477864583,0.037195841471354164,0.07760111490885417,ATR,kinase
ENSG00000087586,20,56293912,56490519,196608,-1,True,7,0.0062103271484375,0.012481689453125,1.52587890625e-05,0.09921773274739583,0.09314982096354167,0.4243265787760417,0.3645985921223958,0.0062103271484375,0.013397216796875,0.018707275390625,0.09921773274739583,0.094146728515625,0.3645985921223958,AURKA,kinase
ENSG00000178999,17,8112272,8308879,196608,-1,True,27,0.005579630533854167,0.00518798828125,0.0037740071614583335,0.0175018310546875,0.2694803873697917,0.3931020100911458,0.3053741455078125,0.005579630533854167,0.007598876953125,0.0145416259765625,0.0175018310546875,0.2694803873697917,0.3053741455078125,AURKB,kinase
ENSG00000105146,19,57132719,57329326,196608,1,True,16,0.005152384440104167,0.0037027994791666665,1.52587890625e-05,0.0142364501953125,0.237884521484375,0.4999949137369792,0.239013671875,0.005152384440104167,0.008153279622395834,0.008870442708333334,0.0142364501953125,0.237884521484375,0.239013671875,AURKC,kinase
ENSG00000167601,19,41120919,41317526,196608,1,True,14,0.013824462890625,0.011388142903645834,0.0013326009114583333,0.190093994140625,0.10662841796875,0.5651652018229166,0.11156717936197917,0.013824462890625,0.0124969482421875,0.026545206705729168,0.190093994140625,0.10808308919270833,0.11156717936197917,AXL,kinase
ENSG00000103507,16,31010082,31206689,196608,1,True,25,0.007268269856770833,0.008763631184895834,0.0041351318359375,0.013834635416666666,0.2941487630208333,0.2574513753255208,0.414398193359375,0.007268269856770833,0.012324015299479166,0.020167032877604168,0.013834635416666666,0.2941487630208333,0.414398193359375,BCKDK,kinase
ENSG00000136573,8,11396083,11592690,196608,1,True,6,0.0077056884765625,0.0055694580078125,0.01409912109375,0.36785888671875,0.056523640950520836,0.3983815511067708,0.14986165364583334,0.0077056884765625,0.0055694580078125,0.027374267578125,0.36785888671875,0.06932576497395833,0.14986165364583334,BLK,kinase
ENSG00000107779,10,86658315,86854922,196608,1,True,6,0.0,0.041142781575520836,0.0,0.4632110595703125,0.1124725341796875,0.3831736246744792,0.0,0.0,0.041142781575520836,0.041142781575520836,0.4632110595703125,0.11672465006510417,0.0,BMPR1A,kinase
ENSG00000138696,4,94659651,94856258,196608,1,True,4,0.0,0.0008544921875,0.0,0.499237060546875,0.0313262939453125,0.22967529296875,0.2389068603515625,0.0,0.0008544921875,0.0008544921875,0.499237060546875,0.0330810546875,0.2389068603515625,BMPR1B,kinase
ENSG00000204217,2,202278023,202474630,196608,1,True,11,0.0021260579427083335,0.005839029947916667,0.0,0.492034912109375,0.037465413411458336,0.15300496419270834,0.3095296223958333,0.0021260579427083335,0.005839029947916667,0.007965087890625,0.492034912109375,0.0390777587890625,0.3095296223958333,BMPR2,kinase
ENSG00000102010,X,15402503,15599110,196608,1,True,3,0.0102996826171875,0.004384358723958333,3.5603841145833336e-05,0.4546610514322917,0.044550577799479164,0.4860687255859375,0.0,0.0102996826171875,0.004384358723958333,0.014719645182291666,0.4546610514322917,0.0641021728515625,0.0,BMX,kinase
ENSG00000157764,7,140826626,141023233,196608,-1,True,6,0.00262451171875,0.004552205403645833,0.006952921549479167,0.4861094156901042,0.061177571614583336,0.09761555989583333,0.3409678141276042,0.00262451171875,0.004552205403645833,0.014129638671875,0.4861094156901042,0.0617218017578125,0.3409678141276042,BRAF,kinase
ENSG00000160469,19,55185693,55382300,196608,1,True,24,0.012522379557291666,0.006693522135416667,0.0008951822916666666,0.13497416178385416,0.21335347493489584,0.4879506429036458,0.14361063639322916,0.012522379557291666,0.009068806966145834,0.020111083984375,0.13497416178385416,0.21759541829427084,0.14361063639322916,BRSK1,kinase
ENSG00000174672,11,1291630,1488237,196608,1,True,10,0.013865152994791666,0.017278035481770832,0.0045928955078125,0.3344980875651042,0.09191385904947917,0.277740478515625,0.2601114908854167,0.013865152994791666,0.024139404296875,0.035736083984375,0.3344980875651042,0.09191385904947917,0.2601114908854167,BRSK2,kinase
ENSG00000010671,X,101287888,101484495,196608,-1,True,11,0.011555989583333334,0.0084991455078125,0.02001953125,0.17079671223958334,0.09401448567708333,0.4132537841796875,0.2818603515625,0.011555989583333334,0.018697102864583332,0.040074666341145836,0.17079671223958334,0.09401448567708333,0.2818603515625,BTK,kinase
ENSG00000159792,16,67794950,67991557,196608,1,True,18,0.006988525390625,0.0127105712890625,0.0006103515625,0.164947509765625,0.25811767578125,0.4654388427734375,0.0911865234375,0.006988525390625,0.0127105712890625,0.0203094482421875,0.164947509765625,0.2599436442057292,0.0911865234375,PSKH1,kinase
ENSG00000147613,8,85971365,86167972,196608,-1,True,6,0.0058746337890625,0.007115681966145833,0.0017445882161458333,0.1964111328125,0.032185872395833336,0.6641794840494791,0.09248860677083333,0.0058746337890625,0.007115681966145833,0.014734903971354166,0.1964111328125,0.0342254638671875,0.09248860677083333,PSKH2,kinase
ENSG00000169398,8,140902979,141099586,196608,-1,True,6,0.0005086263020833334,0.009969075520833334,0.0009307861328125,0.4933420817057292,0.023844401041666668,0.15826924641927084,0.3131357828776042,0.0005086263020833334,0.010477701822916666,0.011408487955729166,0.4933420817057292,0.024363199869791668,0.3131357828776042,PTK2,kinase
ENSG00000120899,8,27227248,27423855,196608,1,True,2,0.0028177897135416665,0.013651529947916666,0.0015004475911458333,0.5537261962890625,0.038691202799479164,0.2132415771484375,0.17637125651041666,0.0028177897135416665,0.013651529947916666,0.017969767252604168,0.5537261962890625,0.038691202799479164,0.17637125651041666,PTK2B,kinase
ENSG00000101213,20,63439073,63635680,196608,-1,True,14,0.0068817138671875,0.008138020833333334,0.0,0.0326690673828125,0.3033040364583333,0.5111440022786459,0.1378631591796875,0.0068817138671875,0.012339274088541666,0.015019734700520834,0.0326690673828125,0.3033040364583333,0.1378631591796875,PTK6,kinase
ENSG00000112655,6,42978010,43174617,196608,1,True,17,0.0186309814453125,0.0126190185546875,0.014704386393229166,0.38873291015625,0.18108113606770834,0.3236134847005208,0.060618082682291664,0.0186309814453125,0.025670369466145832,0.045954386393229164,0.38873291015625,0.1847076416015625,0.060618082682291664,PTK7,kinase
ENSG00000118508,6,146445529,146642136,196608,1,True,4,0.0034332275390625,0.0020650227864583335,1.52587890625e-05,0.0511474609375,0.017237345377604168,0.2852986653645833,0.6408030192057291,0.0034332275390625,0.0020650227864583335,0.005513509114583333,0.0511474609375,0.017237345377604168,0.6408030192057291,RAB32,kinase
ENSG00000132155,3,12565814,12762421,196608,-1,True,5,0.012502034505208334,0.04644775390625,0.043126424153645836,0.3155110677083333,0.048817952473958336,0.187103271484375,0.3464914957682292,0.012502034505208334,0.056615193684895836,0.10207621256510417,0.3155110677083333,0.06971232096354167,0.3464914957682292,RAF1,kinase
ENSG00000165731,10,42978765,43175372,196608,1,True,5,0.018229166666666668,0.018895467122395832,0.008707682291666666,0.22539774576822916,0.058369954427083336,0.4609527587890625,0.20944722493489584,0.018229166666666668,0.030909220377604168,0.045832316080729164,0.22539774576822916,0.0589599609375,0.20944722493489584,RET,kinase
ENSG00000124784,6,7291504,7488111,196608,1,True,10,0.0097198486328125,0.005859375,0.0020395914713541665,0.1277008056640625,0.06329854329427083,0.6366526285807291,0.15472920735677084,0.0097198486328125,0.008107503255208334,0.017618815104166668,0.1277008056640625,0.06470235188802083,0.15472920735677084,RIOK1,kinase
ENSG00000058729,5,97084944,97281551,196608,-1,True,8,0.009663899739583334,0.016693115234375,0.0017751057942708333,0.08591715494791667,0.052027384440104164,0.823822021484375,0.010101318359375,0.009663899739583334,0.0169525146484375,0.028132120768229168,0.08591715494791667,0.054606119791666664,0.010101318359375,RIOK2,kinase
ENSG00000101782,18,23354983,23551590,196608,1,True,5,0.009379069010416666,0.01239013671875,0.0040283203125,0.14369710286458334,0.059117635091145836,0.6076761881510416,0.1637115478515625,0.009379069010416666,0.013331095377604166,0.025797526041666668,0.14369710286458334,0.060618082682291664,0.1637115478515625,RIOK3,kinase
ENSG00000137275,6,2970190,3166797,196608,1,True,20,0.011891682942708334,0.028900146484375,0.022893269856770832,0.19756571451822916,0.15666707356770834,0.3368631998697917,0.24521891276041666,0.011891682942708334,0.037907918294270836,0.06368509928385417,0.19756571451822916,0.16492716471354166,0.24521891276041666,RIPK1,kinase
ENSG00000104312,8,89659512,89856119,196608,1,True,3,0.008733113606770834,0.005157470703125,0.0020904541015625,0.15329996744791666,0.06797281901041667,0.7627461751302084,0.0,0.008733113606770834,0.011713663736979166,0.015981038411458332,0.15329996744791666,0.07058207194010417,0.0,RIPK2,kinase
ENSG00000129465,14,24241688,24438295,196608,-1,True,17,0.008870442708333334,0.0022989908854166665,0.005254109700520833,0.003911336263020833,0.3266448974609375,0.3675740559895833,0.2854461669921875,0.008870442708333334,0.006825764973958333,0.016423543294270832,0.003911336263020833,0.3284657796223958,0.2854461669921875,RIPK3,kinase
ENSG00000183421,21,41668749,41865356,196608,-1,True,9,0.0126953125,0.007715861002604167,1.52587890625e-05,0.12056986490885417,0.11616007486979167,0.4066365559895833,0.3362070719401042,0.0126953125,0.007715861002604167,0.020426432291666668,0.12056986490885417,0.1204071044921875,0.3362070719401042,RIPK4,kinase
ENSG00000067900,18,21013510,21210117,196608,-1,True,7,0.007171630859375,0.0045928955078125,0.0012563069661458333,0.4869791666666667,0.0262298583984375,0.4737701416015625,0.0,0.007171630859375,0.0045928955078125,0.013020833333333334,0.4869791666666667,0.02777099609375,0.0,ROCK1,kinase
ENSG00000134318,2,11246333,11442940,196608,-1,True,9,0.002349853515625,0.0027872721354166665,0.0008290608723958334,0.5128224690755209,0.08234151204427083,0.2503458658854167,0.14852396647135416,0.002349853515625,0.0027872721354166665,0.0059661865234375,0.5128224690755209,0.09063720703125,0.14852396647135416,ROCK2,kinase
ENSG00000185483,1,63675713,63872320,196608,1,True,4,0.0004628499348958333,0.0020395914713541665,0.0006357828776041666,0.4968617757161458,0.005284627278645833,0.2663472493489583,0.22836812337239584,0.0004628499348958333,0.0020395914713541665,0.0031382242838541665,0.4968617757161458,0.010747273763020834,0.22836812337239584,ROR1,kinase
ENSG00000169071,9,91851925,92048532,196608,-1,True,6,0.0004933675130208334,0.0028025309244791665,0.004277547200520833,0.4924875895182292,0.0370635986328125,0.21861775716145834,0.24425760904947916,0.0004933675130208334,0.0028025309244791665,0.007573445638020833,0.4924875895182292,0.041839599609375,0.24425760904947916,ROR2,kinase
ENSG00000047936,6,117327639,117524246,196608,-1,True,6,0.0274505615234375,0.0034230550130208335,1.52587890625e-05,0.4691111246744792,0.0141143798828125,0.4858856201171875,0.0,0.0274505615234375,0.0034230550130208335,0.030888875325520832,0.4691111246744792,0.016245524088541668,0.0,ROS1,kinase
ENSG00000117676,1,26431457,26628064,196608,1,True,13,0.014104207356770834,0.006678263346354167,0.0091705322265625,0.20032755533854166,0.098358154296875,0.20732625325520834,0.4640350341796875,0.014104207356770834,0.017878214518229168,0.0299530029296875,0.20032755533854166,0.09862263997395833,0.4640350341796875,RPS6KA1,kinase
ENSG00000071242,6,166528948,166725555,196608,-1,True,6,0.0017751057942708333,0.00469970703125,0.0,0.9935251871744791,0.0,0.0,0.0,0.0017751057942708333,0.00555419921875,0.006474812825520833,0.9935251871744791,0.0486602783203125,0.0,RPS6KA2,kinase
ENSG00000177189,X,20168606,20365213,196608,-1,True,2,0.00787353515625,0.0077362060546875,0.00335693359375,0.4841359456380208,0.005452473958333333,0.027028401692708332,0.46441650390625,0.00787353515625,0.012308756510416666,0.0189666748046875,0.4841359456380208,0.005452473958333333,0.46441650390625,RPS6KA3,kinase
ENSG00000162302,11,64260858,64457465,196608,1,True,23,0.0125885009765625,0.004231770833333333,0.0033823649088541665,0.046295166015625,0.19440205891927084,0.5364837646484375,0.20261637369791666,0.0125885009765625,0.0150299072265625,0.02020263671875,0.046295166015625,0.19492085774739584,0.20261637369791666,RPS6KA4,kinase
ENSG00000100784,14,90962338,91158945,196608,-1,True,4,0.002716064453125,0.0018564860026041667,0.0,0.495635986328125,0.016703287760416668,0.4830881754557292,0.0,0.002716064453125,0.0028839111328125,0.004572550455729167,0.495635986328125,0.019953409830729168,0.0,RPS6KA5,kinase
ENSG00000072133,X,84089896,84286503,196608,-1,True,1,0.01043701171875,0.0029347737630208335,0.001800537109375,0.577178955078125,0.0003916422526041667,0.0,0.407257080078125,0.01043701171875,0.0029347737630208335,0.015172322591145834,0.577178955078125,0.0003916422526041667,0.407257080078125,RPS6KA6,kinase
ENSG00000108443,17,59794817,59991424,196608,1,True,13,0.008356730143229166,0.025227864583333332,0.005564371744791667,0.2534586588541667,0.08308919270833333,0.5420481363932291,0.08225504557291667,0.008356730143229166,0.033381144205729164,0.039148966471354164,0.2534586588541667,0.08471171061197917,0.08225504557291667,RPS6KB1,kinase
ENSG00000175634,11,67330190,67526797,196608,1,True,23,0.007898966471354166,0.0023295084635416665,0.019383748372395832,0.005732218424479167,0.287445068359375,0.5583648681640625,0.11884562174479167,0.007898966471354166,0.008722941080729166,0.029612223307291668,0.005732218424479167,0.2898356119791667,0.11884562174479167,RPS6KB2,kinase
ENSG00000136643,1,212952937,213149544,196608,1,True,2,0.004597981770833333,0.0018666585286458333,0.0,0.4935760498046875,0.07953898111979167,0.24054463704427084,0.17987569173177084,0.004597981770833333,0.006113688151041667,0.006464640299479167,0.4935760498046875,0.07953898111979167,0.17987569173177084,RPS6KC1,kinase
ENSG00000198208,14,74824957,75021564,196608,-1,True,13,0.009241739908854166,0.020121256510416668,0.010197957356770834,0.058868408203125,0.18375651041666666,0.4795633951822917,0.238250732421875,0.009241739908854166,0.021092732747395832,0.039560953776041664,0.058868408203125,0.183837890625,0.238250732421875,RPS6KL1,kinase
ENSG00000167524,17,28515882,28712489,196608,-1,True,17,0.0064849853515625,0.025675455729166668,0.004475911458333333,0.4634246826171875,0.159271240234375,0.3271636962890625,0.0135040283203125,0.0064849853515625,0.026056925455729168,0.0366363525390625,0.4634246826171875,0.303375244140625,0.0135040283203125,RSKR,kinase
ENSG00000163785,3,134152556,134349163,196608,-1,True,5,0.0097198486328125,0.029444376627604168,0.02166748046875,0.4395243326822917,0.043406168619791664,0.14497884114583334,0.3112589518229167,0.0097198486328125,0.031000773111979168,0.060831705729166664,0.4395243326822917,0.046452840169270836,0.3112589518229167,RYK,kinase
ENSG00000118515,6,134219809,134416416,196608,-1,True,11,0.0023345947265625,0.013300577799479166,0.0008646647135416666,0.4835001627604167,0.0495147705078125,0.4417572021484375,0.00872802734375,0.0023345947265625,0.013422648111979166,0.016499837239583332,0.4835001627604167,0.06640625,0.00872802734375,SGK1,kinase
ENSG00000101049,20,43460723,43657330,196608,1,True,13,0.006434122721354167,0.017939249674479168,0.0064849853515625,0.11801656087239583,0.1265716552734375,0.7138773600260416,0.010676066080729166,0.006434122721354167,0.019195556640625,0.030858357747395832,0.11801656087239583,0.12842814127604166,0.010676066080729166,SGK2,kinase
ENSG00000104205,8,66614477,66811084,196608,1,True,6,0.0012868245442708333,0.007776896158854167,0.0016733805338541667,0.4907735188802083,0.06663004557291667,0.3611551920572917,0.07070414225260417,0.0012868245442708333,0.008575439453125,0.010737101236979166,0.4907735188802083,0.07161966959635417,0.07070414225260417,SGK3,kinase
ENSG00000142178,21,43328828,43525435,196608,-1,True,14,0.0119476318359375,0.012456258138020834,0.0020955403645833335,0.037836710611979164,0.15750630696614584,0.21899922688802084,0.5591583251953125,0.0119476318359375,0.012456258138020834,0.026499430338541668,0.037836710611979164,0.15750630696614584,0.5591583251953125,SIK1,kinase
ENSG00000170145,11,111504145,111700752,196608,1,True,10,0.0026906331380208335,0.0008138020833333334,0.0,0.4967244466145833,0.04827880859375,0.23079935709635416,0.22069295247395834,0.0026906331380208335,0.0008138020833333334,0.0035044352213541665,0.4967244466145833,0.057835896809895836,0.22069295247395834,SIK2,kinase
ENSG00000160584,11,117000125,117196732,196608,-1,True,11,0.0013885498046875,0.000152587890625,0.0,0.4985453287760417,0.1125946044921875,0.319549560546875,0.06776936848958333,0.0013885498046875,0.000152587890625,0.0015411376953125,0.4985453287760417,0.1143798828125,0.06776936848958333,SIK3,kinase
ENSG00000065613,10,103868836,104065443,196608,1,True,7,0.0194854736328125,0.0220184326171875,0.0010732014973958333,0.2744344075520833,0.13804117838541666,0.5372670491536459,0.007680257161458333,0.0194854736328125,0.0220184326171875,0.042577107747395836,0.2744344075520833,0.14026896158854166,0.007680257161458333,SLK,kinase
ENSG00000157106,16,18828105,19024712,196608,-1,True,3,0.0498046875,0.012664794921875,0.0321807861328125,0.4053700764973958,0.0126190185546875,0.2509511311848958,0.23640950520833334,0.0498046875,0.01593017578125,0.0946502685546875,0.4053700764973958,0.01446533203125,0.23640950520833334,SMG1,kinase
ENSG00000169679,2,110579760,110776367,196608,-1,True,7,0.017344156901041668,0.011652628580729166,0.009801228841145834,0.17353312174479166,0.056793212890625,0.6743520100911459,0.056523640950520836,0.017344156901041668,0.015569051106770834,0.038798014322916664,0.17353312174479166,0.056793212890625,0.056523640950520836,BUB1,kinase
ENSG00000156970,15,40062765,40259372,196608,1,True,15,0.017578125,0.0029856363932291665,0.00299072265625,0.2822011311848958,0.14847819010416666,0.2881622314453125,0.2576039632161458,0.017578125,0.006596883138020833,0.023554484049479168,0.2822011311848958,0.15778096516927084,0.2576039632161458,BUB1B,kinase
ENSG00000067191,17,39099366,39295973,196608,-1,True,12,0.010782877604166666,0.010564168294270834,0.015202840169270834,0.0868988037109375,0.14325459798177084,0.6366984049479166,0.09659830729166667,0.010782877604166666,0.010564168294270834,0.036549886067708336,0.0868988037109375,0.14681498209635416,0.09659830729166667,CACNB1,kinase
ENSG00000165995,10,18042120,18238727,196608,1,True,2,0.0012664794921875,0.00323486328125,0.0030263264973958335,0.4924723307291667,0.00299072265625,0.0029754638671875,0.4940338134765625,0.0012664794921875,0.00384521484375,0.007527669270833333,0.4924723307291667,0.010152180989583334,0.4940338134765625,CACNB2,kinase
ENSG00000167535,12,48720192,48916799,196608,1,True,17,0.008514404296875,0.010462443033854166,0.017405192057291668,0.0406646728515625,0.137664794921875,0.573455810546875,0.21183268229166666,0.008514404296875,0.018168131510416668,0.036382039388020836,0.0406646728515625,0.14488728841145834,0.21183268229166666,CACNB3,kinase
ENSG00000182389,2,152000741,152197348,196608,-1,True,7,0.00079345703125,0.0017852783203125,0.0016377766927083333,0.4964090983072917,0.055440266927083336,0.4052886962890625,0.038645426432291664,0.00079345703125,0.00225830078125,0.004216512044270833,0.4964090983072917,0.057393391927083336,0.038645426432291664,CACNB4,kinase
ENSG00000198668,14,90298725,90495332,196608,1,True,9,0.00238037109375,0.0227813720703125,0.014678955078125,0.020009358723958332,0.09763590494791667,0.3561604817708333,0.4863535563151042,0.00238037109375,0.023778279622395832,0.0398406982421875,0.020009358723958332,0.09916178385416667,0.4863535563151042,CALM1,kinase
ENSG00000143933,2,47078208,47274815,196608,-1,True,6,0.003662109375,0.008321126302083334,0.024195353190104168,0.049463907877604164,0.06923421223958333,0.845123291015625,0.0,0.003662109375,0.010965983072916666,0.0361785888671875,0.049463907877604164,0.07629903157552083,0.0,CALM2,kinase
ENSG00000160014,19,46503026,46699633,196608,1,True,15,0.003021240234375,0.011189778645833334,0.01263427734375,0.022562662760416668,0.15386962890625,0.7149861653645834,0.08173624674479167,0.003021240234375,0.013463338216145834,0.026845296223958332,0.022562662760416668,0.1560211181640625,0.08173624674479167,CALM3,kinase
ENSG00000100065,22,37421112,37617719,196608,-1,True,12,0.016596476236979168,0.0078887939453125,0.004796346028645833,0.119140625,0.10405985514322917,0.5169118245442709,0.2306060791015625,0.016596476236979168,0.0098114013671875,0.0292816162109375,0.119140625,0.10405985514322917,0.2306060791015625,CARD10,kinase
ENSG00000198286,7,2945564,3142171,196608,-1,True,3,0.0018208821614583333,0.0027414957682291665,0.0003560384114583333,0.496917724609375,0.047968546549479164,0.2964680989583333,0.15372721354166666,0.0018208821614583333,0.0027414957682291665,0.004918416341145833,0.496917724609375,0.0520172119140625,0.15372721354166666,CARD11,kinase
ENSG00000141527,17,80071726,80268333,196608,1,True,11,0.015772501627604168,0.0128173828125,0.027201334635416668,0.17859395345052084,0.14226786295572916,0.5132039388020834,0.11014302571614583,0.015772501627604168,0.02325439453125,0.055791219075520836,0.17859395345052084,0.19874064127604166,0.11014302571614583,CARD14,kinase
ENSG00000147044,X,41825251,42021858,196608,-1,True,1,0.0009663899739583334,0.00341796875,0.0,0.49615478515625,0.0,0.0,0.4994608561197917,0.0009663899739583334,0.00341796875,0.004384358723958333,0.49615478515625,0.00048828125,0.4994608561197917,CASK,kinase
ENSG00000129993,16,88878904,89075511,196608,-1,True,8,0.008845011393229166,0.005243937174479167,0.004002888997395833,0.4819081624348958,0.0281829833984375,0.1255645751953125,0.34625244140625,0.008845011393229166,0.005915323893229167,0.018091837565104168,0.4819081624348958,0.07172648111979167,0.34625244140625,CBFA2T3,kinase
ENSG00000163788,3,43188236,43384843,196608,1,True,6,0.0116729736328125,0.025202433268229168,0.007517496744791667,0.4557596842447917,0.017725626627604168,0.0467376708984375,0.4353841145833333,0.0116729736328125,0.025349934895833332,0.044392903645833336,0.4557596842447917,0.040568033854166664,0.4353841145833333,SNRK,kinase
ENSG00000072195,2,219336539,219533146,196608,1,True,13,0.051050821940104164,0.0120086669921875,0.02374267578125,0.2122039794921875,0.12877400716145834,0.3286997477213542,0.24352010091145834,0.051050821940104164,0.0165863037109375,0.08680216471354167,0.2122039794921875,0.132080078125,0.24352010091145834,SPEG,kinase
ENSG00000176170,17,76286305,76482912,196608,1,True,9,0.00738525390625,0.013682047526041666,0.0030873616536458335,0.033203125,0.1321258544921875,0.792388916015625,0.01812744140625,0.00738525390625,0.014994303385416666,0.0241546630859375,0.033203125,0.13556416829427084,0.01812744140625,SPHK1,kinase
ENSG00000063176,19,48521202,48717809,196608,1,True,14,0.0115814208984375,0.020441691080729168,0.0023142496744791665,0.023783365885416668,0.179443359375,0.5219573974609375,0.240478515625,0.0115814208984375,0.02886962890625,0.034337361653645836,0.023783365885416668,0.18961079915364584,0.240478515625,SPHK2,kinase
ENSG00000153820,2,228083384,228279991,196608,-1,True,2,0.001251220703125,0.0004526774088541667,0.0,0.4982961018880208,0.001922607421875,0.0017852783203125,0.4962921142578125,0.001251220703125,0.0004526774088541667,0.0017038981119791667,0.4982961018880208,0.0024668375651041665,0.4962921142578125,SPHKAP,kinase
ENSG00000197122,20,37247836,37444443,196608,1,True,9,0.008824666341145834,0.03070068359375,0.008000691731770834,0.2646586100260417,0.07710774739583333,0.23771158854166666,0.3729960123697917,0.008824666341145834,0.03070068359375,0.047526041666666664,0.2646586100260417,0.07816060384114583,0.3729960123697917,SRC,kinase
ENSG00000125508,20,63449446,63646053,196608,-1,True,14,0.0074462890625,0.013300577799479166,1.52587890625e-05,0.026341756184895832,0.2972056070963542,0.4973602294921875,0.15833028157552084,0.0074462890625,0.013300577799479166,0.020762125651041668,0.026341756184895832,0.2988739013671875,0.15833028157552084,SRMS,kinase
ENSG00000096063,6,35822795,36019402,196608,-1,True,5,0.012522379557291666,0.015594482421875,0.00592041015625,0.4154713948567708,0.039820353190104164,0.5106709798177084,0.0,0.012522379557291666,0.018412272135416668,0.034037272135416664,0.4154713948567708,0.06440226236979167,0.0,SRPK1,kinase
ENSG00000135250,7,105290618,105487225,196608,-1,True,4,0.001190185546875,0.0021514892578125,0.00079345703125,0.5486958821614584,0.016118367513020832,0.22580973307291666,0.20524088541666666,0.001190185546875,0.0026652018229166665,0.0041351318359375,0.5486958821614584,0.022313435872395832,0.20524088541666666,SRPK2,kinase
ENSG00000184343,X,153682737,153879344,196608,1,True,16,0.009241739908854166,0.0016988118489583333,1.52587890625e-05,0.013295491536458334,0.2623545328776042,0.5624135335286459,0.15098063151041666,0.009241739908854166,0.0018513997395833333,0.010955810546875,0.013295491536458334,0.2719523111979167,0.15098063151041666,SRPK3,kinase
ENSG00000104375,8,98727385,98923992,196608,-1,True,4,0.0023447672526041665,0.001800537109375,0.0263824462890625,0.9694722493489584,0.0,0.0,0.0,0.0023447672526041665,0.001800537109375,0.030527750651041668,0.9694722493489584,0.011286417643229166,0.0,STK3,kinase
ENSG00000101109,20,44868208,45064815,196608,1,True,7,0.0081787109375,0.017303466796875,0.017822265625,0.456787109375,0.09483846028645833,0.3875630696614583,0.017506917317708332,0.0081787109375,0.024688720703125,0.043304443359375,0.456787109375,0.09583028157552083,0.017506917317708332,STK4,kinase
ENSG00000072786,5,172089921,172286528,196608,-1,True,8,0.008570353190104166,0.0014750162760416667,0.008229573567708334,0.4822743733723958,0.0277557373046875,0.4028269449869792,0.06886800130208333,0.008570353190104166,0.0014750162760416667,0.018274943033854168,0.4822743733723958,0.036427815755208336,0.06886800130208333,STK10,kinase
ENSG00000118046,19,1107474,1304081,196608,1,True,16,0.0128631591796875,0.029698689778645832,0.0024007161458333335,0.21379597981770834,0.20721944173177084,0.4679667154947917,0.0660552978515625,0.0128631591796875,0.037556966145833336,0.044962565104166664,0.21379597981770834,0.2111968994140625,0.0660552978515625,STK11,kinase
ENSG00000164543,7,43484804,43681411,196608,1,True,3,0.006317138671875,0.014994303385416666,0.008026123046875,0.3163045247395833,0.055475870768229164,0.5136566162109375,0.08522542317708333,0.006317138671875,0.014994303385416666,0.029337565104166668,0.3163045247395833,0.12612406412760416,0.08522542317708333,STK17A,kinase
ENSG00000081320,2,196073275,196269882,196608,-1,True,6,0.006683349609375,0.039922078450520836,4.0690104166666664e-05,0.171661376953125,0.08170064290364583,0.3412577311197917,0.358734130859375,0.006683349609375,0.043894449869791664,0.0466461181640625,0.171661376953125,0.0961456298828125,0.358734130859375,STK17B,kinase
ENSG00000102572,13,98478804,98675411,196608,-1,True,6,0.0020751953125,0.0025990804036458335,0.0023244222005208335,0.4972381591796875,0.012797037760416666,0.0,0.4829661051432292,0.0020751953125,0.0025990804036458335,0.006998697916666667,0.4972381591796875,0.017969767252604168,0.4829661051432292,STK24,kinase
ENSG00000115694,2,241410281,241606888,196608,-1,True,10,0.007481892903645833,0.023447672526041668,0.007664998372395833,0.048182169596354164,0.10773213704427083,0.5860137939453125,0.21947733561197916,0.007481892903645833,0.025105794270833332,0.038594563802083336,0.048182169596354164,0.11773681640625,0.21947733561197916,STK25,kinase
ENSG00000134602,X,131924998,132121605,196608,1,True,5,0.006683349609375,0.0110931396484375,1.52587890625e-05,0.2503712972005208,0.0273895263671875,0.21322123209635416,0.4912261962890625,0.006683349609375,0.0110931396484375,0.017791748046875,0.2503712972005208,0.027842203776041668,0.4912261962890625,STK26,kinase
ENSG00000169302,5,147136722,147333329,196608,1,True,1,0.00244140625,0.0015157063802083333,0.0027262369791666665,0.4936370849609375,0.009363810221354166,0.2848968505859375,0.20541890462239584,0.00244140625,0.0017801920572916667,0.006683349609375,0.4936370849609375,0.009363810221354166,0.20541890462239584,STK32A,kinase
ENSG00000152953,4,4953176,5149783,196608,1,True,4,0.0007781982421875,0.0035807291666666665,1.52587890625e-05,0.4956258138020833,0.023111979166666668,0.4479166666666667,0.028971354166666668,0.0007781982421875,0.0038655598958333335,0.004374186197916667,0.4956258138020833,0.02313232421875,0.028971354166666668,STK32B,kinase
ENSG00000165752,10,132209647,132406254,196608,-1,True,5,0.0090484619140625,0.004669189453125,0.0004323323567708333,0.6073964436848959,0.07687886555989583,0.22037251790364584,0.08120218912760417,0.0090484619140625,0.005121866861979167,0.014149983723958334,0.6073964436848959,0.0814971923828125,0.08120218912760417,STK32C,kinase
ENSG00000130413,11,8495925,8692532,196608,-1,True,6,0.0,0.0076141357421875,0.0007476806640625,0.4919637044270833,0.121429443359375,0.2878061930338542,0.0904388427734375,0.0,0.0076141357421875,0.00836181640625,0.4919637044270833,0.12209574381510417,0.0904388427734375,STK33,kinase
ENSG00000125834,20,2003523,2200130,196608,1,True,4,0.008148193359375,0.035227457682291664,1.52587890625e-05,0.3394622802734375,0.01275634765625,0.15423075358072916,0.4501597086588542,0.008148193359375,0.035227457682291664,0.043390909830729164,0.3394622802734375,0.021931966145833332,0.4501597086588542,STK35,kinase
ENSG00000112079,6,36449176,36645783,196608,-1,True,7,0.0077056884765625,0.015843709309895832,1.52587890625e-05,0.24924723307291666,0.07657368977864583,0.3378499348958333,0.3127644856770833,0.0077056884765625,0.015843709309895832,0.023564656575520832,0.24924723307291666,0.078155517578125,0.3127644856770833,STK38,kinase
ENSG00000211455,12,27145982,27342589,196608,1,True,4,0.007603963216145833,0.025060017903645832,0.005793253580729167,0.3785756429036458,0.010915120442708334,0.2543182373046875,0.3177337646484375,0.007603963216145833,0.031366984049479164,0.038457234700520836,0.3785756429036458,0.014180501302083334,0.3177337646484375,STK38L,kinase
ENSG00000198648,2,168149292,168345899,196608,-1,True,2,0.0031941731770833335,0.0015462239583333333,0.0,0.4959920247395833,0.009562174479166666,0.09781901041666667,0.3918863932291667,0.0031941731770833335,0.0015462239583333333,0.004740397135416667,0.4959920247395833,0.011088053385416666,0.3918863932291667,STK39,kinase
ENSG00000060140,12,10575749,10772356,196608,-1,True,9,0.006581624348958333,0.012827555338541666,1.52587890625e-05,0.2623545328776042,0.10965474446614583,0.3498280843098958,0.2587381998697917,0.006581624348958333,0.012827555338541666,0.0194244384765625,0.2623545328776042,0.10965474446614583,0.2587381998697917,STYK1,kinase
ENSG00000127952,7,75949697,76146304,196608,-1,True,12,0.005132039388020833,0.0088958740234375,0.00011189778645833333,0.2528635660807292,0.10824076334635417,0.5471089680989584,0.07764689127604167,0.005132039388020833,0.011205037434895834,0.014139811197916666,0.2528635660807292,0.12194315592447917,0.07764689127604167,STYXL1,kinase
ENSG00000165025,9,90703515,90900122,196608,1,True,6,0.0097808837890625,0.019810994466145832,1.52587890625e-05,0.4636128743489583,0.013392130533854166,0.4013671875,0.09202067057291667,0.0097808837890625,0.019810994466145832,0.029607137044270832,0.4636128743489583,0.013671875,0.09202067057291667,SYK,kinase
ENSG00000182253,15,99006776,99203383,196608,1,True,8,0.0238800048828125,0.015660603841145832,0.0,0.15056864420572916,0.08241780598958333,0.7237650553385416,0.0037078857421875,0.0238800048828125,0.017389933268229168,0.039540608723958336,0.15056864420572916,0.09707132975260417,0.0037078857421875,SYNM,kinase
ENSG00000160551,17,29292059,29488666,196608,1,True,11,0.0033315022786458335,0.00390625,0.00164794921875,0.4911753336588542,0.038914998372395836,0.4610239664713542,0.0,0.0033315022786458335,0.00390625,0.008885701497395834,0.4911753336588542,0.043268839518229164,0.0,TAOK1,kinase
ENSG00000149930,16,29875564,30072171,196608,1,True,15,0.024297078450520832,0.0179901123046875,0.0049591064453125,0.0463104248046875,0.23953755696614584,0.5875193277994791,0.07938639322916667,0.024297078450520832,0.0179901123046875,0.047246297200520836,0.0463104248046875,0.23953755696614584,0.07938639322916667,TAOK2,kinase
ENSG00000135090,12,118274604,118471211,196608,-1,True,6,0.0,0.006093343098958333,0.0,0.4939727783203125,0.0490875244140625,0.21605936686197916,0.2347869873046875,0.0,0.006093343098958333,0.006093343098958333,0.4939727783203125,0.0490875244140625,0.2347869873046875,TAOK3,kinase
ENSG00000183735,12,64353816,64550423,196608,1,True,11,0.013575236002604166,0.037836710611979164,0.038859049479166664,0.1641693115234375,0.06735738118489583,0.6782023111979166,0.0,0.013575236002604166,0.048960367838541664,0.09027099609375,0.1641693115234375,0.0718536376953125,0.0,TBK1,kinase
ENSG00000135605,4,48171535,48368142,196608,-1,True,4,0.0012359619140625,0.0025431315104166665,0.0,0.4963226318359375,0.019490559895833332,0.4777882893880208,0.0026194254557291665,0.0012359619140625,0.0025431315104166665,0.0037790934244791665,0.4963226318359375,0.025543212890625,0.0026194254557291665,TEC,kinase
ENSG00000120156,9,27010921,27207528,196608,1,True,5,0.013498942057291666,0.0028533935546875,0.0,0.4846394856770833,0.036326090494791664,0.3302256266276042,0.13245646158854166,0.013498942057291666,0.008326212565104166,0.016352335611979168,0.4846394856770833,0.0369110107421875,0.13245646158854166,TEK,kinase
ENSG00000107140,9,35506958,35703565,196608,1,True,19,0.009796142578125,0.0033009847005208335,0.0038960774739583335,0.007319132486979167,0.16184488932291666,0.7269795735677084,0.08686319986979167,0.009796142578125,0.0033009847005208335,0.016993204752604168,0.007319132486979167,0.16248575846354166,0.08686319986979167,TESK1,kinase
ENSG00000070759,1,45392860,45589467,196608,-1,True,10,0.0029093424479166665,0.006551106770833333,0.0012613932291666667,0.4894816080729167,0.08355712890625,0.295989990234375,0.12024943033854167,0.0029093424479166665,0.006551106770833333,0.010721842447916666,0.4894816080729167,0.0889434814453125,0.12024943033854167,TESK2,kinase
ENSG00000106799,9,99006809,99203416,196608,1,True,4,0.009831746419270834,0.0286865234375,0.0042572021484375,0.2123260498046875,0.030192057291666668,0.3077036539713542,0.4070027669270833,0.009831746419270834,0.03662109375,0.042775472005208336,0.2123260498046875,0.0308380126953125,0.4070027669270833,TGFBR1,kinase
ENSG00000163513,3,30508297,30704904,196608,1,True,7,0.009185791015625,0.015558878580729166,0.011418660481770834,0.4102681477864583,0.031005859375,0.21375528971354166,0.308807373046875,0.009185791015625,0.022928873697916668,0.036163330078125,0.4102681477864583,0.035430908203125,0.308807373046875,TGFBR2,kinase
ENSG00000066056,1,43202678,43399285,196608,1,True,14,0.017364501953125,0.0024922688802083335,0.014302571614583334,0.07844034830729167,0.15404256184895834,0.5403544108072916,0.19300333658854166,0.017364501953125,0.017725626627604168,0.034159342447916664,0.07844034830729167,0.15404256184895834,0.19300333658854166,TIE1,kinase
ENSG00000104067,15,29724165,29920772,196608,-1,True,4,0.013173421223958334,0.010101318359375,0.005732218424479167,0.9709930419921875,0.0,0.0,0.0,0.013173421223958334,0.010101318359375,0.0290069580078125,0.9709930419921875,0.0173187255859375,0.0,TJP1,kinase
ENSG00000119139,9,69075973,69272580,196608,1,True,3,0.021291097005208332,0.0221099853515625,0.034937540690104164,0.6912994384765625,0.026102701822916668,0.20425923665364584,0.0,0.021291097005208332,0.0254974365234375,0.078338623046875,0.6912994384765625,0.0589599609375,0.0,TJP2,kinase
ENSG00000105289,19,3610080,3806687,196608,1,True,12,0.014556884765625,0.0118255615234375,0.0031229654947916665,0.1864471435546875,0.15779622395833334,0.5236918131510416,0.10255940755208333,0.014556884765625,0.014149983723958334,0.029505411783854168,0.1864471435546875,0.15800984700520834,0.10255940755208333,TJP3,kinase
ENSG00000167900,17,78088749,78285356,196608,-1,True,17,0.004755655924479167,0.011281331380208334,1.52587890625e-05,0.057464599609375,0.263458251953125,0.545379638671875,0.117645263671875,0.004755655924479167,0.013188680013020834,0.01605224609375,0.057464599609375,0.2672627766927083,0.117645263671875,TK1,kinase
ENSG00000166548,16,66451819,66648426,196608,-1,True,16,0.006378173828125,0.032460530598958336,0.0137481689453125,0.1739654541015625,0.12923177083333334,0.5588531494140625,0.08536275227864583,0.006378173828125,0.0370330810546875,0.052586873372395836,0.1739654541015625,0.14671834309895834,0.08536275227864583,TK2,kinase
ENSG00000198586,2,171062590,171259197,196608,-1,True,2,0.001983642578125,0.005279541015625,0.003916422526041667,0.8470001220703125,0.0028839111328125,0.07123311360677083,0.0677032470703125,0.001983642578125,0.005304972330729167,0.011179606119791666,0.8470001220703125,0.004201253255208333,0.0677032470703125,TLK1,kinase
ENSG00000146872,17,62380521,62577128,196608,1,True,8,0.0067596435546875,0.016845703125,0.006459554036458333,0.572509765625,0.045659383138020836,0.2873433430989583,0.064422607421875,0.0067596435546875,0.023106892903645832,0.030064900716145832,0.572509765625,0.06340535481770833,0.064422607421875,TLK2,kinase
ENSG00000174292,17,7282785,7479392,196608,1,True,29,0.010279337565104166,0.007080078125,0.0022735595703125,0.027369181315104168,0.3915049235026042,0.3583628336588542,0.20313008626302084,0.010279337565104166,0.009913126627604166,0.019632975260416668,0.027369181315104168,0.3917490641276042,0.20313008626302084,TNK1,kinase
ENSG00000061938,3,195810248,196006855,196608,-1,True,18,0.02001953125,0.025975545247395832,0.017405192057291668,0.1837005615234375,0.15218098958333334,0.4226531982421875,0.17806498209635416,0.02001953125,0.036183675130208336,0.0634002685546875,0.1837005615234375,0.17538960774739584,0.17806498209635416,TNK2,kinase
ENSG00000116783,1,74137083,74333690,196608,1,True,3,0.0027618408203125,0.0008494059244791666,0.0,0.4969075520833333,0.050664265950520836,0.448577880859375,0.00023905436197916666,0.0027618408203125,0.0008494059244791666,0.0036112467447916665,0.4969075520833333,0.057378133138020836,0.00023905436197916666,TNNI3K,kinase
ENSG00000119121,9,74789618,74986225,196608,-1,True,8,0.013437906901041666,0.004206339518229167,0.0003814697265625,0.4828542073567708,0.0403289794921875,0.3263193766276042,0.13247172037760416,0.013437906901041666,0.004206339518229167,0.018025716145833332,0.4828542073567708,0.044072469075520836,0.13247172037760416,TRPM6,kinase
ENSG00000092439,15,50588494,50785101,196608,-1,True,7,0.0223541259765625,0.005971272786458333,0.00189208984375,0.4697825113932292,0.087738037109375,0.32037353515625,0.091888427734375,0.0223541259765625,0.005971272786458333,0.030217488606770832,0.4697825113932292,0.0897216796875,0.091888427734375,TRPM7,kinase
ENSG00000196367,7,98780228,98976835,196608,1,True,4,0.041961669921875,0.0024566650390625,0.0009613037109375,0.4576670328776042,0.025293986002604168,0.12328084309895833,0.3483784993489583,0.041961669921875,0.0024566650390625,0.045379638671875,0.4576670328776042,0.025700887044270832,0.3483784993489583,TRRAP,kinase
ENSG00000212122,5,113336686,113533293,196608,-1,True,5,0.0055999755859375,0.006779988606770833,1.52587890625e-05,0.0,0.027781168619791668,0.8414255777994791,0.11839803059895833,0.0055999755859375,0.006779988606770833,0.012395222981770834,0.0,0.0377655029296875,0.11839803059895833,TSSK1B,kinase
ENSG00000206203,22,19033004,19229611,196608,1,True,17,0.005462646484375,0.0012105305989583333,1.52587890625e-05,0.0,0.17941792805989584,0.6908976236979166,0.12299601236979167,0.005462646484375,0.0012105305989583333,0.006688435872395833,0.0,0.18610636393229166,0.12299601236979167,TSSK2,kinase
ENSG00000162526,1,32264235,32460842,196608,1,True,15,0.00408935546875,0.0015614827473958333,0.003753662109375,0.055658976236979164,0.11735026041666667,0.6482899983723959,0.1692962646484375,0.00408935546875,0.0019683837890625,0.009404500325520834,0.055658976236979164,0.132232666015625,0.1692962646484375,TSSK3,kinase
ENSG00000139908,14,24107392,24303999,196608,1,True,38,0.0055084228515625,0.0022735595703125,0.0020090738932291665,0.0037740071614583335,0.3985646565755208,0.5123850504557291,0.0754852294921875,0.0055084228515625,0.003204345703125,0.009791056315104166,0.0037740071614583335,0.3985646565755208,0.0754852294921875,TSSK4,kinase
ENSG00000178093,19,19417245,19613852,196608,-1,True,9,0.0041656494140625,0.0035959879557291665,1.52587890625e-05,0.008148193359375,0.11172993977864583,0.7737630208333334,0.09858194986979167,0.0041656494140625,0.0035959879557291665,0.007776896158854167,0.008148193359375,0.11172993977864583,0.09858194986979167,TSSK6,kinase
ENSG00000068724,2,46842920,47039527,196608,1,True,7,0.010991414388020834,0.004094441731770833,0.035985310872395836,0.5778910319010416,0.103179931640625,0.2678578694661458,0.0,0.010991414388020834,0.011784871419270834,0.0510711669921875,0.5778910319010416,0.10845438639322917,0.0,TTC7A,kinase
ENSG00000165914,14,90718127,90914734,196608,-1,True,5,0.0036722819010416665,0.0010426839192708333,0.0014902750651041667,0.4941507975260417,0.15374247233072916,0.228271484375,0.1176300048828125,0.0036722819010416665,0.0025990804036458335,0.006205240885416667,0.4941507975260417,0.1631317138671875,0.1176300048828125,TTC7B,kinase
ENSG00000112742,6,79906345,80102952,196608,1,True,7,0.013727823893229166,0.01251220703125,0.0026957194010416665,0.1729583740234375,0.08054097493489583,0.4549458821614583,0.2626190185546875,0.013727823893229166,0.013651529947916666,0.028935750325520832,0.1729583740234375,0.08054097493489583,0.2626190185546875,TTK,kinase
ENSG00000155657,2,178709120,178905727,196608,-1,True,5,0.17988077799479166,0.012532552083333334,0.005076090494791667,0.4214223225911458,0.06647237141927083,0.3146158854166667,0.0,0.17988077799479166,0.012532552083333334,0.19748942057291666,0.4214223225911458,0.13377888997395834,0.0,TTN,kinase
ENSG00000074966,4,48035947,48232554,196608,-1,True,6,0.008122762044270834,0.024103800455729168,0.0018564860026041667,0.3275146484375,0.044698079427083336,0.4690093994140625,0.12469482421875,0.008122762044270834,0.025599161783854168,0.034083048502604164,0.3275146484375,0.045542399088541664,0.12469482421875,TXK,kinase
ENSG00000105397,19,10282269,10478876,196608,-1,True,17,0.0194549560546875,0.013036092122395834,0.010869344075520834,0.10963948567708333,0.1756744384765625,0.4758555094401042,0.19547017415364584,0.0194549560546875,0.029012044270833332,0.043360392252604164,0.10963948567708333,0.1756744384765625,0.19547017415364584,TYK2,kinase
ENSG00000092445,15,41460908,41657515,196608,1,True,9,0.014577229817708334,0.033228556315104164,0.009358723958333334,0.07464599609375,0.1076202392578125,0.511810302734375,0.24875895182291666,0.014577229817708334,0.036595662434895836,0.057164510091145836,0.07464599609375,0.1076202392578125,0.24875895182291666,TYRO3,kinase
ENSG00000130717,9,131432960,131629567,196608,-1,True,9,0.0046539306640625,0.007171630859375,0.0021514892578125,0.024144490559895832,0.17438252766927084,0.6198069254557291,0.16768900553385416,0.0046539306640625,0.008331298828125,0.01397705078125,0.024144490559895832,0.17448933919270834,0.16768900553385416,UCK1,kinase
ENSG00000143179,1,165729310,165925917,196608,1,True,5,0.0041656494140625,0.024744669596354168,0.006754557291666667,0.3917490641276042,0.020843505859375,0.4790140787760417,0.07272847493489583,0.0041656494140625,0.025726318359375,0.035664876302083336,0.3917490641276042,0.037007649739583336,0.07272847493489583,UCK2,kinase
ENSG00000198276,20,63858113,64054720,196608,-1,True,22,0.008946736653645834,0.0048675537109375,0.002716064453125,0.06817118326822917,0.19866943359375,0.642852783203125,0.0737762451171875,0.008946736653645834,0.005284627278645833,0.016530354817708332,0.06817118326822917,0.2153167724609375,0.0737762451171875,UCKL1,kinase
ENSG00000100749,14,96699078,96895685,196608,1,True,4,0.009150187174479166,0.06592305501302083,0.067047119140625,0.3582763671875,0.027704874674479168,0.450439453125,0.021458943684895832,0.009150187174479166,0.07202657063802083,0.142120361328125,0.3582763671875,0.027704874674479168,0.021458943684895832,VRK1,kinase
ENSG00000028116,2,57948502,58145109,196608,1,True,2,0.005956013997395833,0.015614827473958334,0.0005747477213541666,0.9778544108072916,0.0,0.0,0.0,0.005956013997395833,0.020894368489583332,0.022145589192708332,0.9778544108072916,0.009501139322916666,0.0,VRK2,kinase
ENSG00000105053,19,49927069,50123676,196608,-1,True,17,0.008371988932291666,0.027689615885416668,0.025054931640625,0.19228108723958334,0.1260833740234375,0.4571940104166667,0.16332499186197916,0.008371988932291666,0.034128824869791664,0.061116536458333336,0.19228108723958334,0.128753662109375,0.16332499186197916,VRK3,kinase
ENSG00000112290,6,110081367,110277974,196608,-1,True,3,0.0085296630859375,0.019846598307291668,1.52587890625e-05,0.3795420328776042,0.045013427734375,0.4525960286458333,0.09445699055989583,0.0085296630859375,0.019846598307291668,0.028391520182291668,0.3795420328776042,0.045013427734375,0.09445699055989583,WASF1,kinase
ENSG00000060237,12,654275,850882,196608,1,True,6,0.006800333658854167,0.006306966145833333,0.0004119873046875,0.4866994222005208,0.019256591796875,0.3033294677734375,0.17719523111979166,0.006800333658854167,0.006306966145833333,0.013519287109375,0.4866994222005208,0.0198974609375,0.17719523111979166,WNK1,kinase
ENSG00000165238,9,93085835,93282442,196608,1,True,4,0.021077473958333332,0.0013529459635416667,0.0019785563151041665,0.475677490234375,0.058252970377604164,0.126922607421875,0.3147379557291667,0.021077473958333332,0.0013529459635416667,0.024408976236979168,0.475677490234375,0.058252970377604164,0.3147379557291667,WNK2,kinase
ENSG00000196632,X,54259743,54456350,196608,-1,True,3,0.0103607177734375,0.005472819010416667,0.0,0.4871978759765625,0.0244293212890625,0.056691487630208336,0.4158477783203125,0.0103607177734375,0.005472819010416667,0.015833536783854168,0.4871978759765625,0.024973551432291668,0.4158477783203125,WNK3,kinase
ENSG00000126562,17,42682306,42878913,196608,1,True,21,0.0189666748046875,0.0023905436197916665,0.005533854166666667,0.056813557942708336,0.2524820963541667,0.555816650390625,0.10799662272135417,0.0189666748046875,0.01373291015625,0.026891072591145832,0.056813557942708336,0.2583363850911458,0.10799662272135417,WNK4,kinase
ENSG00000176105,18,713939,910546,196608,-1,True,11,0.008931477864583334,0.020665486653645832,0.0002950032552083333,0.43646240234375,0.047948201497395836,0.0738983154296875,0.4117991129557292,0.008931477864583334,0.020741780598958332,0.0298919677734375,0.43646240234375,0.07015482584635417,0.4117991129557292,YES1,kinase
ENSG00000115085,2,97615272,97811879,196608,1,True,7,0.009572347005208334,0.022618611653645832,0.0135040283203125,0.1107177734375,0.1228790283203125,0.5112508138020834,0.2094573974609375,0.009572347005208334,0.026952107747395832,0.045694986979166664,0.1107177734375,0.1228790283203125,0.2094573974609375,ZAP70,kinase
ENSG00000134480,5,87314627,87511234,196608,-1,True,4,0.0054168701171875,0.03399658203125,0.004506429036458333,0.4373118082682292,0.011449178059895834,0.4468231201171875,0.060496012369791664,0.0054168701171875,0.0355224609375,0.043919881184895836,0.4373118082682292,0.035105387369791664,0.060496012369791664,CCNH,kinase
ENSG00000097046,1,91402547,91599154,196608,1,True,6,0.008758544921875,0.0208892822265625,6.103515625e-05,0.1067352294921875,0.0215606689453125,0.2758941650390625,0.56610107421875,0.008758544921875,0.0208892822265625,0.0297088623046875,0.1067352294921875,0.024998982747395832,0.56610107421875,CDC7,kinase
ENSG00000143776,1,227220189,227416796,196608,-1,True,8,0.001373291015625,0.006663004557291667,0.0,0.4919637044270833,0.010930379231770834,0.11499532063802083,0.3740743001302083,0.001373291015625,0.006663004557291667,0.008036295572916666,0.4919637044270833,0.022547403971354168,0.3740743001302083,CDC42BPA,kinase
ENSG00000198752,14,102959246,103155853,196608,-1,True,12,0.0149993896484375,0.0026143391927083335,0.0013173421223958333,0.4810689290364583,0.11915079752604167,0.181915283203125,0.19893391927083334,0.0149993896484375,0.0026143391927083335,0.018931070963541668,0.4810689290364583,0.12311299641927083,0.19893391927083334,CDC42BPB,kinase
ENSG00000171219,11,64746350,64942957,196608,-1,True,18,0.0239410400390625,0.007792154947916667,0.0016225179036458333,0.07665506998697917,0.2574717203776042,0.4731903076171875,0.15932718912760416,0.0239410400390625,0.007792154947916667,0.033355712890625,0.07665506998697917,0.2574717203776042,0.15932718912760416,CDC42BPG,kinase
ENSG00000170312,10,60680174,60876781,196608,1,True,5,0.004994710286458333,0.014902750651041666,0.009023030598958334,0.062250773111979164,0.022089640299479168,0.3350321451822917,0.5517069498697916,0.004994710286458333,0.014902750651041666,0.028920491536458332,0.062250773111979164,0.022089640299479168,0.5517069498697916,CDK1,kinase
ENSG00000123374,12,55868526,56065133,196608,1,True,13,0.005284627278645833,0.011423746744791666,0.0030619303385416665,0.010793050130208334,0.23422749837239584,0.4703216552734375,0.2648874918619792,0.005284627278645833,0.015380859375,0.019770304361979168,0.010793050130208334,0.23801676432291666,0.2648874918619792,CDK2,kinase
ENSG00000250506,17,75902551,76099158,196608,1,True,14,0.0046539306640625,0.005025227864583333,1.52587890625e-05,0.017547607421875,0.2336273193359375,0.6796112060546875,0.059519449869791664,0.0046539306640625,0.005045572916666667,0.009694417317708334,0.017547607421875,0.24919637044270834,0.059519449869791664,CDK3,kinase
ENSG00000135446,12,57654007,57850614,196608,-1,True,22,0.005035400390625,0.0076446533203125,0.0027821858723958335,0.026713053385416668,0.23806254069010416,0.5310465494791666,0.18871561686197916,0.005035400390625,0.011454264322916666,0.015462239583333334,0.026713053385416668,0.2547505696614583,0.18871561686197916,CDK4,kinase
ENSG00000164885,7,150959594,151156201,196608,-1,True,15,0.004877726236979167,0.013178507486979166,0.005833943684895833,0.008819580078125,0.2744140625,0.5926259358723959,0.100250244140625,0.004877726236979167,0.013178507486979166,0.023890177408854168,0.008819580078125,0.2786610921223958,0.100250244140625,CDK5,kinase
ENSG00000105810,7,92738270,92934877,196608,-1,True,2,0.0018768310546875,0.004857381184895833,0.001373291015625,0.4919840494791667,0.012736002604166666,0.4056447347005208,0.0815277099609375,0.0018768310546875,0.004857381184895833,0.008107503255208334,0.4919840494791667,0.017333984375,0.0815277099609375,CDK6,kinase
ENSG00000134058,5,69136582,69333189,196608,1,True,11,0.005523681640625,0.0040283203125,0.0027364095052083335,0.20456949869791666,0.10781351725260417,0.6062469482421875,0.06908162434895833,0.005523681640625,0.00897216796875,0.012288411458333334,0.20456949869791666,0.10814921061197917,0.06908162434895833,CDK7,kinase
ENSG00000132964,13,26155825,26352432,196608,1,True,5,0.0016021728515625,0.0038197835286458335,0.0021718343098958335,0.4936167399088542,0.042689005533854164,0.3997853597005208,0.056315104166666664,0.0016021728515625,0.0038197835286458335,0.007593790690104167,0.4936167399088542,0.042689005533854164,0.056315104166666664,CDK8,kinase
ENSG00000136807,9,127687730,127884337,196608,1,True,23,0.0074615478515625,0.0069580078125,0.0008646647135416666,0.0107269287109375,0.23165384928385416,0.635284423828125,0.10705057779947917,0.0074615478515625,0.007542928059895833,0.015284220377604166,0.0107269287109375,0.2325439453125,0.10705057779947917,CDK9,kinase
ENSG00000185324,16,89588385,89784992,196608,1,True,13,0.007420857747395833,0.013331095377604166,0.0139312744140625,0.044830322265625,0.21457926432291666,0.6585133870442709,0.047393798828125,0.007420857747395833,0.0190582275390625,0.0346832275390625,0.044830322265625,0.22979736328125,0.047393798828125,CDK10,kinase
ENSG00000008128,1,1626054,1822661,196608,-1,True,18,0.0129852294921875,0.006810506184895833,0.007329305013020833,0.08530171712239583,0.24998982747395834,0.5895640055338541,0.0480194091796875,0.0129852294921875,0.012461344401041666,0.027125040690104168,0.08530171712239583,0.2639109293619792,0.0480194091796875,CDK11A,kinase
ENSG00000248333,1,1560701,1757308,196608,-1,True,23,0.014500935872395834,0.006785074869791667,0.0,0.10083516438802083,0.3149159749348958,0.46649169921875,0.09647115071614583,0.014500935872395834,0.015040079752604166,0.0212860107421875,0.10083516438802083,0.3161722819010417,0.09647115071614583,CDK11B,kinase
ENSG00000167258,17,39363182,39559789,196608,1,True,4,0.022867838541666668,0.023289998372395832,0.015370686848958334,0.438720703125,0.049565633138020836,0.3984883626302083,0.05169677734375,0.022867838541666668,0.023289998372395832,0.061528523763020836,0.438720703125,0.050282796223958336,0.05169677734375,CDK12,kinase
ENSG00000065883,7,39851952,40048559,196608,1,True,5,0.013463338216145834,0.009501139322916666,0.026972452799479168,0.4507497151692708,0.018503824869791668,0.07787577311197917,0.4029337565104167,0.013463338216145834,0.009501139322916666,0.049936930338541664,0.4507497151692708,0.018503824869791668,0.4029337565104167,CDK13,kinase
ENSG00000058091,7,90498017,90694624,196608,1,True,5,0.0006256103515625,0.004430135091145833,0.0,0.9949442545572916,0.0,0.0,0.0,0.0006256103515625,0.0045928955078125,0.005055745442708333,0.9949442545572916,0.027506510416666668,0.0,CDK14,kinase
ENSG00000138395,2,201708233,201904840,196608,1,True,4,0.006673177083333333,0.020060221354166668,0.004659016927083333,0.5031229654947916,0.14297993977864584,0.23279317220052084,0.08971150716145833,0.006673177083333333,0.0240020751953125,0.031392415364583336,0.5031229654947916,0.14494832356770834,0.08971150716145833,CDK15,kinase
ENSG00000102225,X,47120377,47316984,196608,1,True,12,0.010584513346354166,0.023371378580729168,0.009226481119791666,0.0185699462890625,0.15986124674479166,0.3804728190104167,0.3979136149088542,0.010584513346354166,0.026117960611979168,0.043182373046875,0.0185699462890625,0.15986124674479166,0.3979136149088542,CDK16,kinase
ENSG00000059758,12,96302136,96498743,196608,-1,True,7,0.0030670166015625,0.007787068684895833,0.0004323323567708333,0.4893391927083333,0.008188883463541666,0.3594970703125,0.13168843587239584,0.0030670166015625,0.008143107096354166,0.011286417643229166,0.4893391927083333,0.010813395182291666,0.13168843587239584,CDK17,kinase
ENSG00000117266,1,205406365,205602972,196608,1,True,10,0.007848103841145834,0.015803019205729168,0.018117268880208332,0.10276285807291667,0.09820048014322917,0.4643147786458333,0.2929534912109375,0.007848103841145834,0.015803019205729168,0.041768391927083336,0.10276285807291667,0.09820048014322917,0.2929534912109375,CDK18,kinase
ENSG00000155111,6,110717166,110913773,196608,-1,True,9,0.00103759765625,0.002349853515625,0.005681355794270833,0.4934183756510417,0.072021484375,0.3776143391927083,0.047876993815104164,0.00103759765625,0.003265380859375,0.009068806966145834,0.4934183756510417,0.07341512044270833,0.047876993815104164,CDK19,kinase
ENSG00000156345,9,87876230,88072837,196608,-1,True,12,0.006245930989583333,0.0146331787109375,0.01611328125,0.013153076171875,0.087554931640625,0.5054829915364584,0.3568166097005208,0.006245930989583333,0.015238444010416666,0.036992390950520836,0.013153076171875,0.09268697102864583,0.3568166097005208,CDK20,kinase
ENSG00000100490,14,50298578,50495185,196608,-1,True,9,0.0056610107421875,0.026402791341145832,0.015650431315104168,0.4110514322916667,0.06894938151041667,0.471923828125,0.0003611246744791667,0.0056610107421875,0.027333577473958332,0.0477142333984375,0.4110514322916667,0.08379109700520833,0.0003611246744791667,CDKL1,kinase
ENSG00000138769,4,75532225,75728832,196608,-1,True,5,0.008717854817708334,0.021372477213541668,0.0008443196614583334,0.2448577880859375,0.11071268717447917,0.4744974772135417,0.13899739583333334,0.008717854817708334,0.022969563802083332,0.030934651692708332,0.2448577880859375,0.11071268717447917,0.13899739583333334,CDKL2,kinase
ENSG00000006837,5,134268868,134465475,196608,-1,True,10,0.0096588134765625,0.005666097005208333,0.0006917317708333334,0.4147796630859375,0.056828816731770836,0.4575144449869792,0.054860432942708336,0.0096588134765625,0.012507120768229166,0.016016642252604168,0.4147796630859375,0.06643168131510417,0.054860432942708336,CDKL3,kinase
ENSG00000205111,2,39145667,39342274,196608,-1,True,3,0.006932576497395833,0.015492757161458334,3.0517578125e-05,0.3637898763020833,0.030461629231770832,0.4426066080729167,0.14068603515625,0.006932576497395833,0.019475301106770832,0.022455851236979168,0.3637898763020833,0.030461629231770832,0.14068603515625,CDKL4,kinase
ENSG00000008086,X,18327304,18523911,196608,1,True,4,0.0005035400390625,0.005671183268229167,0.0003102620442708333,0.4936421712239583,0.00970458984375,0.15145365397135416,0.338714599609375,0.0005035400390625,0.005671183268229167,0.0064849853515625,0.4936421712239583,0.00970458984375,0.338714599609375,CDKL5,kinase
ENSG00000149554,11,125526859,125723466,196608,1,True,8,0.008646647135416666,0.017608642578125,0.0030771891276041665,0.23053995768229166,0.07300313313802083,0.6464589436848959,0.020665486653645832,0.008646647135416666,0.02099609375,0.029332478841145832,0.23053995768229166,0.08365376790364583,0.020665486653645832,CHEK1,kinase
ENSG00000183765,22,28643517,28840124,196608,-1,True,8,0.009674072265625,0.025660196940104168,0.0032755533854166665,0.239532470703125,0.0645751953125,0.562225341796875,0.09505716959635417,0.009674072265625,0.032323201497395836,0.038609822591145836,0.239532470703125,0.06606547037760417,0.09505716959635417,CHEK2,kinase
ENSG00000110721,11,68023085,68219692,196608,-1,True,11,0.0086822509765625,0.008188883463541666,0.0035807291666666665,0.3283945719401042,0.13886006673177084,0.3536376953125,0.15865580240885416,0.0086822509765625,0.008565266927083334,0.020451863606770832,0.3283945719401042,0.14246114095052084,0.15865580240885416,CHKA,kinase
ENSG00000100288,22,50484546,50681153,196608,-1,True,26,0.006683349609375,0.0019989013671875,0.0064849853515625,0.0992584228515625,0.24993896484375,0.3981170654296875,0.237518310546875,0.006683349609375,0.0019989013671875,0.015167236328125,0.0992584228515625,0.2870330810546875,0.237518310546875,CHKB,kinase
ENSG00000213341,10,100131293,100327900,196608,-1,True,12,0.0113677978515625,0.006927490234375,0.016815185546875,0.17493693033854166,0.0969085693359375,0.6018320719401041,0.09121195475260417,0.0113677978515625,0.006927490234375,0.0351104736328125,0.17493693033854166,0.09984842936197917,0.09121195475260417,CHUK,kinase
ENSG00000112144,6,52963521,53160128,196608,-1,True,13,0.0097503662109375,0.022288004557291668,1.52587890625e-05,0.2758992513020833,0.0759735107421875,0.3814900716145833,0.23458353678385416,0.0097503662109375,0.022288004557291668,0.032053629557291664,0.2758992513020833,0.07778422037760417,0.23458353678385416,CILK1,kinase
ENSG00000122966,12,119779017,119975624,196608,-1,True,2,0.0089263916015625,0.006673177083333333,0.0083160400390625,0.4761454264322917,0.0054168701171875,0.17664082845052084,0.3178812662760417,0.0089263916015625,0.0091705322265625,0.023915608723958332,0.4761454264322917,0.0054168701171875,0.3178812662760417,CIT,kinase
ENSG00000166165,14,103424527,103621134,196608,-1,True,12,0.006327311197916667,0.0032552083333333335,0.0033976236979166665,0.004862467447916667,0.2014617919921875,0.6430002848307291,0.1376953125,0.006327311197916667,0.0078277587890625,0.012980143229166666,0.004862467447916667,0.204437255859375,0.1376953125,CKB,kinase
ENSG00000104879,19,45224572,45421179,196608,-1,True,9,0.007354736328125,0.004191080729166667,1.52587890625e-05,0.07471211751302083,0.15831502278645834,0.6548614501953125,0.10055033365885417,0.007354736328125,0.004191080729166667,0.011561075846354166,0.07471211751302083,0.15831502278645834,0.10055033365885417,CKM,kinase
ENSG00000223572,15,43595555,43792162,196608,1,True,20,0.007314046223958333,0.020716349283854168,0.0035146077473958335,0.017364501953125,0.24065144856770834,0.62384033203125,0.08659871419270833,0.007314046223958333,0.0225830078125,0.031545003255208336,0.017364501953125,0.24542236328125,0.08659871419270833,CKMT1A,kinase
ENSG00000237289,15,43495723,43692330,196608,1,True,12,0.006927490234375,0.0084991455078125,0.0024668375651041665,0.042368570963541664,0.19636027018229166,0.6778361002604166,0.06554158528645833,0.006927490234375,0.0113067626953125,0.017893473307291668,0.042368570963541664,0.20606486002604166,0.06554158528645833,CKMT1B,kinase
ENSG00000131730,5,81135018,81331625,196608,1,True,5,0.006744384765625,0.0038401285807291665,0.0051422119140625,0.15252685546875,0.08439127604166667,0.6654917399088541,0.0818634033203125,0.006744384765625,0.0038401285807291665,0.015726725260416668,0.15252685546875,0.11047871907552083,0.0818634033203125,CKMT2,kinase
ENSG00000013441,2,200766355,200962962,196608,-1,True,16,0.008219401041666666,0.007410685221354167,0.013621012369791666,0.030202229817708332,0.15066019694010416,0.6350504557291666,0.15483601888020834,0.008219401041666666,0.012883504231770834,0.0292510986328125,0.030202229817708332,0.15114847819010416,0.15483601888020834,CLK1,kinase
ENSG00000176444,1,155175201,155371808,196608,-1,True,23,0.007843017578125,0.0030975341796875,0.007664998372395833,0.060862223307291664,0.3416697184244792,0.5208231608072916,0.058039347330729164,0.007843017578125,0.003326416015625,0.018605550130208332,0.060862223307291664,0.3485921223958333,0.058039347330729164,CLK2,kinase
ENSG00000179335,15,74517532,74714139,196608,1,True,6,0.00994873046875,0.067901611328125,0.032969156901041664,0.12780253092447916,0.06781005859375,0.5334676106770834,0.16010030110677084,0.00994873046875,0.074432373046875,0.11081949869791667,0.12780253092447916,0.09920756022135417,0.16010030110677084,CLK3,kinase
ENSG00000113240,5,178528747,178725354,196608,-1,True,6,0.007883707682291666,0.017542521158854168,0.015452067057291666,0.10129292805989583,0.031580607096354164,0.4531809488932292,0.3730672200520833,0.007883707682291666,0.024602254231770832,0.0408782958984375,0.10129292805989583,0.032958984375,0.3730672200520833,CLK4,kinase
ENSG00000164309,5,79591532,79788139,196608,1,True,4,0.05914306640625,0.0006663004557291666,0.006683349609375,0.433807373046875,0.053166707356770836,0.3637797037760417,0.08275349934895833,0.05914306640625,0.0006663004557291666,0.06649271647135417,0.433807373046875,0.055852254231770836,0.08275349934895833,CMYA5,kinase
ENSG00000182578,5,149988251,150184858,196608,-1,True,9,0.015625,0.006083170572916667,0.0049591064453125,0.2789255777994792,0.1070404052734375,0.539398193359375,0.047968546549479164,0.015625,0.012079874674479166,0.026667277018229168,0.2789255777994792,0.11135355631510417,0.047968546549479164,CSF1R,kinase
ENSG00000103653,15,74683776,74880383,196608,1,True,11,0.006866455078125,0.020131429036458332,0.005696614583333333,0.07484944661458333,0.13485209147135416,0.2836964925130208,0.473907470703125,0.006866455078125,0.021260579427083332,0.032694498697916664,0.07484944661458333,0.13710530598958334,0.473907470703125,CSK,kinase
ENSG00000113712,5,149453136,149649743,196608,-1,True,5,0.008076985677083334,0.0346832275390625,0.0004984537760416666,0.2542368570963542,0.035695393880208336,0.404693603515625,0.262115478515625,0.008076985677083334,0.040166219075520836,0.0432586669921875,0.2542368570963542,0.08179728190104167,0.262115478515625,CSNK1A1,kinase
ENSG00000180138,13,37007361,37203968,196608,-1,True,7,0.0051422119140625,0.007080078125,1.52587890625e-05,0.0,0.13719685872395834,0.8505045572916666,6.103515625e-05,0.0051422119140625,0.007080078125,0.012237548828125,0.0,0.1426239013671875,6.103515625e-05,CSNK1A1L,kinase
ENSG00000141551,17,82175397,82372004,196608,-1,True,19,0.007741292317708333,0.0317840576171875,0.016454060872395832,0.12040201822916667,0.17449442545572916,0.3529001871744792,0.2962239583333333,0.007741292317708333,0.037384033203125,0.055979410807291664,0.12040201822916667,0.1984100341796875,0.2962239583333333,CSNK1D,kinase
ENSG00000213923,22,38219130,38415737,196608,-1,True,9,0.011072794596354166,0.039103190104166664,0.0010630289713541667,0.09806315104166667,0.07551066080729167,0.6420949300130209,0.13309224446614584,0.011072794596354166,0.041173299153645836,0.051239013671875,0.09806315104166667,0.08220418294270833,0.13309224446614584,CSNK1E,kinase
ENSG00000169118,15,64257870,64454477,196608,-1,True,5,0.001129150390625,0.0064544677734375,0.0,0.494354248046875,0.034907023111979164,0.4628499348958333,0.00030517578125,0.001129150390625,0.0064544677734375,0.0075836181640625,0.494354248046875,0.039393107096354164,0.00030517578125,CSNK1G1,kinase
ENSG00000133275,19,1842868,2039475,196608,1,True,19,0.007603963216145833,0.025258382161458332,0.0011037190755208333,0.17047119140625,0.16890462239583334,0.4247792561848958,0.20187886555989584,0.007603963216145833,0.026031494140625,0.033966064453125,0.17047119140625,0.17619832356770834,0.20187886555989584,CSNK1G2,kinase
ENSG00000151292,5,123413873,123610480,196608,1,True,3,0.007222493489583333,0.006306966145833333,0.0013071695963541667,0.4857228597005208,0.021138509114583332,0.2506612141927083,0.22764078776041666,0.007222493489583333,0.006800333658854167,0.014836629231770834,0.4857228597005208,0.023646036783854168,0.22764078776041666,CSNK1G3,kinase
ENSG00000196730,9,87399563,87596170,196608,1,True,6,0.0003153483072916667,0.0069122314453125,0.00201416015625,0.4940083821614583,0.021306355794270832,0.15493265787760416,0.3205108642578125,0.0003153483072916667,0.0069122314453125,0.009241739908854166,0.4940083821614583,0.025761922200520832,0.3205108642578125,DAPK1,kinase
ENSG00000035664,15,63948182,64144789,196608,-1,True,3,0.0029347737630208335,0.0034077962239583335,0.0011800130208333333,0.6224212646484375,0.06417338053385417,0.3054758707682292,0.0004069010416666667,0.0029347737630208335,0.004903157552083333,0.0075225830078125,0.6224212646484375,0.06417338053385417,0.0004069010416666667,DAPK2,kinase
ENSG00000167657,19,3872796,4069403,196608,-1,True,14,0.00732421875,0.007242838541666667,0.0034840901692708335,0.046396891276041664,0.16991678873697916,0.5521647135416666,0.213470458984375,0.00732421875,0.007242838541666667,0.0180511474609375,0.046396891276041664,0.17136637369791666,0.213470458984375,DAPK3,kinase
ENSG00000156136,4,70895345,71091952,196608,1,True,4,0.005549112955729167,0.010457356770833334,0.00023905436197916666,0.17894999186197916,0.053609212239583336,0.5896962483723959,0.1614990234375,0.005549112955729167,0.014338175455729166,0.016245524088541668,0.17894999186197916,0.054621378580729164,0.1614990234375,DCK,kinase
ENSG00000133083,13,36033079,36229686,196608,-1,True,4,0.0036773681640625,0.003946940104166667,0.0,0.4963531494140625,0.048441569010416664,0.2764434814453125,0.17113749186197916,0.0036773681640625,0.003946940104166667,0.007624308268229167,0.4963531494140625,0.048441569010416664,0.17113749186197916,DCLK1,kinase
ENSG00000170390,4,149980141,150176748,196608,1,True,1,0.00384521484375,0.00433349609375,0.0009867350260416667,0.4922027587890625,0.0069732666015625,0.01483154296875,0.4768269856770833,0.00384521484375,0.00433349609375,0.009165445963541666,0.4922027587890625,0.0069732666015625,0.4768269856770833,DCLK2,kinase
ENSG00000163673,3,36666250,36862857,196608,-1,True,6,0.0124664306640625,0.016596476236979168,0.0003306070963541667,0.23576863606770834,0.08961995442708333,0.3533782958984375,0.291839599609375,0.0124664306640625,0.018758138020833332,0.029393513997395832,0.23576863606770834,0.08961995442708333,0.291839599609375,DCLK3,kinase
ENSG00000204580,6,30786215,30982822,196608,1,True,17,0.015645345052083332,0.028355916341145832,0.008555094401041666,0.07235209147135417,0.16861470540364584,0.3524831136067708,0.3539937337239583,0.015645345052083332,0.039591471354166664,0.052556355794270836,0.07235209147135417,0.16907246907552084,0.3539937337239583,DDR1,kinase
ENSG00000162733,1,162534160,162730767,196608,1,True,4,0.0004170735677083333,0.009267171223958334,0.0,0.4984588623046875,0.046956380208333336,0.294036865234375,0.1508636474609375,0.0004170735677083333,0.009267171223958334,0.009684244791666666,0.4984588623046875,0.046956380208333336,0.1508636474609375,DDR2,kinase
ENSG00000065357,12,55832858,56029465,196608,1,True,15,0.012598673502604166,0.009694417317708334,0.029073079427083332,0.08448282877604167,0.19462076822916666,0.3785959879557292,0.2909342447916667,0.012598673502604166,0.018880208333333332,0.051366170247395836,0.08448282877604167,0.20029195149739584,0.2909342447916667,DGKA,kinase
ENSG00000136267,7,14804448,15001055,196608,-1,True,2,0.0003560384114583333,0.008265177408854166,0.0,0.8580067952473959,0.0035451253255208335,0.0,0.12982686360677084,0.0003560384114583333,0.008265177408854166,0.0086212158203125,0.8580067952473959,0.0048828125,0.12982686360677084,DGKB,kinase
ENSG00000077044,2,233256190,233452797,196608,1,True,6,0.013697306315104166,0.0012664794921875,0.010080973307291666,0.475006103515625,0.10178629557291667,0.3102518717447917,0.08791097005208333,0.013697306315104166,0.0012664794921875,0.025044759114583332,0.475006103515625,0.10236104329427083,0.08791097005208333,DGKD,kinase
ENSG00000153933,17,56735847,56932454,196608,1,True,9,0.009053548177083334,0.042912801106770836,0.0036214192708333335,0.12479654947916667,0.08580525716145833,0.3581288655598958,0.3756815592447917,0.009053548177083334,0.043813069661458336,0.0555877685546875,0.12479654947916667,0.108978271484375,0.3756815592447917,DGKE,kinase
ENSG00000058866,3,186263931,186460538,196608,-1,True,2,0.0064544677734375,0.00286865234375,0.0058746337890625,0.4849395751953125,0.029327392578125,0.079010009765625,0.3915252685546875,0.0064544677734375,0.00286865234375,0.01519775390625,0.4849395751953125,0.029327392578125,0.3915252685546875,DGKG,kinase
ENSG00000102780,13,41950344,42146951,196608,1,True,7,0.002166748046875,0.006520589192708333,0.0022989908854166665,0.5328165690104166,0.025477091471354168,0.3011983235677083,0.12952168782552084,0.002166748046875,0.006520589192708333,0.010986328125,0.5328165690104166,0.038319905598958336,0.12952168782552084,DGKH,kinase
ENSG00000157680,7,137748671,137945278,196608,-1,True,2,0.0022633870442708335,0.0033416748046875,0.0030263264973958335,0.4919687906901042,0.047200520833333336,0.3159993489583333,0.136199951171875,0.0022633870442708335,0.00372314453125,0.008631388346354166,0.4919687906901042,0.047999064127604164,0.136199951171875,DGKI,kinase
ENSG00000274588,X,50372522,50569129,196608,-1,True,0,0.0178070068359375,0.0008748372395833334,0.0,0.4814453125,0.0,0.0,0.4998728434244792,0.0178070068359375,0.0008748372395833334,0.018681844075520832,0.4814453125,0.0,0.4998728434244792,DGKK,kinase
ENSG00000145214,4,875266,1071873,196608,-1,True,12,0.015741984049479168,0.00958251953125,0.0001220703125,0.11702982584635417,0.1728057861328125,0.6539815266927084,0.030736287434895832,0.015741984049479168,0.00958251953125,0.025446573893229168,0.11702982584635417,0.18117268880208334,0.030736287434895832,DGKQ,kinase
ENSG00000149091,11,46249159,46445766,196608,1,True,10,0.021611531575520832,0.009190877278645834,0.0249786376953125,0.18657938639322916,0.0767822265625,0.5579579671223959,0.12289937337239583,0.021611531575520832,0.023081461588541668,0.055781046549479164,0.18657938639322916,0.08279927571614583,0.12289937337239583,DGKZ,kinase
ENSG00000114956,2,73828576,74025183,196608,1,True,12,0.004460652669270833,0.0017547607421875,0.0015818277994791667,0.15581766764322916,0.16092936197916666,0.5523529052734375,0.12310282389322917,0.004460652669270833,0.004033406575520833,0.0077972412109375,0.15581766764322916,0.16921488444010416,0.12310282389322917,DGUOK,kinase
ENSG00000154511,1,92863159,93059766,196608,-1,True,11,0.0009613037109375,0.0014394124348958333,0.0,0.4979044596354167,0.021296183268229168,0.048894246419270836,0.42950439453125,0.0009613037109375,0.0015462239583333333,0.0024007161458333335,0.4979044596354167,0.046061197916666664,0.42950439453125,DIPK1A,kinase
ENSG00000165716,9,136614268,136810875,196608,1,True,34,0.0065765380859375,0.011199951171875,1.52587890625e-05,0.044642130533854164,0.2668558756510417,0.3916880289713542,0.279022216796875,0.0065765380859375,0.0115203857421875,0.017791748046875,0.044642130533854164,0.278350830078125,0.279022216796875,DIPK1B,kinase
ENSG00000187773,18,74359005,74555612,196608,-1,True,10,0.0063934326171875,0.0099029541015625,1.52587890625e-05,0.10153706868489583,0.11273193359375,0.282623291015625,0.4867960611979167,0.0063934326171875,0.010009765625,0.0163116455078125,0.10153706868489583,0.11508687337239583,0.4867960611979167,DIPK1C,kinase
ENSG00000181744,3,143873519,144070126,196608,1,True,0,0.0070953369140625,0.017862955729166668,0.0028279622395833335,0.3633321126302083,0.0,0.0,0.6088816324869791,0.0070953369140625,0.018534342447916668,0.0277862548828125,0.3633321126302083,0.0,0.6088816324869791,DIPK2A,kinase
ENSG00000147113,X,45102573,45299180,196608,-1,True,3,0.0068511962890625,0.026982625325520832,0.0006663004557291666,0.23299153645833334,0.0335540771484375,0.5764109293619791,0.1225433349609375,0.0068511962890625,0.026982625325520832,0.0345001220703125,0.23299153645833334,0.034464518229166664,0.1225433349609375,DIPK2B,kinase
ENSG00000075711,3,197200309,197396916,196608,-1,True,5,0.0029296875,0.011530558268229166,0.0017751057942708333,0.4874165852864583,0.026555379231770832,0.3189900716145833,0.1508026123046875,0.0029296875,0.011530558268229166,0.0162353515625,0.4874165852864583,0.030675252278645832,0.1508026123046875,DLG1,kinase
ENSG00000150672,11,85529041,85725648,196608,-1,True,6,0.0016276041666666667,0.016194661458333332,0.0007527669270833334,0.4864654541015625,0.11487833658854167,0.2719370524088542,0.10814412434895833,0.0016276041666666667,0.016759236653645832,0.018575032552083332,0.4864654541015625,0.11487833658854167,0.10814412434895833,DLG2,kinase
ENSG00000082458,X,70346531,70543138,196608,1,True,10,0.0141448974609375,0.020782470703125,0.005167643229166667,0.2684173583984375,0.0465850830078125,0.5067240397135416,0.13817850748697916,0.0141448974609375,0.021006266276041668,0.040095011393229164,0.2684173583984375,0.051910400390625,0.13817850748697916,DLG3,kinase
ENSG00000132535,17,7119324,7315931,196608,-1,True,24,0.013468424479166666,0.033147176106770836,0.005655924479166667,0.11379496256510417,0.24788411458333334,0.32183837890625,0.2642110188802083,0.013468424479166666,0.034861246744791664,0.052271525065104164,0.11379496256510417,0.24945068359375,0.2642110188802083,DLG4,kinase
ENSG00000151208,10,77828452,78025059,196608,-1,True,7,0.012059529622395834,0.0046844482421875,0.0001678466796875,0.4854532877604167,0.09262593587239583,0.2865091959635417,0.118499755859375,0.012059529622395834,0.011932373046875,0.016911824544270832,0.4854532877604167,0.11108907063802083,0.118499755859375,DLG5,kinase
ENSG00000104936,19,45684187,45880794,196608,-1,True,15,0.010894775390625,0.005696614583333333,0.025736490885416668,0.023000081380208332,0.20589701334635416,0.6251780192057291,0.10359700520833333,0.010894775390625,0.014424641927083334,0.042327880859375,0.023000081380208332,0.21480814615885416,0.10359700520833333,DMPK,kinase
ENSG00000120129,5,172672892,172869499,196608,-1,True,16,0.0055999755859375,0.0100250244140625,1.52587890625e-05,0.005757649739583333,0.1061859130859375,0.4481201171875,0.4242960611979167,0.0055999755859375,0.0100250244140625,0.0156402587890625,0.005757649739583333,0.10691324869791667,0.4242960611979167,DUSP1,kinase
ENSG00000158050,2,96047137,96243744,196608,-1,True,9,0.004791259765625,0.0037790934244791665,0.0012563069661458333,0.0017445882161458333,0.10694376627604167,0.3856150309244792,0.4958699544270833,0.004791259765625,0.0037790934244791665,0.00982666015625,0.0017445882161458333,0.10694376627604167,0.4958699544270833,DUSP2,kinase
ENSG00000120875,8,29252381,29448988,196608,-1,True,7,0.006825764973958333,0.0301513671875,1.52587890625e-05,0.052632649739583336,0.0523223876953125,0.3359578450520833,0.5220947265625,0.006825764973958333,0.0301513671875,0.036992390950520836,0.052632649739583336,0.0523223876953125,0.5220947265625,DUSP4,kinase
ENSG00000138166,10,110399603,110596210,196608,1,True,7,0.005859375,0.006764729817708333,0.0003102620442708333,0.056416829427083336,0.12486775716145833,0.6238911946614584,0.18188985188802084,0.005859375,0.006764729817708333,0.012934366861979166,0.056416829427083336,0.12486775716145833,0.18188985188802084,DUSP5,kinase
ENSG00000139318,12,89254198,89450805,196608,-1,True,9,0.006429036458333333,0.012746175130208334,0.0004526774088541667,0.007161458333333333,0.07556660970052083,0.8575846354166666,0.040059407552083336,0.006429036458333333,0.013234456380208334,0.019627888997395832,0.007161458333333333,0.0831298828125,0.040059407552083336,DUSP6,kinase
ENSG00000164086,3,51958268,52154875,196608,-1,True,11,0.006769816080729167,0.02203369140625,3.0517578125e-05,0.010091145833333334,0.13676961263020834,0.495391845703125,0.3289133707682292,0.006769816080729167,0.02203369140625,0.028834025065104168,0.010091145833333334,0.13676961263020834,0.3289133707682292,DUSP7,kinase
ENSG00000184545,11,1473968,1670575,196608,-1,True,12,0.0095367431640625,0.017786661783854168,0.0006968180338541666,0.06875101725260417,0.0815887451171875,0.3926442464192708,0.4289957682291667,0.0095367431640625,0.017786661783854168,0.028020222981770832,0.06875101725260417,0.08444722493489583,0.4289957682291667,DUSP8,kinase
ENSG00000130829,X,153548899,153745506,196608,1,True,15,0.005859375,0.0290679931640625,1.52587890625e-05,0.010457356770833334,0.23355611165364584,0.5156351725260416,0.20540873209635416,0.005859375,0.0290679931640625,0.034942626953125,0.010457356770833334,0.23613484700520834,0.20540873209635416,DUSP9,kinase
ENSG00000143507,1,221643786,221840393,196608,-1,True,4,0.007354736328125,0.016632080078125,0.0,0.1866912841796875,0.035741170247395836,0.2572021484375,0.4963785807291667,0.007354736328125,0.018839518229166668,0.02398681640625,0.1866912841796875,0.035741170247395836,0.4963785807291667,DUSP10,kinase
ENSG00000111266,12,12464560,12661167,196608,-1,True,10,0.0101470947265625,0.033930460611979164,0.0005086263020833334,0.4124959309895833,0.06645711263020833,0.16229756673177084,0.3141632080078125,0.0101470947265625,0.041046142578125,0.044586181640625,0.4124959309895833,0.07369486490885417,0.3141632080078125,DUSP16,kinase
ENSG00000157540,21,37268469,37465076,196608,1,True,4,0.00020853678385416666,0.020100911458333332,0.0,0.4857940673828125,0.0257415771484375,0.4681549072265625,0.0,0.00020853678385416666,0.020151774088541668,0.0203094482421875,0.4857940673828125,0.028523763020833332,0.0,DYRK1A,kinase
ENSG00000105204,19,39735859,39932466,196608,-1,True,8,0.010711669921875,0.004903157552083333,0.0006205240885416666,0.028788248697916668,0.0870819091796875,0.5324554443359375,0.3354390462239583,0.010711669921875,0.0054168701171875,0.0162353515625,0.028788248697916668,0.089324951171875,0.3354390462239583,DYRK1B,kinase
ENSG00000143479,1,206537232,206733839,196608,1,True,8,0.009485880533854166,0.035176595052083336,0.007710774739583333,0.19626363118489584,0.1181640625,0.5208740234375,0.11232503255208333,0.009485880533854166,0.0435791015625,0.052373250325520836,0.19626363118489584,0.12685648600260416,0.11232503255208333,DYRK3,kinase
ENSG00000010219,12,4463904,4660511,196608,1,True,10,0.0107879638671875,0.012140909830729166,0.012929280598958334,0.23419698079427084,0.0771484375,0.6083730061848959,0.044423421223958336,0.0107879638671875,0.013702392578125,0.035858154296875,0.23419698079427084,0.09491475423177083,0.044423421223958336,DYRK4,kinase
ENSG00000103319,16,22107974,22304581,196608,1,True,8,0.011149088541666666,0.032643636067708336,0.0007171630859375,0.37493896484375,0.07161966959635417,0.4840037027994792,0.024927775065104168,0.011149088541666666,0.0337066650390625,0.0445098876953125,0.37493896484375,0.07616170247395833,0.024927775065104168,EEF2K,kinase
ENSG00000146648,7,54920713,55117320,196608,1,True,3,0.0004475911458333333,0.0035298665364583335,0.01104736328125,0.4859771728515625,0.031255086263020836,0.1529693603515625,0.3147735595703125,0.0004475911458333333,0.0035298665364583335,0.015024820963541666,0.4859771728515625,0.031255086263020836,0.3147735595703125,EGFR,kinase
ENSG00000086232,7,5960872,6157479,196608,-1,True,10,0.011545817057291666,0.0130767822265625,0.0041961669921875,0.15929667154947916,0.11672465006510417,0.55255126953125,0.142608642578125,0.011545817057291666,0.015528361002604166,0.028818766276041668,0.15929667154947916,0.12874348958333334,0.142608642578125,EIF2AK1,kinase
ENSG00000055332,2,37058677,37255284,196608,-1,True,10,0.0084075927734375,0.06529744466145833,0.002349853515625,0.22138468424479166,0.16759236653645834,0.4828694661458333,0.052098592122395836,0.0084075927734375,0.06529744466145833,0.07605489095052083,0.22138468424479166,0.17171223958333334,0.052098592122395836,EIF2AK2,kinase
ENSG00000172071,2,88529161,88725768,196608,-1,True,6,0.01739501953125,0.016133626302083332,0.07171122233072917,0.5802764892578125,0.010808308919270834,0.3030497233072917,0.0006256103515625,0.01739501953125,0.030827840169270832,0.1052398681640625,0.5802764892578125,0.050114949544270836,0.0006256103515625,EIF2AK3,kinase
ENSG00000128829,15,39835811,40032418,196608,1,True,5,0.024658203125,0.010091145833333334,0.022730509440104168,0.4425201416015625,0.031962076822916664,0.4256846110026042,0.042353312174479164,0.024658203125,0.010091145833333334,0.0574798583984375,0.4425201416015625,0.036031087239583336,0.042353312174479164,EIF2AK4,kinase
ENSG00000141736,17,39601760,39798367,196608,1,True,16,0.020818074544270832,0.013641357421875,0.0196685791015625,0.16210428873697916,0.21219889322916666,0.426849365234375,0.14471944173177084,0.020818074544270832,0.031733194986979164,0.054128011067708336,0.16210428873697916,0.22689310709635416,0.14471944173177084,ERBB2,kinase
ENSG00000065361,12,55981861,56178468,196608,1,True,20,0.022125244140625,0.013509114583333334,0.023930867513020832,0.07627360026041667,0.2998708089192708,0.3961385091145833,0.16815185546875,0.022125244140625,0.023539225260416668,0.059565226236979164,0.07627360026041667,0.3000284830729167,0.16815185546875,ERBB3,kinase
ENSG00000178568,2,212440499,212637106,196608,-1,True,1,0.0004170735677083333,0.0015818277994791667,0.0,0.498199462890625,0.0028177897135416665,0.3710530598958333,0.1259307861328125,0.0004170735677083333,0.0015818277994791667,0.0019989013671875,0.498199462890625,0.0028177897135416665,0.1259307861328125,ERBB4,kinase
ENSG00000101126,20,50833134,51029741,196608,-1,True,8,0.018585205078125,0.0265655517578125,1.52587890625e-05,0.171112060546875,0.16923014322916666,0.341644287109375,0.2728474934895833,0.018585205078125,0.0312652587890625,0.045166015625,0.171112060546875,0.176666259765625,0.2728474934895833,ADNP,tf
ENSG00000101544,18,80010958,80207565,196608,1,True,9,0.018035888671875,0.010721842447916666,4.57763671875e-05,0.16580708821614584,0.15535481770833334,0.5841573079427084,0.06587727864583333,0.018035888671875,0.012751261393229166,0.028803507486979168,0.16580708821614584,0.15535481770833334,0.06587727864583333,ADNP2,tf
ENSG00000139154,12,19341188,19537795,196608,1,True,7,0.008082071940104166,0.0233154296875,3.0517578125e-05,0.64886474609375,0.0511474609375,0.12797037760416666,0.14058939615885416,0.008082071940104166,0.0237579345703125,0.031428019205729164,0.64886474609375,0.06979878743489583,0.14058939615885416,AEBP2,tf
ENSG00000106546,7,17200348,17396955,196608,1,True,5,0.013041178385416666,0.0240020751953125,0.0019632975260416665,0.7025960286458334,0.0016021728515625,0.2567952473958333,0.0,0.013041178385416666,0.0240020751953125,0.039006551106770836,0.7025960286458334,0.059051513671875,0.0,AHR,tf
ENSG00000063438,5,223410,420017,196608,1,True,8,0.0031229654947916665,0.012725830078125,0.0,0.4894002278645833,0.10744730631510417,0.3873036702473958,0.0,0.0031229654947916665,0.015645345052083332,0.015848795572916668,0.4894002278645833,0.11596171061197917,0.0,AHRR,tf
ENSG00000123576,X,104156630,104353237,196608,-1,True,2,0.006195068359375,0.0013936360677083333,1.52587890625e-05,0.017298380533854168,0.039449055989583336,0.112274169921875,0.8233744303385416,0.006195068359375,0.0013936360677083333,0.007603963216145833,0.017298380533854168,0.039449055989583336,0.8233744303385416,ESX1,tf
ENSG00000134954,11,128489255,128685862,196608,-1,True,6,0.0031382242838541665,0.0053863525390625,0.004480997721354167,0.4872385660807292,0.050760904947916664,0.4489949544270833,0.0,0.0031382242838541665,0.005396525065104167,0.013005574544270834,0.4872385660807292,0.07275899251302083,0.0,ETS1,tf
ENSG00000157557,21,38707625,38904232,196608,1,True,9,0.0078125,0.0355377197265625,1.52587890625e-05,0.05755615234375,0.09667460123697917,0.5868784586588541,0.21552530924479166,0.0078125,0.0355377197265625,0.043365478515625,0.05755615234375,0.10109965006510417,0.21552530924479166,ETS2,tf
ENSG00000006468,7,13891363,14087970,196608,-1,True,2,0.008494059244791666,0.032465616861979164,0.008870442708333334,0.4591166178385417,0.004786173502604167,0.0,0.48626708984375,0.008494059244791666,0.034454345703125,0.049830118815104164,0.4591166178385417,0.004786173502604167,0.48626708984375,ETV1,tf
ENSG00000105672,19,35543441,35740048,196608,1,True,22,0.006072998046875,0.004842122395833333,3.0517578125e-05,0.0049591064453125,0.21969095865885416,0.4994354248046875,0.2649688720703125,0.006072998046875,0.006062825520833333,0.010945638020833334,0.0049591064453125,0.21969095865885416,0.2649688720703125,ETV2,tf
ENSG00000117036,1,157040092,157236699,196608,-1,True,12,0.007960001627604166,0.024195353190104168,0.0019582112630208335,0.053797403971354164,0.08696492513020833,0.2822774251302083,0.5428466796875,0.007960001627604166,0.024195353190104168,0.034113566080729164,0.053797403971354164,0.08854166666666667,0.5428466796875,ETV3,tf
ENSG00000253831,1,157001505,157198112,196608,-1,True,9,0.0055084228515625,0.007415771484375,1.52587890625e-05,0.11846415201822917,0.09921773274739583,0.36358642578125,0.405792236328125,0.0055084228515625,0.007415771484375,0.012939453125,0.11846415201822917,0.09921773274739583,0.405792236328125,ETV3L,tf
ENSG00000175832,17,43448037,43644644,196608,-1,True,8,0.00738525390625,0.009287516276041666,0.0020395914713541665,0.24464925130208334,0.0725555419921875,0.394775390625,0.2693074544270833,0.00738525390625,0.009984334309895834,0.018712361653645832,0.24464925130208334,0.076324462890625,0.2693074544270833,ETV4,tf
ENSG00000244405,3,186010786,186207393,196608,-1,True,5,0.008351643880208334,0.019134521484375,0.006159464518229167,0.291900634765625,0.0391387939453125,0.4636433919270833,0.17167154947916666,0.008351643880208334,0.019632975260416668,0.0336456298828125,0.291900634765625,0.044275919596354164,0.17167154947916666,ETV5,tf
ENSG00000139083,12,11551370,11747977,196608,1,True,4,0.0001678466796875,0.0025685628255208335,0.0007985432942708334,0.4967244466145833,0.0333251953125,0.23430887858072916,0.23210652669270834,0.0001678466796875,0.0025685628255208335,0.0035349527994791665,0.4967244466145833,0.0333251953125,0.23210652669270834,ETV6,tf
ENSG00000010030,6,36289366,36485973,196608,-1,True,9,0.0056304931640625,0.006413777669270833,3.0517578125e-05,0.15938313802083334,0.07601420084635417,0.656494140625,0.09603373209635417,0.0056304931640625,0.008392333984375,0.012074788411458334,0.15938313802083334,0.07749430338541667,0.09603373209635417,ETV7,tf
ENSG00000106038,7,27144498,27341105,196608,1,True,38,0.006474812825520833,0.008845011393229166,0.0017598470052083333,0.022562662760416668,0.20351664225260416,0.21305338541666666,0.5437876383463541,0.006474812825520833,0.011693318684895834,0.017079671223958332,0.022562662760416668,0.2082366943359375,0.5437876383463541,EVX1,tf
ENSG00000174279,2,175985659,176182266,196608,-1,True,19,0.00726318359375,0.014348347981770834,1.52587890625e-05,0.011388142903645834,0.15779622395833334,0.3703664143880208,0.4388224283854167,0.00726318359375,0.014348347981770834,0.021626790364583332,0.011388142903645834,0.15779622395833334,0.4388224283854167,EVX2,tf
ENSG00000182944,22,29169964,29366571,196608,1,True,12,0.011240641276041666,0.004465738932291667,0.036931355794270836,0.1127777099609375,0.11630757649739583,0.4945526123046875,0.223724365234375,0.011240641276041666,0.004465738932291667,0.052637736002604164,0.1127777099609375,0.1248016357421875,0.223724365234375,EWSR1,tf
ENSG00000162585,1,2096469,2293076,196608,-1,True,8,0.004750569661458333,0.012898763020833334,0.037872314453125,0.08821614583333333,0.07124837239583333,0.7511952718098959,0.033818562825520836,0.004750569661458333,0.014673868815104166,0.055521647135416664,0.08821614583333333,0.08010355631510417,0.033818562825520836,FAAP20,tf
ENSG00000198690,15,30805611,31002218,196608,1,True,10,0.017873128255208332,0.039972941080729164,0.033518473307291664,0.19169108072916666,0.0533905029296875,0.49139404296875,0.17215983072916666,0.017873128255208332,0.050715128580729164,0.09136454264322917,0.19169108072916666,0.08142598470052083,0.17215983072916666,FAN1,tf
ENSG00000099364,16,30825268,31021875,196608,1,True,15,0.010965983072916666,0.0137786865234375,0.0,0.10611979166666667,0.1605987548828125,0.5487314860026041,0.1598052978515625,0.010965983072916666,0.018788655598958332,0.024744669596354168,0.10611979166666667,0.1626739501953125,0.1598052978515625,FBXL19,tf
ENSG00000118496,6,145716492,145913099,196608,-1,True,9,0.0113677978515625,0.07675679524739583,1.52587890625e-05,0.0225677490234375,0.1455230712890625,0.7222137451171875,0.021555582682291668,0.0113677978515625,0.07675679524739583,0.08813985188802083,0.0225677490234375,0.14881388346354166,0.021555582682291668,FBXO30,tf
ENSG00000163833,3,121495075,121691682,196608,1,True,7,0.0108184814453125,0.022989908854166668,1.52587890625e-05,0.15716044108072916,0.14836629231770834,0.5283203125,0.13232930501302084,0.0108184814453125,0.022989908854166668,0.033823649088541664,0.15716044108072916,0.15014139811197916,0.13232930501302084,FBXO40,tf
ENSG00000146618,7,19047118,19243725,196608,-1,True,6,0.002532958984375,0.0007069905598958334,1.52587890625e-05,0.0,0.048828125,0.3407491048177083,0.6071675618489584,0.002532958984375,0.0007069905598958334,0.0032552083333333335,0.0,0.051549275716145836,0.6071675618489584,FERD3L,tf
ENSG00000163497,2,218886881,219083488,196608,-1,True,17,0.003631591796875,0.0035044352213541665,0.0008799235026041666,0.012827555338541666,0.23663838704427084,0.5513559977213541,0.191162109375,0.003631591796875,0.0035044352213541665,0.008015950520833334,0.012827555338541666,0.23663838704427084,0.191162109375,FEV,tf
ENSG00000128610,7,122206447,122403054,196608,-1,True,7,0.0072479248046875,0.015040079752604166,1.52587890625e-05,0.02545166015625,0.056126912434895836,0.8961181640625,0.0,0.0072479248046875,0.015040079752604166,0.022303263346354168,0.02545166015625,0.078887939453125,0.0,FEZF1,tf
ENSG00000153266,3,62275247,62471854,196608,-1,True,5,0.0070037841796875,0.005071004231770833,1.52587890625e-05,0.012288411458333334,0.1153564453125,0.7420399983723959,0.11822509765625,0.0070037841796875,0.005071004231770833,0.012090047200520834,0.012288411458333334,0.1153564453125,0.11822509765625,FEZF2,tf
ENSG00000102302,X,54397931,54594538,196608,-1,True,2,0.014943440755208334,0.007410685221354167,1.52587890625e-05,0.2359161376953125,0.06685384114583333,0.2876129150390625,0.3872477213541667,0.014943440755208334,0.007410685221354167,0.022369384765625,0.2359161376953125,0.0799713134765625,0.3872477213541667,FGD1,tf
ENSG00000146192,6,36907351,37103958,196608,1,True,12,0.011296590169270834,0.006673177083333333,0.036107381184895836,0.0662384033203125,0.1510162353515625,0.5555369059244791,0.17313130696614584,0.011296590169270834,0.0137786865234375,0.0540771484375,0.0662384033203125,0.1520233154296875,0.17313130696614584,FGD2,tf
ENSG00000127084,9,92849219,93045826,196608,1,True,8,0.011932373046875,0.019922892252604168,0.0012563069661458333,0.4183095296223958,0.057769775390625,0.3113555908203125,0.17945353190104166,0.011932373046875,0.021906534830729168,0.033111572265625,0.4183095296223958,0.057769775390625,0.17945353190104166,FGD3,tf
ENSG00000139132,12,32301254,32497861,196608,1,True,5,0.0008951822916666666,0.0020243326822916665,0.0,0.4970804850260417,0.07009379069010417,0.3494110107421875,0.08049519856770833,0.0008951822916666666,0.0020243326822916665,0.0029195149739583335,0.4970804850260417,0.07055155436197917,0.08049519856770833,FGD4,tf
ENSG00000154783,3,14720658,14917265,196608,1,True,4,0.018218994140625,0.0017038981119791667,0.0017038981119791667,0.5213216145833334,0.039311726888020836,0.2940266927083333,0.12371317545572917,0.018218994140625,0.006037394205729167,0.021626790364583332,0.5213216145833334,0.039601643880208336,0.12371317545572917,FGD5,tf
ENSG00000180263,12,95119164,95315771,196608,-1,True,11,0.015675862630208332,0.0012308756510416667,0.0018564860026041667,0.4813130696614583,0.0596923828125,0.4011484781901042,0.039082845052083336,0.015675862630208332,0.0036570231119791665,0.018763224283854168,0.4813130696614583,0.06409708658854167,0.039082845052083336,FGD6,tf
ENSG00000183733,2,70692340,70888947,196608,-1,True,8,0.0033416748046875,0.0003153483072916667,1.52587890625e-05,0.06414794921875,0.045115152994791664,0.4385426839192708,0.4485219319661458,0.0033416748046875,0.0003153483072916667,0.0036722819010416665,0.06414794921875,0.045115152994791664,0.4485219319661458,FIGLA,tf
ENSG00000179943,19,55501214,55697821,196608,-1,True,18,0.008153279622395834,0.027353922526041668,1.52587890625e-05,0.039876302083333336,0.22170511881510416,0.4175872802734375,0.285308837890625,0.008153279622395834,0.028472900390625,0.0355224609375,0.039876302083333336,0.23189798990885416,0.285308837890625,FIZ1,tf
ENSG00000151702,11,128595768,128792375,196608,1,True,4,0.0036112467447916665,0.00439453125,0.0013020833333333333,0.5290273030598959,0.053192138671875,0.4084726969401042,0.0,0.0036112467447916665,0.007258097330729167,0.009307861328125,0.5290273030598959,0.06452433268229167,0.0,FLI1,tf
ENSG00000059122,16,2813627,3010234,196608,1,True,21,0.013799031575520834,0.021418253580729168,0.011510213216145834,0.1547393798828125,0.2538960774739583,0.2743123372395833,0.27032470703125,0.013799031575520834,0.022115071614583332,0.046727498372395836,0.1547393798828125,0.2596995035807292,0.27032470703125,FLYWCH1,tf
ENSG00000170345,14,75180524,75377131,196608,1,True,12,0.00653076171875,0.01300048828125,0.001556396484375,0.0011138916015625,0.08504231770833333,0.4869537353515625,0.4058024088541667,0.00653076171875,0.01458740234375,0.021087646484375,0.0011138916015625,0.08731587727864583,0.4058024088541667,FOS,tf
ENSG00000125740,19,45369692,45566299,196608,1,True,12,0.005584716796875,0.02264404296875,1.52587890625e-05,0.00830078125,0.176116943359375,0.7048899332682291,0.08244832356770833,0.005584716796875,0.024113972981770832,0.0282440185546875,0.00830078125,0.17862955729166666,0.08244832356770833,FOSB,tf
ENSG00000175592,11,65802085,65998692,196608,-1,True,19,0.0041351318359375,0.005462646484375,0.0,0.033762613932291664,0.21075439453125,0.3869120279947917,0.3589731852213542,0.0041351318359375,0.008087158203125,0.0095977783203125,0.033762613932291664,0.21075439453125,0.3589731852213542,FOSL1,tf
ENSG00000075426,2,28294554,28491161,196608,1,True,14,0.00537109375,0.030548095703125,0.0005086263020833334,0.09006754557291667,0.07645670572916667,0.4600474039713542,0.3370005289713542,0.00537109375,0.0306243896484375,0.036427815755208336,0.09006754557291667,0.07979329427083333,0.3370005289713542,FOSL2,tf
ENSG00000129514,14,37496946,37693553,196608,-1,True,6,0.00738525390625,0.010945638020833334,0.004119873046875,0.010650634765625,0.12006123860677083,0.8105519612630209,0.036285400390625,0.00738525390625,0.011942545572916666,0.022450764973958332,0.010650634765625,0.1219940185546875,0.036285400390625,FOXA1,tf
ENSG00000125798,20,22486269,22682876,196608,-1,True,4,0.0070648193359375,0.007609049479166667,1.52587890625e-05,0.007985432942708334,0.07634480794270833,0.3297017415364583,0.5712788899739584,0.0070648193359375,0.0076141357421875,0.014689127604166666,0.007985432942708334,0.07634480794270833,0.5712788899739584,FOXA2,tf
ENSG00000170608,19,45766022,45962629,196608,1,True,17,0.005340576171875,0.005462646484375,1.52587890625e-05,0.0390777587890625,0.24518330891927084,0.5315195719401041,0.17340087890625,0.005340576171875,0.005615234375,0.0108184814453125,0.0390777587890625,0.24592081705729166,0.17340087890625,FOXA3,tf
ENSG00000171956,15,59906007,60102614,196608,1,True,6,0.0049591064453125,0.0096282958984375,0.003753662109375,0.2741038004557292,0.03338623046875,0.2798563639322917,0.3943125406901042,0.0049591064453125,0.0096282958984375,0.018341064453125,0.2741038004557292,0.044164021809895836,0.3943125406901042,FOXB1,tf
ENSG00000204612,9,76921351,77117958,196608,1,True,7,0.006591796875,0.012044270833333334,1.52587890625e-05,0.0,0.024027506510416668,0.1023406982421875,0.85498046875,0.006591796875,0.012044270833333334,0.018651326497395832,0.0,0.024027506510416668,0.85498046875,FOXB2,tf
ENSG00000054598,6,1511611,1708218,196608,1,True,12,0.0084381103515625,0.011805216471354166,1.52587890625e-05,0.0,0.087860107421875,0.8264058430989584,0.0654754638671875,0.0084381103515625,0.011805216471354166,0.020258585611979168,0.0,0.087860107421875,0.0654754638671875,FOXC1,tf
ENSG00000176692,16,86468525,86665132,196608,1,True,12,0.0076446533203125,0.007090250651041667,1.52587890625e-05,0.0,0.1768951416015625,0.6611277262369791,0.14722696940104166,0.0076446533203125,0.007090250651041667,0.014750162760416666,0.0,0.17995707194010416,0.14722696940104166,FOXC2,tf
ENSG00000251493,5,73350474,73547081,196608,-1,True,11,0.0070953369140625,0.005666097005208333,0.001800537109375,0.005533854166666667,0.07949320475260417,0.3441721598307292,0.5562388102213541,0.0070953369140625,0.005666097005208333,0.014561971028645834,0.005533854166666667,0.0816497802734375,0.5562388102213541,FOXD1,tf
ENSG00000186564,1,47339740,47536347,196608,1,True,8,0.0075531005859375,0.005900065104166667,1.52587890625e-05,0.0,0.061737060546875,0.4485931396484375,0.4762013753255208,0.0075531005859375,0.005900065104166667,0.013468424479166666,0.0,0.061737060546875,0.4762013753255208,FOXD2,tf
ENSG00000187140,1,63224263,63420870,196608,1,True,15,0.007293701171875,0.0057220458984375,1.52587890625e-05,0.0,0.0997161865234375,0.8872528076171875,0.0,0.007293701171875,0.0057220458984375,0.013031005859375,0.0,0.10622151692708333,0.0,FOXD3,tf
ENSG00000170122,9,20114,216721,196608,-1,True,13,0.0066986083984375,0.0044097900390625,1.52587890625e-05,0.0,0.18294779459635416,0.6998291015625,0.10609944661458333,0.0066986083984375,0.0044097900390625,0.0111236572265625,0.0,0.18294779459635416,0.10609944661458333,FOXD4,tf
ENSG00000184492,2,113400361,113596968,196608,1,True,16,0.0062255859375,0.006403605143229167,1.52587890625e-05,0.0,0.17697652180989584,0.7337544759114584,0.07662455240885417,0.0062255859375,0.006403605143229167,0.012644449869791666,0.0,0.17697652180989584,0.07662455240885417,FOXD4L1,tf
ENSG00000187559,9,68204563,68401170,196608,1,True,9,0.0063629150390625,0.004903157552083333,1.52587890625e-05,0.0,0.15602620442708334,0.7291463216145834,0.103546142578125,0.0063629150390625,0.004903157552083333,0.011281331380208334,0.0,0.15602620442708334,0.103546142578125,FOXD4L3,tf
ENSG00000184659,9,65638842,65835449,196608,1,True,9,0.00634765625,0.0,1.52587890625e-05,0.0,0.11897786458333333,0.8118235270182291,0.062835693359375,0.00634765625,0.0,0.0063629150390625,0.0,0.11897786458333333,0.062835693359375,FOXD4L4,tf
ENSG00000204779,9,65186906,65383513,196608,-1,True,10,0.00634765625,0.009450276692708334,1.52587890625e-05,0.0,0.047698974609375,0.56378173828125,0.3727060953776042,0.00634765625,0.009450276692708334,0.015813191731770832,0.0,0.047698974609375,0.3727060953776042,FOXD4L5,tf
ENSG00000273514,9,41030378,41226985,196608,-1,True,9,0.0063629150390625,0.0050506591796875,1.52587890625e-05,0.0,0.14999898274739584,0.8385721842447916,0.0,0.0063629150390625,0.0050506591796875,0.0114288330078125,0.0,0.14999898274739584,0.0,FOXD4L6,tf
ENSG00000178919,9,97754922,97951529,196608,1,True,7,0.0056915283203125,0.012054443359375,1.52587890625e-05,0.0,0.0773468017578125,0.6631520589192709,0.24173990885416666,0.0056915283203125,0.012054443359375,0.01776123046875,0.0,0.0773468017578125,0.24173990885416666,FOXE1,tf
ENSG00000186790,1,47317981,47514588,196608,1,True,8,0.0048675537109375,0.004109700520833333,1.52587890625e-05,0.0,0.06787618001302083,0.4771931966145833,0.4459381103515625,0.0048675537109375,0.004109700520833333,0.008992513020833334,0.0,0.0683441162109375,0.4459381103515625,FOXE3,tf
ENSG00000103241,16,86412223,86608830,196608,1,True,12,0.0057830810546875,0.012105305989583334,1.52587890625e-05,0.006998697916666667,0.17184956868489584,0.3750203450520833,0.4282277425130208,0.0057830810546875,0.012105305989583334,0.017903645833333332,0.006998697916666667,0.17184956868489584,0.4282277425130208,FOXF1,tf
ENSG00000137273,6,1291272,1487879,196608,1,True,8,0.00677490234375,0.00567626953125,1.52587890625e-05,0.018193562825520832,0.06525675455729167,0.6570027669270834,0.24708048502604166,0.00677490234375,0.00567626953125,0.0124664306640625,0.018193562825520832,0.0662078857421875,0.24708048502604166,FOXF2,tf
ENSG00000176165,14,28668483,28865090,196608,1,True,9,0.0074615478515625,0.016291300455729168,1.52587890625e-05,0.006490071614583333,0.15793863932291666,0.5472462972005209,0.264556884765625,0.0074615478515625,0.016291300455729168,0.023768107096354168,0.006490071614583333,0.16492716471354166,0.264556884765625,FOXG1,tf
ENSG00000160973,8,144377546,144574153,196608,-1,True,27,0.0055694580078125,0.004796346028645833,1.52587890625e-05,0.0021413167317708335,0.3721211751302083,0.5452016194661459,0.07015482584635417,0.0055694580078125,0.004796346028645833,0.010381062825520834,0.0021413167317708335,0.3761444091796875,0.07015482584635417,FOXH1,tf
ENSG00000168269,5,170007593,170204200,196608,1,True,4,0.005767822265625,0.006022135416666667,1.52587890625e-05,0.007715861002604167,0.062154134114583336,0.3682963053385417,0.5500284830729166,0.005767822265625,0.006022135416666667,0.011805216471354166,0.007715861002604167,0.062154134114583336,0.5500284830729166,FOXI1,tf
ENSG00000186766,10,127638881,127835488,196608,1,True,1,0.004852294921875,0.0117340087890625,1.52587890625e-05,0.0037384033203125,0.012385050455729166,0.0,0.9672749837239584,0.004852294921875,0.0117340087890625,0.0166015625,0.0037384033203125,0.012385050455729166,0.9672749837239584,FOXI2,tf
ENSG00000214336,2,88354390,88550997,196608,-1,True,7,0.00640869140625,0.008026123046875,1.52587890625e-05,0.015594482421875,0.022099812825520832,0.22582499186197916,0.7220306396484375,0.00640869140625,0.008026123046875,0.0144500732421875,0.015594482421875,0.022099812825520832,0.7220306396484375,FOXI3,tf
ENSG00000129654,17,76042942,76239549,196608,-1,True,11,0.0064239501953125,0.009511311848958334,1.52587890625e-05,0.009038289388020834,0.15990702311197916,0.7431437174479166,0.07196044921875,0.0064239501953125,0.009511311848958334,0.015950520833333332,0.009038289388020834,0.16103108723958334,0.07196044921875,FOXJ1,tf
ENSG00000065970,12,7934412,8131019,196608,1,True,15,0.008967081705729166,0.024937947591145832,0.0006510416666666666,0.08153788248697917,0.1282806396484375,0.6700388590494791,0.0855865478515625,0.008967081705729166,0.024937947591145832,0.034556070963541664,0.08153788248697917,0.1282806396484375,0.0855865478515625,FOXJ2,tf
ENSG00000198815,1,42236932,42433539,196608,-1,True,5,0.0025634765625,0.0177764892578125,1.52587890625e-05,0.48309326171875,0.06329854329427083,0.18651326497395834,0.24673970540364584,0.0025634765625,0.0177764892578125,0.020355224609375,0.48309326171875,0.06728108723958333,0.24673970540364584,FOXJ3,tf
ENSG00000164916,7,4583991,4780598,196608,1,True,5,0.011199951171875,0.047922770182291664,0.007537841796875,0.3867696126302083,0.07173665364583333,0.3886464436848958,0.08618672688802083,0.011199951171875,0.047922770182291664,0.06666056315104167,0.3867696126302083,0.0843963623046875,0.08618672688802083,FOXK1,tf
ENSG00000141568,17,82421428,82618035,196608,1,True,14,0.0111846923828125,0.0199737548828125,0.016260782877604168,0.4527994791666667,0.14019266764322916,0.20598856608072916,0.15360005696614584,0.0111846923828125,0.022013346354166668,0.047419230143229164,0.4527994791666667,0.1654510498046875,0.15360005696614584,FOXK2,tf
ENSG00000176678,16,86480245,86676852,196608,1,True,12,0.0052642822265625,0.020380655924479168,1.52587890625e-05,0.010650634765625,0.15175882975260416,0.695220947265625,0.11670939127604167,0.0052642822265625,0.020380655924479168,0.025660196940104168,0.010650634765625,0.15175882975260416,0.11670939127604167,FOXL1,tf
ENSG00000183770,3,138848834,139045441,196608,-1,True,10,0.0057373046875,0.009068806966145834,1.52587890625e-05,0.0,0.10168965657552083,0.5006205240885416,0.3828684488932292,0.0057373046875,0.009068806966145834,0.014821370442708334,0.0,0.10168965657552083,0.3828684488932292,FOXL2,tf
ENSG00000111206,12,2778871,2975478,196608,-1,True,14,0.012237548828125,0.007710774739583333,0.006373087565104167,0.07285563151041667,0.12979634602864584,0.6878153483072916,0.08321126302083333,0.012237548828125,0.009999593098958334,0.0263214111328125,0.07285563151041667,0.1357574462890625,0.08321126302083333,FOXM1,tf
ENSG00000109101,17,28408044,28604651,196608,1,True,12,0.0098876953125,0.008616129557291666,1.52587890625e-05,0.14758809407552084,0.14848836263020834,0.4532877604166667,0.23211669921875,0.0098876953125,0.008616129557291666,0.018519083658854168,0.14758809407552084,0.14848836263020834,0.23211669921875,FOXN1,tf
ENSG00000170802,2,48216378,48412985,196608,1,True,4,0.0065765380859375,0.027842203776041668,1.52587890625e-05,0.2959950764973958,0.037572224934895836,0.4606424967447917,0.171356201171875,0.0065765380859375,0.027842203776041668,0.034434000651041664,0.2959950764973958,0.038716634114583336,0.171356201171875,FOXN2,tf
ENSG00000053254,14,89318930,89515537,196608,-1,True,5,0.004119873046875,0.007904052734375,0.0024973551432291665,0.9854787190755209,0.0,0.0,0.0,0.004119873046875,0.007904052734375,0.014521280924479166,0.9854787190755209,0.030359903971354168,0.0,FOXN3,tf
ENSG00000139445,12,109210981,109407588,196608,-1,True,5,0.008738199869791666,0.0092315673828125,1.52587890625e-05,0.1412506103515625,0.0671844482421875,0.5664774576822916,0.20710245768229166,0.008738199869791666,0.0130767822265625,0.017985026041666668,0.1412506103515625,0.07044474283854167,0.20710245768229166,FOXN4,tf
ENSG00000150907,13,40568338,40764945,196608,-1,True,6,0.003204345703125,0.007120768229166667,0.000518798828125,0.4940948486328125,0.011983235677083334,0.19973246256510416,0.2833455403645833,0.003204345703125,0.007120768229166667,0.010843912760416666,0.4940948486328125,0.0210723876953125,0.2833455403645833,FOXO1,tf
ENSG00000118689,6,108462613,108659220,196608,1,True,6,0.0031585693359375,0.008199055989583334,0.0,0.4950764973958333,0.059722900390625,0.43292236328125,0.0009206136067708334,0.0031585693359375,0.008199055989583334,0.011357625325520834,0.4950764973958333,0.06447855631510417,0.0009206136067708334,FOXO3,tf
ENSG00000184481,X,70997547,71194154,196608,1,True,12,0.0077056884765625,0.010828653971354166,0.0007578531901041666,0.019795735677083332,0.22574869791666666,0.3478902180989583,0.3872731526692708,0.0077056884765625,0.010828653971354166,0.019292195638020832,0.019795735677083332,0.22574869791666666,0.3872731526692708,FOXO4,tf
ENSG00000204060,1,41263627,41460234,196608,1,True,8,0.007659912109375,0.0003407796223958333,0.004689534505208333,0.09752400716145833,0.054250081380208336,0.4781341552734375,0.3574015299479167,0.007659912109375,0.0003407796223958333,0.012690226236979166,0.09752400716145833,0.056254069010416664,0.3574015299479167,FOXO6,tf
ENSG00000114861,3,71485425,71682032,196608,-1,True,9,0.0,0.012140909830729166,0.011861165364583334,0.4774271647135417,0.069976806640625,0.4285939534505208,0.0,0.0,0.012140909830729166,0.0240020751953125,0.4774271647135417,0.095184326171875,0.0,FOXP1,tf
ENSG00000128573,7,114316511,114513118,196608,1,True,1,0.0014190673828125,0.010416666666666666,1.52587890625e-05,0.9881490071614584,0.0,0.0,0.0,0.0014190673828125,0.010584513346354166,0.011850992838541666,0.9881490071614584,0.002960205078125,0.0,FOXP2,tf
ENSG00000049768,X,49166407,49363014,196608,-1,True,18,0.007843017578125,0.006322224934895833,8.138020833333333e-05,0.058817545572916664,0.18589274088541666,0.5720977783203125,0.1689453125,0.007843017578125,0.007380167643229167,0.014246622721354166,0.058817545572916664,0.19713846842447916,0.1689453125,FOXP3,tf
ENSG00000137166,6,41448077,41644684,196608,1,True,6,0.0111541748046875,0.024571736653645832,0.0087432861328125,0.24047342936197916,0.03326416015625,0.5065460205078125,0.1752471923828125,0.0111541748046875,0.024571736653645832,0.044469197591145836,0.24047342936197916,0.041330973307291664,0.1752471923828125,FOXP4,tf
ENSG00000164379,6,1213794,1410401,196608,1,True,7,0.0061492919921875,0.0073699951171875,1.52587890625e-05,0.0,0.061503092447916664,0.4024607340494792,0.5225016276041666,0.0061492919921875,0.0073699951171875,0.0135345458984375,0.0,0.061503092447916664,0.5225016276041666,FOXQ1,tf
ENSG00000176302,11,118873457,119070064,196608,1,True,25,0.004852294921875,0.0013936360677083333,0.0,0.042460123697916664,0.23150634765625,0.4636433919270833,0.2561442057291667,0.004852294921875,0.0023142496744791665,0.006245930989583333,0.042460123697916664,0.23150634765625,0.2561442057291667,FOXR1,tf
ENSG00000189299,X,55525096,55721703,196608,1,True,8,0.0047454833984375,0.0094451904296875,1.52587890625e-05,0.0,0.0226287841796875,0.649871826171875,0.31329345703125,0.0047454833984375,0.0094451904296875,0.0142059326171875,0.0,0.0226287841796875,0.31329345703125,FOXR2,tf
ENSG00000179772,20,31747301,31943908,196608,-1,True,7,0.005035400390625,0.0015716552734375,1.52587890625e-05,0.0,0.08098856608072917,0.7931111653645834,0.1192779541015625,0.005035400390625,0.0015716552734375,0.006622314453125,0.0,0.08098856608072917,0.1192779541015625,FOXS1,tf
ENSG00000089280,16,31081835,31278442,196608,1,True,22,0.008168538411458334,0.028528849283854168,0.0262298583984375,0.022674560546875,0.21104939778645834,0.2763824462890625,0.4269663492838542,0.008168538411458334,0.0352783203125,0.06292724609375,0.022674560546875,0.21340433756510416,0.4269663492838542,FUS,tf
ENSG00000163820,3,45897521,46094128,196608,-1,True,10,0.022552490234375,0.0229034423828125,0.009033203125,0.3419138590494792,0.07313028971354167,0.4443817138671875,0.08608500162760417,0.022552490234375,0.024937947591145832,0.0544891357421875,0.3419138590494792,0.09272257486979167,0.08608500162760417,FYCO1,tf
ENSG00000154727,21,25636668,25833275,196608,1,True,7,0.00738525390625,0.043731689453125,0.0005950927734375,0.14101155598958334,0.07278951009114583,0.4744873046875,0.2599995930989583,0.00738525390625,0.043731689453125,0.0517120361328125,0.14101155598958334,0.08066304524739583,0.2599995930989583,GABPA,tf
ENSG00000102145,X,48688286,48884893,196608,1,True,14,0.007029215494791667,0.0008697509765625,0.0,0.0316314697265625,0.17095438639322916,0.6202799479166666,0.1692352294921875,0.007029215494791667,0.0015309651692708333,0.007898966471354166,0.0316314697265625,0.17213948567708334,0.1692352294921875,GATA1,tf
ENSG00000179348,3,128394898,128591505,196608,-1,True,11,0.009577433268229166,0.025533040364583332,0.0006815592447916666,0.034327189127604164,0.09741719563802083,0.4121348063151042,0.4203287760416667,0.009577433268229166,0.02777099609375,0.035792032877604164,0.034327189127604164,0.10709126790364583,0.4203287760416667,GATA2,tf
ENSG00000107485,10,7956384,8152991,196608,1,True,8,0.00677490234375,0.013478597005208334,0.0,0.131744384765625,0.060811360677083336,0.6333974202473959,0.1537933349609375,0.00677490234375,0.014887491861979166,0.020253499348958332,0.131744384765625,0.08429972330729167,0.1537933349609375,GATA3,tf
ENSG00000136574,8,11605898,11802505,196608,1,True,9,0.006866455078125,0.022242228190104168,0.0022633870442708335,0.3918965657552083,0.05438232421875,0.20783487955729166,0.31451416015625,0.006866455078125,0.022267659505208332,0.0313720703125,0.3918965657552083,0.056396484375,0.31451416015625,GATA4,tf
ENSG00000130700,20,62377692,62574299,196608,-1,True,20,0.0068511962890625,0.009134928385416666,1.52587890625e-05,0.047882080078125,0.17973836263020834,0.3840484619140625,0.3723297119140625,0.0068511962890625,0.009134928385416666,0.016001383463541668,0.047882080078125,0.17973836263020834,0.3723297119140625,GATA5,tf
ENSG00000141448,18,22071285,22267892,196608,1,True,10,0.0096282958984375,0.022786458333333332,1.52587890625e-05,0.14720662434895834,0.058588663736979164,0.7220204671223959,0.039754231770833336,0.0096282958984375,0.022786458333333332,0.032430013020833336,0.14720662434895834,0.06720987955729167,0.039754231770833336,GATA6,tf
ENSG00000157259,7,92349178,92545785,196608,1,True,10,0.004725138346354167,0.019144694010416668,0.00836181640625,0.031824747721354164,0.17104593912760416,0.7109273274739584,0.0539703369140625,0.004725138346354167,0.021169026692708332,0.032231648763020836,0.031824747721354164,0.17148844401041666,0.0539703369140625,GATAD1,tf
ENSG00000167491,19,19307371,19503978,196608,1,True,5,0.009969075520833334,0.0176849365234375,0.001556396484375,0.5727030436197916,0.0628204345703125,0.3337453206380208,0.0015207926432291667,0.009969075520833334,0.0240478515625,0.029210408528645832,0.5727030436197916,0.06709798177083333,0.0015207926432291667,GATAD2A,tf
ENSG00000143614,1,153824669,154021276,196608,-1,True,21,0.0017038981119791667,0.005289713541666667,0.00091552734375,0.4940643310546875,0.16372172037760416,0.3032023111979167,0.031102498372395832,0.0017038981119791667,0.005289713541666667,0.007909138997395834,0.4940643310546875,0.17495218912760416,0.031102498372395832,GATAD2B,tf
ENSG00000164900,7,151069391,151265998,196608,-1,True,16,0.0055389404296875,0.003692626953125,0.001922607421875,0.12483723958333333,0.2197113037109375,0.5568644205729166,0.087432861328125,0.0055389404296875,0.003692626953125,0.0111541748046875,0.12483723958333333,0.22027587890625,0.087432861328125,GBX1,tf
ENSG00000168505,2,236070083,236266690,196608,-1,True,11,0.005498250325520833,0.005574544270833333,0.0007883707682291666,0.0041656494140625,0.12624104817708334,0.7694193522135416,0.08831278483072917,0.005498250325520833,0.007670084635416667,0.011861165364583334,0.0041656494140625,0.12764994303385416,0.08831278483072917,GBX2,tf
ENSG00000162676,1,92388622,92585229,196608,-1,True,5,0.006947835286458333,0.0260467529296875,0.0,0.0410919189453125,0.10741170247395833,0.5531463623046875,0.2653554280598958,0.006947835286458333,0.026540120442708332,0.032994588216145836,0.0410919189453125,0.10741170247395833,0.2653554280598958,GFI1,tf
ENSG00000165702,9,132880390,133076997,196608,1,True,13,0.005523681640625,0.009521484375,0.018117268880208332,0.20939127604166666,0.15609232584635416,0.4610137939453125,0.14034016927083334,0.005523681640625,0.009521484375,0.033162434895833336,0.20939127604166666,0.16058349609375,0.14034016927083334,GFI1B,tf
ENSG00000111087,12,57361481,57558088,196608,1,True,15,0.016881306966145832,0.0036417643229166665,0.0026702880859375,0.040303548177083336,0.19707743326822916,0.7342529296875,0.0051727294921875,0.016881306966145832,0.004613240559895833,0.023193359375,0.040303548177083336,0.2000732421875,0.0051727294921875,GLI1,tf
ENSG00000074047,2,120637564,120834171,196608,1,True,3,0.0007527669270833334,0.0034840901692708335,0.0,0.49700927734375,0.010930379231770834,0.18708292643229166,0.3007405598958333,0.0007527669270833334,0.0034840901692708335,0.004236857096354167,0.49700927734375,0.010930379231770834,0.3007405598958333,GLI2,tf
ENSG00000106571,7,42138906,42335513,196608,-1,True,1,0.0033721923828125,0.022654215494791668,0.004435221354166667,0.6071523030598959,0.0022735595703125,0.044560750325520836,0.3155517578125,0.0033721923828125,0.022923787434895832,0.030461629231770832,0.6071523030598959,0.0022735595703125,0.3155517578125,GLI3,tf
ENSG00000250571,8,143169141,143365748,196608,1,True,13,0.007832845052083334,0.019373575846354168,0.003509521484375,0.039194742838541664,0.16387939453125,0.3520965576171875,0.4141133626302083,0.007832845052083334,0.022761027018229168,0.0307159423828125,0.039194742838541664,0.166961669921875,0.4141133626302083,GLI4,tf
ENSG00000174332,1,53640861,53837468,196608,-1,True,3,0.0013173421223958333,0.00341796875,0.0,0.4952646891276042,0.023579915364583332,0.3426767985026042,0.1337432861328125,0.0013173421223958333,0.00341796875,0.004735310872395833,0.4952646891276042,0.023905436197916668,0.1337432861328125,GLIS1,tf
ENSG00000126603,16,4217763,4414370,196608,1,True,11,0.0081787109375,0.0158843994140625,1.52587890625e-05,0.1022491455078125,0.15240987141927084,0.5165201822916666,0.204742431640625,0.0081787109375,0.0158843994140625,0.024078369140625,0.1022491455078125,0.17038472493489584,0.204742431640625,GLIS2,tf
ENSG00000107249,9,4201765,4398372,196608,-1,True,2,0.0019734700520833335,0.00457763671875,0.0055084228515625,0.7337290445963541,0.0007476806640625,0.0,0.2534637451171875,0.0019734700520833335,0.00457763671875,0.012059529622395834,0.7337290445963541,0.00518798828125,0.2534637451171875,GLIS3,tf
ENSG00000186566,17,44405103,44601710,196608,-1,True,6,0.0033060709635416665,0.0019378662109375,0.013722737630208334,0.48199462890625,0.031646728515625,0.09210713704427083,0.3752848307291667,0.0033060709635416665,0.004542032877604167,0.0189666748046875,0.48199462890625,0.0365447998046875,0.3752848307291667,GPATCH8,tf
ENSG00000133937,14,94671810,94868417,196608,-1,True,5,0.0039215087890625,0.001861572265625,1.52587890625e-05,0.0038197835286458335,0.037384033203125,0.016988118489583332,0.9360097249348959,0.0039215087890625,0.001861572265625,0.00579833984375,0.0038197835286458335,0.037384033203125,0.9360097249348959,GSC,tf
ENSG00000063515,22,19051989,19248596,196608,-1,True,14,0.0031280517578125,0.0102081298828125,1.52587890625e-05,0.0034332275390625,0.14774068196614584,0.7212015787760416,0.1142730712890625,0.0031280517578125,0.0102081298828125,0.0133514404296875,0.0034332275390625,0.14774068196614584,0.1142730712890625,GSC2,tf
ENSG00000169840,13,27694179,27890786,196608,1,True,5,0.0040283203125,0.005228678385416667,1.52587890625e-05,0.0023549397786458335,0.0436553955078125,0.5741729736328125,0.37054443359375,0.0040283203125,0.005228678385416667,0.009272257486979166,0.0023549397786458335,0.0436553955078125,0.37054443359375,GSX1,tf
ENSG00000180613,4,54001859,54198466,196608,1,True,7,0.004638671875,0.0038706461588541665,0.000579833984375,0.006047566731770833,0.07539876302083333,0.9094645182291666,0.0,0.004638671875,0.005376180013020833,0.009089152018229166,0.006047566731770833,0.07539876302083333,0.0,GSX2,tf
ENSG00000165417,14,81122656,81319263,196608,-1,True,9,0.00616455078125,0.027048746744791668,0.0017038981119791667,0.19867451985677084,0.13318888346354166,0.4701334635416667,0.1630859375,0.00616455078125,0.032557169596354164,0.034917195638020836,0.19867451985677084,0.1358795166015625,0.1630859375,GTF2A1,tf
ENSG00000242441,2,48519552,48716159,196608,1,True,6,0.0074310302734375,0.001220703125,0.0004831949869791667,0.4911600748697917,0.050242106119791664,0.4478251139322917,0.0016377766927083333,0.0074310302734375,0.0026346842447916665,0.009134928385416666,0.4911600748697917,0.07822163899739583,0.0016377766927083333,GTF2A1L,tf
ENSG00000140307,15,59559212,59755819,196608,-1,True,6,0.0016835530598958333,0.012685139973958334,0.005706787109375,0.0790252685546875,0.08315022786458333,0.2992350260416667,0.5185139973958334,0.0016835530598958333,0.012690226236979166,0.020075480143229168,0.0790252685546875,0.0840606689453125,0.5185139973958334,GTF2A2,tf
ENSG00000137947,1,88793264,88989871,196608,-1,True,7,0.00482177734375,0.0034077962239583335,0.004608154296875,0.18711344401041666,0.0653076171875,0.5491689046223959,0.18557230631510416,0.00482177734375,0.0038909912109375,0.012837727864583334,0.18711344401041666,0.0653076171875,0.18557230631510416,GTF2B,tf
ENSG00000153767,3,120644440,120841047,196608,1,True,7,0.0066986083984375,0.045923868815104164,0.0003000895182291667,0.155609130859375,0.055425008138020836,0.5844472249348959,0.1515960693359375,0.0066986083984375,0.046193440755208336,0.052922566731770836,0.155609130859375,0.058130900065104164,0.1515960693359375,GTF2E1,tf
ENSG00000197265,8,30559933,30756540,196608,-1,True,7,0.005869547526041667,0.009394327799479166,0.0030364990234375,0.4014638264973958,0.08994038899739583,0.3660227457682292,0.12427266438802083,0.005869547526041667,0.011820475260416666,0.018300374348958332,0.4014638264973958,0.10339864095052083,0.12427266438802083,GTF2E2,tf
ENSG00000125651,19,6294861,6491468,196608,-1,True,17,0.008946736653645834,0.0048828125,0.0007985432942708334,0.058664957682291664,0.15320332845052084,0.5858357747395834,0.1876678466796875,0.008946736653645834,0.005025227864583333,0.014628092447916666,0.058664957682291664,0.15659586588541666,0.1876678466796875,GTF2F1,tf
ENSG00000188342,13,45022206,45218813,196608,1,True,7,0.0027567545572916665,0.0010833740234375,0.005742390950520833,0.4907582600911458,0.070404052734375,0.4290974934895833,0.00015767415364583334,0.0027567545572916665,0.0010833740234375,0.00958251953125,0.4907582600911458,0.08350118001302083,0.00015767415364583334,GTF2F2,tf
ENSG00000110768,11,18224263,18420870,196608,1,True,15,0.0090484619140625,0.015391031901041666,0.0124664306640625,0.19080607096354166,0.12587483723958334,0.3638916015625,0.2825215657552083,0.0090484619140625,0.016179402669270832,0.036905924479166664,0.19080607096354166,0.12713623046875,0.2825215657552083,GTF2H1,tf
ENSG00000145736,5,70969373,71165980,196608,-1,True,10,0.006383260091145833,0.0067291259765625,0.01953125,0.13399251302083334,0.1029205322265625,0.633880615234375,0.09656270345052083,0.006383260091145833,0.011774698893229166,0.032643636067708336,0.13399251302083334,0.1029205322265625,0.09656270345052083,GTF2H2,tf
ENSG00000111358,12,123535525,123732132,196608,1,True,14,0.005162556966145833,0.012685139973958334,0.0024668375651041665,0.12650553385416666,0.17264302571614584,0.4403177897135417,0.2402191162109375,0.005162556966145833,0.0162200927734375,0.020314534505208332,0.12650553385416666,0.18305460611979166,0.2402191162109375,GTF2H3,tf
ENSG00000213780,6,30809903,31006510,196608,1,True,18,0.007151285807291667,0.008148193359375,0.0030568440755208335,0.015202840169270834,0.20781962076822916,0.3468017578125,0.4118194580078125,0.007151285807291667,0.008148193359375,0.0183563232421875,0.015202840169270834,0.21733601888020834,0.4118194580078125,GTF2H4,tf
ENSG00000272047,6,158070046,158266653,196608,1,True,5,0.0022989908854166665,0.044825236002604164,0.0007120768229166666,0.10987345377604167,0.10494486490885417,0.5697580973307291,0.1675872802734375,0.0022989908854166665,0.0457305908203125,0.0478363037109375,0.10987345377604167,0.10494486490885417,0.1675872802734375,GTF2H5,tf
ENSG00000263001,7,74559414,74756021,196608,1,True,5,0.018381754557291668,0.012369791666666666,0.0193939208984375,0.4879353841145833,0.016626993815104168,0.3748626708984375,0.07042948404947917,0.018381754557291668,0.025156656901041668,0.050145467122395836,0.4879353841145833,0.07204182942708333,0.07042948404947917,GTF2I,tf
ENSG00000196275,7,74753302,74949909,196608,-1,True,9,0.017466227213541668,0.007853190104166666,0.017262776692708332,0.23954264322916666,0.11716715494791667,0.4988047281901042,0.10190327962239583,0.017466227213541668,0.010325113932291666,0.042582194010416664,0.23954264322916666,0.13469441731770834,0.10190327962239583,GTF2IRD2,tf
ENSG00000174428,7,74994286,75190893,196608,1,True,7,0.017796834309895832,0.010711669921875,0.005762736002604167,0.2577972412109375,0.09144083658854167,0.4218699137369792,0.19462076822916666,0.017796834309895832,0.023976643880208332,0.034271240234375,0.2577972412109375,0.09144083658854167,0.19462076822916666,GTF2IRD2B,tf
ENSG00000122034,13,27326315,27522922,196608,1,True,13,0.006134033203125,0.0023447672526041665,0.006403605143229167,0.042109171549479164,0.0781402587890625,0.358612060546875,0.506256103515625,0.006134033203125,0.006647745768229167,0.014882405598958334,0.042109171549479164,0.07910664876302083,0.506256103515625,GTF3A,tf
ENSG00000077235,16,27451610,27648217,196608,-1,True,4,0.0326995849609375,0.0050201416015625,0.021418253580729168,0.4006907145182292,0.013224283854166666,0.4947357177734375,0.0322113037109375,0.0326995849609375,0.009089152018229166,0.059137980143229164,0.4006907145182292,0.013224283854166666,0.0322113037109375,GTF3C1,tf
ENSG00000115207,2,27258461,27455068,196608,-1,True,20,0.015467325846354166,0.025309244791666668,0.004908243815104167,0.12211100260416667,0.22903951009114584,0.5239308675130209,0.07923380533854167,0.015467325846354166,0.026769002278645832,0.045684814453125,0.12211100260416667,0.2587331136067708,0.07923380533854167,GTF3C2,tf
ENSG00000119041,2,196701380,196897987,196608,-1,True,5,0.015080769856770834,0.029327392578125,0.0031890869140625,0.14905802408854166,0.09808349609375,0.5622202555338541,0.14304097493489584,0.015080769856770834,0.036015828450520836,0.047597249348958336,0.14905802408854166,0.10022989908854167,0.14304097493489584,GTF3C3,tf
ENSG00000125484,9,132572160,132768767,196608,1,True,4,0.012542724609375,0.033426920572916664,1.52587890625e-05,0.08075968424479167,0.045740763346354164,0.6116587320963541,0.21585591634114584,0.012542724609375,0.0354766845703125,0.045984903971354164,0.08075968424479167,0.047607421875,0.21585591634114584,GTF3C4,tf
ENSG00000148308,9,132932693,133129300,196608,1,True,16,0.0084228515625,0.006566365559895833,0.0032806396484375,0.1232757568359375,0.1365814208984375,0.5198923746744791,0.2019805908203125,0.0084228515625,0.0075225830078125,0.018269856770833332,0.1232757568359375,0.13690694173177084,0.2019805908203125,GTF3C5,tf
ENSG00000155115,6,110860402,111057009,196608,1,True,10,0.0043792724609375,0.0055389404296875,0.0006001790364583334,0.040903727213541664,0.09200032552083333,0.6655476888020834,0.19102986653645834,0.0043792724609375,0.0055389404296875,0.010518391927083334,0.040903727213541664,0.09376017252604167,0.19102986653645834,GTF3C6,tf
ENSG00000170627,12,54375299,54571906,196608,-1,True,8,0.0027567545572916665,0.006500244140625,0.0035807291666666665,0.0769500732421875,0.14581807454427084,0.7573293050130209,0.0070648193359375,0.0027567545572916665,0.006571451822916667,0.012837727864583334,0.0769500732421875,0.15435791015625,0.0070648193359375,GTSF1,tf
ENSG00000124196,20,43628699,43825306,196608,-1,True,6,0.00225830078125,0.0019938151041666665,1.52587890625e-05,0.0,0.0320892333984375,0.387725830078125,0.5759175618489584,0.00225830078125,0.0019938151041666665,0.004267374674479167,0.0,0.0320892333984375,0.5759175618489584,GTSF1L,tf
ENSG00000125812,20,23263878,23460485,196608,1,True,13,0.0112152099609375,0.018269856770833332,1.52587890625e-05,0.026769002278645832,0.08739217122395833,0.5720876057942709,0.2842508951822917,0.0112152099609375,0.018269856770833332,0.029500325520833332,0.026769002278645832,0.08739217122395833,0.2842508951822917,GZF1,tf
ENSG00000113196,5,154379924,154576531,196608,-1,True,7,0.0032806396484375,0.0060272216796875,1.52587890625e-05,0.007909138997395834,0.14547220865885416,0.3215128580729167,0.5157826741536459,0.0032806396484375,0.0060272216796875,0.0093231201171875,0.007909138997395834,0.14665730794270834,0.5157826741536459,HAND1,tf
ENSG00000164107,4,173431926,173628533,196608,-1,True,11,0.0033111572265625,0.011652628580729166,0.0033518473307291665,0.008443196614583334,0.19637044270833334,0.6780802408854166,0.09879048665364583,0.0033111572265625,0.011652628580729166,0.018315633138020832,0.008443196614583334,0.20539347330729166,0.09879048665364583,HAND2,tf
ENSG00000165259,X,84404150,84600757,196608,-1,True,0,0.0066375732421875,0.0038248697916666665,0.0029144287109375,0.4868418375651042,0.0,0.0,0.4997812906901042,0.0066375732421875,0.003962198893229167,0.013376871744791666,0.4868418375651042,0.0,0.4997812906901042,HDX,tf
ENSG00000187821,4,184920186,185116793,196608,1,True,8,0.0049896240234375,0.0031534830729166665,0.0006866455078125,0.0037027994791666665,0.08640543619791667,0.6305898030598959,0.2704722086588542,0.0049896240234375,0.0031534830729166665,0.008829752604166666,0.0037027994791666665,0.087158203125,0.2704722086588542,HELT,tf
ENSG00000198265,17,67146893,67343500,196608,-1,True,6,0.014475504557291666,0.004730224609375,0.0054779052734375,0.4793497721354167,0.0389556884765625,0.130584716796875,0.3264261881510417,0.014475504557291666,0.004730224609375,0.024683634440104168,0.4793497721354167,0.050084431966145836,0.3264261881510417,HELZ,tf
ENSG00000130589,20,63475936,63672543,196608,-1,True,16,0.044189453125,0.0066680908203125,0.0105133056640625,0.020792643229166668,0.27374267578125,0.5016886393229166,0.14240519205729166,0.044189453125,0.01043701171875,0.061370849609375,0.020792643229166668,0.2740122477213542,0.14240519205729166,HELZ2,tf
ENSG00000128731,15,28223876,28420483,196608,-1,True,12,0.0280609130859375,0.0009816487630208333,0.00421142578125,0.4667460123697917,0.08020528157552083,0.17275492350260416,0.247039794921875,0.0280609130859375,0.014790852864583334,0.033253987630208336,0.4667460123697917,0.08228556315104167,0.247039794921875,HERC2,tf
ENSG00000114315,3,194037844,194234451,196608,1,True,12,0.0053863525390625,0.003753662109375,0.0014699300130208333,0.0025685628255208335,0.111419677734375,0.6603240966796875,0.21507771809895834,0.0053863525390625,0.003753662109375,0.010609944661458334,0.0025685628255208335,0.11324564615885417,0.21507771809895834,HES1,tf
ENSG00000069812,1,6321616,6518223,196608,-1,True,10,0.0031077067057291665,0.027994791666666668,3.0517578125e-05,0.031290690104166664,0.11197408040364583,0.7287038167317709,0.09689839680989583,0.0031077067057291665,0.029408772786458332,0.031133015950520832,0.031290690104166664,0.11197408040364583,0.09689839680989583,HES2,tf
ENSG00000173673,1,6145875,6342482,196608,1,True,9,0.003173828125,0.0004221598307291667,1.52587890625e-05,0.003509521484375,0.14547220865885416,0.7982381184895834,0.049168904622395836,0.003173828125,0.0007578531901041666,0.0036112467447916665,0.003509521484375,0.14547220865885416,0.049168904622395836,HES3,tf
ENSG00000188290,1,901794,1098401,196608,-1,True,25,0.0037689208984375,0.0015055338541666667,0.0004119873046875,0.0004730224609375,0.3589680989583333,0.4974314371744792,0.13744099934895834,0.0037689208984375,0.0015055338541666667,0.005686442057291667,0.0004730224609375,0.3589680989583333,0.13744099934895834,HES4,tf
ENSG00000197921,1,2431960,2628567,196608,-1,True,14,0.002532958984375,0.004185994466145833,1.52587890625e-05,0.0009918212890625,0.222930908203125,0.6995391845703125,0.06980387369791667,0.002532958984375,0.004185994466145833,0.006734212239583333,0.0009918212890625,0.2231292724609375,0.06980387369791667,HES5,tf
ENSG00000144485,2,238141735,238338342,196608,-1,True,10,0.005086263020833333,0.004852294921875,0.0,0.0022481282552083335,0.18609110514322916,0.5943705240885416,0.2073516845703125,0.005086263020833333,0.007146199544270833,0.009938557942708334,0.0022481282552083335,0.18609110514322916,0.2073516845703125,HES6,tf
ENSG00000179111,17,8025803,8222410,196608,-1,True,27,0.00360107421875,0.005945841471354167,1.52587890625e-05,0.0083160400390625,0.22296651204427084,0.420074462890625,0.339080810546875,0.00360107421875,0.006159464518229167,0.009562174479166666,0.0083160400390625,0.22296651204427084,0.339080810546875,HES7,tf
ENSG00000163666,3,57101675,57298282,196608,-1,True,7,0.0029296875,0.004755655924479167,1.52587890625e-05,0.14371236165364584,0.07555135091145833,0.6303812662760416,0.1426544189453125,0.0029296875,0.004755655924479167,0.007700602213541667,0.14371236165364584,0.07555135091145833,0.1426544189453125,HESX1,tf
ENSG00000164683,8,79669464,79866071,196608,-1,True,6,0.004720052083333333,0.016754150390625,0.006434122721354167,0.0,0.07309977213541667,0.5796763102213541,0.3193155924479167,0.004720052083333333,0.020848592122395832,0.0279083251953125,0.0,0.07389322916666667,0.3193155924479167,HEY1,tf
ENSG00000135547,6,125651328,125847935,196608,1,True,5,0.0051422119140625,0.008519490559895834,1.52587890625e-05,0.0555267333984375,0.047826131184895836,0.7844187418619791,0.09855143229166667,0.0051422119140625,0.008799235026041666,0.013676961263020834,0.0555267333984375,0.049672444661458336,0.09855143229166667,HEY2,tf
ENSG00000163909,1,39541340,39737947,196608,-1,True,15,0.005157470703125,0.015716552734375,1.52587890625e-05,0.061553955078125,0.16366068522135416,0.5176035563151041,0.23629252115885416,0.005157470703125,0.015716552734375,0.0208892822265625,0.061553955078125,0.1652069091796875,0.23629252115885416,HEYL,tf
ENSG00000185359,17,81585707,81782314,196608,1,True,13,0.016230265299479168,0.011088053385416666,0.027862548828125,0.04559326171875,0.1232147216796875,0.489013671875,0.2869974772135417,0.016230265299479168,0.0245208740234375,0.055180867513020836,0.04559326171875,0.1389312744140625,0.2869974772135417,HGS,tf
ENSG00000152804,10,92591651,92788258,196608,1,True,7,0.004119873046875,0.007685343424479167,0.0012868245442708333,0.0161285400390625,0.040227254231770836,0.3305257161458333,0.6000264485677084,0.004119873046875,0.008473714192708334,0.013092041015625,0.0161285400390625,0.040227254231770836,0.6000264485677084,HHEX,tf
ENSG00000177374,17,1956799,2153406,196608,1,True,22,0.0111846923828125,0.031438191731770836,1.52587890625e-05,0.0035858154296875,0.1015472412109375,0.8158518473307291,0.036376953125,0.0111846923828125,0.031728108723958336,0.042638142903645836,0.0035858154296875,0.11385091145833333,0.036376953125,HIC1,tf
ENSG00000169635,22,21319067,21515674,196608,1,True,18,0.0093841552734375,0.028717041015625,1.52587890625e-05,0.13969930013020834,0.14787801106770834,0.2921702067057292,0.3821360270182292,0.0093841552734375,0.028717041015625,0.038116455078125,0.13969930013020834,0.15570068359375,0.3821360270182292,HIC2,tf
ENSG00000100644,14,61597209,61793816,196608,1,True,7,0.013936360677083334,0.008946736653645834,0.004414876302083333,0.24129740397135416,0.036076863606770836,0.5951029459635416,0.10022481282552083,0.013936360677083334,0.009674072265625,0.0272979736328125,0.24129740397135416,0.0754547119140625,0.10022481282552083,HIF1A,tf
ENSG00000124440,19,46198738,46395345,196608,1,True,13,0.0115966796875,0.022196451822916668,0.0088043212890625,0.19336446126302084,0.10034688313802083,0.3571421305338542,0.306549072265625,0.0115966796875,0.028071085611979168,0.042597452799479164,0.19336446126302084,0.10329691569010417,0.306549072265625,HIF3A,tf
ENSG00000172273,11,119023276,119219883,196608,1,True,18,0.008707682291666666,0.0152740478515625,0.028086344401041668,0.021942138671875,0.3288675944010417,0.35821533203125,0.2389068603515625,0.008707682291666666,0.016148885091145832,0.052068074544270836,0.021942138671875,0.3288675944010417,0.2389068603515625,HINFP,tf
ENSG00000095951,6,11914008,12110615,196608,1,True,5,0.0013326009114583333,0.012415568033854166,1.52587890625e-05,0.5042928059895834,0.019205729166666668,0.35302734375,0.109710693359375,0.0013326009114583333,0.0128936767578125,0.013763427734375,0.5042928059895834,0.024937947591145832,0.109710693359375,HIVEP1,tf
ENSG00000010818,6,142846873,143043480,196608,-1,True,3,0.0,0.049173990885416664,0.0012969970703125,0.5081329345703125,0.033243815104166664,0.3656972249348958,0.042455037434895836,0.0,0.049173990885416664,0.050470987955729164,0.5081329345703125,0.044871012369791664,0.042455037434895836,HIVEP2,tf
ENSG00000127124,1,41820619,42017226,196608,-1,True,0,0.0,0.002593994140625,0.008631388346354166,0.9887746175130209,0.0,0.0,0.0,0.0,0.002593994140625,0.011225382486979166,0.9887746175130209,0.0,0.0,HIVEP3,tf
ENSG00000108924,17,55166656,55363263,196608,1,True,3,0.0045166015625,0.026280721028645832,0.0036671956380208335,0.2718709309895833,0.0473480224609375,0.0013834635416666667,0.6449330647786459,0.0045166015625,0.028981526692708332,0.034464518229166664,0.2718709309895833,0.0562286376953125,0.6449330647786459,HLF,tf
ENSG00000136630,1,220781139,220977746,196608,1,True,12,0.0074462890625,0.004084269205729167,0.017100016276041668,0.0,0.11940511067708333,0.4621836344401042,0.3897806803385417,0.0074462890625,0.005147298177083333,0.028630574544270832,0.0,0.126220703125,0.3897806803385417,HLX,tf
ENSG00000147421,8,28792091,28988698,196608,1,True,6,0.0029805501302083335,0.009806315104166666,0.0007781982421875,0.4869588216145833,0.026616414388020832,0.4726104736328125,0.0002492268880208333,0.0029805501302083335,0.009806315104166666,0.0135650634765625,0.4869588216145833,0.0311126708984375,0.0002492268880208333,HMBOX1,tf
ENSG00000140382,15,77322584,77519191,196608,1,True,4,0.005304972330729167,0.027364095052083332,0.007776896158854167,0.2958882649739583,0.0135040283203125,0.6496225992838541,0.0005391438802083334,0.005304972330729167,0.030110677083333332,0.040445963541666664,0.2958882649739583,0.023345947265625,0.0005391438802083334,HMG20A,tf
ENSG00000064961,19,3474640,3671247,196608,1,True,19,0.0062255859375,0.004511515299479167,0.009063720703125,0.012486775716145834,0.21765645345052084,0.6370086669921875,0.11304728190104167,0.0062255859375,0.00653076171875,0.019800821940104168,0.012486775716145834,0.22022501627604166,0.11304728190104167,HMG20B,tf
ENSG00000137309,6,34138569,34335176,196608,1,True,14,0.0019073486328125,0.027491251627604168,1.52587890625e-05,0.02459716796875,0.09466044108072917,0.4690450032552083,0.3822835286458333,0.0019073486328125,0.027491251627604168,0.029413859049479168,0.02459716796875,0.10672505696614583,0.3822835286458333,HMGA1,tf
ENSG00000149948,12,65726179,65922786,196608,1,True,6,0.0031890869140625,0.015202840169270834,0.004755655924479167,0.4769694010416667,0.019632975260416668,0.4683787027994792,0.011871337890625,0.0031890869140625,0.015797932942708332,0.0231475830078125,0.4769694010416667,0.058344523111979164,0.011871337890625,HMGA2,tf
ENSG00000189403,13,30367633,30564240,196608,-1,True,9,0.0033416748046875,0.038279215494791664,0.0018513997395833333,0.5034891764322916,0.08913167317708333,0.20906575520833334,0.15484110514322916,0.0033416748046875,0.039164225260416664,0.0434722900390625,0.5034891764322916,0.118499755859375,0.15484110514322916,HMGB1,tf
ENSG00000164104,4,173236055,173432662,196608,-1,True,10,0.00341796875,0.0067596435546875,0.0031178792317708335,0.0023752848307291665,0.1622467041015625,0.60272216796875,0.2193603515625,0.00341796875,0.0067596435546875,0.013295491536458334,0.0023752848307291665,0.1622467041015625,0.2193603515625,HMGB2,tf
ENSG00000029993,X,150885031,151081638,196608,1,True,7,0.0030517578125,0.0191802978515625,1.52587890625e-05,0.029973347981770832,0.014149983723958334,0.17313130696614584,0.760498046875,0.0030517578125,0.0191802978515625,0.022247314453125,0.029973347981770832,0.014149983723958334,0.760498046875,HMGB3,tf
ENSG00000176256,1,33765775,33962382,196608,1,True,3,0.002838134765625,0.010014851888020834,0.00017293294270833334,0.008931477864583334,0.034138997395833336,0.9439036051432291,0.0,0.002838134765625,0.010014851888020834,0.013025919596354166,0.008931477864583334,0.034138997395833336,0.0,HMGB4,tf
ENSG00000205581,21,39250785,39447392,196608,-1,True,11,0.002197265625,0.008336385091145834,0.0153961181640625,0.0113983154296875,0.12461344401041667,0.7377217610677084,0.10033671061197917,0.002197265625,0.009679158528645834,0.025929768880208332,0.0113983154296875,0.12548828125,0.10033671061197917,HMGN1,tf
ENSG00000198830,1,26374136,26570743,196608,1,True,9,0.00140380859375,0.018056233723958332,0.006337483723958333,0.0057220458984375,0.10481770833333333,0.4342753092447917,0.4293874104817708,0.00140380859375,0.018056233723958332,0.025797526041666668,0.0057220458984375,0.10744222005208333,0.4293874104817708,HMGN2,tf
ENSG00000118418,6,79136379,79332986,196608,-1,True,6,0.0025126139322916665,0.00714111328125,1.52587890625e-05,0.16292826334635416,0.0546722412109375,0.5457611083984375,0.22696940104166666,0.0025126139322916665,0.007832845052083334,0.009668986002604166,0.16292826334635416,0.061192830403645836,0.22696940104166666,HMGN3,tf
ENSG00000182952,6,26440062,26636669,196608,1,True,16,0.001373291015625,0.0315704345703125,1.52587890625e-05,0.010716756184895834,0.20741780598958334,0.4148152669270833,0.3340911865234375,0.001373291015625,0.0315704345703125,0.032958984375,0.010716756184895834,0.20741780598958334,0.3340911865234375,HMGN4,tf
ENSG00000198157,X,81103610,81300217,196608,-1,True,1,0.0048980712890625,0.016215006510416668,0.0001220703125,0.4319610595703125,0.011617024739583334,0.4793650309244792,0.055821736653645836,0.0048980712890625,0.016215006510416668,0.021235148111979168,0.4319610595703125,0.011678059895833334,0.055821736653645836,HMGN5,tf
ENSG00000113716,5,149902435,150099042,196608,1,True,12,0.02410888671875,0.0055084228515625,0.0027872721354166665,0.23766072591145834,0.12054951985677083,0.532196044921875,0.07718912760416667,0.02410888671875,0.012456258138020834,0.032404581705729164,0.23766072591145834,0.1273345947265625,0.07718912760416667,HMGXB3,tf
ENSG00000100281,22,35159189,35355796,196608,1,True,10,0.009256998697916666,0.017557779947916668,0.0062408447265625,0.1620330810546875,0.060358683268229164,0.6814982096354166,0.06305440266927083,0.009256998697916666,0.0266571044921875,0.033055623372395836,0.1620330810546875,0.061381022135416664,0.06305440266927083,HMGXB4,tf
ENSG00000215612,4,8773536,8970143,196608,-1,True,3,0.006205240885416667,0.004781087239583333,3.0517578125e-05,0.120025634765625,0.0083160400390625,0.018559773763020832,0.8420817057291666,0.006205240885416667,0.004781087239583333,0.011016845703125,0.120025634765625,0.011174519856770834,0.8420817057291666,HMX1,tf
ENSG00000188816,10,123049832,123246439,196608,1,True,4,0.0041656494140625,0.0040283203125,1.52587890625e-05,0.004694620768229167,0.08394368489583333,0.0601348876953125,0.843017578125,0.0041656494140625,0.0040283203125,0.008209228515625,0.004694620768229167,0.08394368489583333,0.843017578125,HMX2,tf
ENSG00000188620,10,123037666,123234273,196608,1,True,4,0.0054473876953125,0.0090179443359375,1.52587890625e-05,0.0030873616536458335,0.0816802978515625,0.1196136474609375,0.7811381022135416,0.0054473876953125,0.0090179443359375,0.0144805908203125,0.0030873616536458335,0.0816802978515625,0.7811381022135416,HMX3,tf
ENSG00000135100,12,120880239,121076846,196608,1,True,8,0.010737101236979166,0.010472615559895834,0.004364013671875,0.096343994140625,0.09295654296875,0.451629638671875,0.33349609375,0.010737101236979166,0.017888387044270832,0.02557373046875,0.096343994140625,0.10657246907552083,0.33349609375,HNF1A,tf
ENSG00000275410,17,37646756,37843363,196608,-1,True,8,0.008967081705729166,0.0053863525390625,0.015177408854166666,0.2688344319661458,0.034098307291666664,0.5503184000651041,0.117218017578125,0.008967081705729166,0.005839029947916667,0.029530843098958332,0.2688344319661458,0.046905517578125,0.117218017578125,HNF1B,tf
ENSG00000290292,14,23187829,23384436,196608,-1,True,19,0.008626302083333334,0.019536336263020832,0.0018361409505208333,0.1092376708984375,0.1739959716796875,0.5402933756510416,0.14647420247395834,0.008626302083333334,0.019536336263020832,0.029998779296875,0.1092376708984375,0.20427449544270834,0.14647420247395834,HOMEZ,tf
ENSG00000171476,4,56582993,56779600,196608,-1,True,9,0.0020497639973958335,0.012674967447916666,0.024851481119791668,0.13279215494791666,0.0562286376953125,0.21304829915364584,0.5583546956380209,0.0020497639973958335,0.0130615234375,0.039576212565104164,0.13279215494791666,0.07425435384114583,0.5583546956380209,HOPX,tf
ENSG00000105991,7,26997697,27194304,196608,-1,True,39,0.0051116943359375,0.007822672526041666,0.0,0.0023651123046875,0.22194925944010416,0.6580708821614584,0.10468037923177083,0.0051116943359375,0.009796142578125,0.012934366861979166,0.0023651123046875,0.22208150227864584,0.10468037923177083,HOXA1,tf
ENSG00000105996,7,27004380,27200987,196608,-1,True,41,0.0057373046875,0.0028228759765625,0.0033060709635416665,0.0,0.2527720133463542,0.6646728515625,0.07068888346354167,0.0057373046875,0.0028228759765625,0.011866251627604166,0.0,0.2527720133463542,0.07068888346354167,HOXA2,tf
ENSG00000105997,7,27054280,27250887,196608,-1,True,50,0.0067596435546875,0.031636555989583336,3.5603841145833336e-05,0.1977081298828125,0.23990376790364584,0.4094797770182292,0.11447652180989583,0.0067596435546875,0.031636555989583336,0.038431803385416664,0.1977081298828125,0.3032684326171875,0.11447652180989583,HOXA3,tf
ENSG00000197576,7,27032454,27229061,196608,-1,True,46,0.0048828125,0.0038909912109375,1.52587890625e-05,0.002777099609375,0.2890726725260417,0.5997823079427084,0.099578857421875,0.0048828125,0.0038909912109375,0.0087890625,0.002777099609375,0.2939910888671875,0.099578857421875,HOXA4,tf
ENSG00000106004,7,27045378,27241985,196608,-1,True,50,0.004119873046875,0.004358927408854167,0.0002695719401041667,0.004628499348958333,0.3018595377604167,0.5722910563151041,0.1124725341796875,0.004119873046875,0.004358927408854167,0.008748372395833334,0.004628499348958333,0.3018595377604167,0.1124725341796875,HOXA5,tf
ENSG00000106006,7,27049471,27246078,196608,-1,True,50,0.0035552978515625,0.0014597574869791667,0.0015207926432291667,0.019953409830729168,0.3087666829427083,0.5522715250651041,0.1124725341796875,0.0035552978515625,0.0014597574869791667,0.006535847981770833,0.019953409830729168,0.3142649332682292,0.1124725341796875,HOXA6,tf
ENSG00000122592,7,27058372,27254979,196608,-1,True,50,0.003509521484375,0.008575439453125,0.00017801920572916666,0.009206136067708334,0.3128916422526042,0.5303497314453125,0.13528951009114584,0.003509521484375,0.008575439453125,0.012262980143229166,0.009206136067708334,0.3241475423177083,0.13528951009114584,HOXA7,tf
ENSG00000078399,7,27067234,27263841,196608,-1,True,50,0.004150390625,0.00634765625,0.0049285888671875,0.049387613932291664,0.2916107177734375,0.4632110595703125,0.18036397298177084,0.004150390625,0.007985432942708334,0.0154266357421875,0.049387613932291664,0.3230641682942708,0.18036397298177084,HOXA9,tf
ENSG00000253293,7,27076017,27272624,196608,-1,True,51,0.006306966145833333,0.009735107421875,0.0028127034505208335,0.030263264973958332,0.3083140055338542,0.4191691080729167,0.22339884440104166,0.006306966145833333,0.009735107421875,0.018854777018229168,0.030263264973958332,0.3183492024739583,0.22339884440104166,HOXA10,tf
ENSG00000005073,7,27086929,27283536,196608,-1,True,51,0.005121866861979167,0.0084381103515625,1.52587890625e-05,0.0071563720703125,0.3159891764322917,0.3843790690104167,0.278900146484375,0.005121866861979167,0.008783976236979166,0.013575236002604166,0.0071563720703125,0.3196818033854167,0.278900146484375,HOXA11,tf
ENSG00000106031,7,27101788,27298395,196608,-1,True,43,0.00592041015625,0.019571940104166668,0.0003000895182291667,0.007720947265625,0.2671254475911458,0.3680877685546875,0.3312733968098958,0.00592041015625,0.019571940104166668,0.025792439778645832,0.007720947265625,0.2696075439453125,0.3312733968098958,HOXA13,tf
ENSG00000120094,17,48432708,48629315,196608,-1,True,20,0.005198160807291667,0.0074310302734375,1.52587890625e-05,0.0,0.189544677734375,0.3979848225911458,0.3998260498046875,0.005198160807291667,0.009089152018229166,0.012644449869791666,0.0,0.189544677734375,0.3998260498046875,HOXB1,tf
ENSG00000173917,17,48446806,48643413,196608,-1,True,23,0.00543212890625,0.0031077067057291665,0.0039520263671875,0.008951822916666666,0.20608011881510416,0.4443562825520833,0.3281199137369792,0.00543212890625,0.0031077067057291665,0.012491861979166666,0.008951822916666666,0.2133941650390625,0.3281199137369792,HOXB2,tf
ENSG00000120093,17,48491938,48688545,196608,-1,True,21,0.008392333984375,0.025843302408854168,0.005549112955729167,0.24526468912760416,0.13537089029947916,0.4261881510416667,0.15339152018229166,0.008392333984375,0.027135213216145832,0.039784749348958336,0.24526468912760416,0.2031402587890625,0.15339152018229166,HOXB3,tf
ENSG00000182742,17,48480047,48676654,196608,-1,True,21,0.0038299560546875,0.006337483723958333,1.52587890625e-05,0.004282633463541667,0.21792093912760416,0.5792032877604166,0.18841044108072916,0.0038299560546875,0.006337483723958333,0.010182698567708334,0.004282633463541667,0.21814473470052084,0.18841044108072916,HOXB4,tf
ENSG00000120075,17,48495476,48692083,196608,-1,True,22,0.0041046142578125,0.005335489908854167,1.52587890625e-05,0.0033772786458333335,0.22735595703125,0.6178538004557291,0.14195760091145834,0.0041046142578125,0.005335489908854167,0.009455362955729166,0.0033772786458333335,0.22813924153645834,0.14195760091145834,HOXB5,tf
ENSG00000108511,17,48506683,48703290,196608,-1,True,21,0.00341796875,0.0120086669921875,0.0011647542317708333,0.031565348307291664,0.21024068196614584,0.640655517578125,0.10094706217447917,0.00341796875,0.0120086669921875,0.016591389973958332,0.031565348307291664,0.2245635986328125,0.10094706217447917,HOXB6,tf
ENSG00000260027,17,48512714,48709321,196608,-1,True,22,0.0033111572265625,0.0036061604817708335,0.0008138020833333334,0.12624613444010416,0.2146759033203125,0.5752512613932291,0.0760955810546875,0.0033111572265625,0.0036061604817708335,0.007731119791666667,0.12624613444010416,0.2440948486328125,0.0760955810546875,HOXB7,tf
ENSG00000120068,17,48516989,48713596,196608,-1,True,22,0.004262288411458333,0.010157267252604166,3.0517578125e-05,0.019256591796875,0.23835245768229166,0.6735890706380209,0.054351806640625,0.004262288411458333,0.010157267252604166,0.0144500732421875,0.019256591796875,0.23835245768229166,0.054351806640625,HOXB8,tf
ENSG00000170689,17,48528055,48724662,196608,-1,True,29,0.003814697265625,0.0093231201171875,1.52587890625e-05,0.013310750325520834,0.241943359375,0.6827901204427084,0.048802693684895836,0.003814697265625,0.0093231201171875,0.013153076171875,0.013310750325520834,0.241943359375,0.048802693684895836,HOXB9,tf
ENSG00000159184,17,48630447,48827054,196608,-1,True,21,0.00433349609375,0.0111083984375,1.52587890625e-05,0.004826863606770833,0.113311767578125,0.6699676513671875,0.19643656412760416,0.00433349609375,0.0111083984375,0.0154571533203125,0.004826863606770833,0.11333719889322917,0.19643656412760416,HOXB13,tf
ENSG00000198353,12,53955531,54152138,196608,1,True,31,0.0040283203125,0.007700602213541667,0.0023447672526041665,0.1847991943359375,0.217864990234375,0.5725351969401041,0.0107269287109375,0.0040283203125,0.007700602213541667,0.014073689778645834,0.1847991943359375,0.2511647542317708,0.0107269287109375,HOXC4,tf
ENSG00000172789,12,53934746,54131353,196608,1,True,33,0.003387451171875,0.004791259765625,1.52587890625e-05,0.0035654703776041665,0.2588297526041667,0.6802469889322916,0.049163818359375,0.003387451171875,0.004791259765625,0.0081939697265625,0.0035654703776041665,0.26483154296875,0.049163818359375,HOXC5,tf
ENSG00000197757,12,53930136,54126743,196608,1,True,34,0.0037129720052083335,0.013860066731770834,1.52587890625e-05,0.18687947591145834,0.20035807291666666,0.5258992513020834,0.06927490234375,0.0037129720052083335,0.014836629231770834,0.017588297526041668,0.18687947591145834,0.2516072591145833,0.06927490234375,HOXC6,tf
ENSG00000037965,12,53910681,54107288,196608,1,True,32,0.003692626953125,0.008585611979166666,1.52587890625e-05,0.0069580078125,0.23035176595052084,0.5969594319661459,0.15343729654947916,0.003692626953125,0.008585611979166666,0.012293497721354166,0.0069580078125,0.23035176595052084,0.15343729654947916,HOXC8,tf
ENSG00000180806,12,53901857,54098464,196608,1,True,31,0.00396728515625,0.0038706461588541665,0.0006357828776041666,0.0344696044921875,0.22005716959635416,0.5386810302734375,0.1983184814453125,0.00396728515625,0.0038706461588541665,0.008473714192708334,0.0344696044921875,0.22919718424479166,0.1983184814453125,HOXC9,tf
ENSG00000180818,12,53886842,54083449,196608,1,True,32,0.005218505859375,0.004984537760416667,0.0018564860026041667,0.01446533203125,0.22840372721354166,0.5321044921875,0.2129669189453125,0.005218505859375,0.005549112955729167,0.012059529622395834,0.01446533203125,0.23335774739583334,0.2129669189453125,HOXC10,tf
ENSG00000123388,12,53874822,54071429,196608,1,True,30,0.005767822265625,0.010838826497395834,0.0,0.006373087565104167,0.20427449544270834,0.5597788492838541,0.2129669189453125,0.005767822265625,0.011932373046875,0.016606648763020832,0.006373087565104167,0.20621236165364584,0.2129669189453125,HOXC11,tf
ENSG00000123407,12,53856599,54053206,196608,1,True,29,0.004302978515625,0.012293497721354166,1.52587890625e-05,0.004007975260416667,0.19434102376302084,0.5827992757161459,0.202239990234375,0.004302978515625,0.012293497721354166,0.016611735026041668,0.004007975260416667,0.1962432861328125,0.202239990234375,HOXC12,tf
ENSG00000123364,12,53840527,54037134,196608,1,True,29,0.005035400390625,0.006937662760416667,1.52587890625e-05,0.027247111002604168,0.1995391845703125,0.5589853922526041,0.202239990234375,0.005035400390625,0.006937662760416667,0.011988321940104166,0.027247111002604168,0.2006683349609375,0.202239990234375,HOXC13,tf
ENSG00000128645,2,176090364,176286971,196608,1,True,21,0.00616455078125,0.00457763671875,1.52587890625e-05,0.000640869140625,0.16967264811197916,0.4771067301432292,0.3418223063151042,0.00616455078125,0.00457763671875,0.0107574462890625,0.000640869140625,0.17803955078125,0.3418223063151042,HOXD1,tf
ENSG00000128652,2,176059003,176255610,196608,1,True,23,0.006591796875,0.018183390299479168,0.0034077962239583335,0.163482666015625,0.15897623697916666,0.22723897298177084,0.422119140625,0.006591796875,0.018183390299479168,0.0281829833984375,0.163482666015625,0.18217976888020834,0.422119140625,HOXD3,tf
ENSG00000170166,2,176053246,176249853,196608,1,True,23,0.0038909912109375,0.0018717447916666667,1.52587890625e-05,0.0027516682942708335,0.19620768229166666,0.3438618977864583,0.4514007568359375,0.0038909912109375,0.0018717447916666667,0.005777994791666667,0.0027516682942708335,0.19620768229166666,0.4514007568359375,HOXD4,tf
ENSG00000175879,2,176031401,176228008,196608,1,True,21,0.004425048828125,0.008931477864583334,1.52587890625e-05,0.0018971761067708333,0.183746337890625,0.3287760416666667,0.4722086588541667,0.004425048828125,0.009557088216145834,0.013371785481770834,0.0018971761067708333,0.18701171875,0.4722086588541667,HOXD8,tf
ENSG00000128709,2,176024415,176221022,196608,1,True,21,0.00537109375,0.004130045572916667,1.52587890625e-05,0.00177001953125,0.18760172526041666,0.3289031982421875,0.4722086588541667,0.00537109375,0.004130045572916667,0.009516398111979166,0.00177001953125,0.18760172526041666,0.4722086588541667,HOXD9,tf
ENSG00000128710,2,176018474,176215081,196608,1,True,21,0.00518798828125,0.003875732421875,0.0035909016927083335,0.044047037760416664,0.1824493408203125,0.2886403401692708,0.4722086588541667,0.00518798828125,0.003875732421875,0.012654622395833334,0.044047037760416664,0.18676249186197916,0.4722086588541667,HOXD10,tf
ENSG00000128713,2,176008976,176205583,196608,1,True,21,0.005157470703125,0.0034993489583333335,0.002105712890625,0.0174102783203125,0.185760498046875,0.3138580322265625,0.4722086588541667,0.005157470703125,0.0034993489583333335,0.010762532552083334,0.0174102783203125,0.18865458170572916,0.4722086588541667,HOXD11,tf
ENSG00000170178,2,176001491,176198098,196608,1,True,22,0.004262288411458333,0.008845011393229166,0.0,0.0006001790364583334,0.18541971842447916,0.333770751953125,0.46710205078125,0.004262288411458333,0.00933837890625,0.0131072998046875,0.0006001790364583334,0.18541971842447916,0.46710205078125,HOXD12,tf
ENSG00000128714,2,175994417,176191024,196608,1,True,22,0.0052337646484375,0.007039388020833333,1.52587890625e-05,0.004109700520833333,0.17966206868489584,0.3651173909505208,0.4388224283854167,0.0052337646484375,0.007039388020833333,0.012288411458333334,0.004109700520833333,0.17966206868489584,0.4388224283854167,HOXD13,tf
ENSG00000125968,20,31506985,31703592,196608,1,True,13,0.002471923828125,0.00732421875,1.52587890625e-05,0.16058858235677084,0.08025614420572917,0.453765869140625,0.2955780029296875,0.002471923828125,0.0075225830078125,0.0098114013671875,0.16058858235677084,0.09321085611979167,0.2955780029296875,ID1,tf
ENSG00000115738,2,8583752,8780359,196608,1,True,11,0.002044677734375,0.0117645263671875,0.000335693359375,0.014424641927083334,0.19574991861979166,0.6252237955729166,0.15045674641927084,0.002044677734375,0.0117645263671875,0.0141448974609375,0.014424641927083334,0.20171101888020834,0.15045674641927084,ID2,tf
ENSG00000117318,1,23461198,23657805,196608,-1,True,8,0.0018157958984375,0.00762939453125,0.0003000895182291667,0.0002593994140625,0.08167521158854167,0.7097981770833334,0.19852193196614584,0.0018157958984375,0.00762939453125,0.009745279947916666,0.0002593994140625,0.08167521158854167,0.19852193196614584,ID3,tf
ENSG00000172201,6,19739066,19935673,196608,1,True,3,0.0024566650390625,0.020131429036458332,1.52587890625e-05,0.0019734700520833335,0.038508097330729164,0.4707183837890625,0.4661966959635417,0.0024566650390625,0.020131429036458332,0.022603352864583332,0.0019734700520833335,0.039845784505208336,0.4661966959635417,ID4,tf
ENSG00000132740,11,68805587,69002194,196608,1,True,8,0.017817179361979168,0.0189208984375,0.012674967447916666,0.13745625813802084,0.059015909830729164,0.2725728352864583,0.4815419514973958,0.017817179361979168,0.033782958984375,0.049413045247395836,0.13745625813802084,0.059015909830729164,0.4815419514973958,IGHMBP2,tf
ENSG00000269335,X,154449316,154645923,196608,1,True,20,0.009709676106770834,0.009821573893229166,0.008275349934895834,0.093597412109375,0.18732198079427084,0.2946217854817708,0.3966522216796875,0.009709676106770834,0.017679850260416668,0.027806599934895832,0.093597412109375,0.19558207194010416,0.3966522216796875,IKBKG,tf
ENSG00000185811,7,50206412,50403019,196608,1,True,5,0.009816487630208334,0.025690714518229168,0.012090047200520834,0.4590352376302083,0.005625406901041667,0.286407470703125,0.20133463541666666,0.009816487630208334,0.025690714518229168,0.047597249348958336,0.4590352376302083,0.009796142578125,0.20133463541666666,IKZF1,tf
ENSG00000030419,2,213053309,213249916,196608,-1,True,5,0.0030568440755208335,0.0100555419921875,4.57763671875e-05,0.4909871419270833,0.030512491861979168,0.2938486735026042,0.1714935302734375,0.0030568440755208335,0.011505126953125,0.013158162434895834,0.4909871419270833,0.032867431640625,0.1714935302734375,IKZF2,tf
ENSG00000161405,17,39766009,39962616,196608,-1,True,9,0.007074991861979167,0.0022735595703125,0.0,0.4906514485677083,0.0838775634765625,0.2203369140625,0.1957855224609375,0.007074991861979167,0.009348551432291666,0.009348551432291666,0.4906514485677083,0.0899810791015625,0.1957855224609375,IKZF3,tf
ENSG00000123411,12,55922739,56119346,196608,1,True,21,0.009160359700520834,0.021504720052083332,0.005152384440104167,0.12188720703125,0.2825063069661458,0.3882242838541667,0.17156473795572916,0.009160359700520834,0.029439290364583332,0.035817464192708336,0.12188720703125,0.2929534912109375,0.17156473795572916,IKZF4,tf
ENSG00000095574,10,122910492,123107099,196608,-1,True,4,0.0065155029296875,0.032938639322916664,0.0012461344401041667,0.050959269205729164,0.0785675048828125,0.489349365234375,0.340423583984375,0.0065155029296875,0.032938639322916664,0.040700276692708336,0.050959269205729164,0.08203633626302083,0.340423583984375,IKZF5,tf
ENSG00000115274,2,74356783,74553390,196608,1,True,27,0.005579630533854167,0.0005594889322916666,0.0011952718098958333,0.0072021484375,0.3658040364583333,0.509124755859375,0.11053466796875,0.005579630533854167,0.0028228759765625,0.007334391276041667,0.0072021484375,0.3713785807291667,0.11053466796875,INO80B,tf
ENSG00000173404,20,20269800,20466407,196608,1,True,8,0.007781982421875,0.006678263346354167,1.52587890625e-05,0.0,0.055185953776041664,0.9179840087890625,0.012354532877604166,0.007781982421875,0.006678263346354167,0.014475504557291666,0.0,0.055185953776041664,0.012354532877604166,INSM1,tf
ENSG00000168348,14,35435860,35632467,196608,1,True,6,0.008636474609375,0.006052652994791667,1.52587890625e-05,0.0,0.038904825846354164,0.9388224283854166,0.007568359375,0.008636474609375,0.006052652994791667,0.014704386393229166,0.0,0.038904825846354164,0.007568359375,INSM2,tf
ENSG00000170549,5,3497528,3694135,196608,1,True,4,0.00732421875,0.0032399495442708335,1.52587890625e-05,0.01776123046875,0.013153076171875,0.190643310546875,0.7678629557291666,0.00732421875,0.0032399495442708335,0.010579427083333334,0.01776123046875,0.015101114908854166,0.7678629557291666,IRX1,tf
ENSG00000170561,5,2653374,2849981,196608,-1,True,11,0.0071868896484375,0.016387939453125,1.52587890625e-05,0.026682535807291668,0.063018798828125,0.0982208251953125,0.7884877522786459,0.0071868896484375,0.016387939453125,0.023590087890625,0.026682535807291668,0.06601460774739583,0.7884877522786459,IRX2,tf
ENSG00000177508,16,54188484,54385091,196608,-1,True,5,0.007954915364583334,0.005396525065104167,0.0015767415364583333,0.0027923583984375,0.057093302408854164,0.5904642740885416,0.3347218831380208,0.007954915364583334,0.0056915283203125,0.014928181966145834,0.0027923583984375,0.058685302734375,0.3347218831380208,IRX3,tf
ENSG00000113430,5,1784622,1981229,196608,-1,True,14,0.0086212158203125,0.0099639892578125,0.0027313232421875,0.029388427734375,0.1185455322265625,0.4884134928385417,0.3423360188802083,0.0086212158203125,0.016316731770833332,0.0213165283203125,0.029388427734375,0.125885009765625,0.3423360188802083,IRX4,tf
ENSG00000176842,16,54832561,55029168,196608,1,True,5,0.0081634521484375,0.004811604817708333,0.0014801025390625,0.003962198893229167,0.167724609375,0.3751169840494792,0.4387410481770833,0.0081634521484375,0.004811604817708333,0.014455159505208334,0.003962198893229167,0.171295166015625,0.4387410481770833,IRX5,tf
ENSG00000159387,16,55225899,55422506,196608,1,True,9,0.0072174072265625,0.007985432942708334,0.0013936360677083333,0.017908732096354168,0.037577311197916664,0.7649281819661459,0.16298929850260416,0.0072174072265625,0.007985432942708334,0.016596476236979168,0.017908732096354168,0.041290283203125,0.16298929850260416,IRX6,tf
ENSG00000016082,5,51285144,51481751,196608,1,True,6,0.0053253173828125,0.006861368815104167,0.002166748046875,0.043060302734375,0.062459309895833336,0.434051513671875,0.446075439453125,0.0053253173828125,0.006861368815104167,0.014353434244791666,0.043060302734375,0.06301371256510417,0.446075439453125,ISL1,tf
ENSG00000159556,15,76238469,76435076,196608,1,True,9,0.0054779052734375,0.0038350423177083335,0.0017293294270833333,0.017964680989583332,0.0860443115234375,0.86102294921875,0.02392578125,0.0054779052734375,0.004984537760416667,0.011042277018229166,0.017964680989583332,0.09017435709635417,0.02392578125,ISL2,tf
ENSG00000175329,22,34967854,35164461,196608,1,True,4,0.0039825439453125,0.013483683268229166,1.52587890625e-05,0.09063720703125,0.013346354166666666,0.5567118326822916,0.3218231201171875,0.0039825439453125,0.013483683268229166,0.017481486002604168,0.09063720703125,0.0153350830078125,0.3218231201171875,ISX,tf
ENSG00000153814,7,28082492,28279099,196608,-1,True,2,0.0007171630859375,0.002227783203125,1.52587890625e-05,0.4980417887369792,0.023976643880208332,0.2960764567057292,0.17894490559895834,0.0007171630859375,0.002227783203125,0.002960205078125,0.4980417887369792,0.025629679361979168,0.17894490559895834,JAZF1,tf
ENSG00000177606,1,58685744,58882351,196608,-1,True,7,0.0053863525390625,0.013031005859375,1.52587890625e-05,0.018208821614583332,0.08677164713541667,0.8477681477864584,0.028818766276041668,0.0053863525390625,0.01336669921875,0.0184326171875,0.018208821614583332,0.08677164713541667,0.028818766276041668,JUN,tf
ENSG00000171223,19,12693182,12889789,196608,1,True,24,0.0052947998046875,0.003997802734375,1.52587890625e-05,0.0,0.22580464680989584,0.6530049641927084,0.11188252766927083,0.0052947998046875,0.003997802734375,0.009307861328125,0.0,0.22772725423177084,0.11188252766927083,JUNB,tf
ENSG00000130522,19,18183319,18379926,196608,-1,True,21,0.005427042643229167,0.004369099934895833,1.52587890625e-05,0.0,0.21468607584635416,0.6045684814453125,0.17093404134114584,0.005427042643229167,0.0045013427734375,0.0098114013671875,0.0,0.2164764404296875,0.17093404134114584,JUND,tf
ENSG00000172977,11,65613948,65810555,196608,1,True,20,0.00927734375,0.0049285888671875,0.005259195963541667,0.019236246744791668,0.22505696614583334,0.5655415852864584,0.1707000732421875,0.00927734375,0.007502237955729167,0.019465128580729168,0.019236246744791668,0.244171142578125,0.1707000732421875,KAT5,tf
ENSG00000083168,8,41953684,42150291,196608,-1,True,8,0.0092315673828125,0.017949422200520832,0.0135040283203125,0.4593709309895833,0.0268707275390625,0.057993570963541664,0.4150797526041667,0.0092315673828125,0.020772298177083332,0.040685017903645836,0.4593709309895833,0.03021240234375,0.4150797526041667,KAT6A,tf
ENSG00000156650,10,74728296,74924903,196608,1,True,3,0.0038604736328125,0.031275431315104164,3.0517578125e-05,0.473419189453125,0.008321126302083334,0.09295145670572917,0.3901418050130208,0.0038604736328125,0.031275431315104164,0.035166422526041664,0.473419189453125,0.008321126302083334,0.3901418050130208,KAT6B,tf
ENSG00000136504,17,49690377,49886984,196608,1,True,10,0.010670979817708334,0.0457916259765625,0.027837117513020832,0.1517181396484375,0.07422383626302083,0.5401255289713541,0.14963277180989584,0.010670979817708334,0.050837198893229164,0.08429972330729167,0.1517181396484375,0.07995096842447917,0.14963277180989584,KAT7,tf
ENSG00000103510,16,31019360,31215967,196608,1,True,26,0.0074462890625,0.011210123697916666,0.010467529296875,0.056859334309895836,0.2799886067708333,0.2260284423828125,0.4079996744791667,0.0074462890625,0.012766520182291666,0.029123942057291668,0.056859334309895836,0.2865956624348958,0.4079996744791667,KAT8,tf
ENSG00000176407,2,84872857,85069464,196608,1,True,9,0.0058135986328125,0.0369110107421875,1.52587890625e-05,0.4090677897135417,0.07022603352864583,0.4666849772135417,0.011281331380208334,0.0058135986328125,0.037689208984375,0.0427398681640625,0.4090677897135417,0.07575480143229167,0.011281331380208334,KCMF1,tf
ENSG00000165097,6,18057118,18253725,196608,1,True,5,0.0125579833984375,0.01348876953125,0.00506591796875,0.3174285888671875,0.06538899739583333,0.3145243326822917,0.27154541015625,0.0125579833984375,0.013580322265625,0.0311126708984375,0.3174285888671875,0.06549072265625,0.27154541015625,KDM1B,tf
ENSG00000173120,11,67020959,67217566,196608,1,True,6,0.0034942626953125,0.005045572916666667,0.004109700520833333,0.4873504638671875,0.06454976399739583,0.167816162109375,0.2676340738932292,0.0034942626953125,0.005304972330729167,0.0126495361328125,0.4873504638671875,0.07268269856770833,0.2676340738932292,KDM2A,tf
ENSG00000089094,12,121482720,121679327,196608,-1,True,6,0.0116729736328125,0.0129852294921875,0.0031941731770833335,0.4785359700520833,0.055684407552083336,0.4092814127604167,0.028645833333333332,0.0116729736328125,0.022404988606770832,0.027852376302083332,0.4785359700520833,0.059712727864583336,0.028645833333333332,KDM2B,tf
ENSG00000105610,19,12788898,12985505,196608,-1,True,27,0.0061187744140625,0.0026652018229166665,1.52587890625e-05,0.005340576171875,0.2253570556640625,0.6104532877604166,0.15004984537760416,0.0061187744140625,0.0026652018229166665,0.008799235026041666,0.005340576171875,0.2253570556640625,0.15004984537760416,KLF1,tf
ENSG00000127528,19,16226522,16423129,196608,1,True,8,0.0054168701171875,0.0089263916015625,0.0,0.005289713541666667,0.13121541341145834,0.5273793538411459,0.3217722574869792,0.0054168701171875,0.008982340494791666,0.01434326171875,0.005289713541666667,0.13192240397135416,0.3217722574869792,KLF2,tf
ENSG00000109787,4,38565895,38762502,196608,1,True,9,0.005269368489583333,0.04766845703125,0.0015716552734375,0.1361541748046875,0.07471211751302083,0.4439137776692708,0.29071044921875,0.005269368489583333,0.04766845703125,0.054509480794270836,0.1361541748046875,0.08148193359375,0.29071044921875,KLF3,tf
ENSG00000136826,9,107391466,107588073,196608,-1,True,12,0.0073089599609375,0.0094757080078125,0.0018412272135416667,0.010014851888020834,0.034520467122395836,0.650787353515625,0.2860514322916667,0.0073089599609375,0.010157267252604166,0.018625895182291668,0.010014851888020834,0.038416544596354164,0.2860514322916667,KLF4,tf
ENSG00000102554,13,72960701,73157308,196608,1,True,4,0.0069732666015625,0.010991414388020834,0.0007476806640625,0.09606424967447917,0.0212554931640625,0.2741851806640625,0.58978271484375,0.0069732666015625,0.011052449544270834,0.018712361653645832,0.09606424967447917,0.0212554931640625,0.58978271484375,KLF5,tf
ENSG00000067082,10,3686906,3883513,196608,-1,True,18,0.005167643229166667,0.025212605794270832,0.0008443196614583334,0.0160064697265625,0.08030192057291667,0.4140370686848958,0.4584299723307292,0.005167643229166667,0.0252685546875,0.031224568684895832,0.0160064697265625,0.083984375,0.4584299723307292,KLF6,tf
ENSG00000118263,2,207067645,207264252,196608,-1,True,7,0.005381266276041667,0.043055216471354164,0.0008900960286458334,0.4578755696614583,0.0635986328125,0.39617919921875,0.03302001953125,0.005381266276041667,0.044214884440104164,0.049326578776041664,0.4578755696614583,0.07457478841145833,0.03302001953125,KLF7,tf
ENSG00000102349,X,56134052,56330659,196608,1,True,2,0.005971272786458333,0.040679931640625,0.018091837565104168,0.23624165852864584,0.02764892578125,0.3549397786458333,0.3164265950520833,0.005971272786458333,0.043172200520833336,0.0647430419921875,0.23624165852864584,0.030054728190104168,0.3164265950520833,KLF8,tf
ENSG00000119138,9,70316354,70512961,196608,-1,True,4,0.00372314453125,0.022715250651041668,1.52587890625e-05,0.12640889485677084,0.050669352213541664,0.6452585856119791,0.15120951334635416,0.00372314453125,0.022715250651041668,0.026453653971354168,0.12640889485677084,0.053975423177083336,0.15120951334635416,KLF9,tf
ENSG00000155090,8,102557422,102754029,196608,-1,True,6,0.0073394775390625,0.0121002197265625,1.52587890625e-05,0.015874226888020832,0.06799825032552083,0.4831136067708333,0.4135589599609375,0.0073394775390625,0.0121002197265625,0.0194549560546875,0.015874226888020832,0.07143656412760417,0.4135589599609375,KLF10,tf
ENSG00000172059,2,9945246,10141853,196608,1,True,13,0.0078125,0.015538533528645834,1.52587890625e-05,0.037607828776041664,0.16254679361979166,0.5679982503255209,0.2084808349609375,0.0078125,0.015584309895833334,0.023366292317708332,0.037607828776041664,0.1677093505859375,0.2084808349609375,KLF11,tf
ENSG00000118922,13,74036101,74232708,196608,-1,True,2,0.0,0.005772908528645833,0.0,0.4968617757161458,0.0017903645833333333,0.004862467447916667,0.4907124837239583,0.0,0.005772908528645833,0.005772908528645833,0.4968617757161458,0.0043487548828125,0.4907124837239583,KLF12,tf
ENSG00000169926,15,31228531,31425138,196608,1,True,5,0.004460652669270833,0.033315022786458336,0.009333292643229166,0.4535471598307292,0.01910400390625,0.027745564778645832,0.4524943033854167,0.004460652669270833,0.0339813232421875,0.047108968098958336,0.4535471598307292,0.0256195068359375,0.4524943033854167,KLF13,tf
ENSG00000266265,7,130635904,130832511,196608,-1,True,10,0.0049285888671875,0.012914021809895834,1.52587890625e-05,0.0,0.040761311848958336,0.4364980061848958,0.5048828125,0.0049285888671875,0.012914021809895834,0.017857869466145832,0.0,0.040761311848958336,0.5048828125,KLF14,tf
ENSG00000163884,3,126259105,126455712,196608,-1,True,8,0.00634765625,0.025075276692708332,1.52587890625e-05,0.0439605712890625,0.1202239990234375,0.6043955485026041,0.199981689453125,0.00634765625,0.025075276692708332,0.031438191731770836,0.0439605712890625,0.1202239990234375,0.199981689453125,KLF15,tf
ENSG00000129911,19,1765276,1961883,196608,-1,True,19,0.004079182942708333,0.010991414388020834,1.52587890625e-05,0.041783650716145836,0.2188568115234375,0.5357411702473959,0.18853251139322916,0.004079182942708333,0.010991414388020834,0.015085856119791666,0.041783650716145836,0.22440083821614584,0.18853251139322916,KLF16,tf
ENSG00000171872,1,44020517,44217124,196608,1,True,17,0.0059356689453125,0.010121663411458334,1.52587890625e-05,0.06693522135416667,0.147857666015625,0.5212554931640625,0.2478790283203125,0.0059356689453125,0.011693318684895834,0.016072591145833332,0.06693522135416667,0.149688720703125,0.2478790283203125,KLF17,tf
ENSG00000283039,1,44043328,44239935,196608,-1,True,16,0.01605224609375,0.0,1.52587890625e-05,0.0033162434895833335,0.13320414225260416,0.5975596110026041,0.24985249837239584,0.01605224609375,0.0,0.0160675048828125,0.0033162434895833335,0.13320414225260416,0.24985249837239584,KLF18,tf
ENSG00000118058,11,118338188,118534795,196608,1,True,13,0.061960856119791664,0.0459136962890625,0.05218505859375,0.29962158203125,0.1592864990234375,0.3501942952473958,0.0308380126953125,0.061960856119791664,0.053349812825520836,0.16005961100260416,0.29962158203125,0.2025604248046875,0.0308380126953125,KMT2A,tf
ENSG00000272333,19,35619699,35816306,196608,1,True,26,0.0425262451171875,0.0024617513020833335,0.009979248046875,0.0513763427734375,0.2564544677734375,0.3780670166015625,0.2591349283854167,0.0425262451171875,0.039082845052083336,0.054967244466145836,0.0513763427734375,0.2568766276041667,0.2591349283854167,KMT2B,tf
ENSG00000185513,20,43409393,43606000,196608,1,True,14,0.0155792236328125,0.0267181396484375,0.036824544270833336,0.2337493896484375,0.07144673665364583,0.5277557373046875,0.08792622884114583,0.0155792236328125,0.038675944010416664,0.07912190755208333,0.2337493896484375,0.09469095865885417,0.08792622884114583,L3MBTL1,tf
ENSG00000198945,6,129920277,130116884,196608,1,True,0,0.010126749674479166,0.013621012369791666,0.0010833740234375,0.5,0.0,0.0,0.4751688639322917,0.010126749674479166,0.013621012369791666,0.024831136067708332,0.5,0.0,0.4751688639322917,L3MBTL3,tf
ENSG00000154655,18,6316608,6513215,196608,-1,True,8,0.0,0.00897216796875,0.0029195149739583335,0.4909871419270833,0.017064412434895832,0.4800567626953125,0.0,0.0,0.00897216796875,0.011891682942708334,0.4909871419270833,0.037297566731770836,0.0,L3MBTL4,tf
ENSG00000138136,10,101131160,101327767,196608,-1,True,13,0.0042877197265625,0.0100555419921875,1.52587890625e-05,0.007115681966145833,0.130035400390625,0.6754557291666666,0.17303466796875,0.0042877197265625,0.0100555419921875,0.0143585205078125,0.007115681966145833,0.13185628255208334,0.17303466796875,LBX1,tf
ENSG00000179528,2,74401300,74597907,196608,-1,True,25,0.004002888997395833,0.0047607421875,0.0028127034505208335,0.017923990885416668,0.285919189453125,0.5723775227864584,0.11220296223958333,0.004002888997395833,0.005976359049479167,0.011576334635416666,0.017923990885416668,0.2951812744140625,0.11220296223958333,LBX2,tf
ENSG00000138795,4,108070629,108267236,196608,-1,True,4,0.006342569986979167,0.0093841552734375,0.0040130615234375,0.4803822835286458,0.0657806396484375,0.4340972900390625,0.0,0.006342569986979167,0.011266072591145834,0.019739786783854168,0.4803822835286458,0.06899007161458333,0.0,LEF1,tf
ENSG00000275183,19,54365475,54562082,196608,-1,True,20,0.007293701171875,0.0031026204427083335,1.52587890625e-05,0.0,0.17051188151041666,0.405364990234375,0.4137115478515625,0.007293701171875,0.0031026204427083335,0.010411580403645834,0.0,0.17199198404947916,0.4137115478515625,LENG9,tf
ENSG00000213921,19,39680550,39877157,196608,1,True,14,0.003021240234375,0.0015462239583333333,1.52587890625e-05,0.04473876953125,0.078094482421875,0.3923848470052083,0.4801991780598958,0.003021240234375,0.0019683837890625,0.004582722981770833,0.04473876953125,0.078094482421875,0.4801991780598958,LEUTX,tf
ENSG00000273706,17,36839171,37035778,196608,1,True,9,0.007990519205729166,0.012247721354166666,0.0050811767578125,0.014500935872395834,0.087890625,0.7353261311848959,0.136962890625,0.007990519205729166,0.014043172200520834,0.025319417317708332,0.014500935872395834,0.09065755208333333,0.136962890625,LHX1,tf
ENSG00000106689,9,123913464,124110071,196608,1,True,10,0.0063629150390625,0.006322224934895833,1.52587890625e-05,0.14818827311197916,0.0418243408203125,0.3453572591145833,0.4519297281901042,0.0063629150390625,0.007787068684895833,0.012700398763020834,0.14818827311197916,0.0615386962890625,0.4519297281901042,LHX2,tf
ENSG00000107187,9,136106825,136303432,196608,-1,True,11,0.006769816080729167,0.009180704752604166,0.0035807291666666665,0.025629679361979168,0.16919962565104166,0.4090118408203125,0.3766276041666667,0.006769816080729167,0.009180704752604166,0.01953125,0.025629679361979168,0.16919962565104166,0.3766276041666667,LHX3,tf
ENSG00000121454,1,180131960,180328567,196608,1,True,5,0.006017049153645833,0.024144490559895832,0.0011749267578125,0.21685791015625,0.06429036458333333,0.5405782063802084,0.14693705240885416,0.006017049153645833,0.02490234375,0.031336466471354164,0.21685791015625,0.09267171223958333,0.14693705240885416,LHX4,tf
ENSG00000089116,12,113373568,113570175,196608,-1,True,4,0.006134033203125,0.007781982421875,0.0016632080078125,0.0365447998046875,0.10369364420572917,0.2644602457682292,0.5797220865885416,0.006134033203125,0.007781982421875,0.0155792236328125,0.0365447998046875,0.10751851399739583,0.5797220865885416,LHX5,tf
ENSG00000106852,9,122130654,122327261,196608,-1,True,4,0.006540934244791667,0.019658406575520832,0.0031178792317708335,0.10826619466145833,0.09694417317708333,0.6433512369791666,0.12212117513020833,0.006540934244791667,0.021916707356770832,0.029317220052083332,0.10826619466145833,0.09694417317708333,0.12212117513020833,LHX6,tf
ENSG00000162624,1,75036084,75232691,196608,1,True,7,0.0058441162109375,0.0122528076171875,0.007802327473958333,0.1424560546875,0.0485687255859375,0.3507029215494792,0.432373046875,0.0058441162109375,0.012725830078125,0.025899251302083332,0.1424560546875,0.061024983723958336,0.432373046875,LHX8,tf
ENSG00000143355,1,197819068,198015675,196608,1,True,2,0.007074991861979167,0.042093912760416664,0.003941853841145833,0.06680806477864583,0.005869547526041667,0.03143310546875,0.8427785237630209,0.007074991861979167,0.042521158854166664,0.053110758463541664,0.06680806477864583,0.005869547526041667,0.8427785237630209,LHX9,tf
ENSG00000005156,17,34882208,35078815,196608,1,True,8,0.0159454345703125,0.033070882161458336,0.018763224283854168,0.08115641276041667,0.068817138671875,0.5500539143880209,0.2321929931640625,0.0159454345703125,0.036290486653645836,0.067779541015625,0.08115641276041667,0.08882649739583333,0.2321929931640625,LIG3,tf
ENSG00000169756,2,108436166,108632773,196608,1,True,2,0.0011342366536458333,0.006022135416666667,7.62939453125e-05,0.4968312581380208,0.1109619140625,0.31915283203125,0.06582132975260417,0.0011342366536458333,0.006022135416666667,0.007232666015625,0.4968312581380208,0.11395263671875,0.06582132975260417,LIMS1,tf
ENSG00000072163,2,127577227,127773834,196608,-1,True,7,0.009180704752604166,0.016759236653645832,0.018529256184895832,0.17630513509114584,0.12327067057291667,0.5885670979817709,0.06738789876302083,0.009180704752604166,0.018849690755208332,0.044469197591145836,0.17630513509114584,0.15487162272135416,0.06738789876302083,LIMS2,tf
ENSG00000256977,2,109800384,109996991,196608,1,True,9,0.006139119466145833,0.010019938151041666,0.0017954508463541667,0.12038167317708333,0.14103190104166666,0.6895751953125,0.031056722005208332,0.006139119466145833,0.012334187825520834,0.017954508463541668,0.12038167317708333,0.14789835611979166,0.031056722005208332,LIMS3,tf
ENSG00000256671,2,110374513,110571120,196608,-1,True,12,0.006139119466145833,0.009755452473958334,0.0009409586588541666,0.1214752197265625,0.13560994466145834,0.6960245768229166,0.030054728190104168,0.006139119466145833,0.012049357096354166,0.016835530598958332,0.1214752197265625,0.1448974609375,0.030054728190104168,LIMS4,tf
ENSG00000131914,1,26312513,26509120,196608,1,True,10,0.0031890869140625,0.0170135498046875,1.52587890625e-05,0.0759735107421875,0.14190673828125,0.419036865234375,0.342864990234375,0.0031890869140625,0.0170135498046875,0.0202178955078125,0.0759735107421875,0.14257303873697916,0.342864990234375,LIN28A,tf
ENSG00000187772,6,104858803,105055410,196608,1,True,6,0.002288818359375,0.0029195149739583335,0.0,0.5990142822265625,0.031290690104166664,0.3498942057291667,0.014592488606770834,0.002288818359375,0.0029958089192708335,0.005208333333333333,0.5990142822265625,0.044377644856770836,0.014592488606770834,LIN28B,tf
ENSG00000162761,1,165258412,165455019,196608,-1,True,4,0.0013376871744791667,0.003662109375,0.0,0.4950002034505208,0.024017333984375,0.3524169921875,0.123565673828125,0.0013376871744791667,0.003662109375,0.004999796549479167,0.4950002034505208,0.0263671875,0.123565673828125,LMX1A,tf
ENSG00000136944,9,126515624,126712231,196608,1,True,7,0.0063018798828125,0.0259552001953125,1.52587890625e-05,0.4107666015625,0.058904012044270836,0.18369038899739584,0.3143666585286458,0.0063018798828125,0.0259552001953125,0.0322723388671875,0.4107666015625,0.060907999674479164,0.3143666585286458,LMX1B,tf
ENSG00000180318,12,85181916,85378523,196608,1,True,3,0.004974365234375,0.0017852783203125,1.52587890625e-05,0.10291035970052083,0.022404988606770832,0.714385986328125,0.15352376302083334,0.004974365234375,0.0017852783203125,0.00677490234375,0.10291035970052083,0.022404988606770832,0.15352376302083334,ALX1,tf
ENSG00000156150,1,109972369,110168976,196608,-1,True,10,0.0052337646484375,0.004801432291666667,1.52587890625e-05,0.044896443684895836,0.13884989420572916,0.6603190104166666,0.14588419596354166,0.0052337646484375,0.005574544270833333,0.010050455729166666,0.044896443684895836,0.1525115966796875,0.14588419596354166,ALX3,tf
ENSG00000052850,11,44211836,44408443,196608,-1,True,5,0.0062713623046875,0.0228424072265625,1.52587890625e-05,0.22365824381510416,0.07737223307291667,0.5165964762369791,0.1532440185546875,0.0062713623046875,0.0228424072265625,0.0291290283203125,0.22365824381510416,0.07737223307291667,0.1532440185546875,ALX4,tf
ENSG00000185722,17,4165676,4362283,196608,-1,True,7,0.018549601236979168,0.0148162841796875,0.029546101888020832,0.4371693929036458,0.053181966145833336,0.432861328125,0.013875325520833334,0.018549601236979168,0.030721028645833332,0.0629119873046875,0.4371693929036458,0.06305948893229167,0.013875325520833334,ANKFY1,tf
ENSG00000144504,2,240459685,240656292,196608,-1,True,9,0.0172119140625,0.017842610677083332,0.0248260498046875,0.3968048095703125,0.1860504150390625,0.259124755859375,0.09813944498697917,0.0172119140625,0.035039265950520836,0.059880574544270836,0.3968048095703125,0.219696044921875,0.09813944498697917,ANKMY1,tf
ENSG00000106524,7,16547451,16744058,196608,-1,True,6,0.008941650390625,0.007039388020833333,3.0517578125e-05,0.21822611490885416,0.0483245849609375,0.5483652750651041,0.16907246907552084,0.008941650390625,0.009867350260416666,0.016011555989583332,0.21822611490885416,0.055501302083333336,0.16907246907552084,ANKMY2,tf
ENSG00000163516,2,219131502,219328109,196608,1,True,23,0.011388142903645834,0.0036773681640625,0.016047159830729168,0.004038492838541667,0.3076934814453125,0.4951731363932292,0.16198221842447916,0.011388142903645834,0.0057220458984375,0.0311126708984375,0.004038492838541667,0.3081105550130208,0.16198221842447916,ANKZF1,tf
ENSG00000169188,X,54902059,55098666,196608,1,True,8,0.008366902669270834,0.008717854817708334,1.52587890625e-05,0.027287801106770832,0.08513387044270833,0.4691365559895833,0.4013417561848958,0.008366902669270834,0.008717854817708334,0.017100016276041668,0.027287801106770832,0.08514912923177083,0.4013417561848958,APEX2,tf
ENSG00000169621,2,68369281,68565888,196608,1,True,5,0.006846110026041667,0.001129150390625,0.0008951822916666666,0.4911956787109375,0.0599212646484375,0.17586771647135416,0.2641448974609375,0.006846110026041667,0.004486083984375,0.008870442708333334,0.4911956787109375,0.0660858154296875,0.2641448974609375,APLF,tf
ENSG00000137074,9,32903325,33099932,196608,-1,True,9,0.00567626953125,0.038431803385416664,0.03277587890625,0.5426534016927084,0.052851359049479164,0.19963582356770834,0.1279754638671875,0.00567626953125,0.043874104817708336,0.07688395182291667,0.5426534016927084,0.076202392578125,0.1279754638671875,APTX,tf
ENSG00000169083,X,67445717,67642324,196608,1,True,1,0.0091705322265625,0.007232666015625,0.0,0.4869944254557292,0.0041961669921875,0.0,0.4924062093098958,0.0091705322265625,0.007232666015625,0.0164031982421875,0.4869944254557292,0.0041961669921875,0.4924062093098958,AR,tf
ENSG00000186103,3,121469645,121666252,196608,1,True,8,0.0048065185546875,0.020848592122395832,1.52587890625e-05,0.08965555826822917,0.12279256184895833,0.6295522054036459,0.13232930501302084,0.0048065185546875,0.020848592122395832,0.025670369466145832,0.08965555826822917,0.12279256184895833,0.13232930501302084,ARGFX,tf
ENSG00000143437,1,150778296,150974903,196608,-1,True,13,0.012990315755208334,0.0191192626953125,0.007268269856770833,0.3072764078776042,0.13369242350260416,0.4287668863932292,0.09088643391927083,0.012990315755208334,0.022135416666666668,0.039377848307291664,0.3072764078776042,0.139129638671875,0.09088643391927083,ARNT,tf
ENSG00000172379,15,80306078,80502685,196608,1,True,6,0.0031636555989583335,0.0027364095052083335,0.0033976236979166665,0.4910430908203125,0.061238606770833336,0.4384206136067708,0.0,0.0031636555989583335,0.00274658203125,0.009297688802083334,0.4910430908203125,0.08609517415364583,0.0,ARNT2,tf
ENSG00000004848,X,24917662,25114269,196608,-1,True,6,0.008997599283854166,0.006123860677083333,0.0007171630859375,0.048894246419270836,0.042246500651041664,0.8869120279947916,0.006108601888020833,0.008997599283854166,0.006123860677083333,0.015838623046875,0.048894246419270836,0.042246500651041664,0.006108601888020833,ARX,tf
ENSG00000139352,12,102859370,103055977,196608,1,True,4,0.00360107421875,0.009002685546875,1.52587890625e-05,0.0018259684244791667,0.028142293294270832,0.8653920491536459,0.09202067057291667,0.00360107421875,0.009002685546875,0.0126190185546875,0.0018259684244791667,0.029240926106770832,0.09202067057291667,ASCL1,tf
ENSG00000183734,11,2172285,2368892,196608,-1,True,13,0.0029449462890625,0.0045928955078125,1.52587890625e-05,0.003082275390625,0.08059183756510417,0.30548095703125,0.6032918294270834,0.0029449462890625,0.0045928955078125,0.0075531005859375,0.003082275390625,0.08059183756510417,0.6032918294270834,ASCL2,tf
ENSG00000176009,11,8844713,9041320,196608,-1,True,11,0.0027618408203125,0.0004119873046875,1.52587890625e-05,0.02447509765625,0.14180501302083334,0.7856241861979166,0.0449066162109375,0.0027618408203125,0.0004119873046875,0.0031890869140625,0.02447509765625,0.14180501302083334,0.0449066162109375,ASCL3,tf
ENSG00000187855,12,107676400,107873007,196608,1,True,6,0.00262451171875,0.007232666015625,1.52587890625e-05,0.0,0.0854644775390625,0.4927978515625,0.411865234375,0.00262451171875,0.007232666015625,0.0098724365234375,0.0,0.0854644775390625,0.411865234375,ASCL4,tf
ENSG00000232237,1,201028881,201225488,196608,-1,True,6,0.003143310546875,0.007197062174479167,1.52587890625e-05,0.056996663411458336,0.13294474283854166,0.6594696044921875,0.14023335774739584,0.003143310546875,0.007197062174479167,0.010355631510416666,0.056996663411458336,0.13294474283854166,0.14023335774739584,ASCL5,tf
ENSG00000115966,2,175069900,175266507,196608,-1,True,10,0.008138020833333334,0.022028605143229168,0.0037740071614583335,0.45501708984375,0.036346435546875,0.2219390869140625,0.2527567545572917,0.008138020833333334,0.028961181640625,0.033940633138020836,0.45501708984375,0.041600545247395836,0.2527567545572917,ATF2,tf
ENSG00000170653,12,53528079,53724686,196608,-1,True,7,0.0053558349609375,0.0032552083333333335,0.0016072591145833333,0.4899241129557292,0.07780965169270833,0.24182637532552084,0.1802215576171875,0.0053558349609375,0.00421142578125,0.010218302408854166,0.4899241129557292,0.09067789713541667,0.1802215576171875,ATF7,tf
ENSG00000145220,4,4191851,4388458,196608,-1,True,6,0.0057830810546875,0.006825764973958333,0.0016276041666666667,0.10084025065104167,0.07354736328125,0.6238301595052084,0.1875457763671875,0.0057830810546875,0.006825764973958333,0.0142364501953125,0.10084025065104167,0.07354736328125,0.1875457763671875,LYAR,tf
ENSG00000104903,19,13004555,13201162,196608,-1,True,17,0.0042724609375,0.006306966145833333,0.005284627278645833,0.005137125651041667,0.15320841471354166,0.7923024495442709,0.033487955729166664,0.0042724609375,0.006810506184895833,0.015864054361979168,0.005137125651041667,0.15320841471354166,0.033487955729166664,LYL1,tf
ENSG00000178573,16,79502434,79699041,196608,-1,True,7,0.006312052408854167,0.029256184895833332,3.0517578125e-05,0.0401611328125,0.056218465169270836,0.5015869140625,0.3664347330729167,0.006312052408854167,0.029719034830729168,0.0355987548828125,0.0401611328125,0.0575714111328125,0.3664347330729167,MAF,tf
ENSG00000182759,8,143332429,143529036,196608,-1,True,6,0.0053863525390625,0.008173624674479166,0.0008138020833333334,0.044377644856770836,0.07262674967447917,0.678070068359375,0.1905517578125,0.0053863525390625,0.008173624674479166,0.014373779296875,0.044377644856770836,0.07262674967447917,0.1905517578125,MAFA,tf
ENSG00000204103,20,40590933,40787540,196608,-1,True,4,0.0049285888671875,0.012293497721354166,1.52587890625e-05,0.0,0.035614013671875,0.4402211507161458,0.506927490234375,0.0049285888671875,0.012293497721354166,0.017237345377604168,0.0,0.035614013671875,0.506927490234375,MAFB,tf
ENSG00000185022,22,38103690,38300297,196608,1,True,10,0.00250244140625,0.015970865885416668,0.011693318684895834,0.049916585286458336,0.2191314697265625,0.59967041015625,0.10111490885416667,0.00250244140625,0.016230265299479168,0.0301666259765625,0.049916585286458336,0.22374979654947916,0.10111490885416667,MAFF,tf
ENSG00000197063,17,81829432,82026039,196608,-1,True,30,0.002471923828125,0.038508097330729164,1.52587890625e-05,0.007151285807291667,0.3661651611328125,0.430450439453125,0.15523783365885416,0.002471923828125,0.038508097330729164,0.040995279947916664,0.007151285807291667,0.3695627848307292,0.15523783365885416,MAFG,tf
ENSG00000198517,7,1432398,1629005,196608,1,True,14,0.0023854573567708335,0.035390218098958336,1.0172526041666666e-05,0.025019327799479168,0.22963460286458334,0.4721628824869792,0.2353973388671875,0.0023854573567708335,0.035390218098958336,0.037785847981770836,0.025019327799479168,0.2359619140625,0.2353973388671875,MAFK,tf
ENSG00000015479,5,139195436,139392043,196608,1,True,13,0.0142669677734375,0.027501424153645832,0.030629475911458332,0.22222900390625,0.06085205078125,0.5857645670572916,0.058756510416666664,0.0142669677734375,0.02886962890625,0.07239786783854167,0.22222900390625,0.08766682942708333,0.058756510416666664,MATR3,tf
ENSG00000125952,14,65004214,65200821,196608,-1,True,8,0.004948933919270833,0.025171915690104168,0.0017038981119791667,0.4591115315755208,0.034342447916666664,0.4741719563802083,0.00054931640625,0.004948933919270833,0.028294881184895832,0.031824747721354164,0.4591115315755208,0.058888753255208336,0.00054931640625,MAX,tf
ENSG00000103495,16,29708225,29904832,196608,1,True,25,0.010701497395833334,0.006368001302083333,0.00079345703125,0.007868448893229166,0.23615519205729166,0.3645579020182292,0.3735555013020833,0.010701497395833334,0.009882609049479166,0.017862955729166668,0.007868448893229166,0.2503306070963542,0.3735555013020833,MAZ,tf
ENSG00000141644,18,50183220,50379827,196608,-1,True,13,0.011301676432291666,0.025426228841145832,0.004175821940104167,0.0359039306640625,0.0614471435546875,0.5918121337890625,0.2699330647786458,0.011301676432291666,0.028539021809895832,0.040903727213541664,0.0359039306640625,0.0614471435546875,0.2699330647786458,MBD1,tf
ENSG00000152601,3,152170625,152367232,196608,1,True,5,0.0013885498046875,0.015172322591145834,0.004847208658854167,0.60626220703125,0.010228474934895834,0.16780598958333334,0.19429524739583334,0.0013885498046875,0.015202840169270834,0.0214080810546875,0.60626220703125,0.058848063151041664,0.19429524739583334,MBNL1,tf
ENSG00000139793,13,97124029,97320636,196608,1,True,5,0.000885009765625,0.008885701497395834,0.0,0.4948018391927083,0.041819254557291664,0.2865549723307292,0.16705322265625,0.000885009765625,0.008885701497395834,0.009770711263020834,0.4948018391927083,0.047948201497395836,0.16705322265625,MBNL2,tf
ENSG00000076770,X,132390735,132587342,196608,-1,True,2,0.0043182373046875,0.010579427083333334,0.0,0.4898834228515625,0.0005442301432291666,0.0,0.4946746826171875,0.0043182373046875,0.011845906575520834,0.014897664388020834,0.4898834228515625,0.016057332356770832,0.4946746826171875,MBNL3,tf
ENSG00000135679,12,68709873,68906480,196608,1,True,8,0.009007771809895834,0.031285603841145836,0.0019632975260416665,0.14781697591145834,0.191802978515625,0.5504353841145834,0.06768798828125,0.009007771809895834,0.038106282552083336,0.042256673177083336,0.14781697591145834,0.19993082682291666,0.06768798828125,MDM2,tf
ENSG00000198625,1,204418102,204614709,196608,1,True,7,0.008127848307291666,0.046966552734375,0.003173828125,0.15409342447916666,0.0619659423828125,0.42132568359375,0.3043467203776042,0.008127848307291666,0.051946004231770836,0.058268229166666664,0.15409342447916666,0.06627909342447917,0.3043467203776042,MDM4,tf
ENSG00000085276,3,169565409,169762016,196608,-1,True,7,0.0005544026692708334,0.0020497639973958335,0.0,0.4977162679036458,0.016255696614583332,0.005376180013020833,0.4780476888020833,0.0005544026692708334,0.0020497639973958335,0.0026041666666666665,0.4977162679036458,0.0233612060546875,0.4780476888020833,MECOM,tf
ENSG00000143995,2,66336821,66533428,196608,1,True,8,0.005193074544270833,0.0068511962890625,0.01104736328125,0.4854176839192708,0.030436197916666668,0.2822926839192708,0.17876180013020834,0.005193074544270833,0.0070037841796875,0.023091634114583332,0.4854176839192708,0.0523834228515625,0.17876180013020834,MEIS1,tf
ENSG00000134138,15,37002246,37198853,196608,-1,True,2,0.006571451822916667,0.013661702473958334,0.008290608723958334,0.4753316243489583,0.016530354817708332,0.14737447102864584,0.3322397867838542,0.006571451822916667,0.017130533854166668,0.028523763020833332,0.4753316243489583,0.023681640625,0.3322397867838542,MEIS2,tf
ENSG00000105419,19,47321224,47517831,196608,-1,True,11,0.0092315673828125,0.0100250244140625,0.0095062255859375,0.0546875,0.18593851725260416,0.5137736002604166,0.21683756510416666,0.0092315673828125,0.0100250244140625,0.0287628173828125,0.0546875,0.18593851725260416,0.21683756510416666,MEIS3,tf
ENSG00000005102,17,43563619,43760226,196608,-1,True,11,0.003875732421875,0.009724934895833334,0.0,0.09592692057291667,0.0557708740234375,0.4300181070963542,0.4046834309895833,0.003875732421875,0.010935465494791666,0.013600667317708334,0.09592692057291667,0.0557708740234375,0.4046834309895833,MEOX1,tf
ENSG00000106511,7,15588380,15784987,196608,-1,True,5,0.0048980712890625,0.008097330729166666,1.52587890625e-05,0.371551513671875,0.033162434895833336,0.459197998046875,0.123077392578125,0.0048980712890625,0.008097330729166666,0.013010660807291666,0.371551513671875,0.0522003173828125,0.123077392578125,MEOX2,tf
ENSG00000166823,15,89652946,89849553,196608,-1,True,14,0.00408935546875,0.0014597574869791667,1.52587890625e-05,0.0014292399088541667,0.14870198567708334,0.6963399251302084,0.1479644775390625,0.00408935546875,0.0014597574869791667,0.005564371744791667,0.0014292399088541667,0.14870198567708334,0.1479644775390625,MESP1,tf
ENSG00000188095,15,89678028,89874635,196608,1,True,14,0.0062103271484375,0.0029754638671875,1.52587890625e-05,0.08318583170572917,0.12182108561197917,0.6442667643229166,0.1415252685546875,0.0062103271484375,0.0029754638671875,0.0092010498046875,0.08318583170572917,0.12182108561197917,0.1415252685546875,MESP2,tf
ENSG00000174197,15,41562101,41758708,196608,1,True,4,0.037322998046875,0.0030975341796875,0.015813191731770832,0.6435089111328125,0.05035400390625,0.11833699544270833,0.13156636555989584,0.037322998046875,0.016504923502604168,0.056233723958333336,0.6435089111328125,0.054448445638020836,0.13156636555989584,MGA,tf
ENSG00000101752,18,21642488,21839095,196608,1,True,11,0.009979248046875,0.0040283203125,0.0075531005859375,0.66070556640625,0.027150472005208332,0.2470550537109375,0.043528238932291664,0.009979248046875,0.0040283203125,0.0215606689453125,0.66070556640625,0.060658772786458336,0.043528238932291664,MIB1,tf
ENSG00000197530,1,1517196,1713803,196608,1,True,20,0.018335978190104168,0.020284016927083332,0.015263875325520834,0.023310343424479168,0.24679056803385416,0.6057281494140625,0.07028706868489583,0.018335978190104168,0.034403483072916664,0.053883870442708336,0.023310343424479168,0.24863179524739584,0.07028706868489583,MIB2,tf
ENSG00000187098,3,69641160,69837767,196608,1,True,4,0.001312255859375,0.004277547200520833,0.0024261474609375,0.4967041015625,0.010309855143229166,0.059773763020833336,0.4251963297526042,0.001312255859375,0.0048065185546875,0.008015950520833334,0.4967041015625,0.011769612630208334,0.4251963297526042,MITF,tf
ENSG00000185155,1,226125360,226321967,196608,1,True,8,0.003662109375,0.006673177083333333,1.52587890625e-05,0.007161458333333333,0.0625152587890625,0.7961629231770834,0.123809814453125,0.003662109375,0.006673177083333333,0.010350545247395834,0.007161458333333333,0.0625152587890625,0.123809814453125,MIXL1,tf
ENSG00000133606,7,140381202,140577809,196608,-1,True,6,0.008961995442708334,0.01739501953125,0.0037180582682291665,0.1048126220703125,0.056147257486979164,0.6506195068359375,0.15834554036458334,0.008961995442708334,0.0242919921875,0.0300750732421875,0.1048126220703125,0.056147257486979164,0.15834554036458334,MKRN1,tf
ENSG00000075975,3,12458783,12655390,196608,1,True,7,0.009267171223958334,0.025075276692708332,0.017939249674479168,0.09618123372395833,0.1553192138671875,0.5860036214192709,0.1102142333984375,0.009267171223958334,0.030125935872395832,0.052281697591145836,0.09618123372395833,0.17820231119791666,0.1102142333984375,MKRN2,tf
ENSG00000179455,15,23467370,23663977,196608,1,True,6,0.008433024088541666,0.027781168619791668,1.52587890625e-05,0.2913360595703125,0.040410359700520836,0.4672139485677083,0.1648101806640625,0.008433024088541666,0.030766805013020832,0.036229451497395836,0.2913360595703125,0.051946004231770836,0.1648101806640625,MKRN3,tf
ENSG00000150051,10,27647516,27844123,196608,-1,True,4,0.005742390950520833,0.0189361572265625,1.52587890625e-05,0.3475545247395833,0.013819376627604166,0.4473622639973958,0.16657002766927084,0.005742390950520833,0.0189361572265625,0.024693806966145832,0.3475545247395833,0.0146484375,0.16657002766927084,MKX,tf
ENSG00000108788,17,42468796,42665403,196608,1,True,24,0.0052337646484375,0.0085906982421875,0.007817586263020834,0.009730021158854166,0.2227783203125,0.6764780680338541,0.06937154134114583,0.0052337646484375,0.0085906982421875,0.021642049153645832,0.009730021158854166,0.22672017415364584,0.06937154134114583,MLX,tf
ENSG00000175727,12,121980452,122177059,196608,1,True,6,0.015436808268229166,0.0430908203125,0.012491861979166666,0.2782999674479167,0.0710296630859375,0.4019012451171875,0.1777496337890625,0.015436808268229166,0.044687906901041664,0.07101949055989583,0.2782999674479167,0.0710296630859375,0.1777496337890625,MLXIP,tf
ENSG00000009950,7,73526219,73722826,196608,-1,True,9,0.014185587565104166,0.0052490234375,0.005350748697916667,0.134796142578125,0.09792073567708333,0.2870737711588542,0.4554239908854167,0.014185587565104166,0.008692423502604166,0.024785359700520832,0.134796142578125,0.10931905110677083,0.4554239908854167,MLXIPL,tf
ENSG00000070444,17,2302757,2499364,196608,-1,True,15,0.008880615234375,0.016571044921875,0.0189971923828125,0.0423736572265625,0.14798482259114584,0.7407938639322916,0.0243988037109375,0.008880615234375,0.017140706380208332,0.0444488525390625,0.0423736572265625,0.15340169270833334,0.0243988037109375,MNT,tf
ENSG00000130675,7,156912360,157108967,196608,-1,True,9,0.008570353190104166,0.007787068684895833,0.005076090494791667,0.0630645751953125,0.07659403483072917,0.377593994140625,0.4613138834635417,0.008570353190104166,0.008768717447916666,0.021433512369791668,0.0630645751953125,0.08025614420572917,0.4613138834635417,MNX1,tf
ENSG00000114487,3,109019831,109216438,196608,-1,True,4,0.0086669921875,0.0003814697265625,0.0,0.4909515380859375,0.056884765625,0.31536865234375,0.12774658203125,0.0086669921875,0.0003814697265625,0.0090484619140625,0.4909515380859375,0.060460408528645836,0.12774658203125,MORC1,tf
ENSG00000133422,22,30870471,31067078,196608,-1,True,16,0.01678466796875,0.019856770833333332,0.020050048828125,0.16686503092447916,0.1810760498046875,0.23830159505208334,0.3570658365885417,0.01678466796875,0.024678548177083332,0.056691487630208336,0.16686503092447916,0.19211324055989584,0.3570658365885417,MORC2,tf
ENSG00000159256,21,36221893,36418500,196608,1,True,6,0.015228271484375,0.009256998697916666,0.008107503255208334,0.3028971354166667,0.06887308756510417,0.4685516357421875,0.12708536783854166,0.015228271484375,0.010167439778645834,0.0325927734375,0.3028971354166667,0.078399658203125,0.12708536783854166,MORC3,tf
ENSG00000133131,X,106901909,107098516,196608,-1,True,5,0.014556884765625,0.0052337646484375,0.0015513102213541667,0.4788716634114583,0.0916290283203125,0.16137186686197916,0.24678548177083334,0.014556884765625,0.005589803059895833,0.021341959635416668,0.4788716634114583,0.1136322021484375,0.24678548177083334,MORC4,tf
ENSG00000178860,8,71746109,71942716,196608,-1,True,7,0.003143310546875,0.007258097330729167,0.0004730224609375,0.0041046142578125,0.023468017578125,0.790252685546875,0.17130025227864584,0.003143310546875,0.007258097330729167,0.010874430338541666,0.0041046142578125,0.02838134765625,0.17130025227864584,MSC,tf
ENSG00000166343,10,73335258,73531865,196608,-1,True,9,0.00701904296875,0.005304972330729167,0.0,0.0384521484375,0.12139383951822917,0.6918690999348959,0.13596089680989584,0.00701904296875,0.007354736328125,0.012324015299479166,0.0384521484375,0.12139383951822917,0.13596089680989584,MSS51,tf
ENSG00000163132,4,4761361,4957968,196608,1,True,11,0.0046234130859375,0.005228678385416667,0.0009358723958333334,0.0109405517578125,0.045934041341145836,0.5701141357421875,0.3622233072916667,0.0046234130859375,0.005228678385416667,0.0107879638671875,0.0109405517578125,0.045934041341145836,0.3622233072916667,MSX1,tf
ENSG00000120149,5,174626278,174822885,196608,1,True,5,0.004191080729166667,0.007105509440104167,1.52587890625e-05,0.020807902018229168,0.018834431966145832,0.3659922281901042,0.5830535888671875,0.004191080729166667,0.009251912434895834,0.011311848958333334,0.020807902018229168,0.018834431966145832,0.5830535888671875,MSX2,tf
ENSG00000182979,14,105321523,105518130,196608,1,True,12,0.013310750325520834,0.004450480143229167,0.019800821940104168,0.2214813232421875,0.19762166341145834,0.4209543863932292,0.12238057454427083,0.013310750325520834,0.015446980794270834,0.037562052408854164,0.2214813232421875,0.2012176513671875,0.12238057454427083,MTA1,tf
ENSG00000149480,11,62503562,62700169,196608,-1,True,27,0.01019287109375,0.007268269856770833,0.00421142578125,0.022333780924479168,0.3282216389973958,0.5435282389322916,0.0842437744140625,0.01019287109375,0.009765625,0.021672566731770832,0.022333780924479168,0.3296763102213542,0.0842437744140625,MTA2,tf
ENSG00000057935,2,42470328,42666935,196608,1,True,4,0.003992716471354167,0.007588704427083333,0.0039011637369791665,0.8612213134765625,0.005828857421875,0.1144866943359375,0.0029805501302083335,0.003992716471354167,0.010533650716145834,0.015482584635416666,0.8612213134765625,0.012837727864583334,0.0029805501302083335,MTA3,tf
ENSG00000188786,1,37761289,37957896,196608,-1,True,19,0.0114898681640625,0.0301055908203125,0.0002797444661458333,0.212646484375,0.123046875,0.5520579020182291,0.07037353515625,0.0114898681640625,0.0301055908203125,0.041875203450520836,0.212646484375,0.12656148274739584,0.07037353515625,MTF1,tf
ENSG00000100330,22,29784870,29981477,196608,1,True,2,0.001068115234375,0.006429036458333333,0.0018056233723958333,0.4908650716145833,0.031534830729166664,0.2212371826171875,0.24706013997395834,0.001068115234375,0.007481892903645833,0.009302775065104166,0.4908650716145833,0.032079060872395836,0.24706013997395834,MTMR3,tf
ENSG00000108389,17,58416335,58612942,196608,-1,True,8,0.019032796223958332,0.016743977864583332,0.0028025309244791665,0.10575358072916667,0.13030497233072916,0.7129974365234375,0.012364705403645834,0.019032796223958332,0.0177764892578125,0.038579305013020836,0.10575358072916667,0.14426167805989584,0.012364705403645834,MTMR4,tf
ENSG00000059728,2,69816805,70013412,196608,1,True,12,0.003509521484375,0.027613321940104168,0.0011800130208333333,0.1978912353515625,0.13566080729166666,0.511138916015625,0.12300618489583333,0.003509521484375,0.0294036865234375,0.0323028564453125,0.1978912353515625,0.1453399658203125,0.12300618489583333,MXD1,tf
ENSG00000213347,5,177213595,177410202,196608,-1,True,13,0.00592041015625,0.010009765625,0.009333292643229166,0.032196044921875,0.22151692708333334,0.6220855712890625,0.09893798828125,0.00592041015625,0.013224283854166666,0.025263468424479168,0.032196044921875,0.24014790852864584,0.09893798828125,MXD3,tf
ENSG00000123933,4,2163806,2360413,196608,-1,True,11,0.0038960774739583335,0.016794840494791668,0.0142974853515625,0.039698282877604164,0.10022481282552083,0.7641347249348959,0.060953776041666664,0.0038960774739583335,0.0184326171875,0.0349884033203125,0.039698282877604164,0.10502115885416667,0.060953776041666664,MXD4,tf
ENSG00000119950,10,110109301,110305908,196608,1,True,9,0.005701700846354167,0.0224151611328125,0.0019276936848958333,0.375640869140625,0.06660970052083333,0.17242940266927084,0.3552754720052083,0.005701700846354167,0.025522867838541668,0.0300445556640625,0.375640869140625,0.07839457194010417,0.3552754720052083,MXI1,tf
ENSG00000136997,8,127637927,127834534,196608,1,True,5,0.011454264322916666,0.015736897786458332,0.0038808186848958335,0.007166544596354167,0.07869974772135417,0.5801747639973959,0.302886962890625,0.011454264322916666,0.022252400716145832,0.031071980794270832,0.007166544596354167,0.0851593017578125,0.302886962890625,MYC,tf
ENSG00000116990,1,39803614,40000221,196608,-1,True,10,0.006632486979166667,0.0186004638671875,3.0517578125e-05,0.009470621744791666,0.09000142415364583,0.4223276774088542,0.4529368082682292,0.006632486979166667,0.0190582275390625,0.025263468424479168,0.009470621744791666,0.0961151123046875,0.4529368082682292,MYCL,tf
ENSG00000134323,2,15842246,16038853,196608,1,True,9,0.007878621419270834,0.018046061197916668,0.0007222493489583334,0.017232259114583332,0.040074666341145836,0.3279469807942708,0.5880991617838541,0.007878621419270834,0.0188446044921875,0.026646931966145832,0.017232259114583332,0.057347615559895836,0.5880991617838541,MYCN,tf
ENSG00000111049,12,80618608,80815215,196608,1,True,6,0.0038909912109375,0.003926595052083333,1.52587890625e-05,0.006205240885416667,0.09075419108072917,0.6000417073567709,0.295166015625,0.0038909912109375,0.003926595052083333,0.007832845052083334,0.006205240885416667,0.09075419108072917,0.295166015625,MYF5,tf
ENSG00000111046,12,80609330,80805937,196608,1,True,6,0.003692626953125,0.00347900390625,1.52587890625e-05,0.0026041666666666665,0.0839080810546875,0.6111348470052084,0.295166015625,0.003692626953125,0.00347900390625,0.0071868896484375,0.0026041666666666665,0.0839080810546875,0.295166015625,MYF6,tf
ENSG00000085274,3,169675092,169871699,196608,1,True,15,0.0094757080078125,0.0189056396484375,1.52587890625e-05,0.054712931315104164,0.0967864990234375,0.3446299235026042,0.4754740397135417,0.0094757080078125,0.026219685872395832,0.0283966064453125,0.054712931315104164,0.11277262369791667,0.4754740397135417,MYNN,tf
ENSG00000129152,11,17621267,17817874,196608,1,True,5,0.0048828125,0.0042724609375,1.52587890625e-05,0.0038808186848958335,0.09696451822916667,0.7137400309244791,0.17624409993489584,0.0048828125,0.0042724609375,0.0091705322265625,0.0038808186848958335,0.09696451822916667,0.17624409993489584,MYOD1,tf
ENSG00000122180,1,202987709,203184316,196608,-1,True,11,0.00384521484375,0.004236857096354167,1.52587890625e-05,0.0065765380859375,0.14405314127604166,0.6854349772135416,0.1558380126953125,0.00384521484375,0.004236857096354167,0.008097330729166666,0.0065765380859375,0.14405314127604166,0.1558380126953125,MYOG,tf
ENSG00000196132,20,64066148,64262755,196608,1,True,9,0.018864949544270832,0.016596476236979168,0.0020548502604166665,0.6747233072916666,0.08999125162760417,0.12374369303385417,0.07402547200520833,0.018864949544270832,0.017206827799479168,0.037516276041666664,0.6747233072916666,0.11295572916666667,0.07402547200520833,MYT1,tf
ENSG00000186487,2,2232972,2429579,196608,-1,True,4,0.0,0.00909423828125,0.026407877604166668,0.4664764404296875,0.0106353759765625,0.010396321614583334,0.47698974609375,0.0,0.00909423828125,0.035502115885416664,0.4664764404296875,0.027135213216145832,0.47698974609375,MYT1L,tf
ENSG00000099326,19,58475032,58617616,142585,-1,True,20,0.01579408773713925,0.017056492618438123,0.023340463583125855,0.025746046218045375,0.31448609601290456,0.46811375670652594,0.13546305712382087,0.01579408773713925,0.024665988708489673,0.05619104393870323,0.025746046218045375,0.3313321878177929,0.13546305712382087,MZF1,tf
ENSG00000111704,12,7691098,7887705,196608,1,True,14,0.0047760009765625,0.022755940755208332,1.52587890625e-05,0.0301971435546875,0.09393819173177083,0.5272420247395834,0.321075439453125,0.0047760009765625,0.023096720377604168,0.027547200520833332,0.0301971435546875,0.09393819173177083,0.321075439453125,NANOG,tf
ENSG00000255192,15,34986992,35183599,196608,-1,True,9,0.0046539306640625,0.004923502604166667,1.52587890625e-05,0.0,0.048380533854166664,0.7082112630208334,0.23381551106770834,0.0046539306640625,0.004923502604166667,0.009592692057291666,0.0,0.048380533854166664,0.23381551106770834,NANOGP8,tf
ENSG00000188613,10,118931410,119128017,196608,1,True,9,0.00445556640625,0.015960693359375,1.52587890625e-05,0.0,0.06708272298177083,0.7992197672526041,0.1132659912109375,0.00445556640625,0.015960693359375,0.0204315185546875,0.0,0.06739298502604167,0.1132659912109375,NANOS1,tf
ENSG00000188425,19,45816475,46013082,196608,-1,True,11,0.002105712890625,0.005839029947916667,1.52587890625e-05,0.0,0.16538492838541666,0.55950927734375,0.2671457926432292,0.002105712890625,0.005839029947916667,0.007960001627604166,0.0,0.16538492838541666,0.2671457926432292,NANOS2,tf
ENSG00000187556,19,13778830,13975437,196608,1,True,23,0.0029296875,0.0018768310546875,0.00079345703125,0.08948771158854167,0.24985758463541666,0.482330322265625,0.17272440592447916,0.0029296875,0.0018768310546875,0.0055999755859375,0.08948771158854167,0.2534535725911458,0.17272440592447916,NANOS3,tf
ENSG00000188554,17,43072910,43269517,196608,1,True,18,0.0155181884765625,0.018178304036458332,0.0153656005859375,0.16137186686197916,0.1660003662109375,0.6233011881510416,0.0002644856770833333,0.0155181884765625,0.018580118815104168,0.049062093098958336,0.16137186686197916,0.17071024576822916,0.0002644856770833333,NBR1,tf
ENSG00000084676,2,24392950,24589557,196608,1,True,3,0.0,0.0110321044921875,0.0,0.4903004964192708,0.029942830403645832,0.4027608235677083,0.0659637451171875,0.0,0.0110321044921875,0.0110321044921875,0.4903004964192708,0.030497233072916668,0.0659637451171875,NCOA1,tf
ENSG00000140396,8,70305505,70502112,196608,-1,True,6,0.0,0.008173624674479166,0.0,0.4937744140625,0.035273234049479164,0.057398478190104164,0.4053802490234375,0.0,0.008173624674479166,0.008173624674479166,0.4937744140625,0.03790283203125,0.4053802490234375,NCOA2,tf
ENSG00000124151,20,47403583,47600190,196608,1,True,7,0.0,0.0034281412760416665,0.0,0.4966888427734375,0.0213470458984375,0.3751017252604167,0.10343424479166667,0.0,0.0034281412760416665,0.0034281412760416665,0.4966888427734375,0.0213470458984375,0.10343424479166667,NCOA3,tf
ENSG00000109674,4,177211570,177408177,196608,1,True,6,0.009485880533854166,0.005645751953125,1.52587890625e-05,0.2548166910807292,0.032353719075520836,0.4573872884114583,0.24029541015625,0.009485880533854166,0.009379069010416666,0.015146891276041666,0.2548166910807292,0.036183675130208336,0.24029541015625,NEIL3,tf
ENSG00000162992,2,181582214,181778821,196608,-1,True,8,0.00543212890625,0.008021036783854166,0.028294881184895832,0.021998087565104168,0.0392913818359375,0.571807861328125,0.3251546223958333,0.00543212890625,0.008021036783854166,0.041748046875,0.021998087565104168,0.040491739908854164,0.3251546223958333,NEUROD1,tf
ENSG00000171532,17,39509617,39706224,196608,-1,True,14,0.005828857421875,0.012303670247395834,0.013615926106770834,0.0,0.1654205322265625,0.5852457682291666,0.21758524576822916,0.005828857421875,0.012303670247395834,0.031748453776041664,0.0,0.16956583658854166,0.21758524576822916,NEUROD2,tf
ENSG00000123307,12,54921670,55118277,196608,1,True,7,0.0050506591796875,0.0149078369140625,1.52587890625e-05,0.0311126708984375,0.060465494791666664,0.3795522054036458,0.5088958740234375,0.0050506591796875,0.0149078369140625,0.0199737548828125,0.0311126708984375,0.06617228190104167,0.5088958740234375,NEUROD4,tf
ENSG00000164600,7,31242423,31439030,196608,-1,True,5,0.0051422119140625,0.0048065185546875,1.52587890625e-05,0.006627400716145833,0.0178070068359375,0.05438232421875,0.9112192789713541,0.0051422119140625,0.0048065185546875,0.0099639892578125,0.006627400716145833,0.0178070068359375,0.9112192789713541,NEUROD6,tf
ENSG00000181965,5,135437661,135634268,196608,-1,True,8,0.0036163330078125,0.0049285888671875,1.52587890625e-05,0.0,0.062098185221354164,0.8107554117838541,0.11858622233072917,0.0036163330078125,0.0049285888671875,0.0085601806640625,0.0,0.062098185221354164,0.11858622233072917,NEUROG1,tf
ENSG00000178403,4,112417877,112614484,196608,-1,True,8,0.004150390625,0.00750732421875,1.52587890625e-05,0.0018819173177083333,0.09596761067708333,0.8140818277994791,0.07639567057291667,0.004150390625,0.00750732421875,0.0116729736328125,0.0018819173177083333,0.10108439127604167,0.07639567057291667,NEUROG2,tf
ENSG00000122859,10,69475119,69671726,196608,-1,True,11,0.003265380859375,0.006525675455729167,1.52587890625e-05,0.0005035400390625,0.08005269368489583,0.322662353515625,0.58697509765625,0.003265380859375,0.006525675455729167,0.009806315104166666,0.0005035400390625,0.08599853515625,0.58697509765625,NEUROG3,tf
ENSG00000086102,9,33192212,33388819,196608,1,True,7,0.017486572265625,0.015370686848958334,0.007568359375,0.3738250732421875,0.0726318359375,0.2960154215494792,0.21710205078125,0.017486572265625,0.015370686848958334,0.040425618489583336,0.3738250732421875,0.07427978515625,0.21710205078125,NFX1,tf
ENSG00000170448,4,47816280,48012887,196608,-1,True,5,0.0145111083984375,0.007395426432291667,0.0017598470052083333,0.3193257649739583,0.047907511393229164,0.609100341796875,0.0,0.0145111083984375,0.010721842447916666,0.0236663818359375,0.3193257649739583,0.07626851399739583,0.0,NFXL1,tf
ENSG00000001167,6,40974670,41171277,196608,1,True,12,0.0052947998046875,0.0565643310546875,1.52587890625e-05,0.08795674641927083,0.1284332275390625,0.6793619791666666,0.0423736572265625,0.0052947998046875,0.0565643310546875,0.0618743896484375,0.08795674641927083,0.13828531901041666,0.0423736572265625,NFYA,tf
ENSG00000120837,12,104039907,104236514,196608,-1,True,8,0.003204345703125,0.028081258138020832,0.003662109375,0.07268778483072917,0.06601969401041667,0.549224853515625,0.2771199544270833,0.003204345703125,0.028111775716145832,0.034947713216145836,0.07268778483072917,0.0666351318359375,0.2771199544270833,NFYB,tf
ENSG00000066136,1,40593400,40790007,196608,1,True,7,0.008138020833333334,0.0387420654296875,0.008819580078125,0.3513895670572917,0.06473286946614583,0.3235371907552083,0.20464070638020834,0.008138020833333334,0.03924560546875,0.055699666341145836,0.3513895670572917,0.0682830810546875,0.20464070638020834,NFYC,tf
ENSG00000171786,1,160268767,160465374,196608,1,True,11,0.0020294189453125,0.010960896809895834,1.52587890625e-05,0.0163726806640625,0.20949300130208334,0.3929646809895833,0.3681640625,0.0020294189453125,0.010960896809895834,0.013005574544270834,0.0163726806640625,0.20949300130208334,0.3681640625,NHLH1,tf
ENSG00000177551,1,115742823,115939430,196608,-1,True,5,0.0020599365234375,0.036280314127604164,1.52587890625e-05,0.0,0.060557047526041664,0.5957743326822916,0.3053131103515625,0.0020599365234375,0.036280314127604164,0.038355509440104164,0.0,0.061335245768229164,0.3053131103515625,NHLH2,tf
ENSG00000235608,4,1308139,1504746,196608,-1,True,8,0.0068359375,0.0,1.52587890625e-05,0.011006673177083334,0.15204366048177084,0.3830769856770833,0.447021484375,0.0068359375,0.0,0.0068511962890625,0.011006673177083334,0.15204366048177084,0.447021484375,NKX1-1,tf
ENSG00000229544,10,124351732,124548339,196608,-1,True,5,0.004730224609375,0.011586507161458334,1.52587890625e-05,0.008046468098958334,0.045649210611979164,0.551177978515625,0.3787943522135417,0.004730224609375,0.011586507161458334,0.016331990559895832,0.008046468098958334,0.053914388020833336,0.3787943522135417,NKX1-2,tf
ENSG00000136352,14,36421929,36618536,196608,-1,True,9,0.0061187744140625,0.0099639892578125,1.52587890625e-05,0.0081024169921875,0.07319132486979167,0.9026082356770834,0.0,0.0061187744140625,0.0104217529296875,0.0160980224609375,0.0081024169921875,0.079742431640625,0.0,NKX2-1,tf
ENSG00000125820,20,21415761,21612368,196608,-1,True,11,0.0041656494140625,0.006617228190104167,1.52587890625e-05,0.004704793294270833,0.06758626302083333,0.3300628662109375,0.5868479410807291,0.0041656494140625,0.006617228190104167,0.010798136393229166,0.004704793294270833,0.07796223958333333,0.5868479410807291,NKX2-2,tf
ENSG00000119919,10,99434638,99631245,196608,1,True,7,0.00555419921875,0.0050506591796875,1.52587890625e-05,0.007603963216145833,0.08865865071614583,0.47088623046875,0.4222310384114583,0.00555419921875,0.0050506591796875,0.0106201171875,0.007603963216145833,0.08865865071614583,0.4222310384114583,NKX2-3,tf
ENSG00000125816,20,21299223,21495830,196608,-1,True,7,0.005401611328125,0.0034230550130208335,1.52587890625e-05,0.0021565755208333335,0.041788736979166664,0.4336598714192708,0.5135548909505209,0.005401611328125,0.0034230550130208335,0.008839925130208334,0.0021565755208333335,0.043019612630208336,0.5135548909505209,NKX2-4,tf
ENSG00000183072,5,173136903,173333510,196608,-1,True,15,0.006032307942708333,0.004353841145833333,3.0517578125e-05,0.0058746337890625,0.1173858642578125,0.3870391845703125,0.4792836507161458,0.006032307942708333,0.006571451822916667,0.010416666666666666,0.0058746337890625,0.1173858642578125,0.4792836507161458,NKX2-5,tf
ENSG00000180053,8,23608453,23805060,196608,-1,True,7,0.0045928955078125,0.004419962565104167,1.52587890625e-05,0.016489664713541668,0.055694580078125,0.4683837890625,0.4504038492838542,0.0045928955078125,0.004419962565104167,0.009028116861979166,0.016489664713541668,0.056081136067708336,0.4504038492838542,NKX2-6,tf
ENSG00000136327,14,36484311,36680918,196608,-1,True,11,0.0036468505859375,0.005711873372395833,1.52587890625e-05,0.00390625,0.11925760904947917,0.867462158203125,0.0,0.0036468505859375,0.005711873372395833,0.009373982747395834,0.00390625,0.11925760904947917,0.0,NKX2-8,tf
ENSG00000167034,8,23584635,23781242,196608,-1,True,8,0.003570556640625,0.013086954752604166,1.52587890625e-05,0.004903157552083333,0.047724405924479164,0.438934326171875,0.4917653401692708,0.003570556640625,0.013086954752604166,0.016672770182291668,0.004903157552083333,0.048390706380208336,0.4917653401692708,NKX3-1,tf
ENSG00000109705,4,13446205,13642812,196608,-1,True,9,0.0050811767578125,0.0063934326171875,1.52587890625e-05,0.007222493489583333,0.11963399251302083,0.58892822265625,0.2727254231770833,0.0050811767578125,0.0063934326171875,0.0114898681640625,0.007222493489583333,0.11963399251302083,0.2727254231770833,NKX3-2,tf
ENSG00000163623,4,84400989,84597596,196608,-1,True,6,0.0055999755859375,0.014373779296875,1.52587890625e-05,0.017181396484375,0.027964274088541668,0.6312408447265625,0.3036244710286458,0.0055999755859375,0.015146891276041666,0.019989013671875,0.017181396484375,0.027964274088541668,0.3036244710286458,NKX6-1,tf
ENSG00000148826,10,132687844,132884451,196608,-1,True,3,0.0042266845703125,0.009836832682291666,2.5431315104166668e-05,0.0010121663411458333,0.044942220052083336,0.8268178304036459,0.11313883463541667,0.0042266845703125,0.009836832682291666,0.014088948567708334,0.0010121663411458333,0.046478271484375,0.11313883463541667,NKX6-2,tf
ENSG00000165066,8,41552514,41749121,196608,-1,True,10,0.0048675537109375,0.008143107096354166,1.52587890625e-05,0.015665690104166668,0.1240997314453125,0.7364095052083334,0.11079915364583333,0.0048675537109375,0.008143107096354166,0.013025919596354166,0.015665690104166668,0.1240997314453125,0.11079915364583333,NKX6-3,tf
ENSG00000106410,7,144311924,144508531,196608,-1,True,8,0.010732014973958334,0.0022735595703125,1.52587890625e-05,0.0547943115234375,0.09412129720052083,0.5670013427734375,0.2710622151692708,0.010732014973958334,0.0022735595703125,0.013020833333333334,0.0547943115234375,0.09412129720052083,0.2710622151692708,NOBOX,tf
ENSG00000214513,2,73104270,73300877,196608,1,True,11,0.0038299560546875,0.0085296630859375,1.52587890625e-05,0.038182576497395836,0.12426249186197917,0.58282470703125,0.2423553466796875,0.0038299560546875,0.0085296630859375,0.0123748779296875,0.038182576497395836,0.12426249186197917,0.2423553466796875,NOTO,tf
ENSG00000130751,19,46921533,47118140,196608,1,True,6,0.0099334716796875,0.01116943359375,0.00014241536458333334,0.1199951171875,0.1098785400390625,0.6277109781901041,0.1211700439453125,0.0099334716796875,0.015492757161458334,0.021245320638020832,0.1199951171875,0.113067626953125,0.1211700439453125,NPAS1,tf
ENSG00000170485,2,100721835,100918442,196608,1,True,6,0.0011545817057291667,0.005976359049479167,0.0,0.4931131998697917,0.0199737548828125,0.06504313151041667,0.4147389729817708,0.0011545817057291667,0.0060882568359375,0.007130940755208333,0.4931131998697917,0.023951212565104168,0.4147389729817708,NPAS2,tf
ENSG00000151322,14,32840575,33037182,196608,1,True,4,0.0010579427083333333,0.0045166015625,0.0,0.5172271728515625,0.029134114583333332,0.1019744873046875,0.3460896809895833,0.0010579427083333333,0.0045166015625,0.005574544270833333,0.5172271728515625,0.030522664388020832,0.3460896809895833,NPAS3,tf
ENSG00000174576,11,66322731,66519338,196608,1,True,21,0.012237548828125,0.004404703776041667,0.0006154378255208334,0.0115966796875,0.20007832845052084,0.5417989095052084,0.22926839192708334,0.012237548828125,0.0124969482421875,0.0172576904296875,0.0115966796875,0.20007832845052084,0.22926839192708334,NPAS4,tf
ENSG00000182446,17,81538809,81735416,196608,-1,True,15,0.012303670247395834,0.031285603841145836,0.004933675130208333,0.4172719319661458,0.158599853515625,0.2709503173828125,0.10465494791666667,0.012303670247395834,0.040201822916666664,0.04852294921875,0.4172719319661458,0.186065673828125,0.10465494791666667,NPLOC4,tf
ENSG00000126368,17,40002286,40198893,196608,-1,True,19,0.009368896484375,0.003992716471354167,1.52587890625e-05,0.026280721028645832,0.22860209147135416,0.628143310546875,0.10359700520833333,0.009368896484375,0.003992716471354167,0.013376871744791666,0.026280721028645832,0.23398335774739584,0.10359700520833333,NR1D1,tf
ENSG00000174738,3,23846982,24043589,196608,1,True,5,0.0092315673828125,0.018681844075520832,0.0016530354817708333,0.15024312337239584,0.08089192708333333,0.459075927734375,0.2802225748697917,0.0092315673828125,0.0227508544921875,0.029566446940104168,0.15024312337239584,0.0822601318359375,0.2802225748697917,NR1D2,tf
ENSG00000131408,19,50278153,50474760,196608,1,True,12,0.0074615478515625,0.026453653971354168,0.0035247802734375,0.23602294921875,0.14316304524739584,0.5623372395833334,0.021036783854166668,0.0074615478515625,0.029454549153645832,0.037439982096354164,0.23602294921875,0.17684427897135416,0.021036783854166668,NR1H2,tf
ENSG00000025434,11,47159692,47356299,196608,1,True,14,0.008738199869791666,0.013641357421875,0.0026448567708333335,0.08062235514322917,0.19925944010416666,0.5411529541015625,0.15394083658854166,0.008738199869791666,0.015660603841145832,0.0250244140625,0.08062235514322917,0.2031097412109375,0.15394083658854166,NR1H3,tf
ENSG00000012504,12,100375562,100572169,196608,1,True,3,0.008595784505208334,0.011128743489583334,1.52587890625e-05,0.441619873046875,0.024058024088541668,0.23223368326822916,0.2823486328125,0.008595784505208334,0.014506022135416666,0.019739786783854168,0.441619873046875,0.0252532958984375,0.2823486328125,NR1H4,tf
ENSG00000144852,3,119683797,119880404,196608,1,True,5,0.0072174072265625,0.015970865885416668,0.004191080729166667,0.16591898600260416,0.08371480305989583,0.6107940673828125,0.11219278971354167,0.0072174072265625,0.016082763671875,0.027379353841145832,0.16591898600260416,0.089141845703125,0.11219278971354167,NR1I2,tf
ENSG00000143257,1,161139900,161336507,196608,-1,True,18,0.007731119791666667,0.004267374674479167,0.005096435546875,0.026631673177083332,0.23626200358072916,0.4865926106770833,0.23341878255208334,0.007731119791666667,0.008351643880208334,0.017094930013020832,0.026631673177083332,0.2570597330729167,0.23341878255208334,NR1I3,tf
ENSG00000120798,12,94975315,95171922,196608,-1,True,5,0.010203043619791666,0.016042073567708332,0.0078582763671875,0.2375030517578125,0.06509908040364583,0.5636037190755209,0.09969075520833333,0.010203043619791666,0.018163045247395832,0.0341033935546875,0.2375030517578125,0.06509908040364583,0.09969075520833333,NR2C1,tf
ENSG00000177463,3,14849279,15045886,196608,1,True,3,0.009485880533854166,0.025746663411458332,0.014043172200520834,0.4509226481119792,0.054545084635416664,0.4452565511067708,0.0,0.009485880533854166,0.025746663411458332,0.049275716145833336,0.4509226481119792,0.11275227864583333,0.0,NR2C2,tf
ENSG00000112333,6,108067718,108264325,196608,1,True,8,0.006673177083333333,0.011439005533854166,0.0011444091796875,0.09662882486979167,0.059763590494791664,0.7622833251953125,0.062067667643229164,0.006673177083333333,0.012563069661458334,0.019256591796875,0.09662882486979167,0.062037150065104164,0.062067667643229164,NR2E1,tf
ENSG00000278570,15,71712250,71908857,196608,1,True,4,0.006261189778645833,0.009740193684895834,0.0004984537760416666,0.11382039388020833,0.14735921223958334,0.674560546875,0.047760009765625,0.006261189778645833,0.0104827880859375,0.016499837239583332,0.11382039388020833,0.14735921223958334,0.047760009765625,NR2E3,tf
ENSG00000175745,5,93484918,93681525,196608,1,True,8,0.006520589192708333,0.0146636962890625,0.0011037190755208333,0.03564453125,0.15358479817708334,0.7820027669270834,0.006479899088541667,0.006520589192708333,0.014750162760416666,0.022288004557291668,0.03564453125,0.15521748860677084,0.006479899088541667,NR2F1,tf
ENSG00000185551,15,96232396,96429003,196608,1,True,11,0.006535847981770833,0.027104695638020832,1.52587890625e-05,0.039927164713541664,0.1779327392578125,0.6383514404296875,0.11013285319010417,0.006535847981770833,0.0274658203125,0.033655802408854164,0.039927164713541664,0.18637593587239584,0.11013285319010417,NR2F2,tf
ENSG00000160113,19,17147616,17344223,196608,-1,True,19,0.00616455078125,0.00732421875,1.52587890625e-05,0.057891845703125,0.23188273111979166,0.6180674235026041,0.07865397135416667,0.00616455078125,0.007741292317708333,0.0135040283203125,0.057891845703125,0.23300679524739584,0.07865397135416667,NR2F6,tf
ENSG00000113580,5,143305383,143501990,196608,-1,True,6,0.007481892903645833,0.0175018310546875,0.0019022623697916667,0.6349894205729166,0.0006256103515625,0.061101277669270836,0.276397705078125,0.007481892903645833,0.0175018310546875,0.026885986328125,0.6349894205729166,0.016072591145833332,0.276397705078125,NR3C1,tf
ENSG00000151623,4,148344111,148540718,196608,-1,True,2,0.008936564127604166,0.004506429036458333,0.0010477701822916667,0.5014546712239584,0.017878214518229168,0.4661763509114583,0.0,0.008936564127604166,0.004506429036458333,0.014490763346354166,0.5014546712239584,0.022288004557291668,0.0,NR3C2,tf
ENSG00000123358,12,51953138,52149745,196608,1,True,16,0.01104736328125,0.028935750325520832,0.008260091145833334,0.13831075032552084,0.09550984700520833,0.4135284423828125,0.3044077555338542,0.01104736328125,0.034876505533854164,0.048243204752604164,0.13831075032552084,0.11038716634114583,0.3044077555338542,NR4A1,tf
ENSG00000153234,2,156234418,156431025,196608,-1,True,3,0.009668986002604166,0.0218048095703125,0.0,0.059656778971354164,0.0227813720703125,0.6995086669921875,0.18657938639322916,0.009668986002604166,0.0269927978515625,0.031473795572916664,0.059656778971354164,0.024205525716145832,0.18657938639322916,NR4A2,tf
ENSG00000119508,9,99723581,99920188,196608,1,True,6,0.010101318359375,0.021982828776041668,3.0517578125e-05,0.19695536295572916,0.052027384440104164,0.7187550862630209,0.00014750162760416666,0.010101318359375,0.021993001302083332,0.032114664713541664,0.19695536295572916,0.05487060546875,0.00014750162760416666,NR4A3,tf
ENSG00000136931,9,124409096,124605703,196608,-1,True,6,0.008514404296875,0.015309651692708334,1.52587890625e-05,0.10949198404947917,0.07306925455729167,0.56597900390625,0.22762044270833334,0.008514404296875,0.015309651692708334,0.023839314778645832,0.10949198404947917,0.07430521647135417,0.22762044270833334,NR5A1,tf
ENSG00000116833,1,199929406,200126013,196608,1,True,5,0.010406494140625,0.010747273763020834,3.0517578125e-05,0.4793904622395833,0.007756551106770833,0.14947001139322916,0.3421986897786458,0.010406494140625,0.0113525390625,0.021184285481770832,0.4793904622395833,0.010309855143229166,0.3421986897786458,NR5A2,tf
ENSG00000148200,9,124673008,124869615,196608,-1,True,10,0.0009511311848958334,0.0009765625,0.0,0.4980723063151042,0.07486979166666667,0.21648152669270834,0.208648681640625,0.0009511311848958334,0.0009765625,0.0019276936848958333,0.4980723063151042,0.07880655924479167,0.208648681640625,NR6A1,tf
ENSG00000169297,X,30211087,30407694,196608,-1,True,6,0.007334391276041667,0.0027821858723958335,3.0517578125e-05,0.016225179036458332,0.0457916259765625,0.08721923828125,0.8406168619791666,0.007334391276041667,0.0028330485026041665,0.0101470947265625,0.016225179036458332,0.0457916259765625,0.8406168619791666,NR0B1,tf
ENSG00000131910,1,26815672,27012279,196608,-1,True,17,0.0039215087890625,0.0019887288411458335,1.52587890625e-05,0.006724039713541667,0.14624532063802084,0.6645355224609375,0.17656962076822916,0.0039215087890625,0.0019887288411458335,0.005925496419270833,0.006724039713541667,0.14624532063802084,0.17656962076822916,NR0B2,tf
ENSG00000115216,2,27330327,27526934,196608,1,True,17,0.008417765299479166,0.010157267252604166,0.0096435546875,0.045384724934895836,0.2640940348307292,0.5546315511067709,0.10767110188802083,0.008417765299479166,0.010157267252604166,0.028218587239583332,0.045384724934895836,0.2640940348307292,0.10767110188802083,NRBP1,tf
ENSG00000185189,8,143742670,143939277,196608,-1,True,15,0.0087890625,0.011810302734375,0.004496256510416667,0.0124969482421875,0.2965901692708333,0.5662180582682291,0.09959920247395833,0.0087890625,0.013010660807291666,0.025095621744791668,0.0124969482421875,0.3024800618489583,0.09959920247395833,NRBP2,tf
ENSG00000129535,14,24016646,24213253,196608,-1,True,33,0.0036163330078125,0.025182088216145832,1.52587890625e-05,0.15606689453125,0.3602701822916667,0.4126993815104167,0.042149861653645836,0.0036163330078125,0.025365193684895832,0.028813680013020832,0.15606689453125,0.3878428141276042,0.042149861653645836,NRL,tf
ENSG00000156831,8,124993556,125190163,196608,1,True,4,0.0033518473307291665,0.0092926025390625,0.0013834635416666667,0.4869232177734375,0.053431193033854164,0.4172465006510417,0.028371175130208332,0.0033518473307291665,0.010889689127604166,0.014027913411458334,0.4869232177734375,0.054178873697916664,0.028371175130208332,NSMCE2,tf
ENSG00000083635,13,44891168,45087775,196608,-1,True,8,0.0075531005859375,0.0101318359375,1.52587890625e-05,0.2377471923828125,0.08398946126302083,0.5389455159505209,0.12161763509114583,0.0075531005859375,0.0101318359375,0.0177001953125,0.2377471923828125,0.08438618977864583,0.12161763509114583,NUFIP1,tf
ENSG00000136243,7,23083744,23280351,196608,1,True,7,0.007319132486979167,0.0028025309244791665,0.011342366536458334,0.07604471842447917,0.10466512044270833,0.5295003255208334,0.2683258056640625,0.007319132486979167,0.007405598958333333,0.021464029947916668,0.07604471842447917,0.11107889811197917,0.2683258056640625,NUP42,tf
ENSG00000124789,6,17608622,17805229,196608,-1,True,7,0.022979736328125,0.009857177734375,1.52587890625e-05,0.436248779296875,0.06329345703125,0.2150115966796875,0.252593994140625,0.022979736328125,0.009857177734375,0.0328521728515625,0.436248779296875,0.06815083821614583,0.252593994140625,NUP153,tf
ENSG00000184221,21,32971837,33168444,196608,1,True,11,0.0041351318359375,0.007410685221354167,1.52587890625e-05,0.0,0.07956949869791667,0.5428466796875,0.3660227457682292,0.0041351318359375,0.007410685221354167,0.011561075846354166,0.0,0.08189900716145833,0.3660227457682292,OLIG1,tf
ENSG00000205927,21,32927631,33124238,196608,1,True,12,0.0049285888671875,0.012471516927083334,1.52587890625e-05,0.0022684733072916665,0.08800252278645833,0.6995798746744791,0.1927337646484375,0.0049285888671875,0.012471516927083334,0.017415364583333332,0.0022684733072916665,0.08878072102864583,0.1927337646484375,OLIG2,tf
ENSG00000177468,6,137396091,137592698,196608,-1,True,3,0.004150390625,0.0070037841796875,1.52587890625e-05,0.0,0.019704182942708332,0.3644561767578125,0.6046702067057291,0.004150390625,0.0070037841796875,0.01116943359375,0.0,0.019704182942708332,0.6046702067057291,OLIG3,tf
ENSG00000169856,15,52692033,52888640,196608,-1,True,6,0.007227579752604167,0.020573933919270832,0.0032755533854166665,0.15216064453125,0.039632161458333336,0.53302001953125,0.244110107421875,0.007227579752604167,0.020573933919270832,0.031077067057291668,0.15216064453125,0.041865030924479164,0.244110107421875,ONECUT1,tf
ENSG00000119547,18,57337070,57533677,196608,1,True,4,0.0076904296875,0.07587687174479167,0.0005900065104166666,0.20029195149739584,0.08658854166666667,0.4044342041015625,0.22452799479166666,0.0076904296875,0.07587687174479167,0.08415730794270833,0.20029195149739584,0.08897908528645833,0.22452799479166666,ONECUT2,tf
ENSG00000205922,19,1655202,1851809,196608,1,True,9,0.007537841796875,0.02899169921875,1.52587890625e-05,0.103240966796875,0.09696451822916667,0.34295654296875,0.4202931722005208,0.007537841796875,0.02899169921875,0.0365447998046875,0.103240966796875,0.09696451822916667,0.4202931722005208,ONECUT3,tf
ENSG00000123240,10,13001859,13198466,196608,1,True,9,0.009796142578125,0.031275431315104164,0.0023345947265625,0.16447957356770834,0.037165323893229164,0.6599070231119791,0.09504191080729167,0.009796142578125,0.034088134765625,0.043406168619791664,0.16447957356770834,0.041330973307291664,0.09504191080729167,OPTN,tf
ENSG00000143867,2,19260320,19456927,196608,-1,True,5,0.004058837890625,0.011250813802083334,0.016337076822916668,0.009053548177083334,0.0630035400390625,0.6576588948567709,0.23863728841145834,0.004058837890625,0.011250813802083334,0.031646728515625,0.009053548177083334,0.0630035400390625,0.23863728841145834,OSR1,tf
ENSG00000164920,8,98846138,99042745,196608,1,True,10,0.0071563720703125,0.010981241861979166,0.0013987223307291667,0.042622884114583336,0.07459513346354167,0.8396962483723959,0.023549397786458332,0.0071563720703125,0.012944539388020834,0.019536336263020832,0.042622884114583336,0.07944742838541667,0.023549397786458332,OSR2,tf
ENSG00000171540,5,77540410,77737017,196608,-1,True,6,0.0049591064453125,0.00872802734375,0.003992716471354167,0.033192952473958336,0.029032389322916668,0.741455078125,0.17863972981770834,0.0049591064453125,0.00872802734375,0.017679850260416668,0.033192952473958336,0.038335164388020836,0.17863972981770834,OTP,tf
ENSG00000169918,15,31772370,31968977,196608,-1,True,5,0.0,0.0013173421223958333,0.0,0.4992726643880208,0.005513509114583333,0.2745310465494792,0.21936543782552084,0.0,0.0013173421223958333,0.0013173421223958333,0.4992726643880208,0.009129842122395834,0.21936543782552084,OTUD7A,tf
ENSG00000264522,1,149912423,150109030,196608,-1,True,8,0.01300048828125,0.0346221923828125,0.016825358072916668,0.30657958984375,0.11888631184895833,0.434234619140625,0.0758514404296875,0.01300048828125,0.0346221923828125,0.06444803873697917,0.30657958984375,0.11893717447916667,0.0758514404296875,OTUD7B,tf
ENSG00000115507,2,62952526,63149133,196608,1,True,9,0.005986531575520833,0.010040283203125,0.008555094401041666,0.014989217122395834,0.06952921549479167,0.6610921223958334,0.22980753580729166,0.005986531575520833,0.014470418294270834,0.0245819091796875,0.014989217122395834,0.07275390625,0.22980753580729166,OTX1,tf
ENSG00000165588,14,56712176,56908783,196608,-1,True,8,0.0045318603515625,0.020131429036458332,1.52587890625e-05,0.0607147216796875,0.041737874348958336,0.8728688557942709,0.0,0.0045318603515625,0.022852579752604168,0.024678548177083332,0.0607147216796875,0.043833414713541664,0.0,OTX2,tf
ENSG00000172818,11,65688759,65885366,196608,1,True,20,0.0040740966796875,0.013727823893229166,0.0025227864583333335,0.033111572265625,0.21482340494791666,0.5203297932942709,0.2114105224609375,0.0040740966796875,0.014165242513020834,0.02032470703125,0.033111572265625,0.22512308756510416,0.2114105224609375,OVOL1,tf
ENSG00000125850,20,17959613,18156220,196608,-1,True,10,0.0041961669921875,0.0038401285807291665,0.00286865234375,0.4955647786458333,0.022649129231770832,0.1378326416015625,0.3330485026041667,0.0041961669921875,0.0038401285807291665,0.010904947916666666,0.4955647786458333,0.0522003173828125,0.3330485026041667,OVOL2,tf
ENSG00000105261,19,36012839,36209446,196608,1,True,19,0.003265380859375,0.0006968180338541666,1.52587890625e-05,0.009226481119791666,0.18827311197916666,0.7250010172526041,0.07352193196614583,0.003265380859375,0.0006968180338541666,0.003977457682291667,0.009226481119791666,0.18828837076822916,0.07352193196614583,OVOL3,tf
ENSG00000152520,13,28040241,28236848,196608,1,True,6,0.005086263020833333,0.0022939046223958335,0.0,0.4943389892578125,0.02099609375,0.2966156005859375,0.18066914876302084,0.005086263020833333,0.0026143391927083335,0.007380167643229167,0.4943389892578125,0.030064900716145832,0.18066914876302084,PAN3,tf
ENSG00000143799,1,226309790,226506397,196608,-1,True,10,0.015543619791666666,0.006291707356770833,0.071746826171875,0.15027872721354166,0.0237579345703125,0.18548075358072916,0.5469004313151041,0.015543619791666666,0.0203094482421875,0.0935821533203125,0.15027872721354166,0.026133219401041668,0.5469004313151041,PARP1,tf
ENSG00000059378,7,139964648,140161255,196608,-1,True,5,0.011662801106770834,0.008234659830729166,0.010945638020833334,0.17056783040364584,0.057490030924479164,0.7180836995442709,0.023015340169270832,0.011662801106770834,0.0127410888671875,0.030843098958333332,0.17056783040364584,0.0587615966796875,0.023015340169270832,PARP12,tf
ENSG00000100105,22,31248043,31444650,196608,-1,True,9,0.0118865966796875,0.014348347981770834,0.004618326822916667,0.074951171875,0.0977783203125,0.5344594319661459,0.2619578043619792,0.0118865966796875,0.016291300455729168,0.030853271484375,0.074951171875,0.10137939453125,0.2619578043619792,PATZ1,tf
ENSG00000075891,10,100647278,100843885,196608,1,True,5,0.007863362630208334,0.0204925537109375,0.005121866861979167,0.4474232991536458,0.015777587890625,0.0136566162109375,0.4896647135416667,0.007863362630208334,0.021540323893229168,0.033477783203125,0.4474232991536458,0.019292195638020832,0.4896647135416667,PAX2,tf
ENSG00000135903,2,222200695,222397302,196608,-1,True,4,0.008280436197916666,0.008570353190104166,0.019434611002604168,0.463714599609375,0.0504913330078125,0.18372090657552084,0.2657877604166667,0.008280436197916666,0.009063720703125,0.036285400390625,0.463714599609375,0.051645914713541664,0.2657877604166667,PAX3,tf
ENSG00000106331,7,127519839,127716446,196608,-1,True,7,0.006022135416666667,0.006317138671875,0.0029296875,0.024663289388020832,0.07593282063802083,0.8338267008463541,0.0503082275390625,0.006022135416666667,0.007039388020833333,0.015268961588541666,0.024663289388020832,0.07593282063802083,0.0503082275390625,PAX4,tf
ENSG00000196092,9,36935965,37132572,196608,-1,True,8,0.00396728515625,0.001739501953125,0.00021870930989583334,0.4940745035807292,0.09725443522135417,0.29571533203125,0.10703023274739583,0.00396728515625,0.003387451171875,0.005925496419270833,0.4940745035807292,0.1035308837890625,0.10703023274739583,PAX5,tf
ENSG00000007372,11,31713019,31909626,196608,-1,True,4,0.009592692057291666,0.0618438720703125,0.033538818359375,0.06380208333333333,0.0468902587890625,0.784332275390625,0.0,0.009592692057291666,0.0704498291015625,0.10497538248697917,0.06380208333333333,0.07881673177083333,0.0,PAX6,tf
ENSG00000009709,1,18532542,18729149,196608,1,True,3,0.006917317708333333,0.0038553873697916665,0.004460652669270833,0.4847666422526042,0.007090250651041667,0.117401123046875,0.3755086263020833,0.006917317708333333,0.0038553873697916665,0.015233357747395834,0.4847666422526042,0.0099945068359375,0.3755086263020833,PAX7,tf
ENSG00000125618,2,113180618,113377225,196608,-1,True,5,0.007293701171875,0.015172322591145834,0.015818277994791668,0.281768798828125,0.1306915283203125,0.5289459228515625,0.0203094482421875,0.007293701171875,0.018534342447916668,0.0382843017578125,0.281768798828125,0.2421112060546875,0.0203094482421875,PAX8,tf
ENSG00000185630,1,164460880,164657487,196608,1,True,4,0.0014444986979166667,0.007334391276041667,0.013264973958333334,0.4962666829427083,0.009862263997395834,0.2726847330729167,0.1991424560546875,0.0014444986979166667,0.0074615478515625,0.022043863932291668,0.4962666829427083,0.010406494140625,0.1991424560546875,PBX1,tf
ENSG00000204304,6,32091899,32288506,196608,-1,True,22,0.006561279296875,0.009847005208333334,0.005808512369791667,0.005605061848958333,0.2374420166015625,0.4936879475911458,0.24104817708333334,0.006561279296875,0.009847005208333334,0.022216796875,0.005605061848958333,0.24080912272135416,0.24104817708333334,PBX2,tf
ENSG00000167081,9,125649069,125845676,196608,1,True,3,0.0013936360677083333,0.005518595377604167,0.007985432942708334,0.4883371988932292,0.022857666015625,0.3124237060546875,0.1614837646484375,0.0013936360677083333,0.005645751953125,0.014897664388020834,0.4883371988932292,0.022857666015625,0.1614837646484375,PBX3,tf
ENSG00000105717,19,19520384,19716991,196608,-1,True,15,0.006306966145833333,0.0030110677083333335,0.0033365885416666665,0.2773946126302083,0.19214884440104166,0.2781829833984375,0.23961893717447916,0.006306966145833333,0.006418863932291667,0.012654622395833334,0.2773946126302083,0.19856770833333334,0.23961893717447916,PBX4,tf
ENSG00000186472,7,83064581,83261188,196608,-1,True,1,0.01678466796875,0.0017191569010416667,0.0,0.4817301432291667,0.003926595052083333,0.033513387044270836,0.4623260498046875,0.01678466796875,0.0017191569010416667,0.018503824869791668,0.4817301432291667,0.003926595052083333,0.4623260498046875,PCLO,tf
ENSG00000071994,6,170486334,170682941,196608,-1,True,9,0.005498250325520833,0.022745768229166668,0.004694620768229167,0.014862060546875,0.06369527180989583,0.813323974609375,0.0751800537109375,0.005498250325520833,0.026087443033854168,0.032938639322916664,0.014862060546875,0.06369527180989583,0.0751800537109375,PDCD2,tf
ENSG00000139515,13,27821696,28018303,196608,1,True,12,0.0043182373046875,0.008906046549479166,1.52587890625e-05,0.0188751220703125,0.06597391764322917,0.6901092529296875,0.21180216471354166,0.0043182373046875,0.008906046549479166,0.013239542643229166,0.0188751220703125,0.06597391764322917,0.21180216471354166,PDX1,tf
ENSG00000121440,3,73526638,73723245,196608,-1,True,5,0.004730224609375,0.0029652913411458335,0.0012156168619791667,0.4910888671875,0.018961588541666668,0.0020904541015625,0.4789479573567708,0.004730224609375,0.0029652913411458335,0.0089111328125,0.4910888671875,0.025777180989583332,0.4789479573567708,PDZRN3,tf
ENSG00000198300,19,56742423,56939030,196608,-1,True,10,0.024470011393229168,0.025202433268229168,1.52587890625e-05,0.1062164306640625,0.07658894856770833,0.3446146647135417,0.4228922526041667,0.024470011393229168,0.046254475911458336,0.049687703450520836,0.1062164306640625,0.10779825846354167,0.4228922526041667,PEG3,tf
ENSG00000082175,11,101031510,101228117,196608,-1,True,2,0.014536539713541666,0.0426788330078125,0.0079193115234375,0.4348653157552083,0.010467529296875,0.489532470703125,0.0,0.014536539713541666,0.0451202392578125,0.06513468424479167,0.4348653157552083,0.01654052734375,0.0,PGR,tf
ENSG00000025293,20,35673711,35870318,196608,1,True,10,0.005060831705729167,0.0039215087890625,0.007817586263020834,0.4834391276041667,0.1130523681640625,0.2604878743489583,0.126220703125,0.005060831705729167,0.00433349609375,0.0167999267578125,0.4834391276041667,0.11485799153645833,0.126220703125,PHF20,tf
ENSG00000165462,11,72145873,72342480,196608,-1,True,13,0.00433349609375,0.004292805989583333,0.0004475911458333333,0.024434407552083332,0.154632568359375,0.6562347412109375,0.1556243896484375,0.00433349609375,0.004292805989583333,0.009073893229166666,0.024434407552083332,0.155181884765625,0.1556243896484375,PHOX2A,tf
ENSG00000109132,4,41650422,41847029,196608,-1,True,7,0.004791259765625,0.009358723958333334,0.0003306070963541667,0.0091400146484375,0.06666056315104167,0.6907196044921875,0.21899922688802084,0.004791259765625,0.009358723958333334,0.0144805908203125,0.0091400146484375,0.06815592447916667,0.21899922688802084,PHOX2B,tf
ENSG00000033800,15,67956011,68152618,196608,1,True,2,0.006281534830729167,0.004669189453125,3.0517578125e-05,0.4890899658203125,0.003911336263020833,0.0035400390625,0.4924774169921875,0.006281534830729167,0.007609049479166667,0.010981241861979166,0.4890899658203125,0.003911336263020833,0.4924774169921875,PIAS1,tf
ENSG00000078043,18,46819204,47015811,196608,-1,True,7,0.009185791015625,0.0096588134765625,0.008550008138020834,0.4860992431640625,0.022206624348958332,0.4642995198567708,0.0,0.009185791015625,0.0162811279296875,0.027394612630208332,0.4860992431640625,0.038762410481770836,0.0,PIAS2,tf
ENSG00000131788,1,145760778,145957385,196608,-1,True,16,0.009735107421875,0.00640869140625,0.008305867513020834,0.033106486002604164,0.22156270345052084,0.6759134928385416,0.0449676513671875,0.009735107421875,0.0064239501953125,0.024449666341145832,0.033106486002604164,0.22407023111979166,0.0449676513671875,PIAS3,tf
ENSG00000105229,19,3909432,4106039,196608,1,True,17,0.00848388671875,0.008021036783854166,0.0024922688802083335,0.1421966552734375,0.2051849365234375,0.361175537109375,0.2724456787109375,0.00848388671875,0.008021036783854166,0.0189971923828125,0.1421966552734375,0.2051849365234375,0.2724456787109375,PIAS4,tf
ENSG00000115020,2,208167951,208364558,196608,1,True,9,0.032236735026041664,0.021189371744791668,0.0018564860026041667,0.4153086344401042,0.06387837727864583,0.2706146240234375,0.194915771484375,0.032236735026041664,0.0346527099609375,0.0552825927734375,0.4153086344401042,0.06700642903645833,0.194915771484375,PIKFYVE,tf
ENSG00000069011,5,134935925,135132532,196608,-1,True,6,0.004791259765625,0.0086669921875,0.004048665364583333,0.018503824869791668,0.06915791829427083,0.813262939453125,0.08156840006510417,0.004791259765625,0.0086669921875,0.017506917317708332,0.018503824869791668,0.0719757080078125,0.08156840006510417,PITX1,tf
ENSG00000164093,4,110524774,110721381,196608,-1,True,5,0.007817586263020834,0.018798828125,0.003875732421875,0.09514363606770833,0.055318196614583336,0.4422505696614583,0.3767954508463542,0.007817586263020834,0.019963582356770832,0.030492146809895832,0.09514363606770833,0.0593719482421875,0.3767954508463542,PITX2,tf
ENSG00000107859,10,102143209,102339816,196608,-1,True,4,0.004608154296875,0.0026295979817708335,1.52587890625e-05,0.050343831380208336,0.048609415690104164,0.5442606608072916,0.3495330810546875,0.004608154296875,0.0026295979817708335,0.007253011067708333,0.050343831380208336,0.048609415690104164,0.3495330810546875,PITX3,tf
ENSG00000160199,21,42876258,43072865,196608,1,True,7,0.0072784423828125,0.032628377278645836,0.0115203857421875,0.2545013427734375,0.09655253092447917,0.2546183268229167,0.3429005940755208,0.0072784423828125,0.038370768229166664,0.051427205403645836,0.2545013427734375,0.09655253092447917,0.3429005940755208,PKNOX1,tf
ENSG00000165495,11,125066447,125263054,196608,1,True,9,0.0,0.0031687418619791665,0.0010477701822916667,0.4968719482421875,0.10349527994791667,0.28045654296875,0.114959716796875,0.0,0.0031687418619791665,0.004216512044270833,0.4968719482421875,0.111480712890625,0.114959716796875,PKNOX2,tf
ENSG00000181690,8,56112970,56309577,196608,-1,True,6,0.00762939453125,0.030924479166666668,0.0022633870442708335,0.21565755208333334,0.050608317057291664,0.044606526692708336,0.6483103434244791,0.00762939453125,0.03094482421875,0.0408172607421875,0.21565755208333334,0.050608317057291664,0.6483103434244791,PLAG1,tf
ENSG00000118495,6,143909956,144106563,196608,-1,True,6,0.0070648193359375,0.059056599934895836,0.0019327799479166667,0.5647532145182291,0.005620320638020833,0.1429290771484375,0.2186431884765625,0.0070648193359375,0.059076944986979164,0.06805419921875,0.5647532145182291,0.025945027669270832,0.2186431884765625,PLAGL1,tf
ENSG00000126003,20,32109440,32306047,196608,-1,True,9,0.007568359375,0.021184285481770832,1.52587890625e-05,0.048746744791666664,0.09672037760416667,0.5426584879557291,0.2831064860026042,0.007568359375,0.021184285481770832,0.028767903645833332,0.048746744791666664,0.09694925944010417,0.2831064860026042,PLAGL2,tf
ENSG00000166289,19,29567157,29763764,196608,1,True,8,0.0042572021484375,0.0126800537109375,1.52587890625e-05,0.0343170166015625,0.08751932779947917,0.3085530598958333,0.5526580810546875,0.0042572021484375,0.0126800537109375,0.0169525146484375,0.0343170166015625,0.08751932779947917,0.5526580810546875,PLEKHF1,tf
ENSG00000175895,8,95035481,95232088,196608,1,True,13,0.0037994384765625,0.0160675048828125,1.52587890625e-05,0.18894449869791666,0.061106363932291664,0.5772145589192709,0.15285237630208334,0.0037994384765625,0.0160675048828125,0.0198822021484375,0.18894449869791666,0.0638275146484375,0.15285237630208334,PLEKHF2,tf
ENSG00000143442,1,151361191,151557798,196608,-1,True,10,0.022466023763020832,0.0255584716796875,0.013987223307291666,0.22674051920572916,0.072235107421875,0.2667744954427083,0.3722381591796875,0.022466023763020832,0.027557373046875,0.06201171875,0.22674051920572916,0.072723388671875,0.3722381591796875,POGZ,tf
ENSG00000170734,6,43477881,43674488,196608,1,True,13,0.0108795166015625,0.033930460611979164,0.0,0.1840057373046875,0.1836395263671875,0.56768798828125,0.019856770833333332,0.0108795166015625,0.038365681966145836,0.044809977213541664,0.1840057373046875,0.19185892740885416,0.019856770833333332,POLH,tf
ENSG00000122008,5,75413587,75610194,196608,1,True,3,0.0136566162109375,0.06805419921875,0.0101470947265625,0.4076639811197917,0.011439005533854166,0.488006591796875,0.0010325113932291667,0.0136566162109375,0.080718994140625,0.09185791015625,0.4076639811197917,0.017400105794270832,0.0010325113932291667,POLK,tf
ENSG00000064835,3,87178281,87374888,196608,-1,True,5,0.004847208658854167,0.00311279296875,5.086263020833333e-06,0.0794219970703125,0.0573272705078125,0.19831339518229166,0.6569722493489584,0.004847208658854167,0.0038096110026041665,0.007965087890625,0.0794219970703125,0.0573272705078125,0.6569722493489584,POU1F1,tf
ENSG00000143190,1,167122582,167319189,196608,1,True,7,0.00091552734375,0.00017293294270833334,0.0032552083333333335,0.4957071940104167,0.048614501953125,0.397186279296875,0.054148356119791664,0.00091552734375,0.0009969075520833333,0.004343668619791667,0.4957071940104167,0.049931844075520836,0.054148356119791664,POU2F1,tf
ENSG00000028277,19,42034143,42230750,196608,-1,True,9,0.012980143229166666,0.0316619873046875,0.0016021728515625,0.5156656901041666,0.08348592122395833,0.3212178548177083,0.03338623046875,0.012980143229166666,0.0396881103515625,0.046244303385416664,0.5156656901041666,0.10030619303385417,0.03338623046875,POU2F2,tf
ENSG00000137709,11,120141836,120338443,196608,1,True,8,0.0069122314453125,0.0092620849609375,0.017903645833333332,0.3896382649739583,0.06944783528645833,0.3054606119791667,0.20137532552083334,0.0069122314453125,0.014078776041666666,0.034077962239583336,0.3896382649739583,0.08683268229166667,0.20137532552083334,POU2F3,tf
ENSG00000185668,1,37948490,38145097,196608,-1,True,13,0.0068817138671875,0.008183797200520834,1.52587890625e-05,0.0,0.12656148274739584,0.7338053385416666,0.12455240885416667,0.0068817138671875,0.008183797200520834,0.015080769856770834,0.0,0.12656148274739584,0.12455240885416667,POU3F1,tf
ENSG00000184486,6,98736270,98932877,196608,1,True,7,0.0067596435546875,0.018071492513020832,1.52587890625e-05,0.0,0.07805887858072917,0.642486572265625,0.254608154296875,0.0067596435546875,0.018071492513020832,0.024846394856770832,0.0,0.07927449544270833,0.254608154296875,POU3F2,tf
ENSG00000198914,2,104755811,104952418,196608,1,True,11,0.00762939453125,0.01678466796875,1.52587890625e-05,0.0024668375651041665,0.20709228515625,0.7660115559895834,0.0,0.00762939453125,0.01678466796875,0.0244293212890625,0.0024668375651041665,0.2098388671875,0.0,POU3F3,tf
ENSG00000196767,X,83409986,83606593,196608,1,True,4,0.0055084228515625,0.013997395833333334,1.52587890625e-05,0.0,0.018686930338541668,0.06866963704427083,0.8931223551432291,0.0055084228515625,0.013997395833333334,0.019521077473958332,0.0,0.025416056315104168,0.8931223551432291,POU3F4,tf
ENSG00000152192,13,78505249,78701856,196608,-1,True,5,0.0063934326171875,0.0166778564453125,1.52587890625e-05,0.0033162434895833335,0.0747528076171875,0.7251637776692709,0.17368062337239584,0.0063934326171875,0.0166778564453125,0.0230865478515625,0.0033162434895833335,0.08115132649739583,0.17368062337239584,POU4F1,tf
ENSG00000151615,4,146540589,146737196,196608,1,True,3,0.0062408447265625,0.009735107421875,1.52587890625e-05,0.002227783203125,0.009938557942708334,0.2913614908854167,0.68048095703125,0.0062408447265625,0.009735107421875,0.0159912109375,0.002227783203125,0.009938557942708334,0.68048095703125,POU4F2,tf
ENSG00000091010,5,146240535,146437142,196608,1,True,6,0.005157470703125,0.008127848307291666,1.52587890625e-05,0.0023701985677083335,0.03802490234375,0.6727498372395834,0.2735544840494792,0.005157470703125,0.008127848307291666,0.013300577799479166,0.0023701985677083335,0.038782755533854164,0.2735544840494792,POU4F3,tf
ENSG00000204531,6,31072379,31268986,196608,-1,True,16,0.0054931640625,0.009089152018229166,1.52587890625e-05,0.06879170735677083,0.141204833984375,0.2702229817708333,0.5051829020182291,0.0054931640625,0.010019938151041666,0.014597574869791666,0.06879170735677083,0.14548238118489584,0.5051829020182291,POU5F1,tf
ENSG00000212993,8,127317563,127514170,196608,1,True,3,0.0054779052734375,0.019755045572916668,1.52587890625e-05,0.4726155598958333,0.011627197265625,0.3275909423828125,0.1629180908203125,0.0054779052734375,0.019755045572916668,0.025248209635416668,0.4726155598958333,0.052403767903645836,0.1629180908203125,POU5F1B,tf
ENSG00000248483,5,93643297,93839904,196608,-1,True,5,0.0050048828125,0.037607828776041664,1.52587890625e-05,0.0,0.034845987955729164,0.9225260416666666,0.0,0.0050048828125,0.037607828776041664,0.042627970377604164,0.0,0.035502115885416664,0.0,POU5F2,tf
ENSG00000184271,12,51119759,51316366,196608,-1,True,10,0.0093231201171875,0.019236246744791668,0.004002888997395833,0.12575785319010416,0.07238260904947917,0.5877888997395834,0.18150838216145834,0.0093231201171875,0.0243072509765625,0.032562255859375,0.12575785319010416,0.0769500732421875,0.18150838216145834,POU6F1,tf
ENSG00000106536,7,38879605,39076212,196608,1,True,2,0.000640869140625,0.0006866455078125,0.00323486328125,0.4954376220703125,0.0014394124348958333,0.2670644124348958,0.23149617513020834,0.000640869140625,0.0010477701822916667,0.0045623779296875,0.4954376220703125,0.0140228271484375,0.23149617513020834,POU6F2,tf
ENSG00000204569,6,30518940,30715547,196608,-1,True,17,0.01434326171875,0.035166422526041664,0.0032501220703125,0.039876302083333336,0.23011271158854166,0.4871063232421875,0.19014485677083334,0.01434326171875,0.035166422526041664,0.052759806315104164,0.039876302083333336,0.2307281494140625,0.19014485677083334,PPP1R10,tf
ENSG00000057657,6,105988032,106184639,196608,1,True,5,0.0133056640625,0.017964680989583332,0.0030924479166666665,0.5580698649088541,0.0038096110026041665,0.3776702880859375,0.026087443033854168,0.0133056640625,0.018610636393229168,0.03436279296875,0.5580698649088541,0.019460042317708332,0.026087443033854168,PRDM1,tf
ENSG00000116731,1,13601884,13798491,196608,1,True,6,0.025665283203125,0.016011555989583332,0.0034281412760416665,0.45489501953125,0.021759033203125,0.13287862141927084,0.3453623453776042,0.025665283203125,0.017873128255208332,0.04510498046875,0.45489501953125,0.025258382161458332,0.3453623453776042,PRDM2,tf
ENSG00000110851,12,107662834,107859441,196608,-1,True,7,0.012359619140625,0.010833740234375,0.0014088948567708333,0.12015787760416667,0.06699625651041667,0.3674723307291667,0.4207712809244792,0.012359619140625,0.017038981119791668,0.024602254231770832,0.12015787760416667,0.07671610514322917,0.4207712809244792,PRDM4,tf
ENSG00000138738,4,120824423,121021030,196608,-1,True,1,0.0016937255859375,0.012079874674479166,0.0014444986979166667,0.4866282145182292,0.0,0.0,0.4981536865234375,0.0016937255859375,0.012079874674479166,0.015218098958333334,0.4866282145182292,0.004094441731770833,0.4981536865234375,PRDM5,tf
ENSG00000061455,5,122990937,123187544,196608,1,True,6,0.0090789794921875,0.004694620768229167,0.0004374186197916667,0.4857889811197917,0.040308634440104164,0.3006744384765625,0.15901692708333334,0.0090789794921875,0.007130940755208333,0.014211018880208334,0.4857889811197917,0.042973836263020836,0.15901692708333334,PRDM6,tf
ENSG00000126856,16,89979028,90175635,196608,-1,True,15,0.007720947265625,0.0098876953125,0.0041351318359375,0.15885416666666666,0.2074737548828125,0.5304158528645834,0.081512451171875,0.007720947265625,0.012135823567708334,0.0217437744140625,0.15885416666666666,0.2074737548828125,0.081512451171875,PRDM7,tf
ENSG00000152784,4,80099199,80295806,196608,1,True,5,0.010528564453125,0.013387044270833334,0.0006510416666666666,0.0794525146484375,0.058929443359375,0.2531077067057292,0.5839436848958334,0.010528564453125,0.013387044270833334,0.024566650390625,0.0794525146484375,0.06695048014322917,0.5839436848958334,PRDM8,tf
ENSG00000164256,5,23409305,23605912,196608,1,True,2,0.013737996419270834,0.005009969075520833,0.0,0.4110819498697917,0.0,0.0,0.5701700846354166,0.013737996419270834,0.005009969075520833,0.018747965494791668,0.4110819498697917,0.005498250325520833,0.5701700846354166,PRDM9,tf
ENSG00000170325,11,129904532,130101139,196608,-1,True,7,0.017125447591145832,0.0023701985677083335,0.0,0.4805959065755208,0.032679239908854164,0.1632843017578125,0.3039449055989583,0.017125447591145832,0.0023701985677083335,0.019495646158854168,0.4805959065755208,0.03387451171875,0.3039449055989583,PRDM10,tf
ENSG00000130711,9,130566290,130762897,196608,1,True,9,0.0057830810546875,0.0068206787109375,1.52587890625e-05,0.0809326171875,0.10245259602864583,0.6038258870442709,0.20016988118489584,0.0057830810546875,0.0070037841796875,0.0126190185546875,0.0809326171875,0.10245259602864583,0.20016988118489584,PRDM12,tf
ENSG00000112238,6,99508529,99705136,196608,1,True,7,0.010930379231770834,0.0055084228515625,0.0,0.028345743815104168,0.11766560872395833,0.3104604085286458,0.5270894368489584,0.010930379231770834,0.014577229817708334,0.016438802083333332,0.028345743815104168,0.11766560872395833,0.5270894368489584,PRDM13,tf
ENSG00000147596,8,69972949,70169556,196608,-1,True,4,0.0087127685546875,0.030192057291666668,1.52587890625e-05,0.08172607421875,0.045903523763020836,0.26220703125,0.5712432861328125,0.0087127685546875,0.030192057291666668,0.038920084635416664,0.08172607421875,0.045903523763020836,0.5712432861328125,PRDM14,tf
ENSG00000141956,21,41781041,41977648,196608,-1,True,5,0.0187225341796875,0.021260579427083332,0.02655029296875,0.3467661539713542,0.047724405924479164,0.3032430013020833,0.2357330322265625,0.0187225341796875,0.030792236328125,0.06653340657552083,0.3467661539713542,0.056691487630208336,0.2357330322265625,PRDM15,tf
ENSG00000142611,1,2970899,3167506,196608,1,True,5,0.00018819173177083334,0.0004679361979166667,0.0,0.4995218912760417,0.041356404622395836,0.014801025390625,0.44366455078125,0.00018819173177083334,0.0004679361979166667,0.0006561279296875,0.4995218912760417,0.048309326171875,0.44366455078125,PRDM16,tf
ENSG00000185238,11,20289412,20486019,196608,1,True,1,0.007532755533854167,0.0018768310546875,0.012552897135416666,0.4788869222005208,0.018341064453125,0.1234283447265625,0.3573811848958333,0.007532755533854167,0.008585611979166666,0.021962483723958332,0.4788869222005208,0.018341064453125,0.3573811848958333,PRMT3,tf
ENSG00000175325,5,177897939,178094546,196608,-1,True,8,0.003448486328125,0.0039825439453125,1.52587890625e-05,0.012939453125,0.20453898111979166,0.6669667561848959,0.1081085205078125,0.003448486328125,0.0039825439453125,0.0074462890625,0.012939453125,0.20453898111979166,0.1081085205078125,PROP1,tf
ENSG00000117707,1,213889669,214086276,196608,1,True,7,0.011260986328125,0.0492401123046875,1.52587890625e-05,0.238555908203125,0.054941813151041664,0.6459859212239584,0.0,0.011260986328125,0.0492401123046875,0.060516357421875,0.238555908203125,0.08135477701822917,0.0,PROX1,tf
ENSG00000119608,14,74777842,74974449,196608,-1,True,6,0.009033203125,0.015497843424479166,1.52587890625e-05,0.09388224283854167,0.14588419596354166,0.6122792561848959,0.12340799967447917,0.009033203125,0.015497843424479166,0.024546305338541668,0.09388224283854167,0.17024739583333334,0.12340799967447917,PROX2,tf
ENSG00000204576,6,30458991,30655598,196608,1,True,19,0.00286865234375,0.0066070556640625,0.010325113932291666,0.013005574544270834,0.2295989990234375,0.4990488688151042,0.23854573567708334,0.00286865234375,0.0066070556640625,0.019800821940104168,0.013005574544270834,0.2328643798828125,0.23854573567708334,PRR3,tf
ENSG00000161992,16,462090,658697,196608,1,True,20,0.0087127685546875,0.011037190755208334,1.52587890625e-05,0.0099639892578125,0.2772115071614583,0.6259562174479166,0.06710306803385417,0.0087127685546875,0.011037190755208334,0.019765218098958332,0.0099639892578125,0.27752685546875,0.06710306803385417,PRR35,tf
ENSG00000116132,1,170565827,170762434,196608,1,True,6,0.004007975260416667,0.035380045572916664,0.0025634765625,0.3481343587239583,0.051823933919270836,0.4223836263020833,0.13570658365885416,0.004007975260416667,0.03607177734375,0.041951497395833336,0.3481343587239583,0.062225341796875,0.13570658365885416,PRRX1,tf
ENSG00000167157,9,129567343,129763950,196608,1,True,11,0.0041351318359375,0.0028483072916666665,1.52587890625e-05,0.2831471761067708,0.11419169108072917,0.21059163411458334,0.38507080078125,0.0041351318359375,0.0028483072916666665,0.006998697916666667,0.2831471761067708,0.11696879069010417,0.38507080078125,PRRX2,tf
ENSG00000166454,16,80937538,81134145,196608,1,True,16,0.0127105712890625,0.01806640625,0.0012105305989583333,0.02655029296875,0.21714274088541666,0.7015940348307291,0.022725423177083332,0.0127105712890625,0.01873779296875,0.031987508138020836,0.02655029296875,0.21714274088541666,0.022725423177083332,ATMIN,tf
ENSG00000172238,4,93730449,93927056,196608,1,True,2,0.005401611328125,0.005833943684895833,1.52587890625e-05,0.0,0.0319671630859375,0.3740132649739583,0.5827687581380209,0.005401611328125,0.005833943684895833,0.011250813802083334,0.0,0.0319671630859375,0.5827687581380209,ATOH1,tf
ENSG00000179774,10,68133810,68330417,196608,-1,True,7,0.0023193359375,0.005391438802083333,1.52587890625e-05,0.0,0.06861368815104167,0.6233266194661459,0.3003336588541667,0.0023193359375,0.005391438802083333,0.007726033528645833,0.0,0.06861368815104167,0.3003336588541667,ATOH7,tf
ENSG00000168874,2,85655687,85852294,196608,1,True,19,0.0048980712890625,0.025751749674479168,0.018519083658854168,0.15448506673177084,0.1578826904296875,0.279693603515625,0.3587697347005208,0.0048980712890625,0.025751749674479168,0.049168904622395836,0.15448506673177084,0.159881591796875,0.3587697347005208,ATOH8,tf
ENSG00000125492,9,132484302,132680909,196608,1,True,4,0.0049896240234375,0.004689534505208333,1.52587890625e-05,0.029200236002604168,0.054239908854166664,0.8467458089192709,0.06011962890625,0.0049896240234375,0.004689534505208333,0.009694417317708334,0.029200236002604168,0.054239908854166664,0.06011962890625,BARHL1,tf
ENSG00000143032,1,90618999,90815606,196608,-1,True,6,0.0059051513671875,0.004475911458333333,1.52587890625e-05,0.0189208984375,0.0713043212890625,0.5298512776692709,0.3695271809895833,0.0059051513671875,0.004475911458333333,0.010396321614583334,0.0189208984375,0.0713043212890625,0.3695271809895833,BARHL2,tf
ENSG00000131668,9,93857052,94053659,196608,-1,True,6,0.003875732421875,0.005035400390625,1.52587890625e-05,0.010040283203125,0.032867431640625,0.509033203125,0.4391326904296875,0.003875732421875,0.006251017252604167,0.0089263916015625,0.010040283203125,0.032867431640625,0.4391326904296875,BARX1,tf
ENSG00000043039,11,129277544,129474151,196608,1,True,6,0.0042572021484375,0.0054168701171875,0.009409586588541666,0.3696695963541667,0.0363006591796875,0.15677897135416666,0.4181671142578125,0.0042572021484375,0.0054168701171875,0.019083658854166668,0.3696695963541667,0.0363006591796875,0.4181671142578125,BARX2,tf
ENSG00000113916,3,187647165,187843772,196608,-1,True,10,0.010772705078125,0.014424641927083334,0.004994710286458333,0.09365336100260417,0.053395589192708336,0.57342529296875,0.24933369954427084,0.010772705078125,0.024027506510416668,0.030192057291666668,0.09365336100260417,0.06303914388020833,0.24933369954427084,BCL6,tf
ENSG00000161940,17,6924746,7121353,196608,1,True,15,0.00738525390625,0.0147857666015625,0.0006103515625,0.014048258463541666,0.15546162923177084,0.499359130859375,0.308349609375,0.00738525390625,0.0147857666015625,0.0227813720703125,0.014048258463541666,0.15546162923177084,0.308349609375,BCL6B,tf
ENSG00000119866,2,60455351,60651958,196608,-1,True,5,0.01544189453125,0.07465108235677083,0.0230255126953125,0.3910166422526042,0.0140228271484375,0.13178507486979166,0.3500569661458333,0.01544189453125,0.08187357584635417,0.11311848958333333,0.3910166422526042,0.0162200927734375,0.3500569661458333,BCL11A,tf
ENSG00000127152,14,99173894,99370501,196608,-1,True,5,0.013641357421875,0.00628662109375,1.52587890625e-05,0.4800567626953125,0.030614217122395832,0.262939453125,0.20644632975260416,0.013641357421875,0.00628662109375,0.0199432373046875,0.4800567626953125,0.0354156494140625,0.20644632975260416,BCL11B,tf
ENSG00000145734,5,71357347,71553954,196608,1,True,6,0.03662109375,0.0011545817057291667,0.006317138671875,0.4559071858723958,0.036412556966145836,0.4632975260416667,0.0002899169921875,0.03662109375,0.0013020833333333333,0.044092814127604164,0.4559071858723958,0.040232340494791664,0.0002899169921875,BDP1,tf
ENSG00000205899,17,1172140,1368747,196608,1,True,7,0.0035858154296875,0.0033772786458333335,1.52587890625e-05,0.0,0.057607014973958336,0.5742238362630209,0.3611907958984375,0.0035858154296875,0.0033772786458333335,0.006978352864583333,0.0,0.057917277018229164,0.3611907958984375,BHLHA9,tf
ENSG00000180535,7,98113135,98309742,196608,1,True,6,0.0028839111328125,0.013702392578125,1.52587890625e-05,0.0038401285807291665,0.12677001953125,0.8429056803385416,0.009882609049479166,0.0028839111328125,0.013702392578125,0.0166015625,0.0038401285807291665,0.131011962890625,0.009882609049479166,BHLHA15,tf
ENSG00000180828,8,64482061,64678668,196608,1,True,6,0.0058135986328125,0.010767618815104166,1.52587890625e-05,0.0,0.0646514892578125,0.4386037190755208,0.4801483154296875,0.0058135986328125,0.010767618815104166,0.016596476236979168,0.0,0.0662384033203125,0.4801483154296875,BHLHE22,tf
ENSG00000125533,20,62908661,63105268,196608,-1,True,13,0.0036773681640625,0.0019480387369791667,1.52587890625e-05,0.0,0.180328369140625,0.6222330729166666,0.19179789225260416,0.0036773681640625,0.0021921793619791665,0.005640665690104167,0.0,0.180328369140625,0.19179789225260416,BHLHE23,tf
ENSG00000134107,3,4881133,5077740,196608,1,True,8,0.00628662109375,0.009908040364583334,0.0018666585286458333,0.015553792317708334,0.0657501220703125,0.5963389078776041,0.3042958577473958,0.00628662109375,0.009908040364583334,0.018061319986979168,0.015553792317708334,0.07273356119791667,0.3042958577473958,BHLHE40,tf
ENSG00000123095,12,26026734,26223341,196608,-1,True,7,0.00738525390625,0.011667887369791666,0.000579833984375,0.005839029947916667,0.064056396484375,0.7096811930338541,0.2007904052734375,0.00738525390625,0.011667887369791666,0.019632975260416668,0.005839029947916667,0.06488037109375,0.2007904052734375,BHLHE41,tf
ENSG00000029153,12,27234532,27431139,196608,1,True,4,0.0098724365234375,0.025416056315104168,0.0003204345703125,0.4346364339192708,0.051890055338541664,0.42987060546875,0.047993977864583336,0.0098724365234375,0.025777180989583332,0.035608927408854164,0.4346364339192708,0.055501302083333336,0.047993977864583336,BMAL2,tf
ENSG00000169594,15,83186361,83382968,196608,-1,True,5,0.01556396484375,0.0093536376953125,1.52587890625e-05,0.12145487467447917,0.018732706705729168,0.8348795572916666,0.0,0.01556396484375,0.0093536376953125,0.024932861328125,0.12145487467447917,0.020238240559895832,0.0,BNC1,tf
ENSG00000173068,9,16772367,16968974,196608,-1,True,3,1.52587890625e-05,0.004119873046875,0.0,0.4970448811848958,0.006398518880208333,0.2596638997395833,0.232757568359375,1.52587890625e-05,0.0041351318359375,0.0041351318359375,0.4970448811848958,0.007787068684895833,0.232757568359375,BNC2,tf
ENSG00000185024,14,105202698,105399305,196608,-1,True,6,0.012481689453125,0.028386433919270832,0.025431315104166668,0.4744364420572917,0.08874003092447917,0.33514404296875,0.035380045572916664,0.012481689453125,0.030064900716145832,0.0662994384765625,0.4744364420572917,0.11122639973958333,0.035380045572916664,BRF1,tf
ENSG00000104221,8,37751558,37948165,196608,-1,True,11,0.006937662760416667,0.006947835286458333,1.52587890625e-05,0.0196380615234375,0.1410369873046875,0.5676218668619791,0.2578023274739583,0.006937662760416667,0.012334187825520834,0.0139007568359375,0.0196380615234375,0.149322509765625,0.2578023274739583,BRF2,tf
ENSG00000164061,3,49456173,49652780,196608,1,True,5,0.016398111979166668,0.000640869140625,0.001373291015625,0.4815877278645833,0.06558736165364583,0.3710174560546875,0.06339518229166667,0.016398111979166668,0.000640869140625,0.018412272135416668,0.4815877278645833,0.06793212890625,0.06339518229166667,BSN,tf
ENSG00000188909,11,122883531,123080138,196608,-1,True,14,0.0035552978515625,0.0012308756510416667,1.52587890625e-05,0.0168914794921875,0.10265096028645833,0.4353078206380208,0.4403483072916667,0.0035552978515625,0.0012308756510416667,0.004801432291666667,0.0168914794921875,0.10451253255208333,0.4403483072916667,BSX,tf
ENSG00000168267,10,23094008,23290615,196608,1,True,9,0.005472819010416667,0.0028533935546875,0.0,0.0015106201171875,0.042734781901041664,0.7111562093098959,0.23627217610677084,0.005472819010416667,0.0037434895833333335,0.008326212565104166,0.0015106201171875,0.042734781901041664,0.23627217610677084,PTF1A,tf
ENSG00000154710,7,66642429,66839036,196608,1,True,9,0.008824666341145834,0.0450592041015625,0.0011800130208333333,0.6028951009114584,0.052241007486979164,0.2898000081380208,0.0,0.008824666341145834,0.051727294921875,0.055063883463541664,0.6028951009114584,0.07923380533854167,0.0,RABGEF1,tf
ENSG00000070950,3,8865169,9061776,196608,-1,True,4,0.007558186848958333,0.024754842122395832,0.0018717447916666667,0.46734619140625,0.08311971028645833,0.3298136393229167,0.08553568522135417,0.007558186848958333,0.028778076171875,0.034184773763020836,0.46734619140625,0.08382161458333333,0.08553568522135417,RAD18,tf
ENSG00000153201,2,108621178,108817785,196608,1,True,5,0.0500030517578125,0.015045166015625,0.07170613606770833,0.20084126790364584,0.054372151692708336,0.4435373942057292,0.16449483235677084,0.0500030517578125,0.022893269856770832,0.13675435384114584,0.20084126790364584,0.054372151692708336,0.16449483235677084,RANBP2,tf
ENSG00000134438,18,59175151,59371758,196608,-1,True,5,0.005279541015625,0.0124359130859375,0.0015411376953125,0.016611735026041668,0.061793009440104164,0.460662841796875,0.4416758219401042,0.005279541015625,0.014821370442708334,0.019256591796875,0.016611735026041668,0.061793009440104164,0.4416758219401042,RAX,tf
ENSG00000173976,19,3673925,3870532,196608,-1,True,10,0.0028076171875,0.009490966796875,1.52587890625e-05,0.0036570231119791665,0.12384541829427083,0.7671407063802084,0.09304300944010417,0.0028076171875,0.009490966796875,0.0123138427734375,0.0036570231119791665,0.12384541829427083,0.09304300944010417,RAX2,tf
ENSG00000146587,7,4947556,5144163,196608,1,True,13,0.010894775390625,0.025609334309895832,0.0015818277994791667,0.08231099446614583,0.06786092122395833,0.6023915608723959,0.2093505859375,0.010894775390625,0.025609334309895832,0.0380859375,0.08231099446614583,0.06984965006510417,0.2093505859375,RBAK,tf
ENSG00000125826,20,309995,506602,196608,1,True,9,0.010228474934895834,0.014790852864583334,0.030303955078125,0.07001241048177083,0.2909800211588542,0.4392547607421875,0.14442952473958334,0.010228474934895834,0.0176849365234375,0.055323282877604164,0.07001241048177083,0.29443359375,0.14442952473958334,RBCK1,tf
ENSG00000173933,11,66540399,66737006,196608,1,True,14,0.007253011067708333,0.035100301106770836,4.57763671875e-05,0.1087799072265625,0.20544942220052084,0.4796549479166667,0.16371663411458334,0.007253011067708333,0.035924275716145836,0.042399088541666664,0.1087799072265625,0.23309326171875,0.16371663411458334,RBM4,tf
ENSG00000173914,11,66579584,66776191,196608,-1,True,13,0.00592041015625,0.028162638346354168,4.57763671875e-05,0.031636555989583336,0.18735249837239584,0.639068603515625,0.10781351725260417,0.00592041015625,0.029881795247395832,0.034128824869791664,0.031636555989583336,0.2001953125,0.10781351725260417,RBM4B,tf
ENSG00000003756,3,49990615,50187222,196608,1,True,5,0.013097127278645834,0.016377766927083332,0.024164835611979168,0.0994720458984375,0.051457722981770836,0.7954305013020834,0.0,0.013097127278645834,0.021509806315104168,0.053639729817708336,0.0994720458984375,0.07281494140625,0.0,RBM5,tf
ENSG00000182872,X,47046917,47243524,196608,1,True,12,0.0160369873046875,0.006988525390625,0.0005696614583333334,0.19272867838541666,0.20641072591145834,0.4386342366536458,0.13863118489583334,0.0160369873046875,0.0079803466796875,0.023595174153645832,0.19272867838541666,0.21877543131510416,0.13863118489583334,RBM10,tf
ENSG00000203867,10,110546032,110742639,196608,1,True,5,0.0009714762369791666,0.0025787353515625,0.0,0.4984232584635417,0.0938568115234375,0.2126007080078125,0.19156901041666666,0.0009714762369791666,0.0025787353515625,0.0035502115885416665,0.4984232584635417,0.0938568115234375,0.19156901041666666,RBM20,tf
ENSG00000086589,5,150602759,150799366,196608,-1,True,7,0.0084991455078125,0.005320231119791667,0.004425048828125,0.0340728759765625,0.16232808430989584,0.5816650390625,0.2036895751953125,0.0084991455078125,0.005320231119791667,0.018244425455729168,0.0340728759765625,0.16232808430989584,0.2036895751953125,RBM22,tf
ENSG00000139746,13,79307952,79504559,196608,-1,True,4,0.0157012939453125,0.027364095052083332,0.008570353190104166,0.4297993977864583,0.050715128580729164,0.4481557210286458,0.019694010416666668,0.0157012939453125,0.027364095052083332,0.0516357421875,0.4297993977864583,0.054148356119791664,0.019694010416666668,RBM26,tf
ENSG00000091009,5,146105301,146301908,196608,1,True,7,0.0161895751953125,0.017339070638020832,0.0006612141927083334,0.4015706380208333,0.10950215657552083,0.3486735026041667,0.1060638427734375,0.0161895751953125,0.017339070638020832,0.034189860026041664,0.4015706380208333,0.12527974446614584,0.1060638427734375,RBM27,tf
ENSG00000131381,3,15000845,15197452,196608,-1,True,10,0.013234456380208334,0.043421427408854164,0.0029093424479166665,0.096038818359375,0.15659077962239584,0.5997517903645834,0.08805338541666667,0.013234456380208334,0.045842488606770836,0.059565226236979164,0.096038818359375,0.17477925618489584,0.08805338541666667,RBSN,tf
ENSG00000135870,1,173924054,174120661,196608,-1,True,8,0.017303466796875,0.04345703125,0.0012563069661458333,0.4022267659505208,0.037343343098958336,0.025883992513020832,0.4725290934244792,0.017303466796875,0.04345703125,0.062016805013020836,0.4022267659505208,0.04168701171875,0.4725290934244792,RC3H1,tf
ENSG00000056586,9,122807056,123003663,196608,-1,True,9,0.0198974609375,0.040506998697916664,0.0007120768229166666,0.248931884765625,0.13338724772135416,0.4562733968098958,0.10029093424479167,0.0198974609375,0.051335652669270836,0.061116536458333336,0.248931884765625,0.13395182291666666,0.10029093424479167,RC3H2,tf
ENSG00000214022,7,150270518,150467125,196608,1,True,15,0.011210123697916666,0.0116729736328125,0.0037333170572916665,0.0037740071614583335,0.17660013834635416,0.6547037760416666,0.1383056640625,0.011210123697916666,0.022649129231770832,0.026616414388020832,0.0037740071614583335,0.17955525716145834,0.1383056640625,REPIN1,tf
ENSG00000142599,1,8719337,8915944,196608,-1,True,15,0.0,0.009623209635416666,0.0018717447916666667,0.6476084391276041,0.0520477294921875,0.16050211588541666,0.12834676106770834,0.0,0.009623209635416666,0.011494954427083334,0.6476084391276041,0.0682220458984375,0.12834676106770834,RERE,tf
ENSG00000084093,4,56809596,57006203,196608,1,True,7,0.0171356201171875,0.033014933268229164,0.006922403971354167,0.24267578125,0.027252197265625,0.233062744140625,0.4399363199869792,0.0171356201171875,0.044759114583333336,0.057072957356770836,0.24267578125,0.034734090169270836,0.4399363199869792,REST,tf
ENSG00000101883,X,120017610,120214217,196608,-1,True,10,0.0028076171875,0.004811604817708333,0.015614827473958334,0.5116780598958334,0.011281331380208334,0.3973642985026042,0.0564422607421875,0.0028076171875,0.004811604817708333,0.023234049479166668,0.5116780598958334,0.052495320638020836,0.0564422607421875,RHOXF1,tf
ENSG00000131721,X,120060309,120256916,196608,1,True,10,0.00439453125,0.010075887044270834,1.52587890625e-05,0.021209716796875,0.10372416178385417,0.8327738444010416,0.027806599934895832,0.00439453125,0.010075887044270834,0.014485677083333334,0.021209716796875,0.10372416178385417,0.027806599934895832,RHOXF2,tf
ENSG00000203989,X,119979387,120175994,196608,-1,True,9,0.00439453125,0.001983642578125,1.52587890625e-05,0.021209716796875,0.08353169759114583,0.8324228922526041,0.0564422607421875,0.00439453125,0.001983642578125,0.0063934326171875,0.021209716796875,0.08353169759114583,0.0564422607421875,RHOXF2B,tf
ENSG00000117000,1,40063083,40259690,196608,1,True,9,0.029205322265625,0.0024770100911458335,1.52587890625e-05,0.3728383382161458,0.055887858072916664,0.18715413411458334,0.3524220784505208,0.029205322265625,0.0024770100911458335,0.031697591145833336,0.3728383382161458,0.056432088216145836,0.3524220784505208,RLF,tf
ENSG00000092098,14,24049194,24245801,196608,1,True,39,0.0177001953125,0.0025685628255208335,0.014073689778645834,0.036753336588541664,0.4078928629557292,0.4651387532552083,0.055872599283854164,0.0177001953125,0.018061319986979168,0.034342447916666664,0.036753336588541664,0.4291839599609375,0.055872599283854164,RNF31,tf
ENSG00000125352,X,119773430,119970037,196608,-1,True,14,0.0052337646484375,0.0011545817057291667,1.52587890625e-05,0.0,0.11333719889322917,0.8113606770833334,0.06889851888020833,0.0052337646484375,0.0011545817057291667,0.006403605143229167,0.0,0.11333719889322917,0.06889851888020833,RNF113A,tf
ENSG00000139797,13,98078966,98275573,196608,-1,True,6,0.004913330078125,0.0020904541015625,1.52587890625e-05,0.0005340576171875,0.024266560872395832,0.9681803385416666,0.0,0.004913330078125,0.0020904541015625,0.00701904296875,0.0005340576171875,0.024266560872395832,0.0,RNF113B,tf
ENSG00000179580,16,1868552,2065159,196608,1,True,29,0.004353841145833333,0.0006052652994791666,1.52587890625e-05,0.005976359049479167,0.2468109130859375,0.4649810791015625,0.2772572835286458,0.004353841145833333,0.0030924479166666665,0.004974365234375,0.005976359049479167,0.2468109130859375,0.2772572835286458,RNF151,tf
ENSG00000124782,6,7009657,7206264,196608,1,True,5,0.0021616617838541665,0.007710774739583333,0.0029500325520833335,0.4899393717447917,0.013926188151041666,0.21222941080729166,0.2710825602213542,0.0021616617838541665,0.007710774739583333,0.012822469075520834,0.4899393717447917,0.02545166015625,0.2710825602213542,RREB1,tf
ENSG00000179300,X,78561025,78757632,196608,-1,True,3,0.0072479248046875,0.006617228190104167,1.52587890625e-05,0.0037434895833333335,0.040334065755208336,0.344268798828125,0.5977732340494791,0.0072479248046875,0.006617228190104167,0.013880411783854166,0.0037434895833333335,0.040334065755208336,0.5977732340494791,RTL3,tf
ENSG00000187823,X,111984712,112181319,196608,1,True,1,0.0,0.0013834635416666667,0.0,0.4988759358723958,0.004567464192708333,0.4942169189453125,0.0009562174479166666,0.0,0.0013834635416666667,0.0013834635416666667,0.4988759358723958,0.004567464192708333,0.0009562174479166666,RTL4,tf
ENSG00000175077,3,187099182,187295789,196608,1,True,4,0.0040130615234375,0.007232666015625,1.52587890625e-05,0.008967081705729166,0.125152587890625,0.6129506429036459,0.241668701171875,0.0040130615234375,0.007232666015625,0.011260986328125,0.008967081705729166,0.13332621256510416,0.241668701171875,RTP1,tf
ENSG00000198471,3,187604254,187800861,196608,-1,True,10,0.0034332275390625,0.0034891764322916665,1.52587890625e-05,0.015431722005208334,0.06969706217447917,0.658599853515625,0.24933369954427084,0.0034332275390625,0.0034891764322916665,0.006937662760416667,0.015431722005208334,0.07085164388020833,0.24933369954427084,RTP2,tf
ENSG00000163825,3,46399672,46596279,196608,1,True,10,0.0035400390625,0.0044708251953125,1.52587890625e-05,0.024220784505208332,0.15651957194010416,0.649139404296875,0.1620941162109375,0.0035400390625,0.0044708251953125,0.008026123046875,0.024220784505208332,0.15651957194010416,0.1620941162109375,RTP3,tf
ENSG00000136514,3,187270081,187466688,196608,1,True,7,0.003753662109375,0.0038655598958333335,1.52587890625e-05,0.011144002278645834,0.031707763671875,0.2078857421875,0.7416280110677084,0.003753662109375,0.0038655598958333335,0.007634480794270833,0.011144002278645834,0.031707763671875,0.7416280110677084,RTP4,tf
ENSG00000188011,2,241771425,241968032,196608,1,True,13,0.008763631184895834,0.004475911458333333,1.52587890625e-05,0.008229573567708334,0.12227884928385417,0.6038462320963541,0.2523905436197917,0.008763631184895834,0.012400309244791666,0.013254801432291666,0.008229573567708334,0.12227884928385417,0.2523905436197917,RTP5,tf
ENSG00000176783,5,179452250,179648857,196608,1,True,17,0.012944539388020834,0.007319132486979167,0.010498046875,0.2717234293619792,0.11344401041666667,0.17027791341145834,0.4137929280598958,0.012944539388020834,0.011266072591145834,0.03076171875,0.2717234293619792,0.12897237141927084,0.4137929280598958,RUFY1,tf
ENSG00000204130,10,68308974,68505581,196608,-1,True,8,0.011179606119791666,0.021326700846354168,0.008977254231770834,0.2952626546223958,0.10546366373697917,0.5186055501302084,0.0391845703125,0.011179606119791666,0.022186279296875,0.041483561197916664,0.2952626546223958,0.11921183268229167,0.0391845703125,RUFY2,tf
ENSG00000018189,4,70623660,70820267,196608,1,True,9,0.0118408203125,0.031122843424479168,0.005808512369791667,0.4823150634765625,0.08223470052083333,0.2539825439453125,0.13269551595052084,0.0118408203125,0.034627278645833336,0.048772176106770836,0.4823150634765625,0.08369954427083333,0.13269551595052084,RUFY3,tf
ENSG00000188282,2,217970949,218167556,196608,1,True,9,0.009770711263020834,0.010594685872395834,0.0018107096354166667,0.2607472737630208,0.057184855143229164,0.4417978922526042,0.2180938720703125,0.009770711263020834,0.016123453776041668,0.022176106770833332,0.2607472737630208,0.07285054524739583,0.2180938720703125,RUFY4,tf
ENSG00000159216,21,34950999,35147606,196608,-1,True,1,0.0002950032552083333,0.002960205078125,0.000579833984375,0.9961649576822916,0.0,0.0,0.0,0.0002950032552083333,0.002960205078125,0.0038350423177083335,0.9961649576822916,0.0035502115885416665,0.0,RUNX1,tf
ENSG00000079102,8,92005082,92201689,196608,-1,True,1,0.005986531575520833,0.027659098307291668,0.0144195556640625,0.451934814453125,0.00177001953125,0.0,0.49822998046875,0.005986531575520833,0.033640543619791664,0.048065185546875,0.451934814453125,0.00177001953125,0.49822998046875,RUNX1T1,tf
ENSG00000124813,6,45230026,45426633,196608,1,True,3,0.0022328694661458335,0.005650838216145833,0.0014394124348958333,0.4915568033854167,0.0021413167317708335,0.496978759765625,0.0,0.0022328694661458335,0.005650838216145833,0.0093231201171875,0.4915568033854167,0.012242635091145834,0.0,RUNX2,tf
ENSG00000020633,1,24831973,25028580,196608,-1,True,6,0.006627400716145833,0.017588297526041668,0.0008188883463541666,0.3086802164713542,0.036066691080729164,0.07502237955729167,0.5551961263020834,0.006627400716145833,0.017588297526041668,0.025034586588541668,0.3086802164713542,0.0406036376953125,0.5551961263020834,RUNX3,tf
ENSG00000163602,3,72348318,72544925,196608,-1,True,3,0.0033162434895833335,0.033365885416666664,0.006434122721354167,0.3373209635416667,0.0363311767578125,0.4522247314453125,0.13100687662760416,0.0033162434895833335,0.033365885416666664,0.043116251627604164,0.3373209635416667,0.0363311767578125,0.13100687662760416,RYBP,tf
ENSG00000103449,16,51052967,51249574,196608,-1,True,11,0.020477294921875,0.011377970377604166,0.0015513102213541667,0.051544189453125,0.06278483072916667,0.7244822184244791,0.12778218587239584,0.020477294921875,0.014551798502604166,0.033406575520833336,0.051544189453125,0.0715789794921875,0.12778218587239584,SALL1,tf
ENSG00000165821,14,21428043,21624650,196608,-1,True,13,0.016896565755208332,0.010467529296875,1.52587890625e-05,0.054697672526041664,0.14007059733072916,0.3642934163411458,0.4135589599609375,0.016896565755208332,0.012232462565104166,0.027379353841145832,0.054697672526041664,0.1424713134765625,0.4135589599609375,SALL2,tf
ENSG00000256463,18,78881514,79078121,196608,1,True,7,0.01983642578125,0.014658610026041666,0.0003407796223958333,0.0814361572265625,0.0329132080078125,0.3378855387369792,0.5129292805989584,0.01983642578125,0.016270955403645832,0.0348358154296875,0.0814361572265625,0.037312825520833336,0.5129292805989584,SALL3,tf
ENSG00000101115,20,51704218,51900825,196608,-1,True,5,0.0160675048828125,0.010411580403645834,0.0028839111328125,0.073333740234375,0.028233846028645832,0.5830027262369791,0.2860666910807292,0.0160675048828125,0.010411580403645834,0.029362996419270832,0.073333740234375,0.030512491861979168,0.2860666910807292,SALL4,tf
ENSG00000182568,3,18327036,18523643,196608,-1,True,5,0.0123291015625,0.047307332356770836,0.0265960693359375,0.4236399332682292,0.0329437255859375,0.457183837890625,0.0,0.0123291015625,0.047307332356770836,0.08623250325520833,0.4236399332682292,0.041010538736979164,0.0,SATB1,tf
ENSG00000119042,2,199359636,199556243,196608,-1,True,2,0.00372314453125,0.029698689778645832,0.01544189453125,0.5189208984375,0.013905843098958334,0.017801920572916668,0.4005076090494792,0.00372314453125,0.029698689778645832,0.048863728841145836,0.5189208984375,0.0380706787109375,0.4005076090494792,SATB2,tf
ENSG00000140386,15,76807037,77003644,196608,-1,True,6,0.0025990804036458335,0.007405598958333333,0.0,0.4931996663411458,0.07039388020833333,0.154296875,0.2721048990885417,0.0025990804036458335,0.0089569091796875,0.010004679361979166,0.4931996663411458,0.07039388020833333,0.2721048990885417,SCAPER,tf
ENSG00000261678,8,144238179,144434786,196608,-1,True,23,0.00531005859375,0.014918009440104166,1.52587890625e-05,0.009857177734375,0.2664896647135417,0.5907338460286459,0.11267598470052083,0.00531005859375,0.014918009440104166,0.020243326822916668,0.009857177734375,0.2690887451171875,0.11267598470052083,SCRT1,tf
ENSG00000215397,20,577499,774106,196608,-1,True,7,0.0046844482421875,0.011576334635416666,1.52587890625e-05,0.0559844970703125,0.072906494140625,0.21613566080729166,0.6386973063151041,0.0046844482421875,0.011576334635416666,0.016276041666666668,0.0559844970703125,0.07702128092447917,0.6386973063151041,SCRT2,tf
ENSG00000260428,8,144168149,144364756,196608,1,True,13,0.0030670166015625,0.0025431315104166665,1.52587890625e-05,0.004694620768229167,0.18964131673177084,0.7641652425130209,0.0358734130859375,0.0030670166015625,0.0025431315104166665,0.005625406901041667,0.004694620768229167,0.18964131673177084,0.0358734130859375,SCX,tf
ENSG00000274529,17,28266896,28463503,196608,-1,True,24,0.002899169921875,0.004119873046875,1.52587890625e-05,0.0015818277994791667,0.232025146484375,0.5220794677734375,0.23727925618489584,0.002899169921875,0.004119873046875,0.0070343017578125,0.0015818277994791667,0.23583984375,0.23727925618489584,SEBOX,tf
ENSG00000168066,11,64680239,64876846,196608,-1,True,10,0.012456258138020834,0.009226481119791666,0.008692423502604166,0.041753133138020836,0.20446268717447916,0.5516560872395834,0.1717529296875,0.012456258138020834,0.018391927083333332,0.030375162760416668,0.041753133138020836,0.20456441243489584,0.1717529296875,SF1,tf
ENSG00000104897,19,2138520,2335127,196608,1,True,17,0.007598876953125,0.0040283203125,0.005457560221354167,0.043187459309895836,0.20561726888020834,0.7308756510416666,0.00323486328125,0.007598876953125,0.0040283203125,0.017084757486979168,0.043187459309895836,0.20836385091145834,0.00323486328125,SF3A2,tf
ENSG00000179526,8,144005470,144202077,196608,-1,True,20,0.005956013997395833,0.012685139973958334,0.004343668619791667,0.0309906005859375,0.19224039713541666,0.6031239827473959,0.15066019694010416,0.005956013997395833,0.012964884440104166,0.022984822591145832,0.0309906005859375,0.21120707194010416,0.15066019694010416,SHARPIN,tf
ENSG00000185960,X,532487,729094,196608,1,True,2,0.004669189453125,0.041814168294270836,3.0517578125e-05,0.1318511962890625,0.004358927408854167,0.0003712972005208333,0.8169047037760416,0.004669189453125,0.041814168294270836,0.046513875325520836,0.1318511962890625,0.004358927408854167,0.8169047037760416,SHOX,tf
ENSG00000168779,3,158008117,158204724,196608,-1,True,2,0.0054168701171875,0.012807210286458334,0.00726318359375,0.0279998779296875,0.02227783203125,0.8891042073567709,0.035130818684895836,0.0054168701171875,0.012807210286458334,0.025487263997395832,0.0279998779296875,0.02398681640625,0.035130818684895836,SHOX2,tf
ENSG00000112246,6,100366618,100563225,196608,-1,True,4,0.011708577473958334,0.0312347412109375,0.004308064778645833,0.3592783610026042,0.026173909505208332,0.3533426920572917,0.21395365397135416,0.011708577473958334,0.0312347412109375,0.047251383463541664,0.3592783610026042,0.028106689453125,0.21395365397135416,SIM1,tf
ENSG00000159263,21,36600811,36797418,196608,1,True,5,0.010701497395833334,0.015680948893229168,0.012629191080729166,0.21938578287760416,0.0473480224609375,0.6675771077473959,0.026677449544270832,0.010701497395833334,0.015680948893229168,0.039011637369791664,0.21938578287760416,0.0552825927734375,0.026677449544270832,SIM2,tf
ENSG00000126778,14,60551174,60747781,196608,-1,True,8,0.004542032877604167,0.016204833984375,0.006917317708333333,0.047810872395833336,0.06627909342447917,0.5487263997395834,0.3095194498697917,0.004542032877604167,0.016204833984375,0.0276641845703125,0.047810872395833336,0.06627909342447917,0.3095194498697917,SIX1,tf
ENSG00000170577,2,44911149,45107756,196608,-1,True,16,0.0044708251953125,0.006764729817708333,1.52587890625e-05,0.010472615559895834,0.10198465983072917,0.8142191569010416,0.06207275390625,0.0044708251953125,0.006764729817708333,0.011250813802083334,0.010472615559895834,0.10237630208333333,0.06207275390625,SIX2,tf
ENSG00000138083,2,44843398,45040005,196608,1,True,16,0.00506591796875,0.008717854817708334,1.52587890625e-05,0.008427937825520834,0.091827392578125,0.4792734781901042,0.4066721598307292,0.00506591796875,0.008717854817708334,0.013799031575520834,0.008427937825520834,0.09752400716145833,0.4066721598307292,SIX3,tf
ENSG00000100625,14,60626048,60822655,196608,-1,True,6,0.011932373046875,0.021067301432291668,0.0014394124348958333,0.040903727213541664,0.0549774169921875,0.6541290283203125,0.21555074055989584,0.011932373046875,0.021082560221354168,0.0344390869140625,0.040903727213541664,0.0549774169921875,0.21555074055989584,SIX4,tf
ENSG00000177045,19,45670949,45867556,196608,-1,True,18,0.0112762451171875,0.0069427490234375,0.0,0.004506429036458333,0.24515787760416666,0.6617431640625,0.07037353515625,0.0112762451171875,0.014088948567708334,0.018218994140625,0.004506429036458333,0.2572733561197917,0.07037353515625,SIX5,tf
ENSG00000184302,14,60410842,60607449,196608,1,True,7,0.003753662109375,0.0094146728515625,1.52587890625e-05,0.0056610107421875,0.04974365234375,0.8374430338541666,0.09396870930989583,0.003753662109375,0.0094146728515625,0.01318359375,0.0056610107421875,0.04974365234375,0.09396870930989583,SIX6,tf
ENSG00000125520,20,63641472,63838079,196608,1,True,15,0.006449381510416667,0.006174723307291667,0.0023905436197916665,0.006815592447916667,0.21100870768229166,0.7379099527994791,0.0292510986328125,0.006449381510416667,0.006174723307291667,0.0150146484375,0.006815592447916667,0.21306864420572916,0.0292510986328125,SLC2A4RG,tf
ENSG00000188827,16,3513303,3709910,196608,-1,True,10,0.027984619140625,0.009206136067708334,0.01416015625,0.10340372721354167,0.16419474283854166,0.661224365234375,0.019826253255208332,0.027984619140625,0.009206136067708334,0.051350911458333336,0.10340372721354167,0.16586812337239584,0.019826253255208332,SLX4,tf
ENSG00000115593,2,87969521,88166128,196608,1,True,10,0.0085601806640625,0.0149993896484375,0.0008646647135416666,0.20757039388020834,0.07120259602864583,0.4518229166666667,0.2449798583984375,0.0085601806640625,0.01507568359375,0.024424235026041668,0.20757039388020834,0.07161458333333333,0.2449798583984375,SMYD1,tf
ENSG00000143499,1,214182855,214379462,196608,1,True,7,0.007670084635416667,0.0034383138020833335,0.015411376953125,0.2593434651692708,0.09217325846354167,0.4358571370442708,0.18610636393229166,0.007670084635416667,0.00372314453125,0.026519775390625,0.2593434651692708,0.09308878580729167,0.18610636393229166,SMYD2,tf
ENSG00000185420,1,246408976,246605583,196608,-1,True,11,0.0008341471354166666,0.00274658203125,0.0,0.4965871175130208,0.044214884440104164,0.4005788167317708,0.0550384521484375,0.0008341471354166666,0.00274658203125,0.0035807291666666665,0.4965871175130208,0.044794718424479164,0.0550384521484375,SMYD3,tf
ENSG00000186532,17,1731599,1928206,196608,-1,True,9,0.012690226236979166,0.019200642903645832,0.0034383138020833335,0.22483317057291666,0.1015625,0.5457051595052084,0.09256998697916667,0.012690226236979166,0.019475301106770832,0.035329182942708336,0.22483317057291666,0.103515625,0.09256998697916667,SMYD4,tf
ENSG00000135632,2,73115941,73312548,196608,1,True,12,0.006647745768229167,0.007904052734375,0.0025990804036458335,0.04901123046875,0.1070556640625,0.5844268798828125,0.2423553466796875,0.006647745768229167,0.010808308919270834,0.01715087890625,0.04901123046875,0.1070556640625,0.2423553466796875,SMYD5,tf
ENSG00000124216,20,49884676,50081283,196608,1,True,15,0.0040283203125,0.004628499348958333,1.52587890625e-05,0.021372477213541668,0.1222381591796875,0.2814687093098958,0.5662485758463541,0.0040283203125,0.004628499348958333,0.008672078450520834,0.021372477213541668,0.1222381591796875,0.5662485758463541,SNAI1,tf
ENSG00000019549,8,48823126,49019733,196608,-1,True,4,0.00408935546875,0.007970174153645834,0.004628499348958333,0.004384358723958333,0.024210611979166668,0.1865692138671875,0.7681477864583334,0.00408935546875,0.007970174153645834,0.016688028971354168,0.004384358723958333,0.0265350341796875,0.7681477864583334,SNAI2,tf
ENSG00000185669,16,88588204,88784811,196608,-1,True,15,0.00445556640625,0.0043792724609375,1.52587890625e-05,0.0360107421875,0.2664794921875,0.5887044270833334,0.09995524088541667,0.00445556640625,0.0043792724609375,0.00885009765625,0.0360107421875,0.2734832763671875,0.09995524088541667,SNAI3,tf
ENSG00000012822,12,53629149,53825756,196608,-1,True,8,0.011403401692708334,0.027760823567708332,0.009033203125,0.0496063232421875,0.08782958984375,0.6054331461588541,0.20893351236979166,0.011403401692708334,0.029017130533854168,0.048197428385416664,0.0496063232421875,0.08880106608072917,0.20893351236979166,CALCOCO1,tf
ENSG00000136436,17,48732731,48929338,196608,1,True,12,0.008763631184895834,0.033228556315104164,0.014628092447916666,0.13288370768229166,0.09617106119791667,0.5533854166666666,0.16093953450520834,0.008763631184895834,0.036814371744791664,0.056620279947916664,0.13288370768229166,0.09943644205729167,0.16093953450520834,CALCOCO2,tf
ENSG00000103326,16,429408,626015,196608,1,True,15,0.017812093098958332,0.020792643229166668,0.012908935546875,0.0854339599609375,0.1424713134765625,0.6575978597005209,0.06298319498697917,0.017812093098958332,0.0225830078125,0.051513671875,0.0854339599609375,0.14561971028645834,0.06298319498697917,CAPN15,tf
ENSG00000130940,1,10698343,10894950,196608,-1,True,4,0.0,0.0015106201171875,0.0020243326822916665,0.4964853922526042,0.006810506184895833,0.033075968424479164,0.4600931803385417,0.0,0.0015106201171875,0.0035349527994791665,0.4964853922526042,0.009007771809895834,0.4600931803385417,CASZ1,tf
ENSG00000078699,20,33391792,33588399,196608,1,True,4,0.0004831949869791667,0.0037638346354166665,0.0001068115234375,0.4957529703776042,0.032379150390625,0.23456319173177084,0.23295084635416666,0.0004831949869791667,0.004247029622395833,0.004353841145833333,0.4957529703776042,0.032379150390625,0.23295084635416666,CBFA2T2,tf
ENSG00000168566,6,7491894,7688501,196608,1,True,7,0.005213419596354167,0.016087849934895832,0.008433024088541666,0.0810394287109375,0.13737996419270834,0.2867075602213542,0.4651387532552083,0.005213419596354167,0.017608642578125,0.029734293619791668,0.0810394287109375,0.13737996419270834,0.4651387532552083,SNRNP48,tf
ENSG00000124562,6,34659201,34855808,196608,1,True,11,0.0030771891276041665,0.0033772786458333335,0.00011698404947916667,0.07686360677083333,0.035614013671875,0.6996103922526041,0.18134053548177084,0.0030771891276041665,0.0037841796875,0.006571451822916667,0.07686360677083333,0.035614013671875,0.18134053548177084,SNRPC,tf
ENSG00000112320,6,107391813,107588420,196608,1,True,3,0.0035349527994791665,0.008295694986979166,0.0023091634114583335,0.486083984375,0.0082855224609375,0.3862864176432292,0.10520426432291667,0.0035349527994791665,0.008295694986979166,0.014139811197916666,0.486083984375,0.012054443359375,0.10520426432291667,SOBP,tf
ENSG00000165643,9,135601178,135797785,196608,-1,True,7,0.006434122721354167,0.006144205729166667,0.007715861002604167,0.036122639973958336,0.12095133463541667,0.5483856201171875,0.2742462158203125,0.006434122721354167,0.007573445638020833,0.020294189453125,0.036122639973958336,0.12253824869791667,0.2742462158203125,SOHLH1,tf
ENSG00000120669,13,36116253,36312860,196608,-1,True,6,0.006657918294270833,0.010416666666666666,3.0517578125e-05,0.21875508626302084,0.07256062825520833,0.5011393229166666,0.19043986002604166,0.006657918294270833,0.010416666666666666,0.0171051025390625,0.21875508626302084,0.08003743489583333,0.19043986002604166,SOHLH2,tf
ENSG00000154556,4,185713891,185910498,196608,-1,True,3,0.0,0.019816080729166668,0.022776285807291668,0.9574076334635416,0.0,0.0,0.0,0.0,0.019816080729166668,0.042592366536458336,0.9574076334635416,0.0037129720052083335,0.0,SORBS2,tf
ENSG00000182968,13,111968845,112165452,196608,1,True,10,0.0059661865234375,0.017201741536458332,1.52587890625e-05,0.0,0.0932159423828125,0.2710418701171875,0.6125590006510416,0.0059661865234375,0.017201741536458332,0.023183186848958332,0.0,0.09475199381510417,0.6125590006510416,SOX1,tf
ENSG00000181449,3,181613621,181810228,196608,1,True,9,0.0048370361328125,0.007924397786458334,1.52587890625e-05,0.0,0.103607177734375,0.8836161295572916,0.0,0.0048370361328125,0.007924397786458334,0.012776692708333334,0.0,0.105072021484375,0.0,SOX2,tf
ENSG00000134595,X,140406766,140603373,196608,-1,True,3,0.006805419921875,0.0037841796875,1.52587890625e-05,0.0,0.027333577473958332,0.4491933186848958,0.5128682454427084,0.006805419921875,0.0037841796875,0.0106048583984375,0.0,0.030120849609375,0.5128682454427084,SOX3,tf
ENSG00000124766,6,21495447,21692054,196608,1,True,8,0.007232666015625,0.01751708984375,1.52587890625e-05,0.0,0.08368428548177083,0.5609893798828125,0.3305613199869792,0.007232666015625,0.01751708984375,0.0247650146484375,0.0,0.08453877766927083,0.3305613199869792,SOX4,tf
ENSG00000134532,12,23851367,24047974,196608,-1,True,1,0.0014139811197916667,0.0046844482421875,0.0029347737630208335,0.990966796875,0.0,0.0,0.0,0.0014139811197916667,0.004730224609375,0.009033203125,0.990966796875,0.00494384765625,0.0,SOX5,tf
ENSG00000110693,11,16258243,16454850,196608,-1,True,0,0.0024770100911458335,0.010350545247395834,0.036524454752604164,0.9506479899088541,0.0,0.0,0.0,0.0024770100911458335,0.010396321614583334,0.049352010091145836,0.9506479899088541,0.0,0.0,SOX6,tf
ENSG00000171056,8,10632208,10828815,196608,-1,True,9,0.00592041015625,0.010416666666666666,1.52587890625e-05,0.017949422200520832,0.06085205078125,0.845947265625,0.05889892578125,0.00592041015625,0.010416666666666666,0.016352335611979168,0.017949422200520832,0.06897481282552083,0.05889892578125,SOX7,tf
ENSG00000005513,16,883466,1080073,196608,1,True,14,0.008585611979166666,0.012049357096354166,0.0075225830078125,0.0,0.15033467610677084,0.4698486328125,0.3516591389973958,0.008585611979166666,0.016545613606770832,0.028157552083333332,0.0,0.15151468912760416,0.3516591389973958,SOX8,tf
ENSG00000125398,17,72022716,72219323,196608,1,True,7,0.00860595703125,0.012212117513020834,1.52587890625e-05,0.006617228190104167,0.14339701334635416,0.8291524251302084,0.0,0.00860595703125,0.012212117513020834,0.020833333333333332,0.006617228190104167,0.14339701334635416,0.0,SOX9,tf
ENSG00000100146,22,37886252,38082859,196608,-1,True,16,0.008758544921875,0.014363606770833334,0.0018564860026041667,0.060150146484375,0.17587788899739584,0.604522705078125,0.13447062174479166,0.008758544921875,0.020517985026041668,0.0249786376953125,0.060150146484375,0.1789093017578125,0.13447062174479166,SOX10,tf
ENSG00000176887,2,5594080,5790687,196608,1,True,4,0.0067291259765625,0.039042154947916664,1.52587890625e-05,0.0,0.060892740885416664,0.8473866780598959,0.045934041341145836,0.0067291259765625,0.039042154947916664,0.045786539713541664,0.0,0.061269124348958336,0.045934041341145836,SOX11,tf
ENSG00000177732,20,227248,423855,196608,1,True,13,0.0048065185546875,0.018946329752604168,1.52587890625e-05,0.0,0.1586761474609375,0.4617665608723958,0.3557891845703125,0.0048065185546875,0.018946329752604168,0.023768107096354168,0.0,0.1586761474609375,0.3557891845703125,SOX12,tf
ENSG00000143842,1,203974811,204171418,196608,1,True,6,0.009867350260416666,0.018076578776041668,0.014734903971354166,0.235198974609375,0.07716878255208333,0.503509521484375,0.14144388834635416,0.009867350260416666,0.0196685791015625,0.0426788330078125,0.235198974609375,0.07775370279947917,0.14144388834635416,SOX13,tf
ENSG00000168875,3,137666011,137862618,196608,1,True,6,0.003662109375,0.006596883138020833,1.52587890625e-05,0.0,0.061045328776041664,0.2806752522786458,0.6480051676432291,0.003662109375,0.006596883138020833,0.010274251302083334,0.0,0.061045328776041664,0.6480051676432291,SOX14,tf
ENSG00000129194,17,7491791,7688398,196608,-1,True,22,0.0035603841145833335,0.0038604736328125,3.0517578125e-05,0.0022989908854166665,0.2713623046875,0.4581400553385417,0.2607472737630208,0.0035603841145833335,0.0038604736328125,0.007451375325520833,0.0022989908854166665,0.2722269694010417,0.2607472737630208,SOX15,tf
ENSG00000164736,8,54359631,54556238,196608,1,True,12,0.006317138671875,0.0055999755859375,1.52587890625e-05,0.00311279296875,0.058319091796875,0.5708363850911459,0.3557993570963542,0.006317138671875,0.0055999755859375,0.011932373046875,0.00311279296875,0.058319091796875,0.3557993570963542,SOX17,tf
ENSG00000203883,20,63951336,64147943,196608,-1,True,17,0.005859375,0.0035959879557291665,1.52587890625e-05,0.0009969075520833333,0.22404988606770834,0.7040761311848959,0.061406453450520836,0.005859375,0.0035959879557291665,0.009470621744791666,0.0009969075520833333,0.22404988606770834,0.061406453450520836,SOX18,tf
ENSG00000125285,13,94614242,94810849,196608,-1,True,7,0.00421142578125,0.010645548502604166,1.52587890625e-05,0.0,0.11566162109375,0.5065663655598959,0.3628997802734375,0.00421142578125,0.010645548502604166,0.014872233072916666,0.0,0.11566162109375,0.3628997802734375,SOX21,tf
ENSG00000039600,5,157554135,157750742,196608,-1,True,14,0.011754353841145834,0.005991617838541667,0.0,0.21521504720052084,0.05914306640625,0.3961690266927083,0.3117268880208333,0.011754353841145834,0.007314046223958333,0.0177459716796875,0.21521504720052084,0.06762186686197917,0.3117268880208333,SOX30,tf
ENSG00000185591,12,53281872,53478479,196608,1,True,14,0.0119781494140625,0.029118855794270832,1.52587890625e-05,0.14337158203125,0.19000752766927084,0.34527587890625,0.2802327473958333,0.0119781494140625,0.0291900634765625,0.041112263997395836,0.14337158203125,0.19000752766927084,0.2802327473958333,SP1,tf
ENSG00000167182,17,47797932,47994539,196608,1,True,16,0.0102691650390625,0.00787353515625,1.52587890625e-05,0.148712158203125,0.2323760986328125,0.4478200276692708,0.15293375651041666,0.0102691650390625,0.008672078450520834,0.018157958984375,0.148712158203125,0.2558695475260417,0.15293375651041666,SP2,tf
ENSG00000172845,2,173867070,174063677,196608,-1,True,11,0.012273152669270834,0.052764892578125,0.020879109700520832,0.343994140625,0.052886962890625,0.10408528645833333,0.413116455078125,0.012273152669270834,0.053151448567708336,0.08591715494791667,0.343994140625,0.054158528645833336,0.413116455078125,SP3,tf
ENSG00000105866,7,21329779,21526386,196608,1,True,5,0.011962890625,0.0191497802734375,0.00054931640625,0.4097239176432292,0.005401611328125,0.0016581217447916667,0.5515543619791666,0.011962890625,0.022674560546875,0.0316619873046875,0.4097239176432292,0.005854288736979167,0.5515543619791666,SP4,tf
ENSG00000204335,2,170617033,170813640,196608,1,True,11,0.006072998046875,0.004323323567708333,0.000152587890625,0.0033976236979166665,0.11603800455729167,0.8447926839192709,0.0252227783203125,0.006072998046875,0.004323323567708333,0.010548909505208334,0.0033976236979166665,0.11843363444010417,0.0252227783203125,SP5,tf
ENSG00000189120,17,47752860,47949467,196608,-1,True,12,0.0057373046875,0.015045166015625,1.52587890625e-05,0.034983317057291664,0.2027435302734375,0.3592936197916667,0.3821818033854167,0.0057373046875,0.015045166015625,0.0207977294921875,0.034983317057291664,0.2027435302734375,0.3821818033854167,SP6,tf
ENSG00000170374,12,53238051,53434658,196608,-1,True,12,0.0065765380859375,0.010630289713541666,1.52587890625e-05,0.07809956868489583,0.19699605305989584,0.327728271484375,0.3799540201822917,0.0065765380859375,0.010798136393229166,0.017222086588541668,0.07809956868489583,0.19699605305989584,0.3799540201822917,SP7,tf
ENSG00000164651,7,20688583,20885190,196608,-1,True,6,0.00775146484375,0.011164347330729166,1.52587890625e-05,0.004506429036458333,0.038462320963541664,0.8608754475911459,0.0772247314453125,0.00775146484375,0.011439005533854166,0.018931070963541668,0.004506429036458333,0.038462320963541664,0.0772247314453125,SP8,tf
ENSG00000217236,2,174236650,174433257,196608,1,True,11,0.00738525390625,0.005589803059895833,1.52587890625e-05,0.0050506591796875,0.1096649169921875,0.4518992106119792,0.4203948974609375,0.00738525390625,0.005589803059895833,0.012990315755208334,0.0050506591796875,0.122955322265625,0.4203948974609375,SP9,tf
ENSG00000124664,6,34458026,34654633,196608,-1,True,5,0.0062408447265625,0.008845011393229166,1.52587890625e-05,0.07918802897135417,0.052357991536458336,0.6440226236979166,0.20933024088541666,0.0062408447265625,0.008845011393229166,0.015101114908854166,0.07918802897135417,0.052357991536458336,0.20933024088541666,SPDEF,tf
ENSG00000066336,11,47280244,47476851,196608,-1,True,10,0.005366007486979167,0.015065511067708334,1.52587890625e-05,0.256805419921875,0.1333770751953125,0.4178924560546875,0.171478271484375,0.005366007486979167,0.0174560546875,0.02044677734375,0.256805419921875,0.16033426920572916,0.171478271484375,SPI1,tf
ENSG00000269404,19,50320634,50517241,196608,1,True,16,0.004267374674479167,0.015289306640625,0.0022226969401041665,0.041173299153645836,0.21397908528645834,0.6776682535807291,0.045399983723958336,0.004267374674479167,0.017298380533854168,0.021779378255208332,0.041173299153645836,0.2182464599609375,0.045399983723958336,SPIB,tf
ENSG00000166211,12,101377032,101573639,196608,1,True,13,0.0037841796875,0.0023905436197916665,1.52587890625e-05,0.053126017252604164,0.054097493489583336,0.3241780598958333,0.562408447265625,0.0037841796875,0.0023905436197916665,0.006189982096354167,0.053126017252604164,0.054097493489583336,0.562408447265625,SPIC,tf
ENSG00000010072,1,231239989,231436596,196608,1,True,9,0.007670084635416667,0.020746866861979168,0.0016225179036458333,0.061106363932291664,0.075836181640625,0.5359954833984375,0.2970225016276042,0.007670084635416667,0.023915608723958332,0.030039469401041668,0.061106363932291664,0.08034769694010417,0.2970225016276042,SPRTN,tf
ENSG00000161011,5,179722601,179919208,196608,1,True,12,0.0075836181640625,0.012715657552083334,0.01812744140625,0.122711181640625,0.2282867431640625,0.4958089192708333,0.11476643880208333,0.0075836181640625,0.01531982421875,0.038426717122395836,0.122711181640625,0.25408935546875,0.11476643880208333,SQSTM1,tf
ENSG00000072310,17,17738683,17935290,196608,-1,True,12,0.019098917643229168,0.011835734049479166,0.011088053385416666,0.09343465169270833,0.11823018391927083,0.7250213623046875,0.021291097005208332,0.019098917643229168,0.0247344970703125,0.042022705078125,0.09343465169270833,0.124420166015625,0.021291097005208332,SREBF1,tf
ENSG00000198911,22,41734801,41931408,196608,1,True,10,0.019017537434895832,0.014073689778645834,0.007909138997395834,0.3364512125651042,0.10132853190104167,0.4717203776041667,0.04949951171875,0.019017537434895832,0.021550496419270832,0.0410003662109375,0.3364512125651042,0.1072998046875,0.04949951171875,SREBF2,tf
ENSG00000153006,5,64670388,64866995,196608,-1,True,4,0.0023651123046875,0.0326080322265625,0.008061726888020834,0.21405029296875,0.15719095865885416,0.4864451090494792,0.09927876790364583,0.0023651123046875,0.0326080322265625,0.043034871419270836,0.21405029296875,0.158660888671875,0.09927876790364583,SREK1IP1,tf
ENSG00000115875,2,38653058,38849665,196608,-1,True,9,0.004216512044270833,0.0148162841796875,0.0015411376953125,0.019587198893229168,0.08660888671875,0.7963205973307291,0.07690938313802083,0.004216512044270833,0.017847696940104168,0.020573933919270832,0.019587198893229168,0.08660888671875,0.07690938313802083,SRSF7,tf
ENSG00000184895,Y,2689379,2885986,196608,-1,True,11,0.00311279296875,0.0010833740234375,1.52587890625e-05,0.0,0.06449381510416667,0.8683319091796875,0.06296284993489583,0.00311279296875,0.0010833740234375,0.00421142578125,0.0,0.0677490234375,0.06296284993489583,SRY,tf
ENSG00000147488,8,52311453,52508060,196608,-1,True,2,0.0,0.0027821858723958335,0.027440388997395832,0.7303314208984375,0.0,0.0,0.23944600423177084,0.0,0.0027821858723958335,0.030222574869791668,0.7303314208984375,0.0045318603515625,0.23944600423177084,ST18,tf
ENSG00000178691,17,31838703,32035310,196608,1,True,8,0.0117645263671875,0.011667887369791666,0.010472615559895834,0.2918752034505208,0.06304931640625,0.3426869710286458,0.2684834798177083,0.0117645263671875,0.011667887369791666,0.033905029296875,0.2918752034505208,0.0637054443359375,0.2684834798177083,SUZ12,tf
ENSG00000055208,6,149219408,149416015,196608,1,True,6,0.010711669921875,0.020680745442708332,0.001495361328125,0.9447224934895834,0.0,0.0,0.022389729817708332,0.010711669921875,0.024200439453125,0.032887776692708336,0.9447224934895834,0.032979329427083336,0.022389729817708332,TAB2,tf
ENSG00000157625,X,30790951,30987558,196608,-1,True,3,0.010965983072916666,0.054194132486979164,3.0517578125e-05,0.685760498046875,0.006159464518229167,0.0019429524739583333,0.24094645182291666,0.010965983072916666,0.054621378580729164,0.06519063313802083,0.685760498046875,0.008890787760416666,0.24094645182291666,TAB3,tf
ENSG00000276234,17,37308582,37505189,196608,1,True,10,0.007237752278645833,0.018381754557291668,0.004735310872395833,0.3401387532552083,0.044708251953125,0.5666758219401041,0.018122355143229168,0.007237752278645833,0.023554484049479168,0.030354817708333332,0.3401387532552083,0.048451741536458336,0.018122355143229168,TADA2A,tf
ENSG00000173011,4,6945068,7141675,196608,1,True,12,0.00640869140625,0.023050944010416668,1.52587890625e-05,0.052179972330729164,0.11554463704427083,0.4964650472005208,0.30633544921875,0.00640869140625,0.023081461588541668,0.029474894205729168,0.052179972330729164,0.12469482421875,0.30633544921875,TADA2B,tf
ENSG00000147133,X,71268053,71464660,196608,1,True,8,0.030431111653645832,0.003931681315104167,0.009618123372395834,0.4571685791015625,0.07471720377604167,0.17744954427083334,0.24668375651041666,0.030431111653645832,0.0120849609375,0.043980916341145836,0.4571685791015625,0.079742431640625,0.24668375651041666,TAF1,tf
ENSG00000064313,8,119734538,119931145,196608,-1,True,7,0.0197296142578125,0.025731404622395832,0.026906331380208332,0.4277445475260417,0.05450439453125,0.4453837076822917,0.0,0.0197296142578125,0.042958577473958336,0.07236735026041667,0.4277445475260417,0.0545196533203125,0.0,TAF2,tf
ENSG00000165632,10,7720201,7916808,196608,1,True,5,0.0021006266276041665,0.0010426839192708333,0.022669474283854168,0.4742279052734375,0.0763397216796875,0.423126220703125,0.0004933675130208334,0.0021006266276041665,0.0010426839192708333,0.025812784830729168,0.4742279052734375,0.08278910319010417,0.0004933675130208334,TAF3,tf
ENSG00000130699,20,61967578,62164185,196608,-1,True,9,0.016632080078125,0.011225382486979166,0.022557576497395832,0.4495849609375,0.06539408365885417,0.17593892415364584,0.2586669921875,0.016632080078125,0.011728922526041666,0.0504150390625,0.4495849609375,0.0718536376953125,0.2586669921875,TAF4,tf
ENSG00000148835,10,103269672,103466279,196608,1,True,12,0.012303670247395834,0.004430135091145833,0.0190277099609375,0.07156880696614583,0.1367034912109375,0.5874989827473959,0.16846720377604166,0.012303670247395834,0.0132293701171875,0.035761515299479164,0.07156880696614583,0.1370849609375,0.16846720377604166,TAF5,tf
ENSG00000106290,7,100021055,100217662,196608,-1,True,25,0.010894775390625,0.012522379557291666,0.014460245768229166,0.0293426513671875,0.2963816324869792,0.5194142659505209,0.11698404947916667,0.010894775390625,0.021336873372395832,0.037877400716145836,0.0293426513671875,0.316619873046875,0.11698404947916667,TAF6,tf
ENSG00000178913,5,141222481,141419088,196608,-1,True,31,0.0053253173828125,0.0063323974609375,0.0037282307942708335,0.29437255859375,0.4082692464192708,0.2787119547526042,0.0032602945963541665,0.0053253173828125,0.0063323974609375,0.015385945638020834,0.29437255859375,0.4208780924479167,0.0032602945963541665,TAF7,tf
ENSG00000137413,6,41952220,42148827,196608,1,True,6,0.005772908528645833,0.0377349853515625,0.023468017578125,0.1209564208984375,0.09798177083333333,0.6886647542317709,0.025421142578125,0.005772908528645833,0.038899739583333336,0.06697591145833333,0.1209564208984375,0.09798177083333333,0.025421142578125,TAF8,tf
ENSG00000273841,5,69271217,69467824,196608,-1,True,8,0.0040283203125,0.0158843994140625,0.018636067708333332,0.0021464029947916665,0.11105855305989583,0.6252695719401041,0.2229766845703125,0.0040283203125,0.0158843994140625,0.038548787434895836,0.0021464029947916665,0.11457316080729167,0.2229766845703125,TAF9,tf
ENSG00000166337,11,6513913,6710520,196608,-1,True,17,0.0034637451171875,0.024195353190104168,0.0019378662109375,0.0021718343098958335,0.2577718098958333,0.5936787923177084,0.11678059895833333,0.0034637451171875,0.025553385416666668,0.029596964518229168,0.0021718343098958335,0.274932861328125,0.11678059895833333,TAF10,tf
ENSG00000064995,6,34789739,34986346,196608,-1,True,4,0.004419962565104167,0.008733113606770834,0.021962483723958332,0.0245513916015625,0.056172688802083336,0.8719838460286459,0.012176513671875,0.004419962565104167,0.011082967122395834,0.035115559895833336,0.0245513916015625,0.0564422607421875,0.012176513671875,TAF11,tf
ENSG00000120656,1,28544764,28741371,196608,-1,True,16,0.004791259765625,0.030512491861979168,0.011774698893229166,0.2608235677083333,0.109649658203125,0.3418986002604167,0.24054972330729166,0.004791259765625,0.035100301106770836,0.047078450520833336,0.2608235677083333,0.12557474772135416,0.24054972330729166,TAF12,tf
ENSG00000197780,1,108977700,109174307,196608,-1,True,13,0.0025126139322916665,0.011545817057291666,0.0,0.054692586263020836,0.08741251627604167,0.6595815022786459,0.18425496419270834,0.0025126139322916665,0.012654622395833334,0.014058430989583334,0.054692586263020836,0.08741251627604167,0.18425496419270834,TAF13,tf
ENSG00000270647,17,35711180,35907787,196608,1,True,15,0.0115509033203125,0.0037434895833333335,0.054545084635416664,0.21059163411458334,0.12594095865885416,0.4786529541015625,0.1149749755859375,0.0115509033203125,0.011566162109375,0.0698394775390625,0.21059163411458334,0.14436848958333334,0.1149749755859375,TAF15,tf
ENSG00000162367,1,47133922,47330529,196608,-1,True,10,0.0050506591796875,0.0209808349609375,0.0029856363932291665,0.052037556966145836,0.09639485677083333,0.5881754557291666,0.234375,0.0050506591796875,0.0209808349609375,0.029017130533854168,0.052037556966145836,0.11827596028645833,0.234375,TAL1,tf
ENSG00000186051,9,105564153,105760760,196608,1,True,5,0.00164794921875,0.0017344156901041667,1.52587890625e-05,0.0,0.1311492919921875,0.6700948079427084,0.1953582763671875,0.00164794921875,0.0017344156901041667,0.0033976236979166665,0.0,0.1311492919921875,0.1953582763671875,TAL2,tf
ENSG00000136560,2,161062124,161258731,196608,1,True,3,0.008839925130208334,0.0295257568359375,0.005498250325520833,0.4613189697265625,0.032155354817708336,0.2891845703125,0.1734771728515625,0.008839925130208334,0.033487955729166664,0.043863932291666664,0.4613189697265625,0.036997477213541664,0.1734771728515625,TANK,tf
ENSG00000106052,7,27641858,27838465,196608,1,True,4,0.0128326416015625,0.011433919270833334,0.006479899088541667,0.473480224609375,0.016545613606770832,0.3547007242838542,0.1245269775390625,0.0128326416015625,0.021876017252604168,0.0307464599609375,0.473480224609375,0.030705769856770832,0.1245269775390625,TAX1BP1,tf
ENSG00000198933,17,47595857,47792464,196608,1,True,6,0.0093841552734375,0.014623006184895834,1.52587890625e-05,0.0677032470703125,0.13567606608072916,0.4343058268229167,0.3382924397786458,0.0093841552734375,0.014623006184895834,0.024022420247395832,0.0677032470703125,0.13641357421875,0.3382924397786458,TBKBP1,tf
ENSG00000112592,6,170456065,170652672,196608,1,True,10,0.005513509114583333,0.0063323974609375,1.52587890625e-05,0.08258565266927083,0.09879557291666667,0.7315775553385416,0.0751800537109375,0.005513509114583333,0.008092244466145834,0.011861165364583334,0.08258565266927083,0.09879557291666667,0.0751800537109375,TBP,tf
ENSG00000136535,2,161317993,161514600,196608,1,True,9,0.010406494140625,0.009918212890625,0.027470906575520832,0.0009002685546875,0.09899393717447917,0.8378397623697916,0.014470418294270834,0.010406494140625,0.009989420572916666,0.047795613606770836,0.0009002685546875,0.10613505045572917,0.014470418294270834,TBR1,tf
ENSG00000184058,22,19662474,19859081,196608,1,True,14,0.009348551432291666,0.007110595703125,0.0035298665364583335,0.11678568522135417,0.14563496907552084,0.4027862548828125,0.3148040771484375,0.009348551432291666,0.007471720377604167,0.019989013671875,0.11678568522135417,0.14752197265625,0.3148040771484375,TBX1,tf
ENSG00000121068,17,61301539,61498146,196608,1,True,10,0.01116943359375,0.007680257161458333,0.0134735107421875,0.017710367838541668,0.115478515625,0.6248779296875,0.2096099853515625,0.01116943359375,0.0161895751953125,0.032323201497395836,0.017710367838541668,0.12093098958333333,0.2096099853515625,TBX2,tf
ENSG00000135111,12,114585872,114782479,196608,-1,True,10,0.0113372802734375,0.013025919596354166,0.005950927734375,0.040491739908854164,0.06658935546875,0.3867746988932292,0.475830078125,0.0113372802734375,0.013025919596354166,0.030314127604166668,0.040491739908854164,0.07090250651041667,0.475830078125,TBX3,tf
ENSG00000121075,17,61354118,61550725,196608,1,True,10,0.008331298828125,0.012181599934895834,0.0027720133463541665,0.14560445149739584,0.11876424153645833,0.5027364095052084,0.2096099853515625,0.008331298828125,0.0128173828125,0.023284912109375,0.14560445149739584,0.12481180826822917,0.2096099853515625,TBX4,tf
ENSG00000089225,12,114307841,114504448,196608,-1,True,6,0.008234659830729166,0.0217437744140625,9.663899739583333e-05,0.2506510416666667,0.056182861328125,0.322357177734375,0.3407338460286458,0.008234659830729166,0.021759033203125,0.0300750732421875,0.2506510416666667,0.07486979166666667,0.3407338460286458,TBX5,tf
ENSG00000149922,16,29993621,30190228,196608,-1,True,18,0.007375081380208333,0.0089263916015625,1.52587890625e-05,0.014918009440104166,0.23962910970052084,0.3889007568359375,0.3402353922526042,0.007375081380208333,0.010935465494791666,0.016316731770833332,0.014918009440104166,0.23962910970052084,0.3402353922526042,TBX6,tf
ENSG00000167800,11,67541460,67738067,196608,-1,True,19,0.0058746337890625,0.0030161539713541665,1.52587890625e-05,0.034128824869791664,0.143798828125,0.2656453450520833,0.5475209554036459,0.0058746337890625,0.0030161539713541665,0.008906046549479166,0.034128824869791664,0.143798828125,0.5475209554036459,TBX10,tf
ENSG00000092607,1,118890040,119086647,196608,-1,True,6,0.005711873372395833,0.003814697265625,0.0,0.49664306640625,0.045644124348958336,0.2876230875651042,0.16056315104166666,0.005711873372395833,0.004389444986979167,0.009526570638020834,0.49664306640625,0.045644124348958336,0.16056315104166666,TBX15,tf
ENSG00000112837,6,84666295,84862902,196608,-1,True,4,0.009623209635416666,0.027430216471354168,0.006963094075520833,0.3488871256510417,0.019404093424479168,0.13028971354166666,0.4574025472005208,0.009623209635416666,0.028355916341145832,0.044016520182291664,0.3488871256510417,0.031580607096354164,0.4574025472005208,TBX18,tf
ENSG00000143178,1,168182573,168379180,196608,1,True,12,0.007344563802083333,0.008331298828125,0.0037027994791666665,0.15126546223958334,0.08770243326822917,0.466796875,0.2748565673828125,0.007344563802083333,0.008331298828125,0.019378662109375,0.15126546223958334,0.08770243326822917,0.2748565673828125,TBX19,tf
ENSG00000164532,7,35155797,35352404,196608,-1,True,9,0.0068206787109375,0.00244140625,3.5603841145833336e-05,0.2535146077473958,0.08047993977864583,0.3160196940104167,0.3406880696614583,0.0068206787109375,0.00244140625,0.009297688802083334,0.2535146077473958,0.08519999186197917,0.3406880696614583,TBX20,tf
ENSG00000073861,17,47634932,47831539,196608,1,True,7,0.00848388671875,0.004979451497395833,0.0002288818359375,0.051874796549479164,0.14501953125,0.36785888671875,0.4215545654296875,0.00848388671875,0.004979451497395833,0.013692220052083334,0.051874796549479164,0.14501953125,0.4215545654296875,TBX21,tf
ENSG00000122145,X,79916449,80113056,196608,1,True,1,0.0079498291015625,0.0053558349609375,0.0013885498046875,0.07256571451822917,0.0022226969401041665,0.004526774088541667,0.9059906005859375,0.0079498291015625,0.011316935221354166,0.0146942138671875,0.07256571451822917,0.0027262369791666665,0.9059906005859375,TBX22,tf
ENSG00000164458,6,166069548,166266155,196608,-1,True,10,0.00665283203125,0.009577433268229166,1.52587890625e-05,0.040517171223958336,0.0553436279296875,0.1718292236328125,0.716064453125,0.00665283203125,0.009577433268229166,0.016245524088541668,0.040517171223958336,0.059900919596354164,0.716064453125,TBXT,tf
ENSG00000187735,8,53924145,54120752,196608,-1,True,5,0.005030314127604167,0.013214111328125,0.0036875406901041665,0.2623748779296875,0.036905924479166664,0.4384104410807292,0.24037679036458334,0.005030314127604167,0.014333089192708334,0.021931966145833332,0.2623748779296875,0.0495147705078125,0.24037679036458334,TCEA1,tf
ENSG00000071564,19,1554312,1750919,196608,-1,True,10,0.013326009114583334,0.022288004557291668,0.0008494059244791666,0.18540445963541666,0.0899658203125,0.2604217529296875,0.4277445475260417,0.013326009114583334,0.0318756103515625,0.036463419596354164,0.18540445963541666,0.09049479166666667,0.4277445475260417,TCF3,tf
ENSG00000196628,18,55489889,55686496,196608,-1,True,3,0.0041961669921875,0.0146484375,0.011510213216145834,0.8592274983723959,0.0018666585286458333,0.108551025390625,0.0,0.0041961669921875,0.0162353515625,0.030354817708333332,0.8592274983723959,0.011662801106770834,0.0,TCF4,tf
ENSG00000081059,5,134016377,134212984,196608,1,True,9,0.0093231201171875,0.015858968098958332,0.026153564453125,0.13779703776041666,0.119537353515625,0.4362843831380208,0.2550455729166667,0.0093231201171875,0.019933064778645832,0.051335652669270836,0.13779703776041666,0.13897705078125,0.2550455729166667,TCF7,tf
ENSG00000152284,2,85035088,85231695,196608,1,True,7,0.0022430419921875,0.0028025309244791665,0.0023091634114583335,0.492645263671875,0.060089111328125,0.11163330078125,0.328277587890625,0.0022430419921875,0.0028025309244791665,0.007354736328125,0.492645263671875,0.06414794921875,0.328277587890625,TCF7L1,tf
ENSG00000148737,10,112851943,113048550,196608,1,True,4,0.0028076171875,0.0028076171875,0.0,0.494598388671875,0.024988810221354168,0.301025390625,0.17377217610677084,0.0028076171875,0.0028076171875,0.005615234375,0.494598388671875,0.030186971028645832,0.17377217610677084,TCF7L2,tf
ENSG00000140262,15,56820340,57016947,196608,1,True,5,0.0007527669270833334,0.008748372395833334,0.00018310546875,0.4930877685546875,0.032328287760416664,0.4648996988932292,0.0,0.0007527669270833334,0.008748372395833334,0.009684244791666666,0.4930877685546875,0.034734090169270836,0.0,TCF12,tf
ENSG00000125878,20,512006,708613,196608,-1,True,8,0.0030364990234375,0.0020650227864583335,1.52587890625e-05,0.025670369466145832,0.07155863444010417,0.3796030680338542,0.5180511474609375,0.0030364990234375,0.0020650227864583335,0.005116780598958333,0.025670369466145832,0.07155863444010417,0.5180511474609375,TCF15,tf
ENSG00000118526,6,133790809,133987416,196608,1,True,4,0.0027313232421875,0.015965779622395832,1.52587890625e-05,0.014048258463541666,0.054229736328125,0.9130096435546875,0.0,0.0027313232421875,0.015965779622395832,0.018712361653645832,0.014048258463541666,0.0615234375,0.0,TCF21,tf
ENSG00000163792,2,27050700,27247307,196608,1,True,17,0.003265380859375,0.021550496419270832,0.0012410481770833333,0.014485677083333334,0.23685201009114584,0.4923350016276042,0.2302703857421875,0.003265380859375,0.021550496419270832,0.026056925455729168,0.014485677083333334,0.23685201009114584,0.2302703857421875,TCF23,tf
ENSG00000261787,8,66864288,67060895,196608,-1,True,8,0.0025482177734375,0.011769612630208334,0.0007222493489583334,0.06685384114583333,0.09473673502604167,0.6884104410807291,0.13495890299479166,0.0025482177734375,0.011769612630208334,0.015040079752604166,0.06685384114583333,0.09473673502604167,0.13495890299479166,TCF24,tf
ENSG00000101190,20,62763519,62960126,196608,-1,True,16,0.009699503580729166,0.009607950846354166,3.0517578125e-05,0.0865631103515625,0.24463399251302084,0.5407613118489584,0.10870361328125,0.009699503580729166,0.010340372721354166,0.019337972005208332,0.0865631103515625,0.2474517822265625,0.10870361328125,TCFL5,tf
ENSG00000095627,10,114081049,114277656,196608,1,True,10,0.018152872721354168,0.0268707275390625,1.52587890625e-05,0.22655232747395834,0.0790557861328125,0.5049845377604166,0.14436848958333334,0.018152872721354168,0.027018229166666668,0.045038859049479164,0.22655232747395834,0.0790557861328125,0.14436848958333334,TDRD1,tf
ENSG00000187079,11,12576117,12772724,196608,1,True,1,0.0010274251302083333,0.0031585693359375,0.0,0.4958140055338542,0.005457560221354167,0.24463399251302084,0.249908447265625,0.0010274251302083333,0.003387451171875,0.004185994466145833,0.4958140055338542,0.005457560221354167,0.249908447265625,TEAD1,tf
ENSG00000074219,19,49264113,49460720,196608,-1,True,19,0.0085906982421875,0.015019734700520834,0.0010019938151041667,0.08802286783854167,0.17332967122395834,0.62152099609375,0.0925140380859375,0.0085906982421875,0.017339070638020832,0.0246124267578125,0.08802286783854167,0.1781463623046875,0.0925140380859375,TEAD2,tf
ENSG00000007866,6,35398776,35595383,196608,-1,True,12,0.0069580078125,0.008550008138020834,0.0,0.10393269856770833,0.16306050618489584,0.6519826253255209,0.06551615397135417,0.0069580078125,0.012140909830729166,0.015508015950520834,0.10393269856770833,0.16306050618489584,0.06551615397135417,TEAD3,tf
ENSG00000197905,12,2861093,3057700,196608,1,True,8,0.0067901611328125,0.004765828450520833,1.52587890625e-05,0.4021809895833333,0.07449849446614583,0.4082692464192708,0.10348002115885417,0.0067901611328125,0.006510416666666667,0.011571248372395834,0.4021809895833333,0.07508341471354167,0.10348002115885417,TEAD4,tf
ENSG00000167074,22,41283638,41480245,196608,1,True,12,0.005315144856770833,0.0186614990234375,1.52587890625e-05,0.13873799641927084,0.12169392903645833,0.4872690836588542,0.22830708821614584,0.005315144856770833,0.0186614990234375,0.023991902669270832,0.13873799641927084,0.1293182373046875,0.22830708821614584,TEF,tf
ENSG00000138336,10,68462033,68658640,196608,1,True,6,0.0232086181640625,0.0028228759765625,0.0,0.4741058349609375,0.050755818684895836,0.27923583984375,0.16987101236979166,0.0232086181640625,0.0028228759765625,0.026031494140625,0.4741058349609375,0.052571614583333336,0.16987101236979166,TET1,tf
ENSG00000187605,2,73886606,74083213,196608,1,True,7,0.0137481689453125,0.003987630208333333,0.004038492838541667,0.4782257080078125,0.06461588541666667,0.3715311686197917,0.06385294596354167,0.0137481689453125,0.0048065185546875,0.0217742919921875,0.4782257080078125,0.07129923502604167,0.06385294596354167,TET3,tf
ENSG00000268629,X,105122391,105318998,196608,-1,True,1,0.0062408447265625,0.0008494059244791666,1.52587890625e-05,0.0018768310546875,0.0031280517578125,0.9878896077473959,0.0,0.0062408447265625,0.0008494059244791666,0.007105509440104167,0.0018768310546875,0.0031280517578125,0.0,TEX13A,tf
ENSG00000282815,X,125221567,125418174,196608,1,True,3,0.0151519775390625,0.01202392578125,1.52587890625e-05,0.0,0.024907430013020832,0.15081787109375,0.7970835367838541,0.0151519775390625,0.01202392578125,0.027191162109375,0.0,0.024907430013020832,0.7970835367838541,TEX13C,tf
ENSG00000282419,X,124234356,124430963,196608,1,True,5,0.010894775390625,0.010472615559895834,0.0004679361979166667,0.439056396484375,0.0692291259765625,0.469879150390625,0.0,0.010894775390625,0.010472615559895834,0.0218353271484375,0.439056396484375,0.07465108235677083,0.0,TEX13D,tf
ENSG00000137203,6,10316771,10513378,196608,-1,True,12,0.008382161458333334,0.018641153971354168,0.0147857666015625,0.09284464518229167,0.08710734049479167,0.5545196533203125,0.22371927897135416,0.008382161458333334,0.0227508544921875,0.04180908203125,0.09284464518229167,0.1188507080078125,0.22371927897135416,TFAP2A,tf
ENSG00000008196,6,50720567,50917174,196608,1,True,6,0.0071563720703125,0.022359212239583332,0.0017903645833333333,0.11567179361979167,0.027486165364583332,0.3821919759114583,0.4433441162109375,0.0071563720703125,0.022527058919270832,0.031305948893229164,0.11567179361979167,0.029230753580729168,0.4433441162109375,TFAP2B,tf
ENSG00000087510,20,56531002,56727609,196608,1,True,13,0.006927490234375,0.008321126302083334,1.52587890625e-05,0.035486857096354164,0.057713826497395836,0.57501220703125,0.3165232340494792,0.006927490234375,0.008321126302083334,0.015263875325520834,0.035486857096354164,0.058965047200520836,0.3165232340494792,TFAP2C,tf
ENSG00000008197,6,50615222,50811829,196608,1,True,1,0.00689697265625,0.0035552978515625,0.0007527669270833334,0.2914683024088542,0.0019276936848958333,0.11090596516927083,0.5844930013020834,0.00689697265625,0.0035552978515625,0.011205037434895834,0.2914683024088542,0.0019276936848958333,0.5844930013020834,TFAP2D,tf
ENSG00000116819,1,35475010,35671617,196608,1,True,6,0.006744384765625,0.004659016927083333,0.010508219401041666,0.09006245930989583,0.09028116861979167,0.6297658284505209,0.16797892252604166,0.006744384765625,0.004659016927083333,0.02191162109375,0.09006245930989583,0.09537760416666667,0.16797892252604166,TFAP2E,tf
ENSG00000090447,16,4174720,4371327,196608,-1,True,12,0.005421956380208333,0.006189982096354167,0.028401692708333332,0.040807088216145836,0.1583709716796875,0.5489603678385416,0.21184794108072916,0.005421956380208333,0.008753458658854166,0.040013631184895836,0.040807088216145836,0.1583709716796875,0.21184794108072916,TFAP4,tf
ENSG00000198176,13,113486449,113683056,196608,1,True,7,0.007273356119791667,0.012522379557291666,0.00238037109375,0.2676645914713542,0.09772237141927083,0.43359375,0.17884318033854166,0.007273356119791667,0.017333984375,0.022176106770833332,0.2676645914713542,0.09772237141927083,0.17884318033854166,TFDP1,tf
ENSG00000114126,3,142051241,142247848,196608,-1,True,2,0.0004170735677083333,0.004206339518229167,0.000152587890625,0.4952239990234375,0.061762491861979164,0.2844390869140625,0.15379842122395834,0.0004170735677083333,0.0046234130859375,0.0047760009765625,0.4952239990234375,0.062281290690104164,0.15379842122395834,TFDP2,tf
ENSG00000183434,X,133120051,133316658,196608,-1,True,4,0.0061798095703125,0.0024159749348958335,1.52587890625e-05,0.0,0.026438395182291668,0.072723388671875,0.8922271728515625,0.0061798095703125,0.0024159749348958335,0.008611043294270834,0.0,0.026438395182291668,0.8922271728515625,TFDP3,tf
ENSG00000068323,X,48945054,49141661,196608,-1,True,14,0.0087738037109375,0.008570353190104166,0.004389444986979167,0.053293863932291664,0.20590718587239584,0.4312489827473958,0.2878163655598958,0.0087738037109375,0.0153350830078125,0.021733601888020832,0.053293863932291664,0.20590718587239584,0.2878163655598958,TFE3,tf
ENSG00000112561,6,41637305,41833912,196608,-1,True,14,0.007563273111979167,0.027704874674479168,0.005086263020833333,0.22556559244791666,0.129974365234375,0.3781941731770833,0.22591145833333334,0.007563273111979167,0.030995686848958332,0.040354410807291664,0.22556559244791666,0.132049560546875,0.22591145833333334,TFEB,tf
ENSG00000105967,7,115932460,116129067,196608,-1,True,0,0.007080078125,0.0347442626953125,0.0021616617838541665,0.9423421223958334,0.0,0.0,0.013671875,0.007080078125,0.0380401611328125,0.043986002604166664,0.9423421223958334,0.0,0.013671875,TFEC,tf
ENSG00000177426,18,3351868,3548475,196608,1,True,8,0.005223592122395833,0.033259073893229164,0.0032399495442708335,0.20430501302083334,0.041661580403645836,0.4967702229817708,0.21554056803385416,0.005223592122395833,0.034479777018229164,0.041722615559895836,0.20430501302083334,0.049585978190104164,0.21554056803385416,TGIF1,tf
ENSG00000118707,20,36475293,36671900,196608,1,True,12,0.004201253255208333,0.038116455078125,1.0172526041666666e-05,0.06985982259114583,0.1167144775390625,0.7710978190104166,0.0,0.004201253255208333,0.0386962890625,0.042327880859375,0.06985982259114583,0.12375386555989583,0.0,TGIF2,tf
ENSG00000153779,X,89823604,90020211,196608,1,True,0,0.0036773681640625,0.0012715657552083333,1.52587890625e-05,0.0,0.0,0.0,0.9950358072916666,0.0036773681640625,0.0012715657552083333,0.004964192708333333,0.0,0.0,0.9950358072916666,TGIF2LX,tf
ENSG00000176679,Y,3480763,3677370,196608,1,True,1,0.0028228759765625,0.0021209716796875,1.52587890625e-05,0.0,0.0008087158203125,0.0,0.994232177734375,0.0028228759765625,0.0021209716796875,0.0049591064453125,0.0,0.0008087158203125,0.994232177734375,TGIF2LY,tf
ENSG00000163659,3,156576286,156772893,196608,1,True,3,0.0101470947265625,0.014251708984375,1.52587890625e-05,0.14615885416666666,0.049265543619791664,0.4845835367838542,0.2955780029296875,0.0101470947265625,0.014251708984375,0.0244140625,0.14615885416666666,0.055643717447916664,0.2955780029296875,TIPARP,tf
ENSG00000107807,10,101032996,101229603,196608,1,True,13,0.005223592122395833,0.00579833984375,0.0023345947265625,0.0196533203125,0.13953653971354166,0.4683837890625,0.35906982421875,0.005223592122395833,0.006917317708333333,0.013356526692708334,0.0196533203125,0.14594014485677084,0.35906982421875,TLX1,tf
ENSG00000115297,2,74416146,74612753,196608,1,True,24,0.005620320638020833,0.0075836181640625,0.0010884602864583333,0.00445556640625,0.2736714680989583,0.5953776041666666,0.11220296223958333,0.005620320638020833,0.008799235026041666,0.014292399088541666,0.00445556640625,0.2736714680989583,0.11220296223958333,TLX2,tf
ENSG00000164438,5,171210944,171407551,196608,1,True,10,0.0044403076171875,0.0033467610677083335,1.52587890625e-05,0.006907145182291667,0.08148701985677083,0.5064544677734375,0.3973490397135417,0.0044403076171875,0.0033467610677083335,0.007802327473958333,0.006907145182291667,0.08272806803385417,0.3973490397135417,TLX3,tf
ENSG00000118503,6,137768955,137965562,196608,1,True,11,0.012201944986979166,0.026652018229166668,0.007802327473958333,0.0522918701171875,0.1114959716796875,0.5943501790364584,0.1952056884765625,0.012201944986979166,0.037206013997395836,0.046656290690104164,0.0522918701171875,0.12042744954427083,0.1952056884765625,TNFAIP3,tf
ENSG00000168884,4,2658033,2854640,196608,-1,True,7,0.0066070556640625,0.0038248697916666665,0.0031840006510416665,0.061253865559895836,0.11781819661458333,0.687255859375,0.12005615234375,0.0066070556640625,0.005457560221354167,0.013615926106770834,0.061253865559895836,0.11781819661458333,0.12005615234375,TNIP2,tf
ENSG00000132773,1,45241866,45438473,196608,1,True,7,0.00787353515625,0.0026194254557291665,0.0017191569010416667,0.007954915364583334,0.0592803955078125,0.8130442301432291,0.10750834147135417,0.00787353515625,0.0026194254557291665,0.012212117513020834,0.007954915364583334,0.06427510579427083,0.10750834147135417,TOE1,tf
ENSG00000177302,17,18216691,18413298,196608,-1,True,16,0.016520182291666668,0.018651326497395832,0.007451375325520833,0.17903645833333334,0.24505615234375,0.319610595703125,0.21367390950520834,0.016520182291666668,0.032313028971354164,0.042622884114583336,0.17903645833333334,0.2512257893880208,0.21367390950520834,TOP3A,tf
ENSG00000198846,8,59020844,59217451,196608,-1,True,5,0.000518798828125,0.0014851888020833333,0.0,0.4986673990885417,0.024256388346354168,0.014872233072916666,0.4601999918619792,0.000518798828125,0.0014851888020833333,0.0020039876302083335,0.4986673990885417,0.029485066731770832,0.4601999918619792,TOX,tf
ENSG00000124191,20,43816548,44013155,196608,1,True,4,0.0027313232421875,0.0022379557291666665,0.0,0.4950714111328125,0.008575439453125,0.0330963134765625,0.4582875569661458,0.0027313232421875,0.0023752848307291665,0.004969278971354167,0.4950714111328125,0.010050455729166666,0.4582875569661458,TOX2,tf
ENSG00000103460,16,52448840,52645447,196608,-1,True,6,0.004302978515625,0.0035807291666666665,1.52587890625e-05,0.495452880859375,0.06989542643229167,0.4267527262369792,0.0,0.004302978515625,0.004770914713541667,0.007898966471354166,0.495452880859375,0.07323201497395833,0.0,TOX3,tf
ENSG00000092203,14,21378891,21575498,196608,1,True,15,0.010579427083333334,0.014795939127604166,0.010904947916666666,0.07856241861979167,0.21588643391927084,0.4665425618489583,0.202728271484375,0.010579427083333334,0.023890177408854168,0.036280314127604164,0.07856241861979167,0.21914164225260416,0.202728271484375,TOX4,tf
ENSG00000178928,19,47706248,47902855,196608,-1,True,15,0.007878621419270834,0.0028228759765625,1.52587890625e-05,0.07992045084635417,0.14024861653645834,0.4759877522786458,0.2931264241536458,0.007878621419270834,0.0028228759765625,0.010716756184895834,0.07992045084635417,0.14024861653645834,0.2931264241536458,TPRX1,tf
ENSG00000127191,9,136788212,136984819,196608,1,True,26,0.0089263916015625,0.051106770833333336,0.00372314453125,0.17692057291666666,0.276458740234375,0.2904917399088542,0.19237263997395834,0.0089263916015625,0.051106770833333336,0.06375630696614583,0.17692057291666666,0.279998779296875,0.19237263997395834,TRAF2,tf
ENSG00000131323,14,102679145,102875752,196608,1,True,6,0.002044677734375,0.020050048828125,0.0,0.4785308837890625,0.041534423828125,0.2653401692708333,0.19249979654947916,0.002044677734375,0.020050048828125,0.0220947265625,0.4785308837890625,0.042083740234375,0.19249979654947916,TRAF3,tf
ENSG00000076604,17,28645707,28842314,196608,1,True,23,0.008738199869791666,0.01153564453125,0.0029551188151041665,0.0121002197265625,0.2090911865234375,0.707427978515625,0.048151652018229164,0.008738199869791666,0.015970865885416668,0.023228963216145832,0.0121002197265625,0.21320088704427084,0.048151652018229164,TRAF4,tf
ENSG00000082512,1,211228529,211425136,196608,1,True,6,0.0086669921875,0.016209920247395832,0.024225870768229168,0.19865926106770834,0.092071533203125,0.4726969401041667,0.187469482421875,0.0086669921875,0.016209920247395832,0.049102783203125,0.19865926106770834,0.09307861328125,0.187469482421875,TRAF5,tf
ENSG00000175104,11,36411969,36608576,196608,-1,True,6,0.007965087890625,0.0326995849609375,0.0007832845052083334,0.0934600830078125,0.079559326171875,0.6907908121744791,0.0947418212890625,0.007965087890625,0.0326995849609375,0.041447957356770836,0.0934600830078125,0.079559326171875,0.0947418212890625,TRAF6,tf
ENSG00000131653,16,2057478,2254085,196608,1,True,27,0.010640462239583334,0.0170135498046875,0.0004984537760416666,0.08597310384114583,0.3446909586588542,0.4273122151692708,0.11387125651041667,0.010640462239583334,0.020411173502604168,0.0281524658203125,0.08597310384114583,0.3495229085286458,0.11387125651041667,TRAF7,tf
ENSG00000135148,12,112027256,112223863,196608,1,True,7,0.009246826171875,0.009389241536458334,0.0020802815755208335,0.1221923828125,0.11689249674479167,0.6249643961588541,0.115234375,0.009246826171875,0.014750162760416666,0.020716349283854168,0.1221923828125,0.11746724446614583,0.115234375,TRAFD1,tf
ENSG00000124496,6,42353623,42550230,196608,-1,True,5,0.0,0.006459554036458333,0.0,0.49505615234375,0.019648234049479168,0.028722127278645832,0.4501139322916667,0.0,0.006459554036458333,0.006459554036458333,0.49505615234375,0.019648234049479168,0.4501139322916667,TRERF1,tf
ENSG00000103671,15,64289532,64486139,196608,1,True,7,0.009806315104166666,0.0037384033203125,0.0029449462890625,0.3271280924479167,0.0310211181640625,0.5982411702473959,0.027119954427083332,0.009806315104166666,0.0090789794921875,0.016489664713541668,0.3271280924479167,0.0316009521484375,0.027119954427083332,TRIP4,tf
ENSG00000043514,1,39785201,39981808,196608,-1,True,13,0.008036295572916666,0.023351033528645832,0.0018412272135416667,0.19769795735677084,0.099517822265625,0.2637125651041667,0.4058430989583333,0.008036295572916666,0.030476888020833332,0.033228556315104164,0.19769795735677084,0.1029510498046875,0.4058430989583333,TRIT1,tf
ENSG00000104907,19,13018437,13215044,196608,-1,True,17,0.010701497395833334,0.00439453125,0.0020294189453125,0.047312418619791664,0.17446390787760416,0.7276102701822916,0.033487955729166664,0.010701497395833334,0.0078582763671875,0.017125447591145832,0.047312418619791664,0.1757354736328125,0.033487955729166664,TRMT1,tf
ENSG00000121486,1,185058650,185255257,196608,-1,True,7,0.011530558268229166,0.011606852213541666,0.0023142496744791665,0.1728515625,0.05841064453125,0.6645456949869791,0.07874043782552083,0.011530558268229166,0.011606852213541666,0.02545166015625,0.1728515625,0.060419718424479164,0.07874043782552083,TRMT1L,tf
ENSG00000122435,1,100034859,100231466,196608,1,True,12,0.0074615478515625,0.012898763020833334,0.001190185546875,0.0672149658203125,0.142303466796875,0.7684783935546875,0.0004526774088541667,0.0074615478515625,0.015380859375,0.021550496419270832,0.0672149658203125,0.146087646484375,0.0004526774088541667,TRMT13,tf
ENSG00000104447,8,115570672,115767279,196608,-1,True,0,0.013783772786458334,0.007441202799479167,0.0,0.9787750244140625,0.0,0.0,0.0,0.013783772786458334,0.007502237955729167,0.0212249755859375,0.9787750244140625,0.0,0.0,TRPS1,tf
ENSG00000179981,18,75112493,75309100,196608,1,True,9,0.0164337158203125,0.01397705078125,0.013158162434895834,0.3592427571614583,0.0831146240234375,0.22449747721354166,0.2895762125651042,0.0164337158203125,0.014460245768229166,0.043568929036458336,0.3592427571614583,0.0831146240234375,0.2895762125651042,TSHZ1,tf
ENSG00000182463,20,52874054,53070661,196608,1,True,5,0.00020345052083333334,0.0047607421875,0.0,0.4950358072916667,0.010859171549479166,0.240570068359375,0.24857076009114584,0.00020345052083333334,0.0047607421875,0.004964192708333333,0.4950358072916667,0.013214111328125,0.24857076009114584,TSHZ2,tf
ENSG00000121297,19,31251133,31447740,196608,-1,True,3,0.016794840494791668,0.010793050130208334,0.001434326171875,0.470977783203125,0.0517120361328125,0.3443349202473958,0.10395304361979167,0.016794840494791668,0.010793050130208334,0.029022216796875,0.470977783203125,0.053380330403645836,0.10395304361979167,TSHZ3,tf
ENSG00000116830,1,116962022,117158629,196608,1,True,11,0.0188751220703125,0.030426025390625,0.0036722819010416665,0.18689473470052084,0.12906392415364584,0.5108896891276041,0.12017822265625,0.0188751220703125,0.030426025390625,0.052973429361979164,0.18689473470052084,0.12973531087239584,0.12017822265625,TTF2,tf
ENSG00000134744,1,52454789,52651396,196608,-1,True,5,0.0177001953125,0.010625203450520834,0.012847900390625,0.4608357747395833,0.028065999348958332,0.3516845703125,0.1182403564453125,0.0177001953125,0.0146331787109375,0.041173299153645836,0.4608357747395833,0.028361002604166668,0.1182403564453125,TUT4,tf
ENSG00000083223,9,86256107,86452714,196608,-1,True,8,0.023569742838541668,0.014211018880208334,0.0015309651692708333,0.300537109375,0.040888468424479164,0.5223337809244791,0.09692891438802083,0.023569742838541668,0.025731404622395832,0.039311726888020836,0.300537109375,0.041234334309895836,0.09692891438802083,TUT7,tf
ENSG00000122691,7,19019333,19215940,196608,-1,True,6,0.003082275390625,0.007059733072916667,1.52587890625e-05,0.4814097086588542,0.026194254557291668,0.007960001627604166,0.4742787679036458,0.003082275390625,0.007059733072916667,0.010157267252604166,0.4814097086588542,0.043207804361979164,0.4742787679036458,TWIST1,tf
ENSG00000233608,2,238749781,238946388,196608,1,True,5,0.00244140625,0.025604248046875,1.52587890625e-05,0.2898457845052083,0.037272135416666664,0.08961995442708333,0.5552012125651041,0.00244140625,0.025604248046875,0.0280609130859375,0.2898457845052083,0.037272135416666664,0.5552012125651041,TWIST2,tf
ENSG00000160201,21,43009267,43205874,196608,-1,True,12,0.004018147786458333,0.005808512369791667,0.046783447265625,0.017903645833333332,0.1684112548828125,0.5919240315755209,0.16515096028645834,0.004018147786458333,0.009246826171875,0.056610107421875,0.017903645833333332,0.16956075032552084,0.16515096028645834,U2AF1,tf
ENSG00000161265,19,35647115,35843722,196608,-1,True,23,0.004206339518229167,0.0019429524739583333,0.008473714192708334,0.0005442301432291666,0.2631785074869792,0.4575144449869792,0.2641398111979167,0.004206339518229167,0.0054473876953125,0.014623006184895834,0.0005442301432291666,0.2672017415364583,0.2641398111979167,U2AF1L4,tf
ENSG00000087206,5,176908476,177105083,196608,-1,True,4,0.010045369466145834,0.005152384440104167,0.005284627278645833,0.5601704915364584,0.070343017578125,0.2867228190104167,0.062281290690104164,0.010045369466145834,0.012369791666666666,0.020482381184895832,0.5601704915364584,0.07277425130208333,0.062281290690104164,UIMC1,tf
ENSG00000164853,7,1134568,1331175,196608,1,True,10,0.0081024169921875,0.0025177001953125,1.52587890625e-05,0.01202392578125,0.0753021240234375,0.125335693359375,0.776702880859375,0.0081024169921875,0.0025177001953125,0.0106353759765625,0.01202392578125,0.0753021240234375,0.776702880859375,UNCX,tf
ENSG00000132478,17,75686502,75883109,196608,1,True,13,0.013478597005208334,0.0136871337890625,0.0016072591145833333,0.1797332763671875,0.21710713704427084,0.347930908203125,0.2264556884765625,0.013478597005208334,0.018076578776041668,0.028772989908854168,0.1797332763671875,0.22716776529947916,0.2264556884765625,UNK,tf
ENSG00000059145,16,1316401,1513008,196608,-1,True,22,0.012730916341145834,0.020563761393229168,0.005126953125,0.22375996907552084,0.23548380533854166,0.3432413736979167,0.15909322102864584,0.012730916341145834,0.028813680013020832,0.038421630859375,0.22375996907552084,0.2527974446614583,0.15909322102864584,UNKL,tf
ENSG00000158773,1,160947674,161144281,196608,-1,True,19,0.004730224609375,0.005772908528645833,0.0024617513020833335,0.021260579427083332,0.19574483235677084,0.4881184895833333,0.2819112141927083,0.004730224609375,0.010498046875,0.012964884440104166,0.021260579427083332,0.19574483235677084,0.2819112141927083,USF1,tf
ENSG00000105698,19,35170658,35367265,196608,1,True,19,0.008214314778645834,0.0047760009765625,0.012278238932291666,0.02996826171875,0.17493184407552084,0.4581400553385417,0.3116912841796875,0.008214314778645834,0.006871541341145833,0.0252685546875,0.02996826171875,0.18183390299479166,0.3116912841796875,USF2,tf
ENSG00000172046,3,49022520,49219127,196608,-1,True,16,0.0227508544921875,0.005513509114583333,0.000885009765625,0.036427815755208336,0.19528706868489584,0.6467336018880209,0.09240214029947917,0.0227508544921875,0.0073089599609375,0.029149373372395832,0.036427815755208336,0.19528706868489584,0.09240214029947917,USP19,tf
ENSG00000152818,6,144187031,144383638,196608,1,True,6,0.0011444091796875,0.004252115885416667,0.0,0.4946034749348958,0.052195231119791664,0.43243408203125,0.015370686848958334,0.0011444091796875,0.004252115885416667,0.005396525065104167,0.4946034749348958,0.054743448893229164,0.015370686848958334,UTRN,tf
ENSG00000148704,10,117039967,117236574,196608,-1,True,7,0.0057525634765625,0.023656209309895832,3.0517578125e-05,0.0203094482421875,0.046269734700520836,0.6221415201822916,0.2818400065104167,0.0057525634765625,0.023656209309895832,0.029439290364583332,0.0203094482421875,0.046269734700520836,0.2818400065104167,VAX1,tf
ENSG00000116035,2,70802272,70998879,196608,1,True,16,0.0048370361328125,0.010248819986979166,4.57763671875e-05,0.3144480387369792,0.08228556315104167,0.2430267333984375,0.3451080322265625,0.0048370361328125,0.010248819986979166,0.015131632486979166,0.3144480387369792,0.11675008138020833,0.3451080322265625,VAX2,tf
ENSG00000111424,12,47806691,48003298,196608,-1,True,8,0.008305867513020834,0.020538330078125,1.52587890625e-05,0.487457275390625,0.0774383544921875,0.2777353922526042,0.128509521484375,0.008305867513020834,0.0277557373046875,0.028859456380208332,0.487457275390625,0.09285481770833333,0.128509521484375,VDR,tf
ENSG00000151650,10,133139551,133336158,196608,1,True,13,0.003936767578125,0.011235555013020834,1.52587890625e-05,0.016148885091145832,0.3041788736979167,0.5030924479166666,0.1613922119140625,0.003936767578125,0.011235555013020834,0.015187581380208334,0.016148885091145832,0.3041788736979167,0.1613922119140625,VENTX,tf
ENSG00000136451,17,57889951,58086558,196608,-1,True,15,0.009307861328125,0.0175628662109375,1.52587890625e-05,0.058781941731770836,0.1722259521484375,0.4427490234375,0.2993570963541667,0.009307861328125,0.0199432373046875,0.026885986328125,0.058781941731770836,0.17685953776041666,0.2993570963541667,VEZF1,tf
ENSG00000100987,20,24983838,25180445,196608,-1,True,10,0.006673177083333333,0.010915120442708334,0.0007120768229166666,0.0389556884765625,0.11484273274739583,0.476104736328125,0.3517964680989583,0.006673177083333333,0.011408487955729166,0.018300374348958332,0.0389556884765625,0.11484273274739583,0.3517964680989583,VSX1,tf
ENSG00000119614,14,74141145,74337752,196608,1,True,9,0.0055084228515625,0.00982666015625,1.52587890625e-05,0.10310872395833333,0.07329813639322917,0.5268656412760416,0.2813771565755208,0.0055084228515625,0.00982666015625,0.015350341796875,0.10310872395833333,0.07329813639322917,0.2813771565755208,VSX2,tf
ENSG00000120688,13,40963205,41159812,196608,1,True,6,0.0057525634765625,0.0063934326171875,1.52587890625e-05,0.10226949055989583,0.045654296875,0.6194610595703125,0.22045389811197916,0.0057525634765625,0.0063934326171875,0.0121612548828125,0.10226949055989583,0.045654296875,0.22045389811197916,WBP4,tf
ENSG00000085449,2,223847032,224043639,196608,-1,True,6,0.0063629150390625,0.01727294921875,0.004369099934895833,0.4279378255208333,0.074920654296875,0.4320526123046875,0.037083943684895836,0.0063629150390625,0.01727294921875,0.028004964192708332,0.4279378255208333,0.08289082845052083,0.037083943684895836,WDFY1,tf
ENSG00000139668,13,51486158,51682765,196608,1,True,7,0.0016682942708333333,0.034474690755208336,1.52587890625e-05,0.4665629069010417,0.03179931640625,0.3172149658203125,0.14826456705729166,0.0016682942708333333,0.034474690755208336,0.036158243815104164,0.4665629069010417,0.0367584228515625,0.14826456705729166,WDFY2,tf
ENSG00000163625,4,84868387,85064994,196608,-1,True,2,0.0,0.0038909912109375,0.0,0.4961090087890625,0.048227945963541664,0.17855326334635416,0.2732187906901042,0.0,0.0038909912109375,0.0038909912109375,0.4961090087890625,0.052759806315104164,0.2732187906901042,WDFY3,tf
ENSG00000011451,19,15351653,15548260,196608,-1,True,10,0.030202229817708332,0.019368489583333332,0.0023091634114583335,0.10069783528645833,0.14156087239583334,0.6153564453125,0.09050496419270833,0.030202229817708332,0.033808390299479164,0.0518798828125,0.10069783528645833,0.14187113444010416,0.09050496419270833,WIZ,tf
ENSG00000124535,6,2667089,2863696,196608,1,True,10,0.0101470947265625,0.009663899739583334,1.52587890625e-05,0.08983357747395833,0.08249918619791667,0.696502685546875,0.11133829752604167,0.0101470947265625,0.0121002197265625,0.019826253255208332,0.08983357747395833,0.08832295735677083,0.11133829752604167,WRNIP1,tf
ENSG00000184937,11,32337236,32533843,196608,-1,True,10,0.008209228515625,0.0107269287109375,0.022430419921875,0.2017059326171875,0.062159220377604164,0.3125050862630208,0.38226318359375,0.008209228515625,0.014897664388020834,0.0413665771484375,0.2017059326171875,0.06316121419270833,0.38226318359375,WT1,tf
ENSG00000132530,17,6657742,6854349,196608,1,True,13,0.007405598958333333,0.022440592447916668,0.004155476888020833,0.06910196940104167,0.11665852864583333,0.47845458984375,0.3017832438151042,0.007405598958333333,0.026540120442708332,0.034001668294270836,0.06910196940104167,0.13506062825520834,0.3017832438151042,XAF1,tf
ENSG00000015153,12,42139945,42336552,196608,-1,True,6,0.005223592122395833,0.043034871419270836,0.006871541341145833,0.3581085205078125,0.0633544921875,0.5222422281901041,0.0011647542317708333,0.005223592122395833,0.0464630126953125,0.0551300048828125,0.3581085205078125,0.06595357259114583,0.0011647542317708333,YAF2,tf
ENSG00000180667,1,206952905,207149512,196608,-1,True,7,0.0055694580078125,0.028249104817708332,1.52587890625e-05,0.012613932291666666,0.14678446451822916,0.479339599609375,0.3274281819661458,0.0055694580078125,0.028249104817708332,0.033833821614583336,0.012613932291666666,0.14838663736979166,0.3274281819661458,YOD1,tf
ENSG00000100811,14,100140840,100337447,196608,1,True,15,0.00677490234375,0.032023111979166664,0.010828653971354166,0.176666259765625,0.11131795247395833,0.3355051676432292,0.3268839518229167,0.00677490234375,0.034169514973958336,0.049626668294270836,0.176666259765625,0.11578877766927083,0.3268839518229167,YY1,tf
ENSG00000230797,X,21757683,21954290,196608,1,True,8,0.00567626953125,0.0083160400390625,1.52587890625e-05,0.0,0.0560302734375,0.3376973470052083,0.5922648111979166,0.00567626953125,0.0083160400390625,0.014007568359375,0.0,0.0620269775390625,0.5922648111979166,YY2,tf
ENSG00000182223,4,48391948,48588555,196608,1,True,4,0.0064697265625,0.0009409586588541666,1.52587890625e-05,0.013621012369791666,0.0976409912109375,0.5718994140625,0.3094126383463542,0.0064697265625,0.0009409586588541666,0.007425944010416667,0.013621012369791666,0.0976409912109375,0.3094126383463542,ZAR1,tf
ENSG00000189167,13,32217060,32413667,196608,-1,True,5,0.0048980712890625,0.003143310546875,1.52587890625e-05,0.051274617513020836,0.14590962727864584,0.7691904703776041,0.025568644205729168,0.0048980712890625,0.003143310546875,0.008056640625,0.051274617513020836,0.14621480305989584,0.025568644205729168,ZAR1L,tf
ENSG00000214717,X,2402673,2599280,196608,-1,True,4,0.010589599609375,0.017634073893229168,1.52587890625e-05,0.055425008138020836,0.019419352213541668,0.5769500732421875,0.3199666341145833,0.010589599609375,0.017634073893229168,0.028238932291666668,0.055425008138020836,0.022776285807291668,0.3199666341145833,ZBED1,tf
ENSG00000177494,3,111497043,111693650,196608,-1,True,6,0.003326416015625,0.008570353190104166,1.52587890625e-05,0.0005340576171875,0.042597452799479164,0.9008127848307291,0.0441436767578125,0.003326416015625,0.008570353190104166,0.011912027994791666,0.0005340576171875,0.042597452799479164,0.0441436767578125,ZBED2,tf
ENSG00000132846,5,76988982,77185589,196608,-1,True,8,0.003570556640625,0.039983113606770836,1.52587890625e-05,0.034159342447916664,0.11422220865885417,0.70172119140625,0.10632832845052083,0.003570556640625,0.039983113606770836,0.043568929036458336,0.034159342447916664,0.120269775390625,0.10632832845052083,ZBED3,tf
ENSG00000100426,22,49755540,49952147,196608,1,True,16,0.0178680419921875,0.042424519856770836,0.0011037190755208333,0.16014607747395834,0.17853800455729166,0.3300832112630208,0.26983642578125,0.0178680419921875,0.042424519856770836,0.061396280924479164,0.16014607747395834,0.17853800455729166,0.26983642578125,ZBED4,tf
ENSG00000236287,11,10759750,10956357,196608,-1,True,9,0.0105743408203125,0.0204010009765625,0.024134318033854168,0.18253580729166666,0.13443501790364584,0.6279195149739584,0.0,0.0105743408203125,0.0204010009765625,0.055109659830729164,0.18253580729166666,0.1519012451171875,0.0,ZBED5,tf
ENSG00000257315,1,203697319,203893926,196608,1,True,12,0.0149383544921875,0.0445404052734375,1.52587890625e-05,0.23806254069010416,0.09658304850260417,0.6041208902994791,0.001739501953125,0.0149383544921875,0.0445404052734375,0.0594940185546875,0.23806254069010416,0.16418965657552084,0.001739501953125,ZBED6,tf
ENSG00000126804,14,64406466,64603073,196608,1,True,11,0.011052449544270834,0.0717010498046875,3.0517578125e-05,0.07763163248697917,0.2608846028645833,0.533538818359375,0.045160929361979164,0.011052449544270834,0.0717010498046875,0.08278401692708333,0.07763163248697917,0.2814432779947917,0.045160929361979164,ZBTB1,tf
ENSG00000181472,6,151293256,151489863,196608,-1,True,9,0.007843017578125,0.024663289388020832,1.52587890625e-05,0.107818603515625,0.135345458984375,0.5710957845052084,0.15321858723958334,0.007843017578125,0.024663289388020832,0.032521565755208336,0.107818603515625,0.13659159342447916,0.15321858723958334,ZBTB2,tf
ENSG00000185670,11,62655857,62852464,196608,-1,True,31,0.008758544921875,0.016169230143229168,1.52587890625e-05,0.0285491943359375,0.3024393717447917,0.5177764892578125,0.12629191080729166,0.008758544921875,0.016932169596354168,0.024943033854166668,0.0285491943359375,0.3024393717447917,0.12629191080729166,ZBTB3,tf
ENSG00000174282,17,7381328,7577935,196608,-1,True,31,0.0154571533203125,0.0406951904296875,1.52587890625e-05,0.07047017415364583,0.2992604573567708,0.3865458170572917,0.18755594889322916,0.0154571533203125,0.0406951904296875,0.0561676025390625,0.07047017415364583,0.30731201171875,0.18755594889322916,ZBTB4,tf
ENSG00000168795,9,37367147,37563754,196608,-1,True,13,0.0103302001953125,0.0297088623046875,1.52587890625e-05,0.1184539794921875,0.1020355224609375,0.454742431640625,0.2847137451171875,0.0103302001953125,0.0297088623046875,0.0400543212890625,0.1184539794921875,0.1020355224609375,0.2847137451171875,ZBTB5,tf
ENSG00000186130,9,122815020,123011627,196608,-1,True,9,0.0064697265625,0.018071492513020832,1.52587890625e-05,0.0022532145182291665,0.1719207763671875,0.7009785970052084,0.10029093424479167,0.0064697265625,0.018071492513020832,0.024556477864583332,0.0022532145182291665,0.1719207763671875,0.10029093424479167,ZBTB6,tf
ENSG00000178951,19,3968596,4165203,196608,-1,True,12,0.0092620849609375,0.0526885986328125,1.52587890625e-05,0.061803181966145836,0.10561116536458333,0.3722381591796875,0.3983815511067708,0.0092620849609375,0.0526885986328125,0.0619659423828125,0.061803181966145836,0.1096038818359375,0.3983815511067708,ZBTB7A,tf
ENSG00000160685,1,154904498,155101105,196608,1,True,23,0.0087432861328125,0.034673055013020836,1.52587890625e-05,0.037862141927083336,0.23126220703125,0.492431640625,0.19501241048177084,0.0087432861328125,0.035191853841145836,0.043431599934895836,0.037862141927083336,0.231292724609375,0.19501241048177084,ZBTB7B,tf
ENSG00000184828,18,48311080,48507687,196608,-1,True,5,0.0,0.008433024088541666,0.0,0.4985300699869792,0.0258636474609375,0.4648895263671875,0.0022837320963541665,0.0,0.008433024088541666,0.008433024088541666,0.4985300699869792,0.0258636474609375,0.0022837320963541665,ZBTB7C,tf
ENSG00000160062,1,32441123,32637730,196608,1,True,6,0.0067291259765625,0.036326090494791664,0.0,0.2967071533203125,0.09691874186197917,0.5610605875651041,0.00225830078125,0.0067291259765625,0.036931355794270836,0.043055216471354164,0.2967071533203125,0.10598246256510417,0.00225830078125,ZBTB8A,tf
ENSG00000273274,1,32366768,32563375,196608,1,True,8,0.0075531005859375,0.06357828776041667,1.52587890625e-05,0.0897674560546875,0.0533599853515625,0.6454569498697916,0.14026896158854166,0.0075531005859375,0.06357828776041667,0.07114664713541667,0.0897674560546875,0.060948689778645836,0.14026896158854166,ZBTB8B,tf
ENSG00000213588,6,33356272,33552879,196608,1,True,11,0.0072174072265625,0.008076985677083334,1.52587890625e-05,0.0028737386067708335,0.10431416829427083,0.2766164143880208,0.6008860270182291,0.0072174072265625,0.009724934895833334,0.015309651692708334,0.0028737386067708335,0.10686238606770833,0.6008860270182291,ZBTB9,tf
ENSG00000205189,8,80387922,80584529,196608,1,True,11,0.0137786865234375,0.0382843017578125,1.52587890625e-05,0.15478006998697916,0.062123616536458336,0.5327809651692709,0.19823710123697916,0.0137786865234375,0.0387725830078125,0.0520782470703125,0.15478006998697916,0.06536356608072917,0.19823710123697916,ZBTB10,tf
ENSG00000066422,3,101578829,101775436,196608,-1,True,13,0.016626993815104168,0.0237579345703125,0.038508097330729164,0.06477864583333333,0.2061004638671875,0.30035400390625,0.3498738606770833,0.016626993815104168,0.037516276041666664,0.07889302571614583,0.06477864583333333,0.21027119954427084,0.3498738606770833,ZBTB11,tf
ENSG00000204366,6,31803783,32000390,196608,-1,True,26,0.0070037841796875,0.0029652913411458335,1.52587890625e-05,0.0025990804036458335,0.340057373046875,0.5302327473958334,0.11712646484375,0.0070037841796875,0.0029652913411458335,0.009984334309895834,0.0025990804036458335,0.3407745361328125,0.11712646484375,ZBTB12,tf
ENSG00000198081,18,5197423,5394030,196608,-1,True,8,0.0068511962890625,0.021397908528645832,0.0016428629557291667,0.011769612630208334,0.083465576171875,0.3573760986328125,0.5174967447916666,0.0068511962890625,0.021397908528645832,0.0298919677734375,0.011769612630208334,0.08613077799479167,0.5174967447916666,ZBTB14,tf
ENSG00000109906,11,113961407,114158014,196608,1,True,4,0.007349650065104167,0.022674560546875,0.0006815592447916666,0.4762929280598958,0.027018229166666668,0.2620747884114583,0.20390828450520834,0.007349650065104167,0.023173014322916668,0.030705769856770832,0.4762929280598958,0.032648722330729164,0.20390828450520834,ZBTB16,tf
ENSG00000116809,1,15877798,16074405,196608,-1,True,14,0.0128936767578125,0.017913818359375,0.006947835286458333,0.14397684733072916,0.17828877766927084,0.4887847900390625,0.15119425455729166,0.0128936767578125,0.0182342529296875,0.037755330403645836,0.14397684733072916,0.181427001953125,0.15119425455729166,ZBTB17,tf
ENSG00000179456,1,243952979,244149586,196608,1,True,12,0.008616129557291666,0.012888590494791666,0.0,0.023915608723958332,0.12294514973958333,0.7285257975260416,0.10310872395833333,0.008616129557291666,0.020924886067708332,0.021504720052083332,0.023915608723958332,0.12294514973958333,0.10310872395833333,ZBTB18,tf
ENSG00000181722,3,115048985,115245592,196608,-1,True,2,0.0,0.008524576822916666,1.0172526041666666e-05,0.4918111165364583,0.028025309244791668,0.4711507161458333,0.0004781087239583333,0.0,0.008524576822916666,0.008534749348958334,0.4918111165364583,0.031458536783854164,0.0004781087239583333,ZBTB20,tf
ENSG00000173276,21,41912057,42108664,196608,-1,True,6,0.016265869140625,0.02960205078125,1.52587890625e-05,0.07393391927083333,0.08628336588541667,0.5981190999348959,0.19578043619791666,0.016265869140625,0.02960205078125,0.0458831787109375,0.07393391927083333,0.09294637044270833,0.19578043619791666,ZBTB21,tf
ENSG00000236104,6,33219441,33416048,196608,-1,True,23,0.009674072265625,0.0052947998046875,1.52587890625e-05,0.0034077962239583335,0.2506815592447917,0.3204752604166667,0.4104512532552083,0.009674072265625,0.0052947998046875,0.014984130859375,0.0034077962239583335,0.2506815592447917,0.4104512532552083,ZBTB22,tf
ENSG00000112365,6,109384916,109581523,196608,-1,True,5,0.010640462239583334,0.027933756510416668,0.014607747395833334,0.061808268229166664,0.119140625,0.7381846110026041,0.027684529622395832,0.010640462239583334,0.0327606201171875,0.053181966145833336,0.061808268229166664,0.12069193522135417,0.027684529622395832,ZBTB24,tf
ENSG00000089775,14,64405535,64602142,196608,-1,True,11,0.007069905598958333,0.0863037109375,1.52587890625e-05,0.19208780924479166,0.17436726888020834,0.4997304280598958,0.040425618489583336,0.007069905598958333,0.08658854166666667,0.09338887532552083,0.19208780924479166,0.2681223551432292,0.040425618489583336,ZBTB25,tf
ENSG00000171448,9,122833209,123029816,196608,-1,True,9,0.0067291259765625,0.028350830078125,1.52587890625e-05,0.046284993489583336,0.14030965169270834,0.7014363606770834,0.076873779296875,0.0067291259765625,0.028350830078125,0.03509521484375,0.046284993489583336,0.14030965169270834,0.076873779296875,ZBTB26,tf
ENSG00000011590,19,35606254,35802861,196608,1,True,28,0.0074310302734375,0.005071004231770833,0.002410888671875,0.048619588216145836,0.2992655436197917,0.3827260335286458,0.2544759114583333,0.0074310302734375,0.007588704427083333,0.014912923177083334,0.048619588216145836,0.3049062093098958,0.2544759114583333,ZBTB32,tf
ENSG00000177485,X,120152508,120349115,196608,1,True,9,0.01025390625,0.032185872395833336,1.52587890625e-05,0.0032704671223958335,0.06300862630208333,0.67242431640625,0.218841552734375,0.01025390625,0.032185872395833336,0.042455037434895836,0.0032704671223958335,0.06856282552083333,0.218841552734375,ZBTB33,tf
ENSG00000177125,9,126762335,126958942,196608,1,True,4,0.007843017578125,0.026921590169270832,1.52587890625e-05,0.09363301595052083,0.07493082682291667,0.350311279296875,0.4463450113932292,0.007843017578125,0.026972452799479168,0.034779866536458336,0.09363301595052083,0.07633463541666667,0.4463450113932292,ZBTB34,tf
ENSG00000185278,1,173770076,173966683,196608,1,True,11,0.0079803466796875,0.09173075358072917,1.52587890625e-05,0.08066304524739583,0.17425537109375,0.5487569173177084,0.09659830729166667,0.0079803466796875,0.09418233235677083,0.09972635904947917,0.08066304524739583,0.17657979329427084,0.09659830729166667,ZBTB37,tf
ENSG00000177311,3,141270200,141466807,196608,1,True,8,0.0182342529296875,0.065643310546875,0.013432820638020834,0.5417226155598959,0.08711751302083333,0.221160888671875,0.0526885986328125,0.0182342529296875,0.065643310546875,0.09731038411458333,0.5417226155598959,0.109375,0.0526885986328125,ZBTB38,tf
ENSG00000166860,12,56908243,57104850,196608,-1,True,15,0.0108642578125,0.021001180013020832,1.52587890625e-05,0.0073394775390625,0.1995697021484375,0.5064595540364584,0.2547505696614583,0.0108642578125,0.021001180013020832,0.031880696614583336,0.0073394775390625,0.1998443603515625,0.2547505696614583,ZBTB39,tf
ENSG00000184677,1,22353547,22550154,196608,1,True,4,0.0189056396484375,0.028340657552083332,1.52587890625e-05,0.4731648763020833,0.014363606770833334,0.008321126302083334,0.4568888346354167,0.0189056396484375,0.028340657552083332,0.047261555989583336,0.4731648763020833,0.01873779296875,0.4568888346354167,ZBTB40,tf
ENSG00000177888,1,197102990,197299597,196608,-1,True,6,0.013880411783854166,0.032704671223958336,1.52587890625e-05,0.19636027018229166,0.057683308919270836,0.4652455647786458,0.23411051432291666,0.013880411783854166,0.037017822265625,0.046600341796875,0.19636027018229166,0.057683308919270836,0.23411051432291666,ZBTB41,tf
ENSG00000179627,14,104702797,104899404,196608,1,True,17,0.006439208984375,0.013005574544270834,1.52587890625e-05,0.007486979166666667,0.2719573974609375,0.5249532063802084,0.17614237467447916,0.006439208984375,0.013005574544270834,0.019460042317708332,0.007486979166666667,0.272430419921875,0.17614237467447916,ZBTB42,tf
ENSG00000169155,9,126706736,126903343,196608,1,True,4,0.0071258544921875,0.052164713541666664,1.52587890625e-05,0.10967508951822917,0.0455474853515625,0.13824971516927084,0.6472218831380209,0.0071258544921875,0.052164713541666664,0.059305826822916664,0.10967508951822917,0.054224650065104164,0.6472218831380209,ZBTB43,tf
ENSG00000196323,11,130216614,130413221,196608,-1,True,6,0.010014851888020834,0.0410919189453125,0.00592041015625,0.3917897542317708,0.042775472005208336,0.4572245279947917,0.051183064778645836,0.010014851888020834,0.042877197265625,0.057027180989583336,0.3917897542317708,0.0544891357421875,0.051183064778645836,ZBTB44,tf
ENSG00000119574,19,58421507,58617616,196110,-1,True,25,0.008260670032124828,0.011325276630462495,1.529753709652746e-05,0.1098261179950028,0.3819081127938402,0.323491917801234,0.16517260721023916,0.008260670032124828,0.011325276630462495,0.01960124419968385,0.1098261179950028,0.3861200346744174,0.16517260721023916,ZBTB45,tf
ENSG00000130584,20,63732961,63929568,196608,-1,True,20,0.009363810221354166,0.037241617838541664,0.0037740071614583335,0.4012196858723958,0.103057861328125,0.3015238444010417,0.14381917317708334,0.009363810221354166,0.037241617838541664,0.050379435221354164,0.4012196858723958,0.1174163818359375,0.14381917317708334,ZBTB46,tf
ENSG00000114853,3,42555393,42752000,196608,1,True,16,0.0121917724609375,0.019170125325520832,1.52587890625e-05,0.043294270833333336,0.24471537272135416,0.6722056070963541,0.0084075927734375,0.0121917724609375,0.021214803059895832,0.031377156575520836,0.043294270833333336,0.2605082194010417,0.0084075927734375,ZBTB47,tf
ENSG00000204859,1,6481690,6678297,196608,1,True,14,0.0107421875,0.00347900390625,0.010772705078125,0.022242228190104168,0.20216878255208334,0.7275187174479166,0.023076375325520832,0.0107421875,0.005757649739583333,0.024993896484375,0.022242228190104168,0.20216878255208334,0.023076375325520832,ZBTB48,tf
ENSG00000168826,4,4191947,4388554,196608,1,True,6,0.0116729736328125,0.005086263020833333,0.0,0.143707275390625,0.07102457682291667,0.580963134765625,0.1875457763671875,0.0116729736328125,0.012669881184895834,0.016759236653645832,0.143707275390625,0.07102457682291667,0.1875457763671875,ZBTB49,tf
ENSG00000104427,8,78567785,78764392,196608,1,True,7,0.005839029947916667,0.012563069661458334,0.0036468505859375,0.2511647542317708,0.09019978841145833,0.63641357421875,0.00017293294270833334,0.005839029947916667,0.013941446940104166,0.0220489501953125,0.2511647542317708,0.09358723958333333,0.00017293294270833334,ZC2HC1A,tf
ENSG00000118491,6,143766170,143962777,196608,1,True,6,0.003387451171875,0.001434326171875,0.0006306966145833334,0.3704630533854167,0.10175069173177083,0.5130360921223959,0.009297688802083334,0.003387451171875,0.001434326171875,0.005452473958333333,0.3704630533854167,0.106109619140625,0.009297688802083334,ZC2HC1B,tf
ENSG00000119703,14,74971337,75167944,196608,1,True,15,0.007573445638020833,0.0365447998046875,0.0003255208333333333,0.2373046875,0.14090983072916666,0.45831298828125,0.11902872721354167,0.007573445638020833,0.036977132161458336,0.044443766276041664,0.2373046875,0.20505269368489584,0.11902872721354167,ZC2HC1C,tf
ENSG00000014164,8,143443144,143639751,196608,-1,True,16,0.012812296549479166,0.0017293294270833333,1.52587890625e-05,0.4854838053385417,0.24677022298177084,0.20624796549479166,0.046941121419270836,0.012812296549479166,0.0017293294270833333,0.014556884765625,0.4854838053385417,0.24677022298177084,0.046941121419270836,ZC3H3,tf
ENSG00000130749,19,47015473,47212080,196608,-1,True,5,0.0198822021484375,0.011347452799479166,0.0019632975260416665,0.21903483072916666,0.043482462565104164,0.6177927652994791,0.08649698893229167,0.0198822021484375,0.011347452799479166,0.033192952473958336,0.21903483072916666,0.045664469401041664,0.08649698893229167,ZC3H4,tf
ENSG00000188177,2,112177293,112373900,196608,1,True,9,0.0185394287109375,0.040532430013020836,0.001312255859375,0.2674916585286458,0.11348470052083333,0.21446736653645834,0.3441721598307292,0.0185394287109375,0.040532430013020836,0.060384114583333336,0.2674916585286458,0.11534627278645833,0.3441721598307292,ZC3H6,tf
ENSG00000122299,16,11698955,11895562,196608,-1,True,10,0.0148162841796875,0.015141805013020834,0.005986531575520833,0.201446533203125,0.12017822265625,0.6172943115234375,0.025136311848958332,0.0148162841796875,0.020711263020833332,0.035944620768229164,0.201446533203125,0.123809814453125,0.025136311848958332,ZC3H7A,tf
ENSG00000100403,22,41203221,41399828,196608,1,True,9,0.0149078369140625,0.0155029296875,0.023493448893229168,0.24465433756510416,0.13994344075520834,0.4260660807291667,0.13543192545572916,0.0149078369140625,0.0155029296875,0.053904215494791664,0.24465433756510416,0.13994344075520834,0.13543192545572916,ZC3H7B,tf
ENSG00000144161,2,112156739,112353346,196608,-1,True,8,0.0044403076171875,0.0486907958984375,0.0021006266276041665,0.16664632161458334,0.10089619954427083,0.4094594319661458,0.2677663167317708,0.0044403076171875,0.0486907958984375,0.055231730143229164,0.16664632161458334,0.12147013346354167,0.2677663167317708,ZC3H8,tf
ENSG00000135482,12,56019962,56216569,196608,1,True,20,0.006622314453125,0.033533732096354164,0.0024007161458333335,0.004536946614583333,0.2982126871744792,0.4487253824869792,0.20596822102864584,0.006622314453125,0.033533732096354164,0.0425567626953125,0.004536946614583333,0.3043416341145833,0.20596822102864584,ZC3H10,tf
ENSG00000058673,1,203697319,203893926,196608,1,True,12,0.012593587239583334,0.049733479817708336,0.0029246012369791665,0.23675537109375,0.092132568359375,0.6041208902994791,0.001739501953125,0.012593587239583334,0.057647705078125,0.06525166829427083,0.23675537109375,0.1584320068359375,0.001739501953125,ZC3H11A,tf
ENSG00000215817,1,219514802,219711409,196608,-1,True,3,0.0122833251953125,0.011744181315104166,1.52587890625e-05,0.0018666585286458333,0.0027872721354166665,0.3105316162109375,0.6607716878255209,0.0122833251953125,0.011744181315104166,0.024042765299479168,0.0018666585286458333,0.0027872721354166665,0.6607716878255209,ZC3H11B,tf
ENSG00000163874,1,37376276,37572883,196608,1,True,10,0.009882609049479166,0.008127848307291666,0.0014801025390625,0.030782063802083332,0.13724772135416666,0.7500050862630209,0.062474568684895836,0.009882609049479166,0.013361612955729166,0.019490559895833332,0.030782063802083332,0.13755289713541666,0.062474568684895836,ZC3H12A,tf
ENSG00000102053,X,64936522,65133129,196608,1,True,1,0.0,0.0028025309244791665,0.008097330729166666,0.4892934163411458,0.003926595052083333,0.4955037434895833,0.0003763834635416667,0.0,0.0028025309244791665,0.010899861653645834,0.4892934163411458,0.003926595052083333,0.0003763834635416667,ZC3H12B,tf
ENSG00000149289,11,109995088,110191695,196608,1,True,6,0.0135955810546875,0.035664876302083336,1.52587890625e-05,0.3497416178385417,0.0263519287109375,0.5746307373046875,0.0,0.0135955810546875,0.036031087239583336,0.049275716145833336,0.3497416178385417,0.0289306640625,0.0,ZC3H12C,tf
ENSG00000178199,6,149386711,149583318,196608,-1,True,9,0.008351643880208334,0.024566650390625,0.0010884602864583333,0.16039021809895834,0.053095499674479164,0.3932088216145833,0.3592987060546875,0.008351643880208334,0.024566650390625,0.034006754557291664,0.16039021809895834,0.053095499674479164,0.3592987060546875,ZC3H12D,tf
ENSG00000123200,13,45954443,46151050,196608,-1,True,3,0.026031494140625,0.025248209635416668,0.0016021728515625,0.447296142578125,0.1343994140625,0.3654225667317708,0.0,0.026031494140625,0.025248209635416668,0.052881876627604164,0.447296142578125,0.1358489990234375,0.0,ZC3H13,tf
ENSG00000100722,14,88464733,88661340,196608,1,True,7,0.014958699544270834,0.08559672037760417,0.006357828776041667,0.2219085693359375,0.055104573567708336,0.5757191975911459,0.040354410807291664,0.014958699544270834,0.09467061360677083,0.10691324869791667,0.2219085693359375,0.1019439697265625,0.040354410807291664,ZC3H14,tf
ENSG00000065548,2,186387956,186584563,196608,1,True,3,0.008112589518229166,0.018361409505208332,0.0031178792317708335,0.101165771484375,0.0338287353515625,0.4853159586588542,0.35009765625,0.008112589518229166,0.022379557291666668,0.029591878255208332,0.101165771484375,0.038014729817708336,0.35009765625,ZC3H15,tf
ENSG00000158545,16,88472099,88668706,196608,1,True,11,0.014979044596354166,0.0105743408203125,0.024668375651041668,0.2628987630208333,0.110595703125,0.490142822265625,0.08614095052083333,0.014979044596354166,0.010645548502604166,0.050221761067708336,0.2628987630208333,0.110595703125,0.08614095052083333,ZC3H18,tf
ENSG00000105939,7,139011417,139208024,196608,-1,True,6,0.015630086263020832,0.027399698893229168,3.0517578125e-05,0.407623291015625,0.051289876302083336,0.305145263671875,0.19288126627604166,0.015630086263020832,0.028045654296875,0.043060302734375,0.407623291015625,0.0540924072265625,0.19288126627604166,ZC3HAV1,tf
ENSG00000091732,7,129953071,130149678,196608,-1,True,7,0.009847005208333334,0.010157267252604166,0.0006357828776041666,0.147796630859375,0.054728190104166664,0.6216481526692709,0.15518697102864584,0.009847005208333334,0.017430623372395832,0.020640055338541668,0.147796630859375,0.059407552083333336,0.15518697102864584,ZC3HC1,tf
ENSG00000126970,X,64878147,65074754,196608,-1,True,1,0.004079182942708333,0.024632771809895832,3.0517578125e-05,0.5760752360026041,0.005716959635416667,0.19756571451822916,0.19189961751302084,0.004079182942708333,0.0281829833984375,0.028742472330729168,0.5760752360026041,0.005716959635416667,0.19189961751302084,ZC4H2,tf
ENSG00000141664,18,62424721,62621328,196608,1,True,6,0.0199737548828125,0.029576619466145832,0.0024261474609375,0.2770284016927083,0.013712565104166666,0.045308430989583336,0.6119740804036459,0.0199737548828125,0.029698689778645832,0.051976521809895836,0.2770284016927083,0.024790445963541668,0.6119740804036459,ZCCHC2,tf
ENSG00000247315,20,199266,395873,196608,1,True,11,0.0061492919921875,0.007832845052083334,1.52587890625e-05,0.0,0.1423797607421875,0.3960316975911458,0.4475911458333333,0.0061492919921875,0.007832845052083334,0.013997395833333334,0.0,0.14398701985677084,0.4475911458333333,ZCCHC3,tf
ENSG00000168228,4,25214470,25411077,196608,1,True,6,0.008056640625,0.021006266276041668,0.003143310546875,0.2705942789713542,0.038182576497395836,0.4701436360677083,0.188873291015625,0.008056640625,0.023661295572916668,0.032206217447916664,0.2705942789713542,0.038182576497395836,0.188873291015625,ZCCHC4,tf
ENSG00000147905,9,37022270,37218877,196608,1,True,9,0.0048980712890625,0.010355631510416666,0.0007781982421875,0.4844563802083333,0.08953857421875,0.3029429117838542,0.10703023274739583,0.0048980712890625,0.010370890299479166,0.016031901041666668,0.4844563802083333,0.09450785319010417,0.10703023274739583,ZCCHC7,tf
ENSG00000033030,12,122402629,122599236,196608,-1,True,7,0.01080322265625,0.02313232421875,0.011744181315104166,0.103515625,0.09554545084635417,0.5003814697265625,0.2548777262369792,0.01080322265625,0.025751749674479168,0.045679728190104164,0.103515625,0.09620157877604167,0.2548777262369792,ZCCHC8,tf
ENSG00000131732,5,81203283,81399890,196608,1,True,6,0.0042877197265625,0.021764119466145832,0.0025990804036458335,0.033320109049479164,0.09908040364583333,0.7349090576171875,0.10403951009114583,0.0042877197265625,0.021764119466145832,0.028650919596354168,0.033320109049479164,0.09908040364583333,0.10403951009114583,ZCCHC9,tf
ENSG00000155329,5,132928246,133124853,196608,-1,True,13,0.004267374674479167,0.008758544921875,0.0006306966145833334,0.13699849446614584,0.0707244873046875,0.7480977376302084,0.030522664388020832,0.004267374674479167,0.010075887044270834,0.0136566162109375,0.13699849446614584,0.07633463541666667,0.030522664388020832,ZCCHC10,tf
ENSG00000174460,X,118725520,118922127,196608,1,True,7,0.006134033203125,0.006032307942708333,1.52587890625e-05,0.003814697265625,0.08226521809895833,0.6738128662109375,0.22792561848958334,0.006134033203125,0.006032307942708333,0.012181599934895834,0.003814697265625,0.08226521809895833,0.22792561848958334,ZCCHC12,tf
ENSG00000187969,X,74205876,74402483,196608,1,True,18,0.002532958984375,0.001800537109375,1.52587890625e-05,0.0,0.10074869791666667,0.43597412109375,0.4589284261067708,0.002532958984375,0.001800537109375,0.0043487548828125,0.0,0.10074869791666667,0.4589284261067708,ZCCHC13,tf
ENSG00000140948,16,87394721,87591328,196608,-1,True,9,0.017038981119791668,0.024561564127604168,0.0009663899739583334,0.3988138834635417,0.056950887044270836,0.3300882975260417,0.17157999674479166,0.017038981119791668,0.024698893229166668,0.042566935221354164,0.3988138834635417,0.08046468098958333,0.17157999674479166,ZCCHC14,tf
ENSG00000121766,1,31198728,31395335,196608,1,True,5,0.005574544270833333,0.008794148763020834,0.0,0.3342742919921875,0.030914306640625,0.4257456461588542,0.19469706217447916,0.005574544270833333,0.010732014973958334,0.014368693033854166,0.3342742919921875,0.041559855143229164,0.19469706217447916,ZCCHC17,tf
ENSG00000166707,X,104014219,104210826,196608,1,True,6,0.0061492919921875,0.011439005533854166,1.52587890625e-05,0.0016632080078125,0.12083943684895833,0.3925120035807292,0.4673817952473958,0.0061492919921875,0.011439005533854166,0.017603556315104168,0.0016632080078125,0.12464396158854167,0.4673817952473958,ZCCHC18,tf
ENSG00000165424,10,79347321,79543928,196608,-1,True,9,0.004730224609375,0.0209503173828125,0.0,0.2962849934895833,0.058385213216145836,0.060048421223958336,0.559600830078125,0.004730224609375,0.021647135416666668,0.0256805419921875,0.2962849934895833,0.061574300130208336,0.559600830078125,ZCCHC24,tf
ENSG00000139168,12,42227791,42424398,196608,-1,True,7,0.0034993489583333335,0.0133819580078125,0.031687418619791664,0.0235137939453125,0.06538899739583333,0.8621826171875,0.0003458658854166667,0.0034993489583333335,0.013758341471354166,0.0485687255859375,0.0235137939453125,0.06703694661458333,0.0003458658854166667,ZCRB1,tf
ENSG00000078487,7,100330400,100527007,196608,-1,True,25,0.009923299153645834,0.004994710286458333,0.0032246907552083335,0.1251220703125,0.160064697265625,0.5586140950520834,0.13805643717447916,0.009923299153645834,0.0076141357421875,0.0181427001953125,0.1251220703125,0.1786956787109375,0.13805643717447916,ZCWPW1,tf
ENSG00000206559,3,28250417,28447024,196608,1,True,4,0.00250244140625,0.0043792724609375,0.0,0.4931182861328125,0.06693013509114583,0.4330698649088542,0.0,0.00250244140625,0.0043792724609375,0.0068817138671875,0.4931182861328125,0.073760986328125,0.0,ZCWPW2,tf
ENSG00000204186,2,206176359,206372966,196608,1,True,6,0.036458333333333336,0.019587198893229168,0.0,0.14629109700520834,0.034856160481770836,0.42236328125,0.3404439290364583,0.036458333333333336,0.0549774169921875,0.0560455322265625,0.14629109700520834,0.034856160481770836,0.3404439290364583,ZDBF2,tf
ENSG00000159714,16,67318174,67514781,196608,-1,True,14,0.0081329345703125,0.007171630859375,0.0058746337890625,0.09418741861979167,0.1509246826171875,0.6927897135416666,0.040918986002604164,0.0081329345703125,0.007441202799479167,0.02117919921875,0.09418741861979167,0.15453084309895834,0.040918986002604164,ZDHHC1,tf
ENSG00000104219,8,17058178,17254785,196608,1,True,7,0.006011962890625,0.038477579752604164,0.0006612141927083334,0.3049163818359375,0.12294514973958333,0.4800008138020833,0.046986897786458336,0.006011962890625,0.038503011067708336,0.0451507568359375,0.3049163818359375,0.1241912841796875,0.046986897786458336,ZDHHC2,tf
ENSG00000163812,3,44877871,45074478,196608,-1,True,7,0.0082855224609375,0.0614471435546875,0.0031178792317708335,0.23705037434895834,0.055765787760416664,0.46923828125,0.16509501139322916,0.0082855224609375,0.0645599365234375,0.07285054524739583,0.23705037434895834,0.0596771240234375,0.16509501139322916,ZDHHC3,tf
ENSG00000136247,7,6479150,6675757,196608,1,True,10,0.00555419921875,0.0184173583984375,0.0074310302734375,0.02947998046875,0.13372294108072916,0.4822285970052083,0.3231658935546875,0.00555419921875,0.0184173583984375,0.031402587890625,0.02947998046875,0.1396484375,0.3231658935546875,ZDHHC4,tf
ENSG00000156599,11,57569810,57766417,196608,1,True,15,0.01165771484375,0.022272745768229168,0.001800537109375,0.1359710693359375,0.17176310221354166,0.3862813313802083,0.2702534993489583,0.01165771484375,0.023218790690104168,0.035730997721354164,0.1359710693359375,0.17176310221354166,0.2702534993489583,ZDHHC5,tf
ENSG00000023041,10,112348611,112545218,196608,-1,True,6,0.0076141357421875,0.025258382161458332,0.0147247314453125,0.07042439778645833,0.055267333984375,0.7509409586588541,0.07577006022135417,0.0076141357421875,0.029093424479166668,0.047597249348958336,0.07042439778645833,0.06701151529947917,0.07577006022135417,ZDHHC6,tf
ENSG00000153786,16,84913232,85109839,196608,-1,True,8,0.0052642822265625,0.023091634114583332,0.00091552734375,0.16076151529947916,0.10531107584635417,0.5183664957682291,0.18628946940104166,0.0052642822265625,0.023274739583333332,0.029271443684895832,0.16076151529947916,0.10531107584635417,0.18628946940104166,ZDHHC7,tf
ENSG00000099904,22,20033500,20230107,196608,1,True,18,0.013676961263020834,0.016087849934895832,0.00164794921875,0.06294759114583333,0.19856770833333334,0.4236501057942708,0.2834218343098958,0.013676961263020834,0.017145792643229168,0.031412760416666664,0.06294759114583333,0.19856770833333334,0.2834218343098958,ZDHHC8,tf
ENSG00000188706,X,129745583,129942190,196608,-1,True,9,0.006093343098958333,0.02154541015625,0.0021769205729166665,0.17835489908854166,0.09821065266927083,0.5213165283203125,0.17230224609375,0.006093343098958333,0.02154541015625,0.029815673828125,0.17835489908854166,0.09821065266927083,0.17230224609375,ZDHHC9,tf
ENSG00000188818,5,752683,949290,196608,-1,True,11,0.008005777994791666,0.015375773111979166,0.0124969482421875,0.2864329020182292,0.10858662923177083,0.3840433756510417,0.18505859375,0.008005777994791666,0.01763916015625,0.035878499348958336,0.2864329020182292,0.1135101318359375,0.18505859375,ZDHHC11,tf
ENSG00000206077,5,686426,883033,196608,-1,True,10,0.008234659830729166,0.025136311848958332,0.00579833984375,0.3391215006510417,0.08673604329427083,0.40814208984375,0.1268310546875,0.008234659830729166,0.028203328450520832,0.0391693115234375,0.3391215006510417,0.09726969401041667,0.1268310546875,ZDHHC11B,tf
ENSG00000160446,9,128625824,128822431,196608,-1,True,17,0.005269368489583333,0.0018361409505208333,0.0061798095703125,0.0033671061197916665,0.17547098795572916,0.7073974609375,0.1004791259765625,0.005269368489583333,0.0018361409505208333,0.013285319010416666,0.0033671061197916665,0.17578125,0.1004791259765625,ZDHHC12,tf
ENSG00000177054,11,19018864,19215471,196608,1,True,4,0.0095977783203125,0.009526570638020834,0.0269317626953125,0.2622426350911458,0.030329386393229168,0.19735209147135416,0.464019775390625,0.0095977783203125,0.010767618815104166,0.046056111653645836,0.2622426350911458,0.036402384440104164,0.464019775390625,ZDHHC13,tf
ENSG00000175048,6,157282886,157479493,196608,1,True,11,0.0012461344401041667,0.004521687825520833,0.0,0.4945220947265625,0.0842437744140625,0.3955128987630208,0.019953409830729168,0.0012461344401041667,0.004521687825520833,0.005767822265625,0.4945220947265625,0.093841552734375,0.019953409830729168,ZDHHC14,tf
ENSG00000102383,X,75424734,75621341,196608,-1,True,3,0.003326416015625,0.0024312337239583335,0.0039520263671875,0.4926554361979167,0.018376668294270832,0.4792582194010417,0.0,0.003326416015625,0.0024312337239583335,0.009709676106770834,0.4926554361979167,0.0197296142578125,0.0,ZDHHC15,tf
ENSG00000171307,10,97347871,97544478,196608,1,True,8,0.006047566731770833,0.011042277018229166,0.0024159749348958335,0.037607828776041664,0.1125946044921875,0.7829844156901041,0.047307332356770836,0.006047566731770833,0.011042277018229166,0.019505818684895832,0.037607828776041664,0.1125946044921875,0.047307332356770836,ZDHHC16,tf
ENSG00000186908,12,76665811,76862418,196608,1,True,4,0.011220296223958334,0.01629638671875,0.014623006184895834,0.4135589599609375,0.025721232096354168,0.325775146484375,0.19280497233072916,0.011220296223958334,0.0218353271484375,0.042139689127604164,0.4135589599609375,0.025721232096354168,0.19280497233072916,ZDHHC17,tf
ENSG00000204160,1,26728384,26924991,196608,1,True,14,0.0061187744140625,0.019877115885416668,0.0017751057942708333,0.12948099772135416,0.18459065755208334,0.4587758382161458,0.19938151041666666,0.0061187744140625,0.0204315185546875,0.02777099609375,0.12948099772135416,0.18703206380208334,0.19938151041666666,ZDHHC18,tf
ENSG00000163958,3,196113097,196309704,196608,-1,True,13,0.005086263020833333,0.0033315022786458335,0.003936767578125,0.058781941731770836,0.1284332275390625,0.7029978434244791,0.09743245442708333,0.005086263020833333,0.004552205403645833,0.012354532877604166,0.058781941731770836,0.12896728515625,0.09743245442708333,ZDHHC19,tf
ENSG00000180776,13,21361000,21557607,196608,-1,True,9,0.00567626953125,0.0233306884765625,0.0005696614583333334,0.4712575276692708,0.026555379231770832,0.4726104736328125,0.0,0.00567626953125,0.0249481201171875,0.029576619466145832,0.4712575276692708,0.041163126627604164,0.0,ZDHHC20,tf
ENSG00000175893,9,14595129,14791736,196608,-1,True,5,0.00506591796875,0.062311808268229164,0.0025736490885416665,0.4315999348958333,0.0540008544921875,0.2959187825520833,0.148529052734375,0.00506591796875,0.06466166178385417,0.06995137532552083,0.4315999348958333,0.054677327473958336,0.148529052734375,ZDHHC21,tf
ENSG00000177108,14,77043488,77240095,196608,-1,True,10,0.0040130615234375,0.023442586263020832,1.52587890625e-05,0.032358805338541664,0.097015380859375,0.79351806640625,0.0496368408203125,0.0040130615234375,0.023442586263020832,0.027470906575520832,0.032358805338541664,0.10878499348958333,0.0496368408203125,ZDHHC22,tf
ENSG00000184307,3,113849709,114046316,196608,1,True,10,0.00750732421875,0.027399698893229168,0.0014444986979166667,0.052663167317708336,0.07835896809895833,0.8309478759765625,0.001678466796875,0.00750732421875,0.027562459309895832,0.036351521809895836,0.052663167317708336,0.0845794677734375,0.001678466796875,ZDHHC23,tf
ENSG00000174165,11,66447745,66644352,196608,-1,True,17,0.005472819010416667,0.026041666666666668,0.0017852783203125,0.09696451822916667,0.20558675130208334,0.5006205240885416,0.1635284423828125,0.005472819010416667,0.026041666666666668,0.033299763997395836,0.09696451822916667,0.22965494791666666,0.1635284423828125,ZDHHC24,tf
ENSG00000148516,10,31220912,31417519,196608,1,True,6,0.0008443196614583334,0.0038706461588541665,0.009424845377604166,0.4895273844401042,0.0235443115234375,0.4727884928385417,0.0,0.0008443196614583334,0.0038706461588541665,0.014139811197916666,0.4895273844401042,0.039418538411458336,0.0,ZEB1,tf
ENSG00000169554,2,144421816,144618423,196608,-1,True,13,0.004094441731770833,0.028961181640625,0.041056315104166664,0.4306589762369792,0.025166829427083332,0.4684956868489583,0.0015665690104166667,0.004094441731770833,0.031626383463541664,0.0741119384765625,0.4306589762369792,0.060907999674479164,0.0015665690104166667,ZEB2,tf
ENSG00000104231,8,81622997,81819604,196608,-1,True,11,0.004521687825520833,0.0102996826171875,0.006718953450520833,0.13913981119791666,0.09423828125,0.402618408203125,0.3424631754557292,0.004521687825520833,0.013580322265625,0.021540323893229168,0.13913981119791666,0.0961151123046875,0.3424631754557292,ZFAND1,tf
ENSG00000178381,7,1061893,1258500,196608,-1,True,11,0.003662109375,0.014729817708333334,0.0037078857421875,0.02301025390625,0.089569091796875,0.423126220703125,0.4421946207682292,0.003662109375,0.015538533528645834,0.022099812825520832,0.02301025390625,0.09159342447916667,0.4421946207682292,ZFAND2A,tf
ENSG00000158552,2,219108478,219305085,196608,1,True,22,0.006052652994791667,0.008275349934895834,0.0029551188151041665,0.056035359700520836,0.3062591552734375,0.5487620035807291,0.07166035970052083,0.006052652994791667,0.012812296549479166,0.017283121744791668,0.056035359700520836,0.3143056233723958,0.07166035970052083,ZFAND2B,tf
ENSG00000156639,6,37721423,37918030,196608,1,True,7,0.0003611246744791667,0.0026295979817708335,0.0,0.4985249837239583,0.034067789713541664,0.22947184244791666,0.23494466145833334,0.0003611246744791667,0.0026295979817708335,0.00299072265625,0.4985249837239583,0.036275227864583336,0.23494466145833334,ZFAND3,tf
ENSG00000172671,10,45574469,45771076,196608,-1,True,8,0.011993408203125,0.0217132568359375,0.010553995768229166,0.2592519124348958,0.050079345703125,0.5255279541015625,0.120880126953125,0.011993408203125,0.025960286458333332,0.044260660807291664,0.2592519124348958,0.050079345703125,0.120880126953125,ZFAND4,tf
ENSG00000107372,9,72266905,72463512,196608,-1,True,8,0.0040435791015625,0.045445760091145836,0.0013071695963541667,0.019989013671875,0.054163614908854164,0.3019510904947917,0.5730997721354166,0.0040435791015625,0.046239217122395836,0.0507965087890625,0.019989013671875,0.0596160888671875,0.5730997721354166,ZFAND5,tf
ENSG00000086666,15,79961372,80157979,196608,1,True,8,0.004735310872395833,0.086029052734375,0.0109710693359375,0.3122812906901042,0.038970947265625,0.06479899088541667,0.4822133382161458,0.004735310872395833,0.08712259928385417,0.10173543294270833,0.3122812906901042,0.042134602864583336,0.4822133382161458,ZFAND6,tf
ENSG00000066827,8,134614728,134811335,196608,-1,True,8,0.0031178792317708335,0.00250244140625,0.0,0.4948679606119792,0.0845184326171875,0.4013010660807292,0.013692220052083334,0.0031178792317708335,0.005472819010416667,0.005620320638020833,0.4948679606119792,0.08646138509114583,0.013692220052083334,ZFAT,tf
ENSG00000133858,12,71565545,71762152,196608,-1,True,11,0.030771891276041668,0.011296590169270834,0.0059051513671875,0.24767557779947916,0.09961446126302083,0.2765604654947917,0.3281758626302083,0.030771891276041668,0.012807210286458334,0.0479736328125,0.24767557779947916,0.10515340169270833,0.3281758626302083,ZFC3H1,tf
ENSG00000136367,14,23453462,23650069,196608,-1,True,10,0.03924560546875,0.011225382486979166,1.52587890625e-05,0.129241943359375,0.17174275716145834,0.4824930826822917,0.16603597005208334,0.03924560546875,0.011225382486979166,0.050486246744791664,0.129241943359375,0.1887664794921875,0.16603597005208334,ZFHX2,tf
ENSG00000140836,16,72949825,73146432,196608,-1,True,7,0.016357421875,0.011016845703125,0.008539835611979166,0.9640858968098959,0.0,0.0,0.0,0.016357421875,0.011133829752604166,0.035914103190104164,0.9640858968098959,0.044331868489583336,0.0,ZFHX3,tf
ENSG00000091656,8,76582943,76779550,196608,1,True,4,0.016911824544270832,0.004185994466145833,0.0020650227864583335,0.4768778483072917,0.0628204345703125,0.4371388753255208,0.0,0.016911824544270832,0.004185994466145833,0.023162841796875,0.4768778483072917,0.06723531087239583,0.0,ZFHX4,tf
ENSG00000184517,16,75050220,75246827,196608,1,True,11,0.006296793619791667,0.017120361328125,0.0003814697265625,0.09696451822916667,0.11666361490885417,0.5040028889973959,0.2585703531901042,0.006296793619791667,0.022669474283854168,0.023798624674479168,0.09696451822916667,0.11666361490885417,0.2585703531901042,ZFP1,tf
ENSG00000198939,5,178797609,178994216,196608,1,True,14,0.0070343017578125,0.016209920247395832,1.52587890625e-05,0.16761271158854166,0.09795633951822917,0.4551544189453125,0.2560170491536458,0.0070343017578125,0.016209920247395832,0.023259480794270832,0.16761271158854166,0.109710693359375,0.2560170491536458,ZFP2,tf
ENSG00000180787,17,4980163,5176770,196608,1,True,14,0.007659912109375,0.017852783203125,1.52587890625e-05,0.0655670166015625,0.21663411458333334,0.5649312337239584,0.12733968098958334,0.007659912109375,0.017852783203125,0.0255279541015625,0.0655670166015625,0.228851318359375,0.12733968098958334,ZFP3,tf
ENSG00000142065,19,36280898,36477505,196608,-1,True,8,0.008173624674479166,0.033396402994791664,3.0517578125e-05,0.186004638671875,0.16042582194010416,0.4585418701171875,0.1534271240234375,0.008173624674479166,0.033396402994791664,0.041600545247395836,0.186004638671875,0.16330464680989584,0.1534271240234375,ZFP14,tf
ENSG00000196867,19,56440644,56637251,196608,1,True,14,0.014134724934895834,0.019927978515625,0.0013987223307291667,0.055384318033854164,0.2651875813802083,0.5866546630859375,0.05731201171875,0.014134724934895834,0.020029703776041668,0.03546142578125,0.055384318033854164,0.27386474609375,0.05731201171875,ZFP28,tf
ENSG00000120784,19,37557162,37753769,196608,-1,True,13,0.008148193359375,0.0288543701171875,0.0035044352213541665,0.3592173258463542,0.13074747721354166,0.4256439208984375,0.04388427734375,0.008148193359375,0.0288543701171875,0.040506998697916664,0.3592173258463542,0.1520843505859375,0.04388427734375,ZFP30,tf
ENSG00000128016,19,39308543,39505150,196608,1,True,22,0.0058441162109375,0.003931681315104167,0.0002492268880208333,0.0030008951822916665,0.2851511637369792,0.5918019612630209,0.11002095540364583,0.0058441162109375,0.006154378255208333,0.0100250244140625,0.0030008951822916665,0.2855580647786458,0.11002095540364583,ZFP36,tf
ENSG00000185650,14,68694764,68891371,196608,-1,True,13,0.0062103271484375,0.025360107421875,0.0013427734375,0.010823567708333334,0.09586588541666667,0.5002644856770834,0.3601328531901042,0.0062103271484375,0.026458740234375,0.0329132080078125,0.010823567708333334,0.09847005208333333,0.3601328531901042,ZFP36L1,tf
ENSG00000152518,2,43128303,43324910,196608,-1,True,9,0.007537841796875,0.01123046875,1.52587890625e-05,0.0026041666666666665,0.07175191243489583,0.8938496907552084,0.013010660807291666,0.007537841796875,0.01123046875,0.0187835693359375,0.0026041666666666665,0.078125,0.013010660807291666,ZFP36L2,tf
ENSG00000136866,9,112958421,113155028,196608,-1,True,12,0.009857177734375,0.0224761962890625,1.52587890625e-05,0.061152140299479164,0.17154947916666666,0.2613271077473958,0.4736226399739583,0.009857177734375,0.0224761962890625,0.0323486328125,0.061152140299479164,0.17154947916666666,0.4736226399739583,ZFP37,tf
ENSG00000181638,8,143148635,143345242,196608,1,True,13,0.003021240234375,0.0452880859375,1.52587890625e-05,0.032470703125,0.15255228678385416,0.2918141682942708,0.4748382568359375,0.003021240234375,0.0452880859375,0.0483245849609375,0.032470703125,0.16420491536458334,0.4748382568359375,ZFP41,tf
ENSG00000179059,4,187897467,188094074,196608,1,True,4,0.004730224609375,0.026468912760416668,1.52587890625e-05,0.0347137451171875,0.041269938151041664,0.3087310791015625,0.5840708414713541,0.004730224609375,0.026468912760416668,0.031214396158854168,0.0347137451171875,0.041269938151041664,0.5840708414713541,ZFP42,tf
ENSG00000204644,6,29582849,29779456,196608,-1,True,20,0.0081787109375,0.0181427001953125,1.52587890625e-05,0.0177764892578125,0.20230611165364584,0.7188161214192709,0.034764607747395836,0.0081787109375,0.01861572265625,0.026336669921875,0.0177764892578125,0.21221923828125,0.034764607747395836,ZFP57,tf
ENSG00000196670,5,180762973,180959580,196608,-1,True,13,0.01373291015625,0.0075531005859375,6.103515625e-05,0.048207600911458336,0.15594482421875,0.4714101155598958,0.3030904134114583,0.01373291015625,0.008056640625,0.0213470458984375,0.048207600911458336,0.15594482421875,0.3030904134114583,ZFP62,tf
ENSG00000020256,20,52093476,52290083,196608,-1,True,3,0.012929280598958334,0.009180704752604166,0.0011698404947916667,0.5404459635416666,0.0075225830078125,0.4287516276041667,0.0,0.012929280598958334,0.009180704752604166,0.023279825846354168,0.5404459635416666,0.013646443684895834,0.0,ZFP64,tf
ENSG00000187815,1,40378986,40575593,196608,1,True,15,0.0080413818359375,0.013224283854166666,0.0019327799479166667,0.07495625813802083,0.1177825927734375,0.6273295084635416,0.15673319498697916,0.0080413818359375,0.013224283854166666,0.023198445638020832,0.07495625813802083,0.12474568684895833,0.15673319498697916,ZFP69,tf
ENSG00000187801,1,40352172,40548779,196608,1,True,13,0.0081634521484375,0.005925496419270833,0.0013682047526041667,0.056208292643229164,0.131805419921875,0.6788736979166666,0.11765543619791667,0.0081634521484375,0.011622111002604166,0.0154571533203125,0.056208292643229164,0.131805419921875,0.11765543619791667,ZFP69B,tf
ENSG00000181007,19,36320341,36516948,196608,-1,True,11,0.008646647135416666,0.0283660888671875,0.009984334309895834,0.13380940755208334,0.1554718017578125,0.4166971842447917,0.2470245361328125,0.008646647135416666,0.0283660888671875,0.0469970703125,0.13380940755208334,0.1554718017578125,0.2470245361328125,ZFP82,tf
ENSG00000184939,16,68440987,68637594,196608,1,True,12,0.010981241861979166,0.019068400065104168,0.0056304931640625,0.19820149739583334,0.043309529622395836,0.116058349609375,0.60675048828125,0.010981241861979166,0.027959187825520832,0.035680135091145836,0.19820149739583334,0.046290079752604164,0.60675048828125,ZFP90,tf
ENSG00000186660,11,58480759,58677366,196608,1,True,10,0.008697509765625,0.023651123046875,1.52587890625e-05,0.18672688802083334,0.056645711263020836,0.5655721028645834,0.15869140625,0.008697509765625,0.023651123046875,0.0323638916015625,0.18672688802083334,0.074432373046875,0.15869140625,ZFP91,tf
ENSG00000189420,X,153313168,153509775,196608,1,True,11,0.00634765625,0.026397705078125,1.52587890625e-05,0.0437774658203125,0.1424560546875,0.3733266194661458,0.4076792399088542,0.00634765625,0.026397705078125,0.0327606201171875,0.0437774658203125,0.1424560546875,0.4076792399088542,ZFP92,tf
ENSG00000162300,11,64985918,65182525,196608,1,True,30,0.005727132161458333,0.004547119140625,0.005594889322916667,0.005437215169270833,0.2674560546875,0.3876800537109375,0.3235575358072917,0.005727132161458333,0.006993611653645833,0.015869140625,0.005437215169270833,0.28485107421875,0.3235575358072917,ZFPL1,tf
ENSG00000179588,16,88354976,88551583,196608,1,True,7,0.0159759521484375,0.014338175455729166,0.0010274251302083333,0.3946431477864583,0.08418782552083333,0.2680206298828125,0.22180684407552084,0.0159759521484375,0.014597574869791666,0.031341552734375,0.3946431477864583,0.09305826822916667,0.22180684407552084,ZFPM1,tf
ENSG00000169946,8,105220134,105416741,196608,1,True,2,0.00020345052083333334,0.00445556640625,0.0058441162109375,0.9894968668619791,0.0,0.0,0.0,0.00020345052083333334,0.00445556640625,0.010503133138020834,0.9894968668619791,0.00469970703125,0.0,ZFPM2,tf
ENSG00000056097,5,32346437,32543044,196608,-1,True,4,0.01690673828125,0.007710774739583333,0.010447184244791666,0.4247945149739583,0.010218302408854166,0.110870361328125,0.4190521240234375,0.01690673828125,0.010142008463541666,0.035064697265625,0.4247945149739583,0.0110626220703125,0.4190521240234375,ZFR,tf
ENSG00000105278,19,3770735,3967342,196608,-1,True,12,0.015909830729166668,0.014399210611979166,0.0006561279296875,0.2997182210286458,0.10370890299479167,0.4559580485026042,0.109649658203125,0.015909830729166668,0.018829345703125,0.030965169270833332,0.2997182210286458,0.10370890299479167,0.109649658203125,ZFR2,tf
ENSG00000005889,X,24051425,24248032,196608,1,True,6,0.01287841796875,0.0371856689453125,0.0020904541015625,0.2900492350260417,0.0260009765625,0.2718505859375,0.3599446614583333,0.01287841796875,0.037394205729166664,0.052154541015625,0.2900492350260417,0.033284505208333336,0.3599446614583333,ZFX,tf
ENSG00000067646,Y,2837077,3033684,196608,1,True,10,0.0122222900390625,0.016362508138020832,0.0006306966145833334,0.21101888020833334,0.041056315104166664,0.7035420735677084,0.015167236328125,0.0122222900390625,0.016448974609375,0.029215494791666668,0.21101888020833334,0.042078653971354164,0.015167236328125,ZFY,tf
ENSG00000165861,14,72928803,73125410,196608,-1,True,8,0.012379964192708334,0.0107879638671875,0.0036163330078125,0.2665964762369792,0.10904439290364583,0.5515594482421875,0.046015421549479164,0.012379964192708334,0.011225382486979166,0.026784261067708332,0.2665964762369792,0.10904439290364583,0.046015421549479164,ZFYVE1,tf
ENSG00000157077,1,52043785,52240392,196608,1,True,12,0.011077880859375,0.005243937174479167,0.0,0.4847005208333333,0.046788533528645836,0.285400390625,0.16678873697916666,0.011077880859375,0.005243937174479167,0.016321818033854168,0.4847005208333333,0.0615997314453125,0.16678873697916666,ZFYVE9,tf
ENSG00000039319,5,80309760,80506367,196608,1,True,11,0.023656209309895832,0.044275919596354164,0.021820068359375,0.2979787190755208,0.039728800455729164,0.1044158935546875,0.4681243896484375,0.023656209309895832,0.050359090169270836,0.089752197265625,0.2979787190755208,0.08850606282552083,0.4681243896484375,ZFYVE16,tf
ENSG00000166140,15,40708785,40905392,196608,1,True,13,0.008733113606770834,0.007283528645833333,0.008290608723958334,0.016377766927083332,0.15578206380208334,0.5538075764973959,0.249725341796875,0.008733113606770834,0.0141448974609375,0.0243072509765625,0.016377766927083332,0.15644327799479166,0.249725341796875,ZFYVE19,tf
ENSG00000100711,14,103617506,103814113,196608,1,True,14,0.005991617838541667,0.004786173502604167,0.031901041666666664,0.0485687255859375,0.19922892252604166,0.7083791097005209,0.0011444091796875,0.005991617838541667,0.006779988606770833,0.0426788330078125,0.0485687255859375,0.20214335123697916,0.0011444091796875,ZFYVE21,tf
ENSG00000072121,14,67718287,67914894,196608,-1,True,5,0.0401611328125,0.015828450520833332,0.024800618489583332,0.3729909261067708,0.017720540364583332,0.5122833251953125,0.016215006510416668,0.0401611328125,0.0477752685546875,0.08079020182291667,0.3729909261067708,0.029627482096354168,0.016215006510416668,ZFYVE26,tf
ENSG00000155256,10,97638824,97835431,196608,1,True,7,0.006434122721354167,0.009267171223958334,0.004262288411458333,0.101043701171875,0.0769500732421875,0.3221537272135417,0.479888916015625,0.006434122721354167,0.0093994140625,0.019963582356770832,0.101043701171875,0.0769500732421875,0.479888916015625,ZFYVE27,tf
ENSG00000159733,4,2320342,2516949,196608,-1,True,7,0.004613240559895833,0.010833740234375,0.005106608072916667,0.4794769287109375,0.071624755859375,0.4268035888671875,0.0015411376953125,0.004613240559895833,0.011932373046875,0.0205535888671875,0.4794769287109375,0.07475789388020833,0.0015411376953125,ZFYVE28,tf
ENSG00000220201,19,10211512,10408119,196608,-1,True,21,0.0041656494140625,0.007532755533854167,0.0006663004557291666,0.013463338216145834,0.22568257649739584,0.5608011881510416,0.18768819173177084,0.0041656494140625,0.008845011393229166,0.012364705403645834,0.013463338216145834,0.23053487141927084,0.18768819173177084,ZGLP1,tf
ENSG00000197114,20,63609735,63806342,196608,1,True,17,0.009256998697916666,0.005991617838541667,0.006134033203125,0.125091552734375,0.22037760416666666,0.5791168212890625,0.0540313720703125,0.009256998697916666,0.005991617838541667,0.021382649739583332,0.125091552734375,0.23337300618489584,0.0540313720703125,ZGPAT,tf
ENSG00000138658,4,112538606,112735213,196608,-1,True,11,0.032877604166666664,0.009221394856770834,0.006220499674479167,0.450439453125,0.055669148763020836,0.3015340169270833,0.14403788248697916,0.032877604166666664,0.034454345703125,0.048319498697916664,0.450439453125,0.06446329752604167,0.14403788248697916,ZGRF1,tf
ENSG00000165156,8,123175983,123372590,196608,-1,True,18,0.0133209228515625,0.026011149088541668,1.52587890625e-05,0.09844462076822917,0.11425272623697917,0.666473388671875,0.08148193359375,0.0133209228515625,0.026011149088541668,0.039347330729166664,0.09844462076822917,0.11887613932291667,0.08148193359375,ZHX1,tf
ENSG00000178764,8,122683351,122879958,196608,1,True,7,0.0,0.0107574462890625,0.0,0.4909922281901042,0.0240020751953125,0.2545725504557292,0.21967569986979166,0.0,0.0107574462890625,0.0107574462890625,0.4909922281901042,0.03448486328125,0.21967569986979166,ZHX2,tf
ENSG00000174306,20,41219428,41416035,196608,-1,True,6,0.0,0.007476806640625,0.00115966796875,0.491363525390625,0.07622782389322917,0.133575439453125,0.2901967366536458,0.0,0.007476806640625,0.008636474609375,0.491363525390625,0.0777435302734375,0.2901967366536458,ZHX3,tf
ENSG00000152977,3,147311061,147507668,196608,1,True,5,0.0070648193359375,0.019917805989583332,0.0036061604817708335,0.5505015055338541,0.046839396158854164,0.3406168619791667,0.031453450520833336,0.0070648193359375,0.019917805989583332,0.030588785807291668,0.5505015055338541,0.06664530436197917,0.031453450520833336,ZIC1,tf
ENSG00000043355,13,99883480,100080087,196608,1,True,11,0.00811767578125,0.006937662760416667,0.001678466796875,0.00860595703125,0.13134765625,0.4921162923177083,0.3511962890625,0.00811767578125,0.006937662760416667,0.016733805338541668,0.00860595703125,0.13134765625,0.3511962890625,ZIC2,tf
ENSG00000156925,X,137467823,137664430,196608,1,True,5,0.00787353515625,0.030680338541666668,0.0005238850911458334,0.034052530924479164,0.027318318684895832,0.8995513916015625,0.0,0.00787353515625,0.030680338541666668,0.0390777587890625,0.034052530924479164,0.035634358723958336,0.0,ZIC3,tf
ENSG00000174963,3,147308240,147504847,196608,-1,True,5,0.0063629150390625,0.021001180013020832,0.015955607096354168,0.062291463216145836,0.051264444986979164,0.8116709391276041,0.031453450520833336,0.0063629150390625,0.022267659505208332,0.0433197021484375,0.062291463216145836,0.0561065673828125,0.031453450520833336,ZIC4,tf
ENSG00000139800,13,99873464,100070071,196608,-1,True,11,0.0097503662109375,0.0131072998046875,1.52587890625e-05,0.021906534830729168,0.12476094563802083,0.4792633056640625,0.3511962890625,0.0097503662109375,0.0131072998046875,0.0228729248046875,0.021906534830729168,0.12650553385416666,0.3511962890625,ZIC5,tf
ENSG00000171649,19,57485841,57682448,196608,1,True,18,0.0074310302734375,0.017415364583333332,0.0024668375651041665,0.0511932373046875,0.2906036376953125,0.4385121663411458,0.19237772623697916,0.0074310302734375,0.0243072509765625,0.027313232421875,0.0511932373046875,0.3001047770182292,0.19237772623697916,ZIK1,tf
ENSG00000269699,19,56742423,56939030,196608,-1,True,10,0.010523478190104166,0.004547119140625,0.0007680257161458334,0.3207956949869792,0.047398885091145836,0.19307454427083334,0.4228922526041667,0.010523478190104166,0.011606852213541666,0.015838623046875,0.3207956949869792,0.12514750162760416,0.4228922526041667,ZIM2,tf
ENSG00000141946,19,57046899,57243506,196608,-1,True,13,0.0072021484375,0.006144205729166667,1.52587890625e-05,0.043131510416666664,0.15004475911458334,0.3833872477213542,0.4100748697916667,0.0072021484375,0.006144205729166667,0.013361612955729166,0.043131510416666664,0.15004475911458334,0.4100748697916667,ZIM3,tf
ENSG00000106261,7,99917292,100113899,196608,1,True,22,0.0085906982421875,0.044189453125,0.0033365885416666665,0.0767364501953125,0.2203216552734375,0.4467620849609375,0.20006306966145834,0.0085906982421875,0.044809977213541664,0.056116739908854164,0.0767364501953125,0.2203216552734375,0.20006306966145834,ZKSCAN1,tf
ENSG00000155592,16,25159542,25356149,196608,-1,True,9,0.014811197916666666,0.0230712890625,0.0022176106770833335,0.07100931803385417,0.039174397786458336,0.7143046061197916,0.13541158040364584,0.014811197916666666,0.034327189127604164,0.04010009765625,0.07100931803385417,0.041768391927083336,0.13541158040364584,ZKSCAN2,tf
ENSG00000189298,6,28251643,28448250,196608,1,True,17,0.008209228515625,0.017430623372395832,1.52587890625e-05,0.07231648763020833,0.23766581217447916,0.4994557698567708,0.16490681966145834,0.008209228515625,0.017644246419270832,0.025655110677083332,0.07231648763020833,0.24479166666666666,0.16490681966145834,ZKSCAN3,tf
ENSG00000187626,6,28153966,28350573,196608,-1,True,19,0.0083160400390625,0.0196075439453125,1.52587890625e-05,0.029169718424479168,0.227386474609375,0.3271128336588542,0.3883921305338542,0.0083160400390625,0.0196075439453125,0.0279388427734375,0.029169718424479168,0.227386474609375,0.3883921305338542,ZKSCAN4,tf
ENSG00000196652,7,99406358,99602965,196608,1,True,13,0.0128021240234375,0.028935750325520832,0.0,0.1360931396484375,0.22836812337239584,0.5044301350911459,0.0893707275390625,0.0128021240234375,0.0376434326171875,0.041737874348958336,0.1360931396484375,0.23347981770833334,0.0893707275390625,ZKSCAN5,tf
ENSG00000196345,3,44456889,44653496,196608,1,True,10,0.011830647786458334,0.009318033854166666,0.0002695719401041667,0.176849365234375,0.18944803873697916,0.5115152994791666,0.10076904296875,0.011830647786458334,0.011052449544270834,0.021418253580729168,0.176849365234375,0.22024027506510416,0.10076904296875,ZKSCAN7,tf
ENSG00000198315,6,28043579,28240186,196608,1,True,19,0.008890787760416666,0.032073974609375,0.0,0.049214680989583336,0.190093994140625,0.4401652018229167,0.2795613606770833,0.008890787760416666,0.038538614908854164,0.040964762369791664,0.049214680989583336,0.190093994140625,0.2795613606770833,ZKSCAN8,tf
ENSG00000166432,X,101833724,102030331,196608,-1,True,7,0.011571248372395834,0.006632486979166667,0.020314534505208332,0.21479288736979166,0.015986124674479168,0.112091064453125,0.6186116536458334,0.011571248372395834,0.006876627604166667,0.038518269856770836,0.21479288736979166,0.019297281901041668,0.6186116536458334,ZMAT1,tf
ENSG00000146007,5,140602143,140798750,196608,1,True,21,0.0031026204427083335,0.006001790364583333,0.0,0.031621297200520836,0.21944681803385416,0.29876708984375,0.4410603841145833,0.0031026204427083335,0.008173624674479166,0.009104410807291666,0.031621297200520836,0.22264607747395834,0.4410603841145833,ZMAT2,tf
ENSG00000172667,3,178973506,179170113,196608,-1,True,4,0.005533854166666667,0.045384724934895836,1.52587890625e-05,0.4516805013020833,0.019195556640625,0.3483428955078125,0.12984720865885416,0.005533854166666667,0.045384724934895836,0.050933837890625,0.4516805013020833,0.019195556640625,0.12984720865885416,ZMAT3,tf
ENSG00000165061,8,40799523,40996130,196608,-1,True,3,0.000701904296875,0.0033213297526041665,1.52587890625e-05,0.4959971110026042,0.014516194661458334,0.24134318033854166,0.24410502115885416,0.000701904296875,0.0033213297526041665,0.004038492838541667,0.4959971110026042,0.014516194661458334,0.24410502115885416,ZMAT4,tf
ENSG00000100319,22,29668704,29865311,196608,-1,True,8,0.002593994140625,0.036992390950520836,0.011464436848958334,0.14704386393229166,0.078643798828125,0.5189717610677084,0.20428975423177084,0.002593994140625,0.036992390950520836,0.051050821940104164,0.14704386393229166,0.09268697102864583,0.20428975423177084,ZMAT5,tf
ENSG00000108175,10,78970662,79167269,196608,1,True,4,0.0,0.0064544677734375,0.0,0.4937337239583333,0.032979329427083336,0.4648081461588542,0.0020243326822916665,0.0,0.0064544677734375,0.0064544677734375,0.4937337239583333,0.03729248046875,0.0020243326822916665,ZMIZ1,tf
ENSG00000122515,7,44650543,44847150,196608,1,True,6,0.014444986979166666,0.016179402669270832,0.008809407552083334,0.0701904296875,0.10098775227864583,0.4797108968098958,0.3096771240234375,0.014444986979166666,0.01788330078125,0.039433797200520836,0.0701904296875,0.10098775227864583,0.3096771240234375,ZMIZ2,tf
ENSG00000197056,1,34981081,35177688,196608,1,True,8,0.0179290771484375,0.0263824462890625,0.0008341471354166666,0.3955637613932292,0.07552083333333333,0.21727498372395834,0.2664947509765625,0.0179290771484375,0.0263824462890625,0.045145670572916664,0.3955637613932292,0.07795206705729167,0.2664947509765625,ZMYM1,tf
ENSG00000121741,13,19860423,20057030,196608,1,True,4,0.0126800537109375,0.007375081380208333,0.013580322265625,0.4666188557942708,0.024017333984375,0.013799031575520834,0.4619293212890625,0.0126800537109375,0.007375081380208333,0.033635457356770836,0.4666188557942708,0.024017333984375,0.4619293212890625,ZMYM2,tf
ENSG00000147130,X,71155837,71352444,196608,-1,True,8,0.0210113525390625,0.0143585205078125,0.002227783203125,0.042017618815104164,0.1746978759765625,0.3771107991536458,0.3685760498046875,0.0210113525390625,0.015101114908854166,0.03759765625,0.042017618815104164,0.17841593424479166,0.3685760498046875,ZMYM3,tf
ENSG00000146463,1,35170405,35367012,196608,1,True,7,0.0042724609375,0.0022481282552083335,0.0,0.4936930338541667,0.0469818115234375,0.062428792317708336,0.3903757731119792,0.0042724609375,0.0027364095052083335,0.006520589192708333,0.4936930338541667,0.057607014973958336,0.3903757731119792,ZMYM4,tf
ENSG00000132950,13,19765346,19961953,196608,-1,True,7,0.0107574462890625,0.010660807291666666,0.0012359619140625,0.18809000651041666,0.029200236002604168,0.0948638916015625,0.665191650390625,0.0107574462890625,0.011845906575520834,0.022654215494791668,0.18809000651041666,0.037206013997395836,0.665191650390625,ZMYM5,tf
ENSG00000163867,1,34933642,35130249,196608,-1,True,8,0.021001180013020832,0.021494547526041668,0.0103912353515625,0.18010457356770834,0.071807861328125,0.43121337890625,0.2639872233072917,0.021001180013020832,0.021494547526041668,0.052886962890625,0.18010457356770834,0.0836639404296875,0.2639872233072917,ZMYM6,tf
ENSG00000101040,20,47258396,47455003,196608,-1,True,9,0.008570353190104166,0.008244832356770834,0.0005645751953125,0.4882405598958333,0.031829833984375,0.2790934244791667,0.1834564208984375,0.008570353190104166,0.008550008138020834,0.0173797607421875,0.4882405598958333,0.060236612955729164,0.1834564208984375,ZMYND8,tf
ENSG00000004838,3,50247429,50444036,196608,-1,True,25,0.0073699951171875,0.0022939046223958335,0.005030314127604167,0.008819580078125,0.281890869140625,0.6416524251302084,0.052942911783854164,0.0073699951171875,0.005381266276041667,0.0146942138671875,0.008819580078125,0.28314208984375,0.052942911783854164,ZMYND10,tf
ENSG00000015171,10,37151,233758,196608,1,True,7,0.0031687418619791665,0.012481689453125,0.014058430989583334,0.497589111328125,0.029327392578125,0.18449910481770834,0.2588755289713542,0.0031687418619791665,0.014119466145833334,0.0297088623046875,0.497589111328125,0.033543904622395836,0.2588755289713542,ZMYND11,tf
ENSG00000066185,1,42357719,42554326,196608,-1,True,6,0.0055694580078125,0.003387451171875,0.00213623046875,0.12076822916666667,0.11655171712239583,0.6032257080078125,0.1483612060546875,0.0055694580078125,0.006673177083333333,0.0110931396484375,0.12076822916666667,0.11724853515625,0.1483612060546875,ZMYND12,tf
ENSG00000141497,17,4641529,4838136,196608,1,True,19,0.011444091796875,0.007985432942708334,0.001983642578125,0.014251708984375,0.16041056315104166,0.3932444254557292,0.4106801350911458,0.011444091796875,0.007985432942708334,0.021413167317708332,0.014251708984375,0.164031982421875,0.4106801350911458,ZMYND15,tf
ENSG00000165724,9,137492209,137688816,196608,-1,True,9,0.004608154296875,0.0036163330078125,0.005086263020833333,0.029576619466145832,0.09705607096354167,0.750213623046875,0.10984293619791667,0.004608154296875,0.0036163330078125,0.013310750325520834,0.029576619466145832,0.09705607096354167,0.10984293619791667,ZMYND19,tf
ENSG00000275111,2,95067505,95264112,196608,1,True,9,0.0066986083984375,0.0136260986328125,1.52587890625e-05,0.07571919759114583,0.2238311767578125,0.5124409993489584,0.16766866048177084,0.0066986083984375,0.01409912109375,0.0203399658203125,0.07571919759114583,0.22505696614583334,0.16766866048177084,ZNF2,tf
ENSG00000166526,7,99983420,100180027,196608,-1,True,27,0.007502237955729167,0.027455647786458332,0.0024515787760416665,0.05755615234375,0.2951253255208333,0.4646097819010417,0.14529927571614584,0.007502237955729167,0.028004964192708332,0.037409464518229164,0.05755615234375,0.3002726236979167,0.14529927571614584,ZNF3,tf
ENSG00000147789,8,144729256,144925863,196608,1,True,14,0.012929280598958334,0.0225067138671875,0.022333780924479168,0.047088623046875,0.18393452962239584,0.3834075927734375,0.3277994791666667,0.012929280598958334,0.030736287434895832,0.057769775390625,0.047088623046875,0.18914286295572916,0.3277994791666667,ZNF7,tf
ENSG00000278129,19,58180651,58377258,196608,1,True,24,0.0089111328125,0.037546793619791664,1.52587890625e-05,0.07476806640625,0.2767079671223958,0.5228780110677084,0.07917277018229167,0.0089111328125,0.037546793619791664,0.046473185221354164,0.07476806640625,0.2981669108072917,0.07917277018229167,ZNF8,tf
ENSG00000256223,12,133032323,133228930,196608,1,True,14,0.0087432861328125,0.037424723307291664,0.0005442301432291666,0.10138448079427083,0.2706451416015625,0.4842885335286458,0.0969696044921875,0.0087432861328125,0.037424723307291664,0.046712239583333336,0.10138448079427083,0.2733561197916667,0.0969696044921875,ZNF10,tf
ENSG00000164631,7,6608644,6805251,196608,-1,True,11,0.0106353759765625,0.0156402587890625,0.0007883707682291666,0.067108154296875,0.160919189453125,0.6151377360026041,0.12977091471354166,0.0106353759765625,0.01611328125,0.027064005533854168,0.067108154296875,0.160919189453125,0.12977091471354166,ZNF12,tf
ENSG00000105708,19,19634809,19831416,196608,-1,True,15,0.009796142578125,0.005259195963541667,1.52587890625e-05,0.10008748372395833,0.2529042561848958,0.4525502522786458,0.17938741048177084,0.009796142578125,0.005259195963541667,0.015070597330729166,0.10008748372395833,0.2529042561848958,0.17938741048177084,ZNF14,tf
ENSG00000170631,8,144852577,145049184,196608,-1,True,10,0.010406494140625,0.010772705078125,0.012359619140625,0.07088724772135417,0.152801513671875,0.3868001302083333,0.3559722900390625,0.010406494140625,0.010772705078125,0.033538818359375,0.07088724772135417,0.152801513671875,0.3559722900390625,ZNF16,tf
ENSG00000186272,19,57312857,57509464,196608,1,True,21,0.0109100341796875,0.007471720377604167,0.0029652913411458335,0.035680135091145836,0.257843017578125,0.5039113362630209,0.18121846516927084,0.0109100341796875,0.008595784505208334,0.0213470458984375,0.035680135091145836,0.261993408203125,0.18121846516927084,ZNF17,tf
ENSG00000154957,17,11899172,12095779,196608,-1,True,9,0.0083770751953125,0.006749471028645833,1.52587890625e-05,0.08677164713541667,0.035725911458333336,0.86181640625,0.0005442301432291666,0.0083770751953125,0.006749471028645833,0.015141805013020834,0.08677164713541667,0.036519368489583336,0.0005442301432291666,ZNF18,tf
ENSG00000157429,16,71391021,71587628,196608,-1,True,13,0.007776896158854167,0.033498128255208336,0.009496053059895834,0.462677001953125,0.09630330403645833,0.3002421061197917,0.09000651041666667,0.007776896158854167,0.040486653645833336,0.050771077473958336,0.462677001953125,0.1439361572265625,0.09000651041666667,ZNF19,tf
ENSG00000132010,19,12042047,12238654,196608,-1,True,21,0.00927734375,0.007171630859375,0.004384358723958333,0.22083028157552084,0.14133199055989584,0.5588633219401041,0.058141072591145836,0.00927734375,0.00921630859375,0.020833333333333332,0.22083028157552084,0.18560791015625,0.058141072591145836,ZNF20,tf
ENSG00000165512,10,44902619,45099226,196608,1,True,12,0.00341796875,0.009038289388020834,1.52587890625e-05,0.013147989908854166,0.14880879720052084,0.8163909912109375,0.009180704752604166,0.00341796875,0.009038289388020834,0.012471516927083334,0.013147989908854166,0.160858154296875,0.009180704752604166,ZNF22,tf
ENSG00000167377,16,71363944,71560551,196608,-1,True,11,0.011011759440104166,0.015177408854166666,0.013432820638020834,0.039210001627604164,0.1107177734375,0.768463134765625,0.041987101236979164,0.011011759440104166,0.025472005208333332,0.039621988932291664,0.039210001627604164,0.12888590494791666,0.041987101236979164,ZNF23,tf
ENSG00000172466,18,35246117,35442724,196608,-1,True,13,0.005671183268229167,0.052851359049479164,1.52587890625e-05,0.0089874267578125,0.22039286295572916,0.3277333577473958,0.3843485514322917,0.005671183268229167,0.055577596028645836,0.058537801106770836,0.0089874267578125,0.223846435546875,0.3843485514322917,ZNF24,tf
ENSG00000175395,10,37878344,38074951,196608,-1,True,8,0.0071258544921875,0.0380401611328125,0.00054931640625,0.0919952392578125,0.07125345865885417,0.364044189453125,0.4269917805989583,0.0071258544921875,0.0380401611328125,0.04571533203125,0.0919952392578125,0.07125345865885417,0.4269917805989583,ZNF25,tf
ENSG00000198393,12,132888063,133084670,196608,1,True,14,0.0095062255859375,0.0818634033203125,0.0156097412109375,0.12997945149739584,0.1774139404296875,0.490478515625,0.09514872233072917,0.0095062255859375,0.0818634033203125,0.1069793701171875,0.12997945149739584,0.18024698893229166,0.09514872233072917,ZNF26,tf
ENSG00000198538,19,52723330,52919937,196608,-1,True,10,0.011555989583333334,0.017425537109375,0.0014088948567708333,0.2757670084635417,0.176971435546875,0.3936106363932292,0.123260498046875,0.011555989583333334,0.0196380615234375,0.030390421549479168,0.2757670084635417,0.20807393391927084,0.123260498046875,ZNF28,tf
ENSG00000168661,19,34828599,35025206,196608,1,True,14,0.009531656901041666,0.017664591471354168,8.646647135416667e-05,0.06572469075520833,0.179656982421875,0.4530080159505208,0.2743275960286458,0.009531656901041666,0.025868733723958332,0.02728271484375,0.06572469075520833,0.179656982421875,0.2743275960286458,ZNF30,tf
ENSG00000169740,10,43550578,43747185,196608,-1,True,12,0.0041656494140625,0.016510009765625,0.0005544026692708334,0.0067901611328125,0.11487833658854167,0.4539438883463542,0.4031575520833333,0.0041656494140625,0.016510009765625,0.021230061848958332,0.0067901611328125,0.12514750162760416,0.4031575520833333,ZNF32,tf
ENSG00000189180,10,37912371,38108978,196608,1,True,11,0.0129852294921875,0.031366984049479164,0.0016632080078125,0.2326812744140625,0.0796661376953125,0.3332061767578125,0.3084309895833333,0.0129852294921875,0.033228556315104164,0.046015421549479164,0.2326812744140625,0.083892822265625,0.3084309895833333,ZNF33A,tf
ENSG00000196693,10,42540267,42736874,196608,-1,True,14,0.012639363606770834,0.029022216796875,0.006744384765625,0.2793324788411458,0.0819091796875,0.436126708984375,0.15422566731770834,0.012639363606770834,0.0291748046875,0.048405965169270836,0.2793324788411458,0.0880889892578125,0.15422566731770834,ZNF33B,tf
ENSG00000196378,8,144689014,144885621,196608,-1,True,18,0.0082244873046875,0.023534138997395832,0.0014088948567708333,0.050557454427083336,0.24573262532552084,0.4630126953125,0.20752970377604166,0.0082244873046875,0.023534138997395832,0.033167521158854164,0.050557454427083336,0.24721272786458334,0.20752970377604166,ZNF34,tf
ENSG00000169981,3,44550428,44747035,196608,1,True,11,0.0080413818359375,0.014246622721354166,0.0,0.039052327473958336,0.22207132975260416,0.5716654459635416,0.14492289225260416,0.0080413818359375,0.019963582356770832,0.022288004557291668,0.039052327473958336,0.22365824381510416,0.14492289225260416,ZNF35,tf
ENSG00000075407,10,37996033,38192640,196608,1,True,13,0.008997599283854166,0.0595855712890625,0.0020802815755208335,0.2140655517578125,0.076934814453125,0.519439697265625,0.118896484375,0.008997599283854166,0.0595855712890625,0.0706634521484375,0.2140655517578125,0.11719258626302083,0.118896484375,ZNF37A,tf
ENSG00000147124,X,47384919,47581526,196608,-1,True,13,0.0125274658203125,0.0279083251953125,1.52587890625e-05,0.15564982096354166,0.0860595703125,0.2930196126302083,0.4248199462890625,0.0125274658203125,0.027959187825520832,0.0404510498046875,0.15564982096354166,0.08774312337239583,0.4248199462890625,ZNF41,tf
ENSG00000198521,19,21737879,21934486,196608,-1,True,13,0.013041178385416666,0.020807902018229168,0.010386149088541666,0.19573465983072916,0.043935139973958336,0.5256500244140625,0.1904449462890625,0.013041178385416666,0.021382649739583332,0.0442352294921875,0.19573465983072916,0.047429402669270836,0.1904449462890625,ZNF43,tf
ENSG00000197857,19,12196580,12393187,196608,-1,True,12,0.017145792643229168,0.033833821614583336,0.00225830078125,0.3038075764973958,0.086029052734375,0.3129069010416667,0.2440185546875,0.017145792643229168,0.041361490885416664,0.0532379150390625,0.3038075764973958,0.10588582356770833,0.2440185546875,ZNF44,tf
ENSG00000124459,19,43836979,44033586,196608,-1,True,15,0.010406494140625,0.044703165690104164,1.52587890625e-05,0.07080078125,0.18997701009114584,0.5012613932291666,0.18283589680989584,0.010406494140625,0.045176188151041664,0.055124918619791664,0.07080078125,0.2071075439453125,0.18283589680989584,ZNF45,tf
ENSG00000180035,16,30297116,30493723,196608,1,True,20,0.009429931640625,0.00750732421875,0.00201416015625,0.09296162923177083,0.1749114990234375,0.4370930989583333,0.2760823567708333,0.009429931640625,0.008982340494791666,0.018951416015625,0.09296162923177083,0.1963653564453125,0.2760823567708333,ZNF48,tf
ENSG00000171970,19,2802624,2999231,196608,1,True,15,0.0084686279296875,0.006103515625,1.52587890625e-05,0.0779266357421875,0.19778951009114584,0.3534901936848958,0.3562062581380208,0.0084686279296875,0.0065765380859375,0.01458740234375,0.0779266357421875,0.21178690592447916,0.3562062581380208,ZNF57,tf
ENSG00000160229,19,20678000,20874607,196608,1,True,8,0.010935465494791666,0.019780476888020832,4.57763671875e-05,0.14246622721354166,0.06395467122395833,0.178070068359375,0.584747314453125,0.010935465494791666,0.020273844401041668,0.03076171875,0.14246622721354166,0.0667877197265625,0.584747314453125,ZNF66,tf
ENSG00000198429,19,11789478,11986085,196608,1,True,12,0.0086822509765625,0.027043660481770832,2.5431315104166668e-05,0.09927876790364583,0.14812215169270834,0.4984842936197917,0.21836344401041666,0.0086822509765625,0.027043660481770832,0.0357513427734375,0.09927876790364583,0.14812215169270834,0.21836344401041666,ZNF69,tf
ENSG00000187792,22,23652809,23849416,196608,-1,True,13,0.006805419921875,0.032765706380208336,1.52587890625e-05,0.026784261067708332,0.2288055419921875,0.4984842936197917,0.20633951822916666,0.006805419921875,0.032765706380208336,0.039586385091145836,0.026784261067708332,0.2288055419921875,0.20633951822916666,ZNF70,tf
ENSG00000197951,19,56496998,56693605,196608,1,True,14,0.008611043294270834,0.026270548502604168,0.0029754638671875,0.12092081705729167,0.23582967122395834,0.5480804443359375,0.05731201171875,0.008611043294270834,0.0266876220703125,0.0378570556640625,0.12092081705729167,0.23755391438802084,0.05731201171875,ZNF71,tf
ENSG00000185252,22,20295847,20492454,196608,1,True,19,0.011377970377604166,0.009999593098958334,0.010996500651041666,0.040598551432291664,0.13801066080729166,0.5338948567708334,0.2551218668619792,0.011377970377604166,0.01947021484375,0.032374064127604164,0.040598551432291664,0.13801066080729166,0.2551218668619792,ZNF74,tf
ENSG00000162086,16,3207193,3403800,196608,1,True,17,0.008453369140625,0.0096588134765625,0.022898356119791668,0.027384440104166668,0.22545878092447916,0.4261372884114583,0.2800089518229167,0.008453369140625,0.015116373697916666,0.041010538736979164,0.027384440104166668,0.23128255208333334,0.2800089518229167,ZNF75A,tf
ENSG00000186376,X,135245806,135442413,196608,-1,True,14,0.007781982421875,0.032903035481770836,0.0079345703125,0.4372406005859375,0.09625752766927083,0.19484965006510416,0.22303263346354166,0.007781982421875,0.032903035481770836,0.048619588216145836,0.4372406005859375,0.12473551432291667,0.22303263346354166,ZNF75D,tf
ENSG00000065029,6,35161431,35358038,196608,1,True,7,0.0095062255859375,0.016255696614583332,0.008885701497395834,0.15393575032552084,0.11622111002604167,0.4256744384765625,0.2695210774739583,0.0095062255859375,0.023234049479166668,0.034647623697916664,0.15393575032552084,0.12073262532552083,0.2695210774739583,ZNF76,tf
ENSG00000175691,19,2846668,3043275,196608,-1,True,12,0.0083160400390625,0.002044677734375,0.0020345052083333335,0.047388712565104164,0.15897115071614584,0.4695994059244792,0.3116455078125,0.0083160400390625,0.002044677734375,0.012395222981770834,0.047388712565104164,0.15897115071614584,0.3116455078125,ZNF77,tf
ENSG00000196152,9,127326078,127522685,196608,1,True,8,0.009043375651041666,0.009760538736979166,1.52587890625e-05,0.11014302571614583,0.14990743001302084,0.6128794352213541,0.10825093587239583,0.009043375651041666,0.012115478515625,0.018819173177083332,0.11014302571614583,0.1560516357421875,0.10825093587239583,ZNF79,tf
ENSG00000174255,3,114139275,114335882,196608,-1,True,7,0.0041656494140625,0.010813395182291666,1.52587890625e-05,0.0,0.1695404052734375,0.5598856608072916,0.2555796305338542,0.0041656494140625,0.010813395182291666,0.014994303385416666,0.0,0.17754618326822916,0.2555796305338542,ZNF80,tf
ENSG00000197779,X,47738598,47935205,196608,1,True,5,0.010218302408854166,0.055018107096354164,0.0016886393229166667,0.4352671305338542,0.0194854736328125,0.08566792805989583,0.3926544189453125,0.010218302408854166,0.055018107096354164,0.066925048828125,0.4352671305338542,0.023249308268229168,0.3926544189453125,ZNF81,tf
ENSG00000167766,19,52540052,52736659,196608,-1,True,12,0.00787353515625,0.020924886067708332,0.0041961669921875,0.09941609700520833,0.18622334798177084,0.6286112467447916,0.052754720052083336,0.00787353515625,0.020924886067708332,0.032994588216145836,0.09941609700520833,0.2047882080078125,0.052754720052083336,ZNF83,tf
ENSG00000198040,12,132939205,133135812,196608,1,True,16,0.012349446614583334,0.0381317138671875,0.0051422119140625,0.07683817545572917,0.2641499837239583,0.5079396565755209,0.09544881184895833,0.012349446614583334,0.0393829345703125,0.055623372395833336,0.07683817545572917,0.2641499837239583,0.09544881184895833,ZNF84,tf
ENSG00000105750,19,20824947,21021554,196608,1,True,7,0.011067708333333334,0.00872802734375,0.003946940104166667,0.11600748697916667,0.024693806966145832,0.4943745930989583,0.3411814371744792,0.011067708333333334,0.010589599609375,0.02374267578125,0.11600748697916667,0.034550984700520836,0.3411814371744792,ZNF85,tf
ENSG00000213988,19,19979696,20176303,196608,1,True,14,0.009740193684895834,0.017888387044270832,0.0033365885416666665,0.21868387858072916,0.08081563313802083,0.444122314453125,0.22541300455729166,0.009740193684895834,0.019231160481770832,0.030965169270833332,0.21868387858072916,0.10455830891927083,0.22541300455729166,ZNF90,tf
ENSG00000167232,19,23297168,23493775,196608,-1,True,9,0.0188140869140625,0.010396321614583334,0.0234375,0.40771484375,0.038716634114583336,0.18477884928385416,0.3161417643229167,0.0188140869140625,0.010772705078125,0.052647908528645836,0.40771484375,0.073211669921875,0.3161417643229167,ZNF91,tf
ENSG00000146757,7,65275551,65472158,196608,1,True,6,0.008941650390625,0.007425944010416667,0.0015004475911458333,0.12118021647135417,0.033274332682291664,0.4564921061197917,0.371185302734375,0.008941650390625,0.007843017578125,0.0178680419921875,0.12118021647135417,0.033274332682291664,0.371185302734375,ZNF92,tf
ENSG00000184635,19,19802642,19999249,196608,1,True,11,0.010986328125,0.0097808837890625,0.007609049479166667,0.2897796630859375,0.09210713704427083,0.4003397623697917,0.18939717610677084,0.010986328125,0.010584513346354166,0.028376261393229168,0.2897796630859375,0.09493001302083333,0.18939717610677084,ZNF93,tf
ENSG00000197360,19,22324043,22520650,196608,-1,True,10,0.010126749674479166,0.004079182942708333,0.0017852783203125,0.6433512369791666,0.004781087239583333,0.0688629150390625,0.2670135498046875,0.010126749674479166,0.004552205403645833,0.0159912109375,0.6433512369791666,0.0377349853515625,0.2670135498046875,ZNF98,tf
ENSG00000213973,19,22685848,22882455,196608,-1,True,13,0.01318359375,0.026784261067708332,1.52587890625e-05,0.12261962890625,0.0351104736328125,0.3710581461588542,0.4312286376953125,0.01318359375,0.026784261067708332,0.039983113606770836,0.12261962890625,0.040578206380208336,0.4312286376953125,ZNF99,tf
ENSG00000197020,19,21669276,21865883,196608,-1,True,11,0.009012858072916666,0.022471110026041668,0.001953125,0.19456990559895834,0.0675048828125,0.3543294270833333,0.35015869140625,0.009012858072916666,0.022944132486979168,0.033437093098958336,0.19456990559895834,0.08119710286458333,0.35015869140625,ZNF100,tf
ENSG00000181896,19,19570535,19767142,196608,1,True,16,0.00665283203125,0.017918904622395832,0.008794148763020834,0.041473388671875,0.15522257486979166,0.5706990559895834,0.19923909505208334,0.00665283203125,0.023223876953125,0.033365885416666664,0.041473388671875,0.15522257486979166,0.19923909505208334,ZNF101,tf
ENSG00000103994,15,42392838,42589445,196608,-1,True,14,0.029576619466145832,0.027399698893229168,0.005208333333333333,0.3361663818359375,0.1687164306640625,0.4214121500651042,0.0115203857421875,0.029576619466145832,0.029744466145833332,0.062184651692708336,0.3361663818359375,0.17239888509114584,0.0115203857421875,ZNF106,tf
ENSG00000196247,7,64567829,64764436,196608,1,True,9,0.013824462890625,0.019556681315104168,0.024164835611979168,0.17377217610677084,0.056279500325520836,0.2807159423828125,0.4316864013671875,0.013824462890625,0.033381144205729164,0.057545979817708336,0.17377217610677084,0.059717814127604164,0.4316864013671875,ZNF107,tf
ENSG00000062370,19,44258377,44454984,196608,-1,True,10,0.014190673828125,0.005391438802083333,1.52587890625e-05,0.187225341796875,0.12252298990885417,0.5286763509114584,0.14197794596354166,0.014190673828125,0.007334391276041667,0.019597371419270832,0.187225341796875,0.12487284342447917,0.14197794596354166,ZNF112,tf
ENSG00000178150,19,48171777,48368384,196608,1,True,10,0.0070648193359375,0.009165445963541666,0.0010782877604166667,0.07273356119791667,0.177398681640625,0.6742960611979166,0.058263142903645836,0.0070648193359375,0.009165445963541666,0.017308553059895832,0.07273356119791667,0.18532816569010416,0.058263142903645836,ZNF114,tf
ENSG00000152926,7,64892733,65089340,196608,-1,True,16,0.0073699951171875,0.076904296875,0.0074615478515625,0.09149678548177083,0.11685689290364583,0.3881683349609375,0.3117421468098958,0.0073699951171875,0.076904296875,0.09173583984375,0.09149678548177083,0.16396586100260416,0.3117421468098958,ZNF117,tf
ENSG00000197961,19,9486201,9682808,196608,-1,True,10,0.0059661865234375,0.030873616536458332,1.52587890625e-05,0.08611043294270833,0.21529134114583334,0.3993988037109375,0.2623443603515625,0.0059661865234375,0.030888875325520832,0.036855061848958336,0.08611043294270833,0.21529134114583334,0.2623443603515625,ZNF121,tf
ENSG00000196418,1,247073717,247270324,196608,-1,True,21,0.005427042643229167,0.021565755208333332,0.00079345703125,0.22689310709635416,0.127777099609375,0.316497802734375,0.3010457356770833,0.005427042643229167,0.021565755208333332,0.0277862548828125,0.22689310709635416,0.12887064615885416,0.3010457356770833,ZNF124,tf
ENSG00000172262,5,43022610,43219217,196608,1,True,11,0.0113677978515625,0.018951416015625,0.0182647705078125,0.596588134765625,0.0807647705078125,0.2738138834635417,0.0002492268880208333,0.0113677978515625,0.026677449544270832,0.048583984375,0.596588134765625,0.0906982421875,0.0002492268880208333,ZNF131,tf
ENSG00000131849,19,58341850,58538457,196608,-1,True,33,0.0108795166015625,0.004277547200520833,0.0035654703776041665,0.018610636393229168,0.3745320638020833,0.4813639322916667,0.10677083333333333,0.0108795166015625,0.004277547200520833,0.0187225341796875,0.018610636393229168,0.3745320638020833,0.10677083333333333,ZNF132,tf
ENSG00000125846,20,18190223,18386830,196608,1,True,10,0.010813395182291666,0.019139607747395832,0.0108795166015625,0.10530598958333333,0.0576171875,0.3521881103515625,0.4440561930338542,0.010813395182291666,0.0286407470703125,0.04083251953125,0.10530598958333333,0.06532796223958333,0.4440561930338542,ZNF133,tf
ENSG00000213762,19,57515938,57712545,196608,1,True,18,0.007013956705729167,0.0196533203125,5.5948893229166664e-05,0.026641845703125,0.2839152018229167,0.4798533121744792,0.18286641438802084,0.007013956705729167,0.0196533203125,0.026723225911458332,0.026641845703125,0.2839152018229167,0.18286641438802084,ZNF134,tf
ENSG00000176293,19,57960978,58157585,196608,1,True,17,0.010874430338541666,0.023707071940104168,3.0517578125e-05,0.10308329264322917,0.2120513916015625,0.5542093912760416,0.09604390462239583,0.010874430338541666,0.024688720703125,0.034612019856770836,0.10308329264322917,0.2262725830078125,0.09604390462239583,ZNF135,tf
ENSG00000196646,19,12064792,12261399,196608,1,True,19,0.00823974609375,0.013153076171875,0.006978352864583333,0.10798136393229167,0.17901102701822916,0.626495361328125,0.058141072591145836,0.00823974609375,0.013987223307291666,0.028371175130208332,0.10798136393229167,0.17901102701822916,0.058141072591145836,ZNF136,tf
ENSG00000197008,7,64696124,64892731,196608,1,True,11,0.005584716796875,0.0089111328125,0.0,0.18536376953125,0.0853271484375,0.16322835286458334,0.5515848795572916,0.005584716796875,0.012929280598958334,0.014495849609375,0.18536376953125,0.0895538330078125,0.5515848795572916,ZNF138,tf
ENSG00000196387,12,132982619,133179226,196608,1,True,13,0.008183797200520834,0.019109090169270832,0.0004831949869791667,0.11257425944010417,0.3136952718098958,0.4508107503255208,0.09514363606770833,0.008183797200520834,0.025975545247395832,0.027776082356770832,0.11257425944010417,0.329986572265625,0.09514363606770833,ZNF140,tf
ENSG00000131127,4,239510,436117,196608,1,True,16,0.008494059244791666,0.056340535481770836,0.0017598470052083333,0.17281087239583334,0.0649566650390625,0.6078389485677084,0.087799072265625,0.008494059244791666,0.056915283203125,0.06659444173177083,0.17281087239583334,0.06864420572916667,0.087799072265625,ZNF141,tf
ENSG00000115568,2,218561320,218757927,196608,-1,True,8,0.0287933349609375,0.030003865559895832,0.0,0.07510884602864583,0.1510009765625,0.6041107177734375,0.11098225911458333,0.0287933349609375,0.0548553466796875,0.058797200520833336,0.07510884602864583,0.16383870442708334,0.11098225911458333,ZNF142,tf
ENSG00000166478,11,9362708,9559315,196608,1,True,6,0.011271158854166666,0.0158233642578125,0.0011189778645833333,0.3211313883463542,0.054494222005208336,0.2825419108072917,0.3136189778645833,0.011271158854166666,0.01690673828125,0.0282135009765625,0.3211313883463542,0.056447347005208336,0.3136189778645833,ZNF143,tf
ENSG00000167635,19,36116802,36313409,196608,1,True,12,0.00445556640625,0.035273234049479164,0.0014851888020833333,0.08173624674479167,0.1093597412109375,0.6679840087890625,0.09970601399739583,0.00445556640625,0.035273234049479164,0.0412139892578125,0.08173624674479167,0.11258951822916667,0.09970601399739583,ZNF146,tf
ENSG00000163848,3,125277022,125473629,196608,-1,True,8,0.004023234049479167,0.010884602864583334,0.0016733805338541667,0.4860483805338542,0.023885091145833332,0.23450215657552084,0.238983154296875,0.004023234049479167,0.010920206705729166,0.016581217447916668,0.4860483805338542,0.032404581705729164,0.238983154296875,ZNF148,tf
ENSG00000179909,19,57610901,57807508,196608,-1,True,14,0.0066680908203125,0.028447469075520832,1.52587890625e-05,0.030634562174479168,0.17041015625,0.606689453125,0.157135009765625,0.0066680908203125,0.028447469075520832,0.035130818684895836,0.030634562174479168,0.17041015625,0.157135009765625,ZNF154,tf
ENSG00000204920,19,43885884,44082491,196608,1,True,16,0.008453369140625,0.015741984049479168,0.0021006266276041665,0.12865702311197916,0.2282867431640625,0.53741455078125,0.079345703125,0.008453369140625,0.015818277994791668,0.026295979817708332,0.12865702311197916,0.24025472005208334,0.079345703125,ZNF155,tf
ENSG00000147117,X,47272274,47468881,196608,1,True,9,0.007720947265625,0.005060831705729167,1.52587890625e-05,0.21059672037760416,0.052454630533854164,0.11304219563802083,0.6111094156901041,0.007720947265625,0.005060831705729167,0.012797037760416666,0.21059672037760416,0.058222452799479164,0.6111094156901041,ZNF157,tf
ENSG00000170949,19,53005119,53201726,196608,-1,True,13,0.013346354166666666,0.029622395833333332,0.012095133463541666,0.14101664225260416,0.20278422037760416,0.5591990152994791,0.041936238606770836,0.013346354166666666,0.030095418294270832,0.055063883463541664,0.14101664225260416,0.20633951822916666,0.041936238606770836,ZNF160,tf
ENSG00000197279,6,27982264,28178871,196608,1,True,17,0.0074005126953125,0.00537109375,1.52587890625e-05,0.032969156901041664,0.19205220540364584,0.5698903401692709,0.19230143229166666,0.0074005126953125,0.00537109375,0.012786865234375,0.032969156901041664,0.19818623860677084,0.19230143229166666,ZNF165,tf
ENSG00000175787,9,94160994,94357601,196608,1,True,13,0.011250813802083334,0.030248006184895832,0.000823974609375,0.18488057454427084,0.0792694091796875,0.5933837890625,0.1001434326171875,0.011250813802083334,0.038553873697916664,0.042322794596354164,0.18488057454427084,0.08486429850260417,0.1001434326171875,ZNF169,tf
ENSG00000103343,16,3302911,3499518,196608,1,True,16,0.007222493489583333,0.0074462890625,3.0517578125e-05,0.026753743489583332,0.18076578776041666,0.5535074869791666,0.224273681640625,0.007222493489583333,0.007837931315104166,0.014699300130208334,0.026753743489583332,0.1819000244140625,0.224273681640625,ZNF174,tf
ENSG00000105497,19,51472979,51669586,196608,1,True,20,0.011525472005208334,0.0260162353515625,0.00016276041666666666,0.0702667236328125,0.1389617919921875,0.3401031494140625,0.4129638671875,0.011525472005208334,0.026224772135416668,0.0377044677734375,0.0702667236328125,0.14275614420572916,0.4129638671875,ZNF175,tf
ENSG00000188629,19,9264709,9461316,196608,1,True,13,0.0075531005859375,0.022816975911458332,1.52587890625e-05,0.06933085123697917,0.165069580078125,0.541900634765625,0.1933135986328125,0.0075531005859375,0.023030598958333332,0.030385335286458332,0.06933085123697917,0.18124898274739584,0.1933135986328125,ZNF177,tf
ENSG00000167384,19,44402219,44598826,196608,-1,True,9,0.011088053385416666,0.044306437174479164,0.0010121663411458333,0.09406534830729167,0.06322224934895833,0.6483866373697916,0.13791910807291666,0.011088053385416666,0.054631551106770836,0.056406656901041664,0.09406534830729167,0.0714874267578125,0.13791910807291666,ZNF180,tf
ENSG00000197841,19,34635939,34832546,196608,1,True,15,0.0093841552734375,0.021219889322916668,0.0013071695963541667,0.025217692057291668,0.12569681803385416,0.4427998860677083,0.3743743896484375,0.0093841552734375,0.021219889322916668,0.031911214192708336,0.025217692057291668,0.12769571940104166,0.3743743896484375,ZNF181,tf
ENSG00000147118,X,47905686,48102293,196608,-1,True,6,0.00982666015625,0.015329996744791666,1.52587890625e-05,0.125,0.09592183430989583,0.6340230305989584,0.11988321940104167,0.00982666015625,0.015406290690104166,0.025171915690104168,0.125,0.09787495930989583,0.11988321940104167,ZNF182,tf
ENSG00000096654,6,27374802,27571409,196608,-1,True,13,0.0114593505859375,0.0071563720703125,1.52587890625e-05,0.09529622395833333,0.09210205078125,0.3752848307291667,0.4186859130859375,0.0114593505859375,0.0071563720703125,0.0186309814453125,0.09529622395833333,0.10019429524739583,0.4186859130859375,ZNF184,tf
ENSG00000136870,9,101300547,101497154,196608,1,True,14,0.010167439778645834,0.007405598958333333,0.0,0.0424957275390625,0.18787129720052084,0.5140380859375,0.2380218505859375,0.010167439778645834,0.016474405924479168,0.017573038736979168,0.0424957275390625,0.18787129720052084,0.2380218505859375,ZNF189,tf
ENSG00000005801,11,3280843,3477450,196608,-1,True,14,0.012964884440104166,0.012420654296875,0.034332275390625,0.1435394287109375,0.1217498779296875,0.6746571858723959,0.000335693359375,0.012964884440104166,0.0177001953125,0.059717814127604164,0.1435394287109375,0.12644449869791666,0.000335693359375,ZNF195,tf
ENSG00000186448,3,44526732,44723339,196608,1,True,10,0.016520182291666668,0.024180094401041668,3.0517578125e-05,0.2826741536458333,0.128082275390625,0.3186187744140625,0.22989400227864584,0.016520182291666668,0.026270548502604168,0.040730794270833336,0.2826741536458333,0.17997233072916666,0.22989400227864584,ZNF197,tf
ENSG00000010539,16,3136855,3333462,196608,-1,True,19,0.006622314453125,0.014653523763020834,0.017481486002604168,0.031931559244791664,0.2621256510416667,0.3862406412760417,0.28094482421875,0.006622314453125,0.014653523763020834,0.03875732421875,0.031931559244791664,0.2631988525390625,0.28094482421875,ZNF200,tf
ENSG00000166261,11,123643357,123839964,196608,-1,True,8,0.0108795166015625,0.032745361328125,0.0014750162760416667,0.049504597981770836,0.040629069010416664,0.3318379720052083,0.532928466796875,0.0108795166015625,0.032745361328125,0.045099894205729164,0.049504597981770836,0.041417439778645836,0.532928466796875,ZNF202,tf
ENSG00000122386,16,3014282,3210889,196608,1,True,24,0.008453369140625,0.0055084228515625,1.52587890625e-05,0.026601155598958332,0.3433176676432292,0.4253489176432292,0.19075520833333334,0.008453369140625,0.0055084228515625,0.01397705078125,0.026601155598958332,0.3623097737630208,0.19075520833333334,ZNF205,tf
ENSG00000010244,17,32251853,32448460,196608,1,True,16,0.008076985677083334,0.0648193359375,0.007853190104166666,0.080810546875,0.1021270751953125,0.5057169596354166,0.23059590657552084,0.008076985677083334,0.0659027099609375,0.08074951171875,0.080810546875,0.10490926106770833,0.23059590657552084,ZNF207,tf
ENSG00000160321,19,21912640,22109247,196608,-1,True,10,0.020772298177083332,0.039728800455729164,6.103515625e-05,0.3361256917317708,0.0673675537109375,0.4506022135416667,0.0853424072265625,0.020772298177083332,0.040334065755208336,0.0605621337890625,0.3361256917317708,0.09142049153645833,0.0853424072265625,ZNF208,tf
ENSG00000121417,19,57534864,57731471,196608,1,True,17,0.011388142903645834,0.011021931966145834,0.001739501953125,0.045277913411458336,0.2909596761067708,0.5021158854166666,0.1374969482421875,0.011388142903645834,0.020284016927083332,0.024149576822916668,0.045277913411458336,0.2909596761067708,0.1374969482421875,ZNF211,tf
ENSG00000170260,7,149141347,149337954,196608,1,True,12,0.008794148763020834,0.009124755859375,3.0517578125e-05,0.0649871826171875,0.12121073404947917,0.494140625,0.3017120361328125,0.008794148763020834,0.013463338216145834,0.017949422200520832,0.0649871826171875,0.12121073404947917,0.3017120361328125,ZNF212,tf
ENSG00000085644,16,3036725,3233332,196608,1,True,21,0.0071868896484375,0.0122222900390625,0.013356526692708334,0.033498128255208336,0.2857462565104167,0.4590352376302083,0.18895467122395834,0.0071868896484375,0.0171966552734375,0.032765706380208336,0.033498128255208336,0.3033854166666667,0.18895467122395834,ZNF213,tf
ENSG00000149050,11,6922043,7118650,196608,-1,True,4,0.009246826171875,0.021128336588541668,0.0010579427083333333,0.0890350341796875,0.061375935872395836,0.5915629069010416,0.226593017578125,0.009246826171875,0.021128336588541668,0.03143310546875,0.0890350341796875,0.0659332275390625,0.226593017578125,ZNF214,tf
ENSG00000149054,11,6828122,7024729,196608,1,True,9,0.008448282877604166,0.023081461588541668,3.0517578125e-05,0.3480377197265625,0.07050577799479167,0.5493570963541666,0.0005391438802083334,0.008448282877604166,0.023722330729166668,0.031560262044270836,0.3480377197265625,0.095123291015625,0.0005391438802083334,ZNF215,tf
ENSG00000171940,20,53495536,53692143,196608,-1,True,8,0.016733805338541668,0.0134735107421875,0.0012003580729166667,0.18647257486979166,0.0186767578125,0.5175526936848959,0.24589029947916666,0.016733805338541668,0.014216105143229166,0.031407674153645836,0.18647257486979166,0.0305328369140625,0.24589029947916666,ZNF217,tf
ENSG00000165804,14,21000352,21196959,196608,-1,True,19,0.011789957682291666,0.0167694091796875,0.011159261067708334,0.0348968505859375,0.19652303059895834,0.37481689453125,0.3540445963541667,0.011789957682291666,0.018096923828125,0.0397186279296875,0.0348968505859375,0.21453348795572916,0.3540445963541667,ZNF219,tf
ENSG00000159905,19,43852924,44049531,196608,1,True,14,0.0094146728515625,0.004486083984375,1.52587890625e-05,0.070037841796875,0.21129862467447916,0.526519775390625,0.17822774251302084,0.0094146728515625,0.004486083984375,0.013916015625,0.070037841796875,0.21129862467447916,0.17822774251302084,ZNF221,tf
ENSG00000159885,19,43927075,44123682,196608,1,True,17,0.007609049479166667,0.0025787353515625,0.0005849202473958334,0.029337565104166668,0.24953715006510416,0.6070404052734375,0.10331217447916667,0.007609049479166667,0.0027923583984375,0.010772705078125,0.029337565104166668,0.2512919108072917,0.10331217447916667,ZNF222,tf
ENSG00000178386,19,43953732,44150339,196608,1,True,17,0.007726033528645833,0.0217742919921875,0.00225830078125,0.0528411865234375,0.23715718587239584,0.6249237060546875,0.053319295247395836,0.007726033528645833,0.023040771484375,0.031758626302083336,0.0528411865234375,0.24485270182291666,0.053319295247395836,ZNF223,tf
ENSG00000267680,19,43996057,44192664,196608,1,True,16,0.0108642578125,0.013341267903645834,0.0120697021484375,0.042872111002604164,0.2526702880859375,0.5315704345703125,0.1366119384765625,0.0108642578125,0.013341267903645834,0.036275227864583336,0.042872111002604164,0.27978515625,0.1366119384765625,ZNF224,tf
ENSG00000256294,19,44015095,44211702,196608,1,True,14,0.010965983072916666,0.018096923828125,0.0111541748046875,0.07613118489583333,0.20824686686197916,0.4634653727213542,0.21193949381510416,0.010965983072916666,0.027674357096354168,0.040217081705729164,0.07613118489583333,0.2114715576171875,0.21193949381510416,ZNF225,tf
ENSG00000167380,19,44066796,44263403,196608,1,True,14,0.012654622395833334,0.023264567057291668,0.0027923583984375,0.028981526692708332,0.215057373046875,0.5056355794270834,0.21161397298177084,0.012654622395833334,0.035090128580729164,0.0387115478515625,0.028981526692708332,0.215057373046875,0.21161397298177084,ZNF226,tf
ENSG00000131115,19,44114228,44310835,196608,1,True,10,0.012502034505208334,0.014943440755208334,0.007420857747395833,0.121307373046875,0.1714019775390625,0.4553324381510417,0.21709187825520834,0.012502034505208334,0.016031901041666668,0.0348663330078125,0.121307373046875,0.17633565266927084,0.21709187825520834,ZNF227,tf
ENSG00000278318,19,44350169,44546776,196608,-1,True,12,0.012644449869791666,0.0167236328125,0.00015767415364583334,0.12845357259114584,0.12242635091145833,0.5816752115885416,0.13791910807291666,0.012644449869791666,0.0284576416015625,0.0295257568359375,0.12845357259114584,0.128021240234375,0.13791910807291666,ZNF229,tf
ENSG00000159882,19,43904653,44101260,196608,1,True,15,0.007497151692708333,0.022176106770833332,0.0024210611979166665,0.023808797200520832,0.22548421223958334,0.6153004964192709,0.10331217447916667,0.007497151692708333,0.0286865234375,0.032094319661458336,0.023808797200520832,0.2273406982421875,0.10331217447916667,ZNF230,tf
ENSG00000167840,17,5013575,5210182,196608,-1,True,14,0.007970174153645834,0.008733113606770834,0.0003611246744791667,0.07394917805989583,0.18436177571614584,0.5825653076171875,0.142059326171875,0.007970174153645834,0.016057332356770832,0.017064412434895832,0.07394917805989583,0.20490010579427084,0.142059326171875,ZNF232,tf
ENSG00000159915,19,44161582,44358189,196608,1,True,9,0.012074788411458334,0.011540730794270834,2.0345052083333332e-05,0.0577392578125,0.13396199544270834,0.5223236083984375,0.2623392740885417,0.012074788411458334,0.021413167317708332,0.0236358642578125,0.0577392578125,0.13482666015625,0.2623392740885417,ZNF233,tf
ENSG00000263002,19,44043250,44239857,196608,1,True,12,0.011240641276041666,0.016545613606770832,3.0517578125e-05,0.06861368815104167,0.23957316080729166,0.4523824055989583,0.21161397298177084,0.011240641276041666,0.017491658528645832,0.0278167724609375,0.06861368815104167,0.24047342936197916,0.21161397298177084,ZNF234,tf
ENSG00000159917,19,44206722,44403329,196608,-1,True,10,0.01275634765625,0.010676066080729166,0.007029215494791667,0.3577117919921875,0.0736846923828125,0.4249165852864583,0.11322530110677083,0.01275634765625,0.011973063151041666,0.030461629231770832,0.3577117919921875,0.1310272216796875,0.11322530110677083,ZNF235,tf
ENSG00000130856,18,76724253,76920860,196608,1,True,9,0.018870035807291668,0.0012664794921875,0.0025533040364583335,0.4773101806640625,0.0254974365234375,0.17365010579427084,0.3008524576822917,0.018870035807291668,0.0020599365234375,0.0226898193359375,0.4773101806640625,0.043156941731770836,0.3008524576822917,ZNF236,tf
ENSG00000196793,10,43476313,43672920,196608,-1,True,10,0.006988525390625,0.042719523111979164,1.52587890625e-05,0.05255126953125,0.08945210774739583,0.3122355143229167,0.4960378011067708,0.006988525390625,0.042719523111979164,0.049723307291666664,0.05255126953125,0.08945210774739583,0.4960378011067708,ZNF239,tf
ENSG00000198105,10,37759307,37955914,196608,-1,True,8,0.0091705322265625,0.0305328369140625,4.57763671875e-05,0.3751983642578125,0.035196940104166664,0.020985921223958332,0.52886962890625,0.0091705322265625,0.030670166015625,0.0397491455078125,0.3751983642578125,0.061086018880208336,0.52886962890625,ZNF248,tf
ENSG00000196150,8,144803150,144999757,196608,-1,True,9,0.008661905924479166,0.0328521728515625,0.0012257893880208333,0.08808390299479167,0.20319620768229166,0.2859903971354167,0.3799896240234375,0.008661905924479166,0.032953898111979164,0.0427398681640625,0.08808390299479167,0.20319620768229166,0.3799896240234375,ZNF250,tf
ENSG00000198169,8,144657228,144853835,196608,-1,True,18,0.0110626220703125,0.010533650716145834,0.0060577392578125,0.15495808919270834,0.2014617919921875,0.4493204752604167,0.16660563151041666,0.0110626220703125,0.011103312174479166,0.027654012044270832,0.15495808919270834,0.205322265625,0.16660563151041666,ZNF251,tf
ENSG00000256771,19,19767578,19964185,196608,1,True,13,0.0076141357421875,0.0103912353515625,0.0004628499348958333,0.12798563639322916,0.18277486165364584,0.6413421630859375,0.029429117838541668,0.0076141357421875,0.010732014973958334,0.018468221028645832,0.12798563639322916,0.18667093912760416,0.029429117838541668,ZNF253,tf
ENSG00000213096,19,23988883,24185490,196608,1,True,7,0.011149088541666666,0.013214111328125,0.014338175455729166,0.4524485270182292,0.008392333984375,0.0,0.500457763671875,0.011149088541666666,0.015986124674479168,0.038701375325520836,0.4524485270182292,0.08450826009114583,0.500457763671875,ZNF254,tf
ENSG00000152454,19,57849403,58046010,196608,-1,True,20,0.0095672607421875,0.0016581217447916667,0.0,0.023737589518229168,0.276092529296875,0.5412801106770834,0.14766438802083334,0.0095672607421875,0.009709676106770834,0.011225382486979166,0.023737589518229168,0.276092529296875,0.14766438802083334,ZNF256,tf
ENSG00000197134,19,21954180,22150787,196608,1,True,10,0.010528564453125,0.0144195556640625,0.0013376871744791667,0.17233784993489584,0.10431925455729167,0.5139109293619791,0.18314615885416666,0.010528564453125,0.02301025390625,0.026285807291666668,0.17233784993489584,0.11043294270833333,0.18314615885416666,ZNF257,tf
ENSG00000254004,19,36429968,36626575,196608,-1,True,7,0.00628662109375,0.02606201171875,0.0003204345703125,0.058934529622395836,0.12653096516927084,0.6112060546875,0.17065938313802084,0.00628662109375,0.02606201171875,0.0326690673828125,0.058934529622395836,0.1273651123046875,0.17065938313802084,ZNF260,tf
ENSG00000006194,16,3185187,3381794,196608,1,True,15,0.010431925455729166,0.033030192057291664,1.52587890625e-05,0.14777628580729166,0.172454833984375,0.3409372965494792,0.2953542073567708,0.010431925455729166,0.039754231770833336,0.043477376302083336,0.14777628580729166,0.22194925944010416,0.2953542073567708,ZNF263,tf
ENSG00000083844,19,57093196,57289803,196608,1,True,13,0.010197957356770834,0.053497314453125,4.57763671875e-05,0.09569803873697917,0.13958231608072916,0.4253133138020833,0.275665283203125,0.010197957356770834,0.053497314453125,0.06374104817708333,0.09569803873697917,0.13958231608072916,0.275665283203125,ZNF264,tf
ENSG00000174652,19,9337270,9533877,196608,-1,True,12,0.0098724365234375,0.022822062174479168,0.004567464192708333,0.08062744140625,0.17354329427083334,0.6298726399739584,0.07869466145833333,0.0098724365234375,0.024317423502604168,0.037261962890625,0.08062744140625,0.17364501953125,0.07869466145833333,ZNF266,tf
ENSG00000185947,16,31775503,31972110,196608,1,True,14,0.0121612548828125,0.00653076171875,0.01336669921875,0.18954976399739584,0.0546722412109375,0.103302001953125,0.6204172770182291,0.0121612548828125,0.009714762369791666,0.0320587158203125,0.18954976399739584,0.059992472330729164,0.6204172770182291,ZNF267,tf
ENSG00000090612,12,133083191,133275309,192119,1,True,10,0.01576626986399055,0.05545521265465675,0.0021497092947600186,0.10060431295186838,0.16854137279498643,0.4372810601762449,0.22020206226349293,0.01576626986399055,0.07076343308053862,0.07337119181340732,0.10060431295186838,0.172918867993275,0.22020206226349293,ZNF268,tf
ENSG00000198039,7,64804969,65001576,196608,1,True,14,0.009134928385416666,0.010228474934895834,0.024688720703125,0.2652435302734375,0.1726837158203125,0.22672017415364584,0.2913004557291667,0.009134928385416666,0.018341064453125,0.0440521240234375,0.2652435302734375,0.18343607584635416,0.2913004557291667,ZNF273,tf
ENSG00000171606,19,58084757,58281364,196608,1,True,18,0.0099639892578125,0.007029215494791667,0.025446573893229168,0.11292012532552083,0.16791280110677084,0.5723317464192709,0.10439554850260417,0.0099639892578125,0.008458455403645834,0.042439778645833336,0.11292012532552083,0.16920979817708334,0.10439554850260417,ZNF274,tf
ENSG00000063587,X,153235849,153432456,196608,1,True,7,0.0065460205078125,0.0261383056640625,0.008753458658854166,0.0906219482421875,0.11054484049479167,0.0865936279296875,0.6708017985026041,0.0065460205078125,0.027801513671875,0.041437784830729164,0.0906219482421875,0.11168416341145833,0.6708017985026041,ZNF275,tf
ENSG00000158805,16,89623233,89819840,196608,1,True,11,0.009373982747395834,0.018595377604166668,0.0112762451171875,0.065155029296875,0.22054036458333334,0.62786865234375,0.047190348307291664,0.009373982747395834,0.022471110026041668,0.03924560546875,0.065155029296875,0.23951212565104166,0.047190348307291664,ZNF276,tf
ENSG00000198839,7,112108391,112304998,196608,1,True,3,0.0023701985677083335,0.0097808837890625,1.52587890625e-05,0.4878336588541667,0.001556396484375,0.4969838460286458,0.0014597574869791667,0.0023701985677083335,0.011347452799479166,0.012166341145833334,0.4878336588541667,0.007893880208333334,0.0014597574869791667,ZNF277,tf
ENSG00000169548,22,22421967,22618574,196608,-1,True,14,0.008270263671875,0.0026397705078125,1.52587890625e-05,0.022313435872395832,0.086761474609375,0.16359456380208334,0.7164052327473959,0.008270263671875,0.0026397705078125,0.01092529296875,0.022313435872395832,0.086761474609375,0.7164052327473959,ZNF280A,tf
ENSG00000275004,22,22410439,22607046,196608,-1,True,14,0.0082855224609375,0.018712361653645832,1.52587890625e-05,0.0966949462890625,0.0756683349609375,0.08921305338541667,0.7114105224609375,0.0082855224609375,0.018712361653645832,0.027013142903645832,0.0966949462890625,0.0756683349609375,0.7114105224609375,ZNF280B,tf
ENSG00000056277,X,130170596,130367203,196608,-1,True,5,0.0115966796875,0.0123291015625,1.52587890625e-05,0.3127339680989583,0.02215576171875,0.19704691569010416,0.444122314453125,0.0115966796875,0.0123291015625,0.0239410400390625,0.3127339680989583,0.02215576171875,0.444122314453125,ZNF280C,tf
ENSG00000137871,15,56635206,56831813,196608,-1,True,5,0.013697306315104166,0.029927571614583332,0.008672078450520834,0.4506378173828125,0.0103302001953125,0.4867350260416667,0.0,0.013697306315104166,0.034052530924479164,0.052296956380208336,0.4506378173828125,0.0313262939453125,0.0,ZNF280D,tf
ENSG00000162702,1,200311733,200508340,196608,-1,True,5,0.0136566162109375,0.01129150390625,1.52587890625e-05,0.0010630289713541667,0.09322102864583333,0.7549387613932291,0.12581380208333334,0.0136566162109375,0.01129150390625,0.02496337890625,0.0010630289713541667,0.09322102864583333,0.12581380208333334,ZNF281,tf
ENSG00000170265,7,149097242,149293849,196608,1,True,11,0.0102386474609375,0.008356730143229166,0.0005594889322916666,0.13698323567708334,0.12659200032552084,0.5521036783854166,0.16516621907552084,0.0102386474609375,0.0102081298828125,0.019154866536458332,0.13698323567708334,0.12659200032552084,0.16516621907552084,ZNF282,tf
ENSG00000167637,19,43729017,43925624,196608,1,True,12,0.010533650716145834,0.023798624674479168,0.002288818359375,0.08899434407552083,0.18142191569010416,0.5735982259114584,0.11936442057291667,0.010533650716145834,0.032597859700520836,0.03662109375,0.08899434407552083,0.18142191569010416,0.11936442057291667,ZNF283,tf
ENSG00000186026,19,43973855,44170462,196608,1,True,18,0.0090484619140625,0.0240020751953125,1.52587890625e-05,0.055821736653645836,0.2542368570963542,0.5929107666015625,0.06396484375,0.0090484619140625,0.0240020751953125,0.0330657958984375,0.055821736653645836,0.264404296875,0.06396484375,ZNF284,tf
ENSG00000267508,19,44303305,44499912,196608,-1,True,9,0.009134928385416666,0.024058024088541668,0.0027516682942708335,0.062276204427083336,0.11121114095052083,0.5842183430989584,0.20634969075520834,0.009134928385416666,0.025777180989583332,0.035944620768229164,0.062276204427083336,0.11185709635416667,0.20634969075520834,ZNF285,tf
ENSG00000187607,17,15601448,15798055,196608,1,True,23,0.0094757080078125,0.021901448567708332,0.0029754638671875,0.0735321044921875,0.14085896809895834,0.6181081136067709,0.133148193359375,0.0094757080078125,0.029693603515625,0.034352620442708336,0.0735321044921875,0.1548004150390625,0.133148193359375,ZNF286A,tf
ENSG00000141040,17,16470901,16667508,196608,-1,True,11,0.0116119384765625,0.032496134440104164,0.00017801920572916666,0.06895955403645833,0.07915751139322917,0.3060862223307292,0.5015106201171875,0.0116119384765625,0.032496134440104164,0.044286092122395836,0.06895955403645833,0.08266194661458333,0.5015106201171875,ZNF287,tf
ENSG00000188994,6,87057261,87253868,196608,1,True,6,0.006795247395833333,0.0084228515625,0.03546142578125,0.4684549967447917,0.021535237630208332,0.038782755533854164,0.4205474853515625,0.006795247395833333,0.0135955810546875,0.050679524739583336,0.4684549967447917,0.0450592041015625,0.4205474853515625,ZNF292,tf
ENSG00000170684,19,44978175,45174782,196608,-1,True,12,0.0072479248046875,0.0010477701822916667,1.52587890625e-05,0.0170135498046875,0.17188008626302084,0.7544047037760416,0.048390706380208336,0.0072479248046875,0.0010477701822916667,0.008310953776041666,0.0170135498046875,0.1756439208984375,0.048390706380208336,ZNF296,tf
ENSG00000145908,5,150806677,151003284,196608,-1,True,6,0.009241739908854166,0.013178507486979166,1.52587890625e-05,0.031438191731770836,0.050374348958333336,0.6034698486328125,0.2922821044921875,0.009241739908854166,0.021046956380208332,0.022435506184895832,0.031438191731770836,0.051127115885416664,0.2922821044921875,ZNF300,tf
ENSG00000089335,19,34579374,34775981,196608,1,True,12,0.007695515950520833,0.017822265625,0.008875528971354166,0.016377766927083332,0.1250152587890625,0.5105438232421875,0.3136698404947917,0.007695515950520833,0.022822062174479168,0.034393310546875,0.016377766927083332,0.1275482177734375,0.3136698404947917,ZNF302,tf
ENSG00000131845,19,57252967,57449574,196608,1,True,20,0.010772705078125,0.012837727864583334,1.52587890625e-05,0.020258585611979168,0.2535146077473958,0.487579345703125,0.21502176920572916,0.010772705078125,0.013478597005208334,0.023625691731770832,0.020258585611979168,0.2567342122395833,0.21502176920572916,ZNF304,tf
ENSG00000197935,6,28907012,29103619,196608,-1,True,17,0.0106658935546875,0.009470621744791666,0.0016326904296875,0.0372772216796875,0.12122090657552083,0.517059326171875,0.30267333984375,0.0106658935546875,0.009470621744791666,0.021769205729166668,0.0372772216796875,0.12272135416666667,0.30267333984375,ZNF311,tf
ENSG00000205903,7,6539014,6735621,196608,1,True,12,0.01531982421875,0.031743367513020836,1.52587890625e-05,0.059641520182291664,0.14196268717447916,0.4906005859375,0.2607167561848958,0.01531982421875,0.033238728841145836,0.047078450520833336,0.059641520182291664,0.14196268717447916,0.2607167561848958,ZNF316,tf
ENSG00000130803,19,9042093,9238700,196608,1,True,13,0.009455362955729166,0.016459147135416668,0.004262288411458333,0.0870361328125,0.12555440266927084,0.13312784830729166,0.6241048177083334,0.009455362955729166,0.024297078450520832,0.030176798502604168,0.0870361328125,0.12555440266927084,0.6241048177083334,ZNF317,tf
ENSG00000171467,6,43271344,43467951,196608,-1,True,13,0.03515625,0.009908040364583334,0.004414876302083333,0.2684834798177083,0.14754231770833334,0.4265950520833333,0.10789998372395833,0.03515625,0.009908040364583334,0.049479166666666664,0.2684834798177083,0.16234842936197916,0.10789998372395833,ZNF318,tf
ENSG00000166188,16,57902369,58098976,196608,-1,True,7,0.008880615234375,0.016688028971354168,1.52587890625e-05,0.004933675130208333,0.1152191162109375,0.6564229329427084,0.19784037272135416,0.008880615234375,0.016688028971354168,0.025583902994791668,0.004933675130208333,0.1162872314453125,0.19784037272135416,ZNF319,tf
ENSG00000182986,19,52799332,52995939,196608,-1,True,17,0.008829752604166666,0.053253173828125,0.0037892659505208335,0.12157694498697917,0.17014567057291666,0.6268666585286459,0.015538533528645834,0.008829752604166666,0.053253173828125,0.0658721923828125,0.12157694498697917,0.1763916015625,0.015538533528645834,ZNF320,tf
ENSG00000181315,6,26561443,26758050,196608,-1,True,12,0.006134033203125,0.024714152018229168,1.52587890625e-05,0.09821065266927083,0.10525004069010417,0.2968343098958333,0.468841552734375,0.006134033203125,0.024714152018229168,0.030863444010416668,0.09821065266927083,0.10525004069010417,0.468841552734375,ZNF322,tf
ENSG00000083812,19,58368776,58565383,196608,1,True,31,0.0084381103515625,0.02752685546875,1.52587890625e-05,0.006647745768229167,0.3498636881510417,0.4856211344401042,0.12188720703125,0.0084381103515625,0.02752685546875,0.035980224609375,0.006647745768229167,0.357086181640625,0.12188720703125,ZNF324,tf
ENSG00000249471,19,58353318,58549925,196608,1,True,33,0.009073893229166666,0.0260772705078125,3.0517578125e-05,0.0131378173828125,0.34405517578125,0.4921366373697917,0.11548868815104167,0.009073893229166666,0.0260772705078125,0.035181681315104164,0.0131378173828125,0.34405517578125,0.11548868815104167,ZNF324B,tf
ENSG00000162664,1,89896806,90093413,196608,1,True,8,0.009511311848958334,0.046712239583333336,1.52587890625e-05,0.1493682861328125,0.04107666015625,0.3494669596354167,0.4038492838541667,0.009511311848958334,0.052408854166666664,0.056238810221354164,0.1493682861328125,0.04107666015625,0.4038492838541667,ZNF326,tf
ENSG00000181894,19,58052486,58249093,196608,-1,True,17,0.0082550048828125,0.016042073567708332,1.52587890625e-05,0.12249247233072917,0.17708841959635416,0.55340576171875,0.12270100911458333,0.0082550048828125,0.016042073567708332,0.024312337239583332,0.12249247233072917,0.17882792154947916,0.12270100911458333,ZNF329,tf
ENSG00000109445,4,141122591,141319198,196608,1,True,5,0.004887898763020833,0.0131988525390625,0.00323486328125,0.052012125651041664,0.02764892578125,0.7079620361328125,0.1910552978515625,0.004887898763020833,0.017461140950520832,0.021321614583333332,0.052012125651041664,0.02764892578125,0.1910552978515625,ZNF330,tf
ENSG00000130844,19,53439841,53636448,196608,1,True,16,0.0070648193359375,0.045430501302083336,0.0063018798828125,0.2501678466796875,0.13671875,0.5391286214192709,0.015187581380208334,0.0070648193359375,0.046666463216145836,0.058797200520833336,0.2501678466796875,0.137969970703125,0.015187581380208334,ZNF331,tf
ENSG00000160961,19,14591744,14788351,196608,1,True,7,0.011474609375,0.035776774088541664,0.0123443603515625,0.1639251708984375,0.07676188151041667,0.6746673583984375,0.025049845377604168,0.011474609375,0.044367472330729164,0.059595743815104164,0.1639251708984375,0.084259033203125,0.025049845377604168,ZNF333,tf
ENSG00000198185,20,46415256,46611863,196608,-1,True,11,0.01092529296875,0.026194254557291668,1.52587890625e-05,0.033905029296875,0.10796101888020833,0.6458384195963541,0.17516072591145834,0.01092529296875,0.0269622802734375,0.037134806315104164,0.033905029296875,0.10796101888020833,0.17516072591145834,ZNF334,tf
ENSG00000198026,20,45873900,46070507,196608,-1,True,15,0.0208282470703125,0.004796346028645833,0.015736897786458332,0.07844034830729167,0.2360687255859375,0.3596038818359375,0.2845255533854167,0.0208282470703125,0.004796346028645833,0.041361490885416664,0.07844034830729167,0.2360687255859375,0.2845255533854167,ZNF335,tf
ENSG00000130684,20,25598550,25795157,196608,-1,True,11,0.011474609375,0.035074869791666664,0.0006612141927083334,0.07316080729166667,0.110870361328125,0.6959431966145834,0.07281494140625,0.011474609375,0.035074869791666664,0.047210693359375,0.07316080729166667,0.13942464192708334,0.07281494140625,ZNF337,tf
ENSG00000131061,20,33633692,33830299,196608,1,True,12,0.013631184895833334,0.005696614583333333,0.009028116861979166,0.279937744140625,0.1348724365234375,0.3968251546223958,0.16000874837239584,0.013631184895833334,0.016611735026041668,0.028355916341145832,0.279937744140625,0.14082845052083334,0.16000874837239584,ZNF341,tf
ENSG00000088876,20,2410612,2607219,196608,-1,True,6,0.010019938151041666,0.024286905924479168,0.0010579427083333333,0.18442281087239584,0.044743855794270836,0.5304107666015625,0.20505777994791666,0.010019938151041666,0.0251617431640625,0.035364786783854164,0.18442281087239584,0.047627766927083336,0.20505777994791666,ZNF343,tf
ENSG00000251247,19,36752572,36949179,196608,1,True,12,0.008356730143229166,0.018681844075520832,0.022318522135416668,0.2695109049479167,0.1094512939453125,0.5702870686848959,0.0013936360677083333,0.008356730143229166,0.018681844075520832,0.049357096354166664,0.2695109049479167,0.15007527669270834,0.0013936360677083333,ZNF345,tf
ENSG00000113761,5,176924392,177120999,196608,1,True,4,0.0051116943359375,0.02764892578125,0.0022430419921875,0.2625732421875,0.052769978841145836,0.5064188639322916,0.1432342529296875,0.0051116943359375,0.029383341471354168,0.035003662109375,0.2625732421875,0.056559244791666664,0.1432342529296875,ZNF346,tf
ENSG00000197937,19,53060750,53257357,196608,-1,True,12,0.012842814127604166,0.0388336181640625,0.0018819173177083333,0.124481201171875,0.20972188313802084,0.5703023274739584,0.041936238606770836,0.012842814127604166,0.039560953776041664,0.053558349609375,0.124481201171875,0.2209625244140625,0.041936238606770836,ZNF347,tf
ENSG00000256683,19,51888537,52085144,196608,-1,True,14,0.0084686279296875,0.013554890950520834,0.0086517333984375,0.08527119954427083,0.19340006510416666,0.5733795166015625,0.11727396647135417,0.0084686279296875,0.014104207356770834,0.030675252278645832,0.08527119954427083,0.22377522786458334,0.11727396647135417,ZNF350,tf
ENSG00000169131,5,178632356,178828963,196608,-1,True,7,0.009424845377604166,0.010462443033854166,3.0517578125e-05,0.08623250325520833,0.037653605143229164,0.4362843831380208,0.4199117024739583,0.009424845377604166,0.010950724283854166,0.019917805989583332,0.08623250325520833,0.041234334309895836,0.4199117024739583,ZNF354A,tf
ENSG00000178338,5,178761649,178958256,196608,1,True,12,0.00933837890625,0.006434122721354167,0.0032602945963541665,0.12424723307291667,0.07416788736979167,0.524139404296875,0.2584126790364583,0.00933837890625,0.006434122721354167,0.019032796223958332,0.12424723307291667,0.07500712076822917,0.2584126790364583,ZNF354B,tf
ENSG00000177932,5,178962069,179158676,196608,1,True,7,0.00848388671875,0.023722330729166668,1.52587890625e-05,0.08790079752604167,0.12129720052083333,0.3432261149088542,0.4153544108072917,0.00848388671875,0.023722330729166668,0.032221476236979164,0.08790079752604167,0.1239166259765625,0.4153544108072917,ZNF354C,tf
ENSG00000198816,19,7417799,7614406,196608,1,True,12,0.0086669921875,0.016230265299479168,1.52587890625e-05,0.004262288411458333,0.13714599609375,0.6381429036458334,0.19553629557291666,0.0086669921875,0.016230265299479168,0.024912516276041668,0.004262288411458333,0.1407623291015625,0.19553629557291666,ZNF358,tf
ENSG00000160094,1,33158188,33354795,196608,1,True,12,0.00640869140625,0.010462443033854166,0.0010172526041666667,0.20774332682291666,0.0847015380859375,0.3137105305989583,0.3759562174479167,0.00640869140625,0.010467529296875,0.017888387044270832,0.20774332682291666,0.08708699544270833,0.3759562174479167,ZNF362,tf
ENSG00000138311,10,62276065,62472672,196608,1,True,5,0.006500244140625,0.016571044921875,5.5948893229166664e-05,0.4777730305989583,0.0215606689453125,0.23157755533854166,0.24596150716145834,0.006500244140625,0.016571044921875,0.023127237955729168,0.4777730305989583,0.02947998046875,0.24596150716145834,ZNF365,tf
ENSG00000178175,5,72409107,72605714,196608,-1,True,7,0.0113525390625,0.021219889322916668,1.52587890625e-05,0.3107757568359375,0.037104288736979164,0.3387095133463542,0.28082275390625,0.0113525390625,0.021219889322916668,0.032587687174479164,0.3107757568359375,0.051183064778645836,0.28082275390625,ZNF366,tf
ENSG00000165244,9,96320067,96516674,196608,-1,True,10,0.005340576171875,0.013397216796875,1.52587890625e-05,0.1461944580078125,0.08208719889322917,0.6017100016276041,0.15125528971354166,0.005340576171875,0.013397216796875,0.0187530517578125,0.1461944580078125,0.08873494466145833,0.15125528971354166,ZNF367,tf
ENSG00000161298,19,36507009,36703616,196608,1,True,9,0.0084381103515625,0.05078125,1.52587890625e-05,0.08978271484375,0.1672515869140625,0.6521860758463541,0.031545003255208336,0.0084381103515625,0.050867716471354164,0.059234619140625,0.08978271484375,0.16801961263020834,0.031545003255208336,ZNF382,tf
ENSG00000188283,19,37119910,37316517,196608,1,True,10,0.007685343424479167,0.037546793619791664,0.0037434895833333335,0.107757568359375,0.19863382975260416,0.6281026204427084,0.016530354817708332,0.007685343424479167,0.039332071940104164,0.048975626627604164,0.107757568359375,0.20131429036458334,0.016530354817708332,ZNF383,tf
ENSG00000126746,12,6591072,6787679,196608,-1,True,23,0.009546915690104166,0.011805216471354166,0.004999796549479167,0.09112040201822917,0.19594319661458334,0.5689544677734375,0.1176300048828125,0.009546915690104166,0.012064615885416666,0.0263519287109375,0.09112040201822917,0.20247904459635416,0.1176300048828125,ZNF384,tf
ENSG00000161642,12,54286430,54483037,196608,-1,True,13,0.006591796875,0.0090484619140625,0.0013936360677083333,0.09577433268229167,0.1638336181640625,0.723358154296875,0.0,0.006591796875,0.012598673502604166,0.017033894856770832,0.09577433268229167,0.165008544921875,0.0,ZNF385A,tf
ENSG00000144331,2,179763309,179959916,196608,-1,True,6,0.0015157063802083333,0.004664103190104167,0.0,0.4938201904296875,0.01568603515625,0.23661295572916666,0.24770100911458334,0.0015157063802083333,0.004664103190104167,0.0061798095703125,0.4938201904296875,0.018218994140625,0.24770100911458334,ZNF385B,tf
ENSG00000187595,17,42000170,42196777,196608,-1,True,14,0.0076904296875,0.0083160400390625,0.0109710693359375,0.3438313802083333,0.17933146158854166,0.3854268391927083,0.06443277994791667,0.0076904296875,0.008402506510416666,0.0269775390625,0.3438313802083333,0.2087554931640625,0.06443277994791667,ZNF385C,tf
ENSG00000151789,3,21652907,21849514,196608,-1,True,0,0.0009053548177083334,0.005518595377604167,0.0008595784505208334,0.9927164713541666,0.0,0.0,0.0,0.0009053548177083334,0.006245930989583333,0.007283528645833333,0.9927164713541666,0.0,0.0,ZNF385D,tf
ENSG00000124613,6,27290455,27487062,196608,1,True,10,0.005462646484375,0.025217692057291668,0.0014750162760416667,0.122528076171875,0.09472147623697917,0.367645263671875,0.3829498291015625,0.005462646484375,0.025217692057291668,0.032155354817708336,0.122528076171875,0.10374959309895833,0.3829498291015625,ZNF391,tf
ENSG00000160908,7,99401978,99598585,196608,-1,True,13,0.008880615234375,0.005513509114583333,0.030034383138020832,0.11345926920572917,0.19264729817708334,0.5600941975911459,0.0893707275390625,0.008880615234375,0.0109405517578125,0.044428507486979164,0.11345926920572917,0.23174031575520834,0.0893707275390625,ZNF394,tf
ENSG00000186918,8,28288157,28484764,196608,-1,True,9,0.0078277587890625,0.0361175537109375,0.0013020833333333333,0.2452392578125,0.052393595377604164,0.6457570393880209,0.011362711588541666,0.0078277587890625,0.036565144856770836,0.045247395833333336,0.2452392578125,0.0627288818359375,0.011362711588541666,ZNF395,tf
ENSG00000186496,18,35279034,35475641,196608,-1,True,12,0.005925496419270833,0.0265960693359375,0.006612141927083333,0.0374298095703125,0.18021647135416666,0.3588714599609375,0.3843485514322917,0.005925496419270833,0.027064005533854168,0.039133707682291664,0.0374298095703125,0.18021647135416666,0.3843485514322917,ZNF396,tf
ENSG00000186812,18,35142730,35339337,196608,1,True,10,0.009679158528645834,0.038091023763020836,0.0027669270833333335,0.08488972981770833,0.13033548990885416,0.22359212239583334,0.5106455485026041,0.009679158528645834,0.038091023763020836,0.050537109375,0.08488972981770833,0.1688079833984375,0.5106455485026041,ZNF397,tf
ENSG00000197024,7,149049149,149245756,196608,1,True,8,0.009796142578125,0.021565755208333332,0.000701904296875,0.2559560139973958,0.060094197591145836,0.3564453125,0.295440673828125,0.009796142578125,0.024052937825520832,0.032063802083333336,0.2559560139973958,0.0692596435546875,0.295440673828125,ZNF398,tf
ENSG00000176222,19,43785661,43982268,196608,-1,True,11,0.0089111328125,0.0057830810546875,0.007410685221354167,0.12766011555989584,0.16924540201822916,0.4968159993489583,0.184173583984375,0.0089111328125,0.0057830810546875,0.022104899088541668,0.12766011555989584,0.19539388020833334,0.184173583984375,ZNF404,tf
ENSG00000215421,18,74499566,74696173,196608,1,True,5,0.024424235026041668,0.0007476806640625,0.0,0.4749399820963542,0.1233978271484375,0.3213450113932292,0.055145263671875,0.024424235026041668,0.0007476806640625,0.025171915690104168,0.4749399820963542,0.1258392333984375,0.055145263671875,ZNF407,tf
ENSG00000175213,11,46602727,46799334,196608,1,True,9,0.0113525390625,0.0004119873046875,0.0032501220703125,0.009892781575520834,0.14969889322916666,0.7393391927083334,0.08605448404947917,0.0113525390625,0.0004119873046875,0.0150146484375,0.009892781575520834,0.14969889322916666,0.08605448404947917,ZNF408,tf
ENSG00000119725,14,73788555,73985162,196608,1,True,16,0.009379069010416666,0.026667277018229168,0.0038503011067708335,0.19570414225260416,0.13468424479166666,0.4258270263671875,0.203887939453125,0.009379069010416666,0.033686319986979164,0.039896647135416664,0.19570414225260416,0.16844685872395834,0.203887939453125,ZNF410,tf
ENSG00000133250,19,8415864,8612471,196608,-1,True,11,0.006551106770833333,0.006647745768229167,0.0008443196614583334,0.008794148763020834,0.16134134928385416,0.70733642578125,0.10848490397135417,0.006551106770833333,0.0078887939453125,0.014043172200520834,0.008794148763020834,0.16134134928385416,0.10848490397135417,ZNF414,tf
ENSG00000170954,19,53034607,53231214,196608,-1,True,12,0.011667887369791666,0.016001383463541668,0.0008392333984375,0.09966023763020833,0.230682373046875,0.599212646484375,0.041936238606770836,0.011667887369791666,0.026707967122395832,0.028508504231770832,0.09966023763020833,0.23454793294270834,0.041936238606770836,ZNF415,tf
ENSG00000083817,19,57480608,57677215,196608,-1,True,17,0.009063720703125,0.0038655598958333335,1.52587890625e-05,0.024419148763020832,0.3032684326171875,0.4668477376302083,0.1925201416015625,0.009063720703125,0.0038655598958333335,0.012944539388020834,0.024419148763020832,0.3055877685546875,0.1925201416015625,ZNF416,tf
ENSG00000173480,19,57818289,58014896,196608,-1,True,20,0.009592692057291666,0.0172119140625,3.0517578125e-05,0.056147257486979164,0.2666676839192708,0.5438741048177084,0.106475830078125,0.009592692057291666,0.0178680419921875,0.026835123697916668,0.056147257486979164,0.2728627522786458,0.106475830078125,ZNF417,tf
ENSG00000196724,19,57837099,58033706,196608,-1,True,18,0.0115814208984375,0.01025390625,0.0011138916015625,0.0458221435546875,0.2811431884765625,0.5040384928385416,0.14604695638020834,0.0115814208984375,0.011820475260416666,0.02294921875,0.0458221435546875,0.2811431884765625,0.14604695638020834,ZNF418,tf
ENSG00000105136,19,57389446,57586053,196608,1,True,20,0.0088653564453125,0.012700398763020834,0.019170125325520832,0.0019276936848958333,0.2876739501953125,0.5617116292317709,0.10795084635416667,0.0088653564453125,0.013554890950520834,0.040735880533854164,0.0019276936848958333,0.2896728515625,0.10795084635416667,ZNF419,tf
ENSG00000197050,19,36980129,37176736,196608,1,True,9,0.0116119384765625,0.012542724609375,3.0517578125e-05,0.5991160074869791,0.10462443033854167,0.2579091389973958,0.014165242513020834,0.0116119384765625,0.0140228271484375,0.0241851806640625,0.5991160074869791,0.13822428385416666,0.014165242513020834,ZNF420,tf
ENSG00000102935,16,49757809,49954416,196608,-1,True,8,0.0005900065104166666,0.004491170247395833,0.0,0.5041097005208334,0.025151570638020832,0.019719441731770832,0.4459381103515625,0.0005900065104166666,0.004796346028645833,0.0050811767578125,0.5041097005208334,0.032338460286458336,0.4459381103515625,ZNF423,tf
ENSG00000204947,7,149028021,149224628,196608,-1,True,9,0.011810302734375,0.004847208658854167,0.0020548502604166665,0.10109456380208333,0.07243855794270833,0.4768727620442708,0.3308817545572917,0.011810302734375,0.004847208658854167,0.018712361653645832,0.10109456380208333,0.07394917805989583,0.3308817545572917,ZNF425,tf
ENSG00000130818,19,9440342,9636949,196608,-1,True,9,0.008453369140625,0.030415852864583332,1.52587890625e-05,0.0404815673828125,0.17059326171875,0.4849599202473958,0.2650807698567708,0.008453369140625,0.032887776692708336,0.038884480794270836,0.0404815673828125,0.171417236328125,0.2650807698567708,ZNF426,tf
ENSG00000131116,19,43521326,43717933,196608,-1,True,17,0.0033721923828125,0.0085906982421875,0.0015004475911458333,0.049692789713541664,0.19103495279947916,0.5688680013020834,0.17694091796875,0.0033721923828125,0.0085906982421875,0.013463338216145834,0.049692789713541664,0.20360819498697916,0.17694091796875,ZNF428,tf
ENSG00000197013,19,21407298,21603905,196608,1,True,14,0.011784871419270834,0.020314534505208332,0.006459554036458333,0.2645263671875,0.14823404947916666,0.5462799072265625,0.0024007161458333335,0.011784871419270834,0.0211029052734375,0.0385589599609375,0.2645263671875,0.18427530924479166,0.0024007161458333335,ZNF429,tf
ENSG00000118620,19,20922353,21118960,196608,1,True,10,0.009724934895833334,0.024388631184895832,0.000732421875,0.165740966796875,0.07620747884114583,0.4524892171223958,0.2707163492838542,0.009724934895833334,0.024983723958333332,0.034845987955729164,0.165740966796875,0.07685343424479167,0.2707163492838542,ZNF430,tf
ENSG00000196705,19,21043736,21240343,196608,1,True,11,0.0098876953125,0.0620880126953125,1.52587890625e-05,0.20291646321614584,0.086761474609375,0.3604736328125,0.2778574625651042,0.0098876953125,0.069091796875,0.071990966796875,0.20291646321614584,0.09259541829427083,0.2778574625651042,ZNF431,tf
ENSG00000256087,19,51950535,52147142,196608,-1,True,14,0.009974161783854166,0.016565958658854168,0.004267374674479167,0.2965494791666667,0.16410319010416666,0.408538818359375,0.10000101725260417,0.009974161783854166,0.016565958658854168,0.0308074951171875,0.2965494791666667,0.19839986165364584,0.10000101725260417,ZNF432,tf
ENSG00000197647,19,11937376,12133983,196608,-1,True,21,0.011647542317708334,0.004099527994791667,0.0,0.0912017822265625,0.15215555826822916,0.7052968343098959,0.0355987548828125,0.011647542317708334,0.014862060546875,0.0157470703125,0.0912017822265625,0.17589823404947916,0.0355987548828125,ZNF433,tf
ENSG00000125945,1,23271533,23468140,196608,-1,True,10,0.007171630859375,0.017155965169270832,1.52587890625e-05,0.028498331705729168,0.1556243896484375,0.6080474853515625,0.1834869384765625,0.007171630859375,0.017262776692708332,0.024342854817708332,0.028498331705729168,0.1608123779296875,0.1834869384765625,ZNF436,tf
ENSG00000183621,10,30933562,31130169,196608,-1,True,3,0.0,0.007746378580729167,0.0,0.493499755859375,0.015406290690104166,0.4833475748697917,0.0,0.0,0.007746378580729167,0.007746378580729167,0.493499755859375,0.017974853515625,0.0,ZNF438,tf
ENSG00000171291,19,11750422,11947029,196608,1,True,12,0.0079345703125,0.0077056884765625,0.010843912760416666,0.15166219075520834,0.14136250813802084,0.3954569498697917,0.2850341796875,0.0079345703125,0.009211222330729166,0.026484171549479168,0.15166219075520834,0.155303955078125,0.2850341796875,ZNF439,tf
ENSG00000171295,19,11715969,11912576,196608,1,True,11,0.009124755859375,0.015411376953125,0.0082855224609375,0.07370503743489583,0.15410359700520834,0.4239756266276042,0.3153940836588542,0.009124755859375,0.017100016276041668,0.0328216552734375,0.07370503743489583,0.15410359700520834,0.3153940836588542,ZNF440,tf
ENSG00000197044,19,11668696,11865303,196608,1,True,13,0.010584513346354166,0.012349446614583334,0.0012156168619791667,0.06271870930989583,0.15481058756510416,0.3568471272786458,0.4014739990234375,0.010584513346354166,0.0222625732421875,0.024149576822916668,0.06271870930989583,0.15481058756510416,0.4014739990234375,ZNF441,tf
ENSG00000198342,19,12267380,12463987,196608,-1,True,13,0.0095672607421875,0.022852579752604168,0.001129150390625,0.06798299153645833,0.10495503743489583,0.5494944254557291,0.2440185546875,0.0095672607421875,0.022862752278645832,0.033548990885416664,0.06798299153645833,0.10495503743489583,0.2440185546875,ZNF442,tf
ENSG00000180855,19,12342718,12539325,196608,-1,True,18,0.010243733723958334,0.0032704671223958335,3.0517578125e-05,0.044011433919270836,0.13364664713541666,0.7254536946614584,0.083343505859375,0.010243733723958334,0.005366007486979167,0.013544718424479166,0.044011433919270836,0.1346893310546875,0.083343505859375,ZNF443,tf
ENSG00000167685,19,56042983,56239590,196608,1,True,14,0.004994710286458333,0.024200439453125,0.021341959635416668,0.0933990478515625,0.10625712076822917,0.4986114501953125,0.2511952718098958,0.004994710286458333,0.024200439453125,0.050537109375,0.0933990478515625,0.1157684326171875,0.2511952718098958,ZNF444,tf
ENSG00000185219,3,44379367,44575974,196608,-1,True,10,0.0157318115234375,0.07754007975260417,0.0028940836588541665,0.13774617513020834,0.1517791748046875,0.4541575113932292,0.16015116373697916,0.0157318115234375,0.07754007975260417,0.09616597493489583,0.13774617513020834,0.15291341145833334,0.16015116373697916,ZNF445,tf
ENSG00000083838,19,58378048,58574655,196608,1,True,31,0.006866455078125,0.015879313151041668,0.0027364095052083335,0.011225382486979166,0.38470458984375,0.4567006429036458,0.12188720703125,0.006866455078125,0.017171223958333332,0.025482177734375,0.011225382486979166,0.4008026123046875,0.12188720703125,ZNF446,tf
ENSG00000173275,X,135246492,135443099,196608,1,True,14,0.00860595703125,0.023320515950520832,3.0517578125e-05,0.06577555338541667,0.13360595703125,0.5456288655598959,0.22303263346354166,0.00860595703125,0.023320515950520832,0.031956990559895836,0.06577555338541667,0.13360595703125,0.22303263346354166,ZNF449,tf
ENSG00000112200,6,56991884,57188491,196608,1,True,8,0.024408976236979168,0.052734375,0.006342569986979167,0.3410237630208333,0.10709635416666667,0.23425801595052084,0.23413594563802084,0.024408976236979168,0.057576497395833336,0.08348592122395833,0.3410237630208333,0.124908447265625,0.23413594563802084,ZNF451,tf
ENSG00000178187,5,178842894,179039501,196608,1,True,10,0.007965087890625,0.0123291015625,9.1552734375e-05,0.11095174153645833,0.12909952799479166,0.4407297770182292,0.2988332112630208,0.007965087890625,0.0123291015625,0.0203857421875,0.11095174153645833,0.12994384765625,0.2988332112630208,ZNF454,tf
ENSG00000197714,19,57182181,57378788,196608,1,True,16,0.008575439453125,0.023768107096354168,1.52587890625e-05,0.050933837890625,0.2362060546875,0.3932393391927083,0.287261962890625,0.008575439453125,0.024241129557291668,0.032358805338541664,0.050933837890625,0.2439727783203125,0.287261962890625,ZNF460,tf
ENSG00000197808,19,36568534,36765141,196608,-1,True,8,0.009089152018229166,0.011652628580729166,0.0035146077473958335,0.1295318603515625,0.20398457845052084,0.6293894449869791,0.012837727864583334,0.009089152018229166,0.020116170247395832,0.024256388346354168,0.1295318603515625,0.20398457845052084,0.012837727864583334,ZNF461,tf
ENSG00000148143,9,106764862,106961469,196608,1,True,5,0.033620198567708336,0.005594889322916667,0.0022684733072916665,0.4629923502604167,0.013234456380208334,0.041147867838541664,0.4411417643229167,0.033620198567708336,0.005594889322916667,0.041483561197916664,0.4629923502604167,0.0211334228515625,0.4411417643229167,ZNF462,tf
ENSG00000181444,7,149675285,149871892,196608,-1,True,13,0.010584513346354166,0.015594482421875,1.52587890625e-05,0.036595662434895836,0.207855224609375,0.3684438069661458,0.3609110514322917,0.010584513346354166,0.016489664713541668,0.026194254557291668,0.036595662434895836,0.2129669189453125,0.3609110514322917,ZNF467,tf
ENSG00000204604,19,52759316,52955923,196608,-1,True,15,0.009938557942708334,0.016896565755208332,1.52587890625e-05,0.0730438232421875,0.22467041015625,0.6122233072916666,0.06321207682291667,0.009938557942708334,0.0250091552734375,0.026850382486979168,0.0730438232421875,0.22491963704427084,0.06321207682291667,ZNF468,tf
ENSG00000225614,16,88284655,88481262,196608,1,True,7,0.0603179931640625,0.009724934895833334,1.52587890625e-05,0.2239227294921875,0.02484130859375,0.23711649576822916,0.444061279296875,0.0603179931640625,0.009724934895833334,0.07005818684895833,0.2239227294921875,0.030146280924479168,0.444061279296875,ZNF469,tf
ENSG00000197016,19,56469164,56665771,196608,1,True,16,0.011311848958333334,0.029276529947916668,0.008595784505208334,0.059885660807291664,0.2697397867838542,0.5638783772786459,0.05731201171875,0.011311848958333334,0.029530843098958332,0.049184163411458336,0.059885660807291664,0.2698008219401042,0.05731201171875,ZNF470,tf
ENSG00000196263,19,56409551,56606158,196608,1,True,15,0.009552001953125,0.0335235595703125,0.0,0.071319580078125,0.2784016927083333,0.5366770426432291,0.070526123046875,0.009552001953125,0.037150065104166664,0.0430755615234375,0.071319580078125,0.2784016927083333,0.070526123046875,ZNF471,tf
ENSG00000142528,19,49927701,50124308,196608,1,True,17,0.013783772786458334,0.013285319010416666,0.008199055989583334,0.10562642415364583,0.1426544189453125,0.5531260172526041,0.16332499186197916,0.013783772786458334,0.014373779296875,0.035268147786458336,0.10562642415364583,0.16089884440104166,0.16332499186197916,ZNF473,tf
ENSG00000164185,5,122031242,122227849,196608,1,True,6,0.008753458658854166,0.0094757080078125,3.0517578125e-05,0.2518870035807292,0.047419230143229164,0.3598276774088542,0.3226064046223958,0.008753458658854166,0.0094757080078125,0.018259684244791668,0.2518870035807292,0.060063680013020836,0.3226064046223958,ZNF474,tf
ENSG00000250803,5,122061872,122258479,196608,1,True,6,0.0016733805338541667,0.01556396484375,0.004852294921875,0.2593739827473958,0.036102294921875,0.3598276774088542,0.3226064046223958,0.0016733805338541667,0.01556396484375,0.022089640299479168,0.2593739827473958,0.056233723958333336,0.3226064046223958,ZNF475,tf
ENSG00000185177,7,57034133,57230740,196608,-1,True,32,0.00799560546875,0.012883504231770834,1.52587890625e-05,0.0919647216796875,0.14896647135416666,0.24249267578125,0.4956817626953125,0.00799560546875,0.012883504231770834,0.020894368489583332,0.0919647216796875,0.14896647135416666,0.4956817626953125,ZNF479,tf
ENSG00000198464,19,52198865,52395472,196608,1,True,15,0.008661905924479166,0.024210611979166668,0.0,0.11340840657552083,0.16553751627604166,0.6770579020182291,0.0111236572265625,0.008661905924479166,0.0306549072265625,0.032872517903645836,0.11340840657552083,0.1746673583984375,0.0111236572265625,ZNF480,tf
ENSG00000173258,9,111426875,111623482,196608,1,True,5,0.01226806640625,0.07596333821614583,6.103515625e-05,0.18021647135416666,0.045384724934895836,0.4661509195963542,0.2199554443359375,0.01226806640625,0.07596333821614583,0.08829243977864583,0.18021647135416666,0.057103474934895836,0.2199554443359375,ZNF483,tf
ENSG00000127081,9,92779735,92976342,196608,-1,True,15,0.013336181640625,0.0172882080078125,1.52587890625e-05,0.14670817057291666,0.11203511555989583,0.5435333251953125,0.167083740234375,0.013336181640625,0.0179443359375,0.0306396484375,0.14670817057291666,0.11203511555989583,0.167083740234375,ZNF484,tf
ENSG00000198298,10,43508134,43704741,196608,1,True,10,0.0067291259765625,0.0059661865234375,0.0016733805338541667,0.0440826416015625,0.12409464518229167,0.3973948160807292,0.4200592041015625,0.0067291259765625,0.0059661865234375,0.014368693033854166,0.0440826416015625,0.12409464518229167,0.4200592041015625,ZNF485,tf
ENSG00000256229,19,20068910,20265517,196608,1,True,16,0.007731119791666667,0.013971964518229166,3.0517578125e-05,0.14751180013020834,0.144073486328125,0.6404774983723959,0.04620361328125,0.007731119791666667,0.013971964518229166,0.021733601888020832,0.14751180013020834,0.15673828125,0.04620361328125,ZNF486,tf
ENSG00000243660,10,43338807,43535414,196608,1,True,8,0.003173828125,0.014546712239583334,0.013310750325520834,0.2047271728515625,0.09307352701822917,0.24805196126302084,0.4231160481770833,0.003173828125,0.014561971028645834,0.031031290690104168,0.2047271728515625,0.09340413411458333,0.4231160481770833,ZNF487,tf
ENSG00000265763,10,47285990,47482597,196608,-1,True,7,0.00518798828125,0.0382232666015625,1.52587890625e-05,0.09800211588541667,0.09308878580729167,0.3447723388671875,0.4207102457682292,0.00518798828125,0.039316813151041664,0.043426513671875,0.09800211588541667,0.09705607096354167,0.4207102457682292,ZNF488,tf
ENSG00000188033,19,12512510,12709117,196608,-1,True,24,0.0084075927734375,0.023991902669270832,0.0021464029947916665,0.2909698486328125,0.1525421142578125,0.4891611735026042,0.032780965169270836,0.0084075927734375,0.027303059895833332,0.0345458984375,0.2909698486328125,0.20398457845052084,0.032780965169270836,ZNF490,tf
ENSG00000177599,19,11700219,11896826,196608,1,True,11,0.0066680908203125,0.011667887369791666,0.0021921793619791665,0.040410359700520836,0.13269551595052084,0.4108632405598958,0.3955027262369792,0.0066680908203125,0.011667887369791666,0.020528157552083332,0.040410359700520836,0.13756306966145834,0.3955027262369792,ZNF491,tf
ENSG00000229676,19,22536020,22732627,196608,1,True,16,0.0081024169921875,0.013478597005208334,1.52587890625e-05,0.14802042643229166,0.06858317057291667,0.3133646647135417,0.4484354654947917,0.0081024169921875,0.013478597005208334,0.021596272786458332,0.14802042643229166,0.06946309407552083,0.4484354654947917,ZNF492,tf
ENSG00000196268,19,21298829,21495436,196608,1,True,11,0.012822469075520834,0.033971150716145836,0.010264078776041666,0.09786478678385417,0.1109466552734375,0.5418955485026041,0.19223531087239584,0.012822469075520834,0.035837809244791664,0.057057698567708336,0.09786478678385417,0.11194356282552083,0.19223531087239584,ZNF493,tf
ENSG00000162714,1,247233564,247430171,196608,-1,True,10,0.01080322265625,0.0240631103515625,0.025126139322916668,0.1201171875,0.10202534993489583,0.5187428792317709,0.19912211100260416,0.01080322265625,0.0240631103515625,0.059992472330729164,0.1201171875,0.1059417724609375,0.19912211100260416,ZNF496,tf
ENSG00000174586,19,58264448,58461055,196608,-1,True,33,0.0082550048828125,0.019414265950520832,1.52587890625e-05,0.015508015950520834,0.3885243733723958,0.4977060953776042,0.07057698567708333,0.0082550048828125,0.020070393880208332,0.027684529622395832,0.015508015950520834,0.404083251953125,0.07057698567708333,ZNF497,tf
ENSG00000103199,16,4668859,4865466,196608,-1,True,15,0.008005777994791666,0.0271453857421875,0.0006612141927083334,0.0627899169921875,0.20280965169270834,0.6299845377604166,0.068603515625,0.008005777994791666,0.032750447591145836,0.0358123779296875,0.0627899169921875,0.21042887369791666,0.068603515625,ZNF500,tf
ENSG00000186446,3,44631331,44827938,196608,1,True,9,0.0041351318359375,0.0174560546875,0.0026499430338541665,0.018198649088541668,0.165313720703125,0.6611582438151041,0.1310882568359375,0.0041351318359375,0.0174560546875,0.024241129557291668,0.018198649088541668,0.16601053873697916,0.1310882568359375,ZNF501,tf
ENSG00000196653,3,44614356,44810963,196608,1,True,9,0.00830078125,0.0139007568359375,1.52587890625e-05,0.034708658854166664,0.17812093098958334,0.6338653564453125,0.1310882568359375,0.00830078125,0.0139007568359375,0.022216796875,0.034708658854166664,0.17812093098958334,0.1310882568359375,ZNF502,tf
ENSG00000165655,10,75303461,75500068,196608,-1,True,10,0.009857177734375,0.006429036458333333,1.52587890625e-05,0.0037129720052083335,0.0783538818359375,0.817901611328125,0.08373006184895833,0.009857177734375,0.006429036458333333,0.016301472981770832,0.0037129720052083335,0.0813140869140625,0.08373006184895833,ZNF503,tf
ENSG00000081665,19,19723447,19920054,196608,-1,True,16,0.008875528971354166,0.0228118896484375,0.021077473958333332,0.25604248046875,0.10818990071614583,0.5177154541015625,0.06528727213541667,0.008875528971354166,0.0242767333984375,0.052764892578125,0.25604248046875,0.17278544108072916,0.06528727213541667,ZNF506,tf
ENSG00000168813,19,32247306,32443913,196608,1,True,3,0.0146026611328125,0.026311238606770832,0.017791748046875,0.15529378255208334,0.036112467447916664,0.28668212890625,0.4632059733072917,0.0146026611328125,0.026311238606770832,0.058705647786458336,0.15529378255208334,0.0382080078125,0.4632059733072917,ZNF507,tf
ENSG00000081386,9,96679784,96876391,196608,-1,True,4,0.0107879638671875,0.0318756103515625,0.0012868245442708333,0.07596842447916667,0.06772867838541667,0.5819244384765625,0.23042805989583334,0.0107879638671875,0.0318756103515625,0.043950398763020836,0.07596842447916667,0.0720977783203125,0.23042805989583334,ZNF510,tf
ENSG00000198546,10,133210610,133407217,196608,1,True,21,0.004521687825520833,0.006006876627604167,0.0013275146484375,0.009831746419270834,0.2708791097005208,0.5255330403645834,0.1819000244140625,0.004521687825520833,0.0063934326171875,0.0118560791015625,0.009831746419270834,0.2779693603515625,0.1819000244140625,ZNF511,tf
ENSG00000243943,2,27484738,27681345,196608,1,True,11,0.0086669921875,0.0101776123046875,0.0035502115885416665,0.18232218424479166,0.18551127115885416,0.5263519287109375,0.0834197998046875,0.0086669921875,0.0113525390625,0.022394816080729168,0.18232218424479166,0.19257100423177084,0.0834197998046875,ZNF512,tf
ENSG00000196700,20,63871627,64068234,196608,-1,True,21,0.01361083984375,0.020721435546875,1.52587890625e-05,0.033091227213541664,0.18871053059895834,0.6858367919921875,0.058013916015625,0.01361083984375,0.020721435546875,0.0343475341796875,0.033091227213541664,0.19014485677083334,0.058013916015625,ZNF512B,tf
ENSG00000163795,2,27282431,27479038,196608,-1,True,18,0.0082550048828125,0.003814697265625,1.52587890625e-05,0.006001790364583333,0.3018035888671875,0.6010182698567709,0.07909138997395833,0.0082550048828125,0.004480997721354167,0.0120849609375,0.006001790364583333,0.3033345540364583,0.07909138997395833,ZNF513,tf
ENSG00000144026,2,95061545,95258152,196608,-1,True,9,0.00634765625,0.055908203125,0.009791056315104166,0.1496429443359375,0.17605082194010416,0.4566548665364583,0.14560445149739584,0.00634765625,0.05615234375,0.07204691569010417,0.1496429443359375,0.19210306803385416,0.14560445149739584,ZNF514,tf
ENSG00000101493,18,76396939,76593546,196608,-1,True,7,0.009206136067708334,0.010752360026041666,0.0,0.4845682779947917,0.059992472330729164,0.3904622395833333,0.045018513997395836,0.009206136067708334,0.010752360026041666,0.01995849609375,0.4845682779947917,0.0702056884765625,0.045018513997395836,ZNF516,tf
ENSG00000197363,8,144700609,144897216,196608,1,True,16,0.008417765299479166,0.016143798828125,0.00537109375,0.032648722330729164,0.24867757161458334,0.4812113444010417,0.20752970377604166,0.008417765299479166,0.0162811279296875,0.029932657877604168,0.032648722330729164,0.24867757161458334,0.20752970377604166,ZNF517,tf
ENSG00000177853,10,96031993,96228600,196608,1,True,9,0.0226287841796875,0.0607757568359375,0.008473714192708334,0.2926127115885417,0.11377461751302083,0.4602305094401042,0.04150390625,0.0226287841796875,0.0607757568359375,0.09187825520833333,0.2926127115885417,0.13750203450520834,0.04150390625,ZNF518A,tf
ENSG00000178163,4,10359123,10555730,196608,-1,True,7,0.016387939453125,0.027257283528645832,0.017939249674479168,0.047815958658854164,0.0405426025390625,0.4694061279296875,0.3806508382161458,0.016387939453125,0.027257283528645832,0.06158447265625,0.047815958658854164,0.042510986328125,0.3806508382161458,ZNF518B,tf
ENSG00000175322,18,14034132,14230739,196608,-1,True,13,0.008900960286458334,0.034769694010416664,0.036626180013020836,0.3013458251953125,0.06535847981770833,0.3804880777994792,0.17251078287760416,0.008900960286458334,0.035329182942708336,0.08029683430989583,0.3013458251953125,0.07780965169270833,0.17251078287760416,ZNF519,tf
ENSG00000198795,18,25253863,25450470,196608,-1,True,1,0.0011189778645833333,0.002899169921875,0.003931681315104167,0.4921925862630208,0.0,0.0,0.4998575846354167,0.0011189778645833333,0.003814697265625,0.0079498291015625,0.4921925862630208,0.00238037109375,0.4998575846354167,ZNF521,tf
ENSG00000171443,19,55501984,55698591,196608,1,True,18,0.0040283203125,0.005605061848958333,1.52587890625e-05,0.007771809895833333,0.2502085367838542,0.4470621744791667,0.285308837890625,0.0040283203125,0.005605061848958333,0.009648640950520834,0.007771809895833333,0.261688232421875,0.285308837890625,ZNF524,tf
ENSG00000203326,19,53267401,53464008,196608,1,True,19,0.008514404296875,0.0275726318359375,0.0018107096354166667,0.097015380859375,0.20416768391927084,0.401519775390625,0.2593994140625,0.008514404296875,0.028086344401041668,0.037897745768229164,0.097015380859375,0.20708211263020834,0.2593994140625,ZNF525,tf
ENSG00000167625,19,42122008,42318615,196608,1,True,15,0.010223388671875,0.012786865234375,1.52587890625e-05,0.035100301106770836,0.1723175048828125,0.6722768147786459,0.09727986653645833,0.010223388671875,0.012786865234375,0.0230255126953125,0.035100301106770836,0.1786651611328125,0.09727986653645833,ZNF526,tf
ENSG00000189164,19,37272795,37469402,196608,1,True,9,0.0108489990234375,0.033665974934895836,0.0012715657552083333,0.06614176432291667,0.12694803873697916,0.657806396484375,0.1033172607421875,0.0108489990234375,0.042490641276041664,0.045786539713541664,0.06614176432291667,0.12694803873697916,0.1033172607421875,ZNF527,tf
ENSG00000167555,19,52299545,52496152,196608,1,True,11,0.010859171549479166,0.016438802083333332,0.017847696940104168,0.0594482421875,0.18443806966145834,0.6407216389973959,0.07024637858072917,0.010859171549479166,0.0247955322265625,0.045145670572916664,0.0594482421875,0.18443806966145834,0.07024637858072917,ZNF528,tf
ENSG00000186020,19,36474989,36671596,196608,-1,True,10,0.009633382161458334,0.020787556966145832,0.012776692708333334,0.315399169921875,0.14267985026041666,0.3922882080078125,0.10643513997395833,0.009633382161458334,0.0227813720703125,0.0431976318359375,0.315399169921875,0.16936747233072916,0.10643513997395833,ZNF529,tf
ENSG00000183647,19,57501581,57698188,196608,1,True,18,0.009256998697916666,0.01953125,0.005259195963541667,0.031275431315104164,0.2790425618489583,0.4727681477864583,0.18286641438802084,0.009256998697916666,0.020151774088541668,0.034047444661458336,0.031275431315104164,0.2790425618489583,0.18286641438802084,ZNF530,tf
ENSG00000074657,18,58766573,58963180,196608,1,True,5,0.016998291015625,0.0180206298828125,0.004765828450520833,0.4717966715494792,0.006317138671875,0.1953887939453125,0.286712646484375,0.016998291015625,0.018849690755208332,0.039784749348958336,0.4717966715494792,0.006825764973958333,0.286712646484375,ZNF532,tf
ENSG00000198633,19,52330844,52527451,196608,1,True,11,0.011866251627604166,0.0205230712890625,3.0517578125e-05,0.085418701171875,0.19376627604166666,0.56439208984375,0.12400309244791667,0.011866251627604166,0.0205230712890625,0.032419840494791664,0.085418701171875,0.19376627604166666,0.12400309244791667,ZNF534,tf
ENSG00000198597,19,30274080,30470687,196608,1,True,0,0.011037190755208334,0.0018412272135416667,0.0016937255859375,0.9854278564453125,0.0,0.0,0.0,0.011037190755208334,0.0018412272135416667,0.0145721435546875,0.9854278564453125,0.0,0.0,ZNF536,tf
ENSG00000171817,19,37496572,37693179,196608,1,True,9,0.0100860595703125,0.009531656901041666,0.0029500325520833335,0.2967173258463542,0.149566650390625,0.5281829833984375,0.0029652913411458335,0.0100860595703125,0.010950724283854166,0.0225677490234375,0.2967173258463542,0.219512939453125,0.0029652913411458335,ZNF540,tf
ENSG00000118156,19,47474845,47671452,196608,-1,True,13,0.020538330078125,0.004297892252604167,0.0001068115234375,0.24187723795572916,0.09202067057291667,0.4450887044270833,0.19607035319010416,0.020538330078125,0.004297892252604167,0.024943033854166668,0.24187723795572916,0.09202067057291667,0.19607035319010416,ZNF541,tf
ENSG00000178229,19,57222168,57418775,196608,1,True,20,0.0091552734375,0.0095977783203125,1.52587890625e-05,0.0336151123046875,0.2354888916015625,0.4297536214192708,0.2823740641276042,0.0091552734375,0.0095977783203125,0.018768310546875,0.0336151123046875,0.2354888916015625,0.2823740641276042,ZNF543,tf
ENSG00000198131,19,58130610,58327217,196608,1,True,18,0.012471516927083334,0.021448771158854168,0.004542032877604167,0.21026611328125,0.18810017903645834,0.4943898518880208,0.06878153483072917,0.012471516927083334,0.031712849934895836,0.038462320963541664,0.21026611328125,0.20898946126302084,0.06878153483072917,ZNF544,tf
ENSG00000187187,19,39898756,40095363,196608,1,True,11,0.014516194661458334,0.028269449869791668,0.0031585693359375,0.14176432291666666,0.19838460286458334,0.5158793131510416,0.09802754720052083,0.014516194661458334,0.040776570638020836,0.0459442138671875,0.14176432291666666,0.1999359130859375,0.09802754720052083,ZNF546,tf
ENSG00000152433,19,57265247,57461854,196608,1,True,21,0.0068359375,0.013727823893229166,3.0517578125e-05,0.061238606770833336,0.22890726725260416,0.4742380777994792,0.21502176920572916,0.0068359375,0.014801025390625,0.020594278971354168,0.061238606770833336,0.23917134602864584,0.21502176920572916,ZNF547,tf
ENSG00000188785,19,57291550,57488157,196608,1,True,24,0.010065714518229166,0.0230712890625,0.0007731119791666666,0.035512288411458336,0.24338277180989584,0.4481964111328125,0.2389984130859375,0.010065714518229166,0.026697794596354168,0.033910115559895836,0.035512288411458336,0.2462005615234375,0.2389984130859375,ZNF548,tf
ENSG00000121406,19,57429052,57625659,196608,1,True,19,0.010340372721354166,0.036839803059895836,1.52587890625e-05,0.10650126139322917,0.2880147298177083,0.4408162434895833,0.11747233072916667,0.010340372721354166,0.0373687744140625,0.0471954345703125,0.10650126139322917,0.322357177734375,0.11747233072916667,ZNF549,tf
ENSG00000251369,19,57461560,57658167,196608,-1,True,16,0.007074991861979167,0.027109781901041668,0.0012156168619791667,0.08975728352864583,0.2620493570963542,0.4400838216145833,0.17270914713541666,0.007074991861979167,0.027109781901041668,0.035400390625,0.08975728352864583,0.307037353515625,0.17270914713541666,ZNF550,tf
ENSG00000204519,19,57583673,57780280,196608,1,True,15,0.010309855143229166,0.013580322265625,3.0517578125e-05,0.155792236328125,0.1986846923828125,0.4641876220703125,0.15741475423177084,0.010309855143229166,0.0138397216796875,0.023920694986979168,0.155792236328125,0.234832763671875,0.15741475423177084,ZNF551,tf
ENSG00000178935,19,57716610,57913217,196608,-1,True,16,0.007166544596354167,0.006810506184895833,0.0012257893880208333,0.041117350260416664,0.23294576009114584,0.6522115071614584,0.058522542317708336,0.007166544596354167,0.012852986653645834,0.015202840169270834,0.041117350260416664,0.234130859375,0.058522542317708336,ZNF552,tf
ENSG00000172006,19,2721564,2918171,196608,1,True,15,0.009104410807291666,0.0107421875,0.008906046549479166,0.057042439778645836,0.2471466064453125,0.4276072184244792,0.23945109049479166,0.009104410807291666,0.018310546875,0.028752644856770832,0.057042439778645836,0.2495574951171875,0.23945109049479166,ZNF554,tf
ENSG00000186300,19,2743171,2939778,196608,1,True,12,0.00958251953125,0.033849080403645836,1.52587890625e-05,0.053370157877604164,0.20480855305989584,0.4426218668619792,0.2557525634765625,0.00958251953125,0.034322102864583336,0.043446858723958336,0.053370157877604164,0.2089996337890625,0.2557525634765625,ZNF555,tf
ENSG00000172000,19,2769031,2965638,196608,1,True,14,0.0069580078125,0.026463826497395832,1.52587890625e-05,0.0485076904296875,0.18545023600260416,0.4387308756510417,0.2938741048177083,0.0069580078125,0.027837117513020832,0.033437093098958336,0.0485076904296875,0.18710835774739584,0.2938741048177083,ZNF556,tf
ENSG00000130544,19,6971399,7168006,196608,1,True,12,0.006561279296875,0.028569539388020832,1.52587890625e-05,0.057769775390625,0.09793599446614583,0.5092569986979166,0.2998911539713542,0.006561279296875,0.028569539388020832,0.035146077473958336,0.057769775390625,0.1012115478515625,0.2998911539713542,ZNF557,tf
ENSG00000167785,19,8734001,8930608,196608,-1,True,5,0.006134033203125,0.040069580078125,0.0029195149739583335,0.08385721842447917,0.046671549479166664,0.4259745279947917,0.3943735758463542,0.006134033203125,0.040069580078125,0.049123128255208336,0.08385721842447917,0.049402872721354164,0.3943735758463542,ZNF558,tf
ENSG00000188321,19,9225875,9422482,196608,1,True,15,0.011464436848958334,0.029749552408854168,3.0517578125e-05,0.09835306803385417,0.1454315185546875,0.3593190511067708,0.35565185546875,0.011464436848958334,0.038340250651041664,0.0412445068359375,0.09835306803385417,0.15424092610677084,0.35565185546875,ZNF559,tf
ENSG00000198028,19,9400313,9596920,196608,-1,True,10,0.012054443359375,0.0022481282552083335,0.0009409586588541666,0.1488494873046875,0.16379801432291666,0.4255574544270833,0.246551513671875,0.012054443359375,0.0022481282552083335,0.0152435302734375,0.1488494873046875,0.16379801432291666,0.246551513671875,ZNF560,tf
ENSG00000171469,19,9522929,9719536,196608,-1,True,9,0.007924397786458334,0.020355224609375,0.005437215169270833,0.057439168294270836,0.220184326171875,0.4631245930989583,0.22553507486979166,0.007924397786458334,0.027684529622395832,0.033716837565104164,0.057439168294270836,0.22319539388020834,0.22553507486979166,ZNF561,tf
ENSG00000171466,19,9576797,9773404,196608,-1,True,13,0.006500244140625,0.061798095703125,0.0,0.101043701171875,0.14655558268229166,0.4829762776692708,0.2011260986328125,0.006500244140625,0.06707763671875,0.06829833984375,0.101043701171875,0.18195597330729166,0.2011260986328125,ZNF562,tf
ENSG00000188868,19,12235330,12431937,196608,-1,True,11,0.00726318359375,0.0072021484375,1.52587890625e-05,0.06814066569010417,0.1436767578125,0.5296834309895834,0.2440185546875,0.00726318359375,0.007843017578125,0.0144805908203125,0.06814066569010417,0.1436767578125,0.2440185546875,ZNF563,tf
ENSG00000249709,19,12453179,12649786,196608,-1,True,18,0.009709676106770834,0.007542928059895833,0.0011545817057291667,0.1147003173828125,0.14246114095052084,0.7082773844401041,0.016153971354166668,0.009709676106770834,0.008814493815104166,0.018407185872395832,0.1147003173828125,0.15804036458333334,0.016153971354166668,ZNF564,tf
ENSG00000196357,19,36116362,36312969,196608,-1,True,12,0.0082244873046875,0.023234049479166668,0.0020751953125,0.2956288655598958,0.07829793294270833,0.4928334554036458,0.09970601399739583,0.0082244873046875,0.024790445963541668,0.033533732096354164,0.2956288655598958,0.120086669921875,0.09970601399739583,ZNF565,tf
ENSG00000186017,19,36391258,36587865,196608,-1,True,9,0.006769816080729167,0.024876912434895832,0.004480997721354167,0.19165547688802084,0.129486083984375,0.4213307698567708,0.22139994303385416,0.006769816080729167,0.025705973307291668,0.036127726236979164,0.19165547688802084,0.13092041015625,0.22139994303385416,ZNF566,tf
ENSG00000189042,19,36589308,36785915,196608,1,True,12,0.010386149088541666,0.0248565673828125,0.0007985432942708334,0.16961669921875,0.18657430013020834,0.593536376953125,0.014231363932291666,0.010386149088541666,0.0252838134765625,0.036041259765625,0.16961669921875,0.18875630696614584,0.014231363932291666,ZNF567,tf
ENSG00000198453,19,36818028,37014635,196608,1,True,10,0.019317626953125,0.07244364420572917,0.0029652913411458335,0.356536865234375,0.14269510904947916,0.391876220703125,0.014165242513020834,0.019317626953125,0.085479736328125,0.0947265625,0.356536865234375,0.15920511881510416,0.014165242513020834,ZNF568,tf
ENSG00000196437,19,37369141,37565748,196608,-1,True,10,0.010843912760416666,0.017049153645833332,0.0004831949869791667,0.2686869303385417,0.20794677734375,0.364959716796875,0.13003031412760416,0.010843912760416666,0.018707275390625,0.028376261393229168,0.2686869303385417,0.211822509765625,0.13003031412760416,ZNF569,tf
ENSG00000171827,19,37371052,37567659,196608,1,True,9,0.009531656901041666,0.021433512369791668,0.0015462239583333333,0.07503763834635417,0.21318562825520834,0.5578104654947916,0.12145487467447917,0.009531656901041666,0.029454549153645832,0.032511393229166664,0.07503763834635417,0.2147216796875,0.12145487467447917,ZNF570,tf
ENSG00000180479,19,37496489,37693096,196608,-1,True,9,0.010859171549479166,0.021998087565104168,3.0517578125e-05,0.17235819498697916,0.17078145345052084,0.6205851236979166,0.003387451171875,0.010859171549479166,0.021998087565104168,0.032887776692708336,0.17235819498697916,0.20797220865885416,0.003387451171875,ZNF571,tf
ENSG00000180938,8,124874991,125071598,196608,1,True,10,0.0080718994140625,0.017613728841145832,1.52587890625e-05,0.005452473958333333,0.10897318522135417,0.7048594156901041,0.1550140380859375,0.0080718994140625,0.017613728841145832,0.025700887044270832,0.005452473958333333,0.10897318522135417,0.1550140380859375,ZNF572,tf
ENSG00000189144,19,37681283,37877890,196608,-1,True,15,0.011728922526041666,0.006200154622395833,0.00726318359375,0.3891754150390625,0.109527587890625,0.432220458984375,0.04388427734375,0.011728922526041666,0.016438802083333332,0.0251922607421875,0.3891754150390625,0.12390645345052083,0.04388427734375,ZNF573,tf
ENSG00000105732,19,41977862,42174469,196608,1,True,7,0.015045166015625,0.009429931640625,1.52587890625e-05,0.042017618815104164,0.1069183349609375,0.7992350260416666,0.027338663736979168,0.015045166015625,0.009531656901041666,0.0244903564453125,0.042017618815104164,0.11455281575520833,0.027338663736979168,ZNF574,tf
ENSG00000176472,19,43434884,43631491,196608,1,True,13,0.0052490234375,0.021626790364583332,1.52587890625e-05,0.0290679931640625,0.19419352213541666,0.5203806559244791,0.22946675618489584,0.0052490234375,0.023137410481770832,0.026891072591145832,0.0290679931640625,0.19816080729166666,0.22946675618489584,ZNF575,tf
ENSG00000124444,19,43498291,43694898,196608,1,True,17,0.002593994140625,0.013468424479166666,0.0018056233723958333,0.006535847981770833,0.20356241861979166,0.6669769287109375,0.1050567626953125,0.002593994140625,0.013468424479166666,0.0178680419921875,0.006535847981770833,0.20471700032552084,0.1050567626953125,ZNF576,tf
ENSG00000161551,19,51789648,51986255,196608,-1,True,12,0.007486979166666667,0.052988688151041664,0.0102081298828125,0.3674214680989583,0.12441507975260417,0.3449452718098958,0.09253438313802083,0.007486979166666667,0.052988688151041664,0.07068379720052083,0.3674214680989583,0.16647847493489584,0.09253438313802083,ZNF577,tf
ENSG00000258405,19,52355249,52551856,196608,1,True,11,0.009002685546875,0.025578816731770832,1.52587890625e-05,0.2875162760416667,0.15049235026041666,0.402374267578125,0.12502034505208334,0.009002685546875,0.025578816731770832,0.034596761067708336,0.2875162760416667,0.1913909912109375,0.12502034505208334,ZNF578,tf
ENSG00000218891,19,55482545,55679152,196608,-1,True,19,0.008575439453125,0.0093231201171875,1.52587890625e-05,0.0031585693359375,0.2681427001953125,0.4176737467447917,0.2931111653645833,0.008575439453125,0.0093231201171875,0.017913818359375,0.0031585693359375,0.2681427001953125,0.2931111653645833,ZNF579,tf
ENSG00000213015,19,55542698,55739305,196608,1,True,19,0.00262451171875,0.010670979817708334,1.52587890625e-05,0.029759724934895832,0.2740834554036458,0.4126180013020833,0.2702280680338542,0.00262451171875,0.010670979817708334,0.013310750325520834,0.029759724934895832,0.2766520182291667,0.2702280680338542,ZNF580,tf
ENSG00000171425,19,55545345,55741952,196608,1,True,19,0.0030059814453125,0.007848103841145834,1.52587890625e-05,0.0430908203125,0.2634938557942708,0.3988545735677083,0.28369140625,0.0030059814453125,0.007848103841145834,0.010869344075520834,0.0430908203125,0.2767283121744792,0.28369140625,ZNF581,tf
ENSG00000018869,19,56295231,56491838,196608,-1,True,24,0.0082855224609375,0.008692423502604166,1.52587890625e-05,0.072998046875,0.23079427083333334,0.6654052734375,0.0138092041015625,0.0082855224609375,0.008692423502604166,0.016993204752604168,0.072998046875,0.2674814860026042,0.0138092041015625,ZNF582,tf
ENSG00000198440,19,56306028,56502635,196608,1,True,24,0.008697509765625,0.031010945638020832,0.015594482421875,0.13833109537760416,0.24164326985677084,0.5509134928385416,0.0138092041015625,0.008697509765625,0.031010945638020832,0.055302937825520836,0.13833109537760416,0.2486724853515625,0.0138092041015625,ZNF583,tf
ENSG00000171574,19,58310345,58506952,196608,1,True,36,0.00738525390625,0.013590494791666666,0.0179290771484375,0.1148681640625,0.3490498860677083,0.3960825602213542,0.10109456380208333,0.00738525390625,0.019215901692708332,0.038904825846354164,0.1148681640625,0.3820953369140625,0.10109456380208333,ZNF584,tf
ENSG00000196967,19,37074392,37270999,196608,-1,True,9,0.011988321940104166,0.043390909830729164,0.00022379557291666666,0.2801310221354167,0.15410359700520834,0.510162353515625,0.0,0.011988321940104166,0.044474283854166664,0.05560302734375,0.2801310221354167,0.175811767578125,0.0,ZNF585A,tf
ENSG00000245680,19,37112233,37308840,196608,-1,True,8,0.013041178385416666,0.030726114908854168,0.004414876302083333,0.137847900390625,0.19012959798177084,0.6235605875651041,0.0002797444661458333,0.013041178385416666,0.0408935546875,0.048182169596354164,0.137847900390625,0.1952056884765625,0.0002797444661458333,ZNF585B,tf
ENSG00000083828,19,57671372,57867979,196608,1,True,15,0.007990519205729166,0.01983642578125,4.57763671875e-05,0.2278900146484375,0.205047607421875,0.4663441975911458,0.072845458984375,0.007990519205729166,0.023320515950520832,0.027872721354166668,0.2278900146484375,0.22137451171875,0.072845458984375,ZNF586,tf
ENSG00000198466,19,57751555,57948162,196608,1,True,16,0.0091552734375,0.0263214111328125,0.00201416015625,0.040211995442708336,0.21161397298177084,0.5954132080078125,0.11526997884114583,0.0091552734375,0.0263214111328125,0.0374908447265625,0.040211995442708336,0.2396392822265625,0.11526997884114583,ZNF587,tf
ENSG00000269343,19,57731995,57928602,196608,1,True,15,0.01025390625,0.020650227864583332,1.52587890625e-05,0.1039581298828125,0.21682230631510416,0.5629679361979166,0.08533223470052083,0.01025390625,0.021825154622395832,0.030919392903645832,0.1039581298828125,0.2218017578125,0.08533223470052083,ZNF587B,tf
ENSG00000164048,3,48142800,48339407,196608,1,True,15,0.007008870442708333,0.020411173502604168,0.0006612141927083334,0.2677052815755208,0.056498209635416664,0.3551025390625,0.2926127115885417,0.007008870442708333,0.025960286458333332,0.028081258138020832,0.2677052815755208,0.09477742513020833,0.2926127115885417,ZNF589,tf
ENSG00000166716,15,84650288,84846895,196608,1,True,9,0.0194091796875,0.02508544921875,0.0,0.2509358723958333,0.07659403483072917,0.5243937174479166,0.10358174641927083,0.0194091796875,0.031255086263020836,0.04449462890625,0.2509358723958333,0.07877604166666667,0.10358174641927083,ZNF592,tf
ENSG00000142684,1,26071604,26268211,196608,1,True,15,0.0025227864583333335,0.0012003580729166667,0.0,0.001190185546875,0.14573160807291666,0.4529368082682292,0.3964182535807292,0.0025227864583333335,0.0013275146484375,0.00372314453125,0.001190185546875,0.15064493815104166,0.3964182535807292,ZNF593,tf
ENSG00000180626,17,5093565,5290172,196608,-1,True,10,0.0123138427734375,0.014628092447916666,1.52587890625e-05,0.035776774088541664,0.16457621256510416,0.6141255696614584,0.15856424967447916,0.0123138427734375,0.014628092447916666,0.026957194010416668,0.035776774088541664,0.16457621256510416,0.15856424967447916,ZNF594,tf
ENSG00000272602,4,1,151624,151624,1,True,8,0.013012451854587664,0.010479871260486466,0.0024204611407165092,0.20441354930617844,0.05026908668812325,0.3177992929879175,0.4016052867619902,0.013012451854587664,0.012629926660686963,0.02591278425579064,0.20441354930617844,0.05026908668812325,0.4016052867619902,ZNF595,tf
ENSG00000172748,8,134152,330759,196608,1,True,15,0.008188883463541666,0.022740681966145832,0.008305867513020834,0.12640889485677084,0.09971110026041667,0.5913594563802084,0.14328511555989584,0.008188883463541666,0.0255584716796875,0.039235432942708336,0.12640889485677084,0.13948567708333334,0.14328511555989584,ZNF596,tf
ENSG00000167981,16,3345201,3541808,196608,-1,True,15,0.0064697265625,0.021402994791666668,1.52587890625e-05,0.028523763020833332,0.1678924560546875,0.68170166015625,0.093994140625,0.0064697265625,0.021402994791666668,0.027887980143229168,0.028523763020833332,0.1678924560546875,0.093994140625,ZNF597,tf
ENSG00000167962,16,1911518,2108125,196608,-1,True,31,0.0137939453125,0.0033111572265625,0.006795247395833333,0.037989298502604164,0.3410186767578125,0.4251810709635417,0.17191060384114584,0.0137939453125,0.004725138346354167,0.023900349934895832,0.037989298502604164,0.3435821533203125,0.17191060384114584,ZNF598,tf
ENSG00000153896,19,34674912,34871519,196608,-1,True,12,0.009816487630208334,0.022954305013020832,0.0018107096354166667,0.042510986328125,0.16730753580729166,0.3812255859375,0.3743743896484375,0.009816487630208334,0.0320587158203125,0.034581502278645836,0.042510986328125,0.16730753580729166,0.3743743896484375,ZNF599,tf
ENSG00000189190,19,52688488,52885095,196608,-1,True,11,0.0130462646484375,0.053797403971354164,1.52587890625e-05,0.12071736653645833,0.169189453125,0.475250244140625,0.1679840087890625,0.0130462646484375,0.05511474609375,0.06685892740885417,0.12071736653645833,0.169189453125,0.1679840087890625,ZNF600,tf
ENSG00000196458,12,132858003,133054610,196608,-1,True,12,0.01025390625,0.039621988932291664,0.007090250651041667,0.13631693522135416,0.19964090983072916,0.5932261149088541,0.013849894205729166,0.01025390625,0.039621988932291664,0.056966145833333336,0.13631693522135416,0.20085652669270834,0.013849894205729166,ZNF605,tf
ENSG00000166704,19,57904517,58101124,196608,-1,True,18,0.013132731119791666,0.025293986002604168,0.000701904296875,0.09450785319010417,0.22958882649739584,0.4708048502604167,0.1659698486328125,0.013132731119791666,0.0360260009765625,0.039128621419270836,0.09450785319010417,0.23753865559895834,0.1659698486328125,ZNF606,tf
ENSG00000198182,19,37621458,37818065,196608,-1,True,13,0.010996500651041666,0.015355428059895834,3.0517578125e-05,0.09270222981770833,0.11165873209635417,0.725372314453125,0.04388427734375,0.010996500651041666,0.018259684244791668,0.0263824462890625,0.09270222981770833,0.11945088704427083,0.04388427734375,ZNF607,tf
ENSG00000168916,5,124648336,124844943,196608,-1,True,6,0.010416666666666666,0.005879720052083333,0.001068115234375,0.4936625162760417,0.006439208984375,0.17725626627604166,0.3052775065104167,0.010416666666666666,0.008341471354166666,0.017364501953125,0.4936625162760417,0.014180501302083334,0.3052775065104167,ZNF608,tf
ENSG00000180357,15,64362274,64558881,196608,1,True,6,0.0050506591796875,0.015858968098958332,1.52587890625e-05,0.4790751139322917,0.036478678385416664,0.4364013671875,0.027119954427083332,0.0050506591796875,0.015858968098958332,0.020924886067708332,0.4790751139322917,0.0435791015625,0.027119954427083332,ZNF609,tf
ENSG00000167554,19,52237939,52434546,196608,1,True,15,0.007049560546875,0.009633382161458334,0.0013783772786458333,0.14233907063802084,0.19895426432291666,0.576690673828125,0.06395467122395833,0.007049560546875,0.009633382161458334,0.018061319986979168,0.14233907063802084,0.1999664306640625,0.06395467122395833,ZNF610,tf
ENSG00000213020,19,52636741,52833348,196608,-1,True,8,0.011433919270833334,0.027364095052083332,0.010289510091145834,0.1150360107421875,0.14035542805989584,0.5275370279947916,0.1679840087890625,0.011433919270833334,0.0378875732421875,0.0490875244140625,0.1150360107421875,0.143096923828125,0.1679840087890625,ZNF611,tf
ENSG00000176024,19,51829168,52025775,196608,1,True,13,0.0098724365234375,0.018697102864583332,0.0016733805338541667,0.07968648274739583,0.2453460693359375,0.5291951497395834,0.11552937825520833,0.0098724365234375,0.019170125325520832,0.030242919921875,0.07968648274739583,0.24660237630208334,0.11552937825520833,ZNF613,tf
ENSG00000142556,19,51930076,52126683,196608,-1,True,12,0.009511311848958334,0.021484375,4.57763671875e-05,0.0578460693359375,0.196533203125,0.6127878824869791,0.1017913818359375,0.009511311848958334,0.023310343424479168,0.031041463216145832,0.0578460693359375,0.19970703125,0.1017913818359375,ZNF614,tf
ENSG00000197619,19,51909908,52106515,196608,-1,True,11,0.011606852213541666,0.01251220703125,0.0006561279296875,0.061177571614583336,0.2088165283203125,0.5579884847005209,0.14724222819010416,0.011606852213541666,0.022623697916666668,0.024775187174479168,0.061177571614583336,0.2088165283203125,0.14724222819010416,ZNF615,tf
ENSG00000204611,19,52041635,52238242,196608,-1,True,15,0.012339274088541666,0.017313639322916668,1.52587890625e-05,0.10711669921875,0.12815348307291666,0.6595509847005209,0.07551066080729167,0.012339274088541666,0.028523763020833332,0.029668172200520832,0.10711669921875,0.12836201985677084,0.07551066080729167,ZNF616,tf
ENSG00000157657,9,113778005,113974612,196608,1,True,2,0.0003916422526041667,0.0016733805338541667,0.0,0.4992421468098958,0.007624308268229167,0.08011881510416667,0.41094970703125,0.0003916422526041667,0.0016733805338541667,0.0020650227864583335,0.4992421468098958,0.007624308268229167,0.41094970703125,ZNF618,tf
ENSG00000177873,3,40378818,40575425,196608,1,True,6,0.0098724365234375,0.01666259765625,0.000579833984375,0.043792724609375,0.14682515462239584,0.6838175455729166,0.09844970703125,0.0098724365234375,0.025767008463541668,0.0271148681640625,0.043792724609375,0.147979736328125,0.09844970703125,ZNF619,tf
ENSG00000177842,3,40407735,40604342,196608,1,True,9,0.0074462890625,0.012603759765625,3.0517578125e-05,0.19153849283854166,0.12653096516927084,0.4336140950520833,0.22823588053385416,0.0074462890625,0.01904296875,0.02008056640625,0.19153849283854166,0.1541290283203125,0.22823588053385416,ZNF620,tf
ENSG00000172888,3,40426656,40623263,196608,1,True,11,0.006876627604166667,0.0364837646484375,0.0021260579427083335,0.20785013834635416,0.1268463134765625,0.39129638671875,0.22852071126302084,0.006876627604166667,0.037709554036458336,0.0454864501953125,0.20785013834635416,0.1268463134765625,0.22852071126302084,ZNF621,tf
ENSG00000173545,5,16367497,16564104,196608,-1,True,6,0.0072784423828125,0.0014495849609375,1.52587890625e-05,0.06395975748697917,0.06690470377604167,0.8221893310546875,0.038202921549479164,0.0072784423828125,0.0014495849609375,0.0087432861328125,0.06395975748697917,0.06836954752604167,0.038202921549479164,ZNF622,tf
ENSG00000183309,8,143537715,143734322,196608,1,True,25,0.0081787109375,0.040140787760416664,1.52587890625e-05,0.057973225911458336,0.3602091471354167,0.3243560791015625,0.20912679036458334,0.0081787109375,0.040623982747395836,0.048334757486979164,0.057973225911458336,0.3614959716796875,0.20912679036458334,ZNF623,tf
ENSG00000197566,17,16555547,16752154,196608,-1,True,14,0.0131988525390625,0.0093841552734375,0.0033213297526041665,0.14256795247395834,0.09114583333333333,0.4038645426432292,0.336517333984375,0.0131988525390625,0.0093841552734375,0.025904337565104168,0.14256795247395834,0.09114583333333333,0.336517333984375,ZNF624,tf
ENSG00000257591,19,12058431,12255038,196608,-1,True,18,0.006306966145833333,0.004913330078125,1.52587890625e-05,0.06325276692708333,0.18250528971354166,0.6848653157552084,0.058141072591145836,0.006306966145833333,0.009623209635416666,0.011235555013020834,0.06325276692708333,0.2028350830078125,0.058141072591145836,ZNF625,tf
ENSG00000188171,19,20563268,20759875,196608,-1,True,11,0.008310953776041666,0.026423136393229168,3.0517578125e-05,0.17711893717447916,0.07581583658854167,0.4336598714192708,0.2786407470703125,0.008310953776041666,0.026448567708333332,0.034764607747395836,0.17711893717447916,0.08187357584635417,0.2786407470703125,ZNF626,tf
ENSG00000198551,19,11499179,11695786,196608,1,True,15,0.0070343017578125,0.010136922200520834,0.0022125244140625,0.2847137451171875,0.15671793619791666,0.4111378987630208,0.12804667154947916,0.0070343017578125,0.016565958658854168,0.019383748372395832,0.2847137451171875,0.18381245930989584,0.12804667154947916,ZNF627,tf
ENSG00000197483,19,55378313,55574920,196608,1,True,17,0.0161590576171875,0.0019429524739583333,1.52587890625e-05,0.021916707356770832,0.24509684244791666,0.3685099283854167,0.3463592529296875,0.0161590576171875,0.0019683837890625,0.018117268880208332,0.021916707356770832,0.24509684244791666,0.3463592529296875,ZNF628,tf
ENSG00000102870,16,30688902,30885509,196608,-1,True,19,0.0132598876953125,0.018229166666666668,1.52587890625e-05,0.01300048828125,0.18894449869791666,0.4848073323567708,0.2817433675130208,0.0132598876953125,0.018229166666666668,0.031504313151041664,0.01300048828125,0.18894449869791666,0.2817433675130208,ZNF629,tf
ENSG00000221994,X,47973337,48169944,196608,-1,True,14,0.010233561197916666,0.012654622395833334,1.52587890625e-05,0.4274241129557292,0.056889851888020836,0.1674346923828125,0.325347900390625,0.010233561197916666,0.02203369140625,0.0229034423828125,0.4274241129557292,0.08244832356770833,0.325347900390625,ZNF630,tf
ENSG00000075292,2,71233478,71430085,196608,1,True,4,0.032419840494791664,0.012720743815104166,0.017908732096354168,0.7179412841796875,0.005640665690104167,0.1970672607421875,0.016301472981770832,0.032419840494791664,0.017644246419270832,0.06304931640625,0.7179412841796875,0.0262908935546875,0.016301472981770832,ZNF638,tf
ENSG00000121864,3,179224727,179421334,196608,1,True,10,0.0074920654296875,0.025807698567708332,0.0014750162760416667,0.044331868489583336,0.17754618326822916,0.4320322672526042,0.3113149007161458,0.0074920654296875,0.025807698567708332,0.0347747802734375,0.044331868489583336,0.17754618326822916,0.3113149007161458,ZNF639,tf
ENSG00000167528,12,48252616,48449223,196608,-1,True,14,0.007293701171875,0.045511881510416664,0.0003255208333333333,0.0192718505859375,0.053670247395833336,0.8434549967447916,0.0304718017578125,0.007293701171875,0.045725504557291664,0.053131103515625,0.0192718505859375,0.054173787434895836,0.0304718017578125,ZNF641,tf
ENSG00000122482,1,90923732,91120339,196608,-1,True,1,0.018758138020833332,0.012262980143229166,0.0030059814453125,0.4677073160807292,0.004506429036458333,0.0,0.4937591552734375,0.018758138020833332,0.0123748779296875,0.034027099609375,0.4677073160807292,0.004506429036458333,0.4937591552734375,ZNF644,tf
ENSG00000167395,16,30976118,31172725,196608,1,True,23,0.028513590494791668,0.0212860107421875,1.52587890625e-05,0.0,0.2527008056640625,0.3584442138671875,0.3390401204427083,0.028513590494791668,0.021891276041666668,0.049814860026041664,0.0,0.2565663655598958,0.3390401204427083,ZNF646,tf
ENSG00000179930,1,181963409,182160016,196608,-1,True,11,0.0086669921875,0.009877522786458334,1.52587890625e-05,0.017771402994791668,0.09070332845052083,0.8531087239583334,0.019856770833333332,0.0086669921875,0.009877522786458334,0.018559773763020832,0.017771402994791668,0.09173583984375,0.019856770833333332,ZNF648,tf
ENSG00000198093,19,51806714,52003321,196608,-1,True,12,0.007843017578125,0.012156168619791666,0.0037333170572916665,0.0567169189453125,0.226287841796875,0.5779673258463541,0.11529541015625,0.007843017578125,0.012232462565104166,0.023732503255208332,0.0567169189453125,0.22937520345052084,0.11529541015625,ZNF649,tf
ENSG00000198740,17,49263947,49460554,196608,-1,True,13,0.009521484375,0.0560150146484375,1.52587890625e-05,0.3071085611979167,0.07842000325520833,0.548919677734375,0.0,0.009521484375,0.0560150146484375,0.0655517578125,0.3071085611979167,0.085357666015625,0.0,ZNF652,tf
ENSG00000161914,19,11407536,11604143,196608,-1,True,16,0.011021931966145834,0.0019124348958333333,0.0034281412760416665,0.09763590494791667,0.19214884440104166,0.6390889485677084,0.0547637939453125,0.011021931966145834,0.005025227864583333,0.016362508138020832,0.09763590494791667,0.1949462890625,0.0547637939453125,ZNF653,tf
ENSG00000175105,3,87960951,88157558,196608,1,True,6,0.0174560546875,0.018346150716145832,0.0017445882161458333,0.399566650390625,0.06695048014322917,0.20040384928385416,0.2955322265625,0.0174560546875,0.018346150716145832,0.037546793619791664,0.399566650390625,0.07156880696614583,0.2955322265625,ZNF654,tf
ENSG00000197343,7,99460338,99656945,196608,1,True,12,0.010345458984375,0.022125244140625,0.010258992513020834,0.049067179361979164,0.2005767822265625,0.5122782389322916,0.19534810384114584,0.010345458984375,0.030446370442708332,0.042729695638020836,0.049067179361979164,0.20558675130208334,0.19534810384114584,ZNF655,tf
ENSG00000274349,9,66802421,66999028,196608,1,True,9,0.016459147135416668,0.020146687825520832,3.0517578125e-05,0.3484751383463542,0.053187052408854164,0.2691497802734375,0.2925516764322917,0.016459147135416668,0.020528157552083332,0.0366363525390625,0.3484751383463542,0.0556640625,0.2925516764322917,ZNF658,tf
ENSG00000144792,3,44486660,44683267,196608,1,True,10,0.0050506591796875,0.0323486328125,0.00250244140625,0.06931050618489583,0.21497090657552084,0.5750478108723959,0.10076904296875,0.0050506591796875,0.0323486328125,0.0399017333984375,0.06931050618489583,0.227020263671875,0.10076904296875,ZNF660,tf
ENSG00000182983,3,42807838,43004445,196608,1,True,12,0.008280436197916666,0.022364298502604168,0.0035654703776041665,0.033915201822916664,0.1114044189453125,0.8204701741536459,0.0,0.008280436197916666,0.024144490559895832,0.034210205078125,0.033915201822916664,0.1124267578125,0.0,ZNF662,tf
ENSG00000179195,12,123874911,124071518,196608,1,True,12,0.0039825439453125,0.029805501302083332,0.0053253173828125,0.18316141764322916,0.1190338134765625,0.65869140625,0.0,0.0039825439453125,0.029805501302083332,0.039113362630208336,0.18316141764322916,0.1304779052734375,0.0,ZNF664,tf
ENSG00000197497,19,53095055,53291662,196608,-1,True,16,0.010345458984375,0.0125885009765625,0.016087849934895832,0.134796142578125,0.21124776204427084,0.4864857991536458,0.128448486328125,0.010345458984375,0.012858072916666666,0.039021809895833336,0.134796142578125,0.21307373046875,0.128448486328125,ZNF665,tf
ENSG00000198046,19,56379042,56575649,196608,-1,True,18,0.010060628255208334,0.044825236002604164,0.006220499674479167,0.13962809244791666,0.2778676350911458,0.4785868326822917,0.042811075846354164,0.010060628255208334,0.052846272786458336,0.061106363932291664,0.13962809244791666,0.2821909586588542,0.042811075846354164,ZNF667,tf
ENSG00000167394,16,30975937,31172544,196608,-1,True,23,0.009796142578125,0.011408487955729166,1.52587890625e-05,0.046930948893229164,0.2760721842447917,0.317657470703125,0.3381195068359375,0.009796142578125,0.011759440104166666,0.021219889322916668,0.046930948893229164,0.2886149088541667,0.3381195068359375,ZNF668,tf
ENSG00000188295,1,247006053,247202660,196608,-1,True,18,0.007080078125,0.0029754638671875,1.52587890625e-05,0.012364705403645834,0.13419596354166666,0.6809844970703125,0.162384033203125,0.007080078125,0.005340576171875,0.01007080078125,0.012364705403645834,0.13419596354166666,0.162384033203125,ZNF669,tf
ENSG00000277462,1,246980508,247177115,196608,-1,True,13,0.0059356689453125,0.0153961181640625,1.52587890625e-05,0.203338623046875,0.09163411458333333,0.5330810546875,0.15059916178385416,0.0059356689453125,0.0153961181640625,0.0213470458984375,0.203338623046875,0.09900410970052083,0.15059916178385416,ZNF670,tf
ENSG00000083814,19,57629321,57825928,196608,-1,True,13,0.0091705322265625,0.008778889973958334,1.52587890625e-05,0.022084554036458332,0.172027587890625,0.6520843505859375,0.13583882649739584,0.0091705322265625,0.016316731770833332,0.017964680989583332,0.022084554036458332,0.172027587890625,0.13583882649739584,ZNF671,tf
ENSG00000171161,1,248739920,248936527,196608,1,True,13,0.00689697265625,0.019602457682291668,7.62939453125e-05,0.030954996744791668,0.12381998697916667,0.4771677652994792,0.3414815266927083,0.00689697265625,0.019602457682291668,0.026575724283854168,0.030954996744791668,0.12381998697916667,0.3414815266927083,ZNF672,tf
ENSG00000251192,X,46447118,46643725,196608,-1,True,8,0.009175618489583334,0.0123443603515625,0.010538736979166666,0.210723876953125,0.13557942708333334,0.5707346598307291,0.0509033203125,0.009175618489583334,0.0123443603515625,0.0320587158203125,0.210723876953125,0.13620503743489584,0.0509033203125,ZNF674,tf
ENSG00000197372,19,23588909,23785516,196608,-1,True,7,0.00927734375,0.006378173828125,0.011896769205729166,0.4724884033203125,0.054285685221354164,0.16261800130208334,0.2830556233723958,0.00927734375,0.008234659830729166,0.027552286783854168,0.4724884033203125,0.06885782877604167,0.2830556233723958,ZNF675,tf
ENSG00000196109,19,22098648,22295255,196608,-1,True,15,0.00946044921875,0.009409586588541666,0.008275349934895834,0.16265360514322916,0.040715535481770836,0.3017374674479167,0.4677480061848958,0.00946044921875,0.009882609049479166,0.0271453857421875,0.16265360514322916,0.0437774658203125,0.4677480061848958,ZNF676,tf
ENSG00000197928,19,53156570,53353177,196608,-1,True,17,0.009989420572916666,0.016321818033854168,0.021245320638020832,0.051717122395833336,0.15565999348958334,0.4833272298177083,0.2617390950520833,0.009989420572916666,0.016682942708333332,0.047556559244791664,0.051717122395833336,0.15817769368489584,0.2617390950520833,ZNF677,tf
ENSG00000181450,1,227465252,227661859,196608,1,True,9,0.009282430013020834,0.0316314697265625,1.52587890625e-05,0.459136962890625,0.030771891276041668,0.06036376953125,0.4087982177734375,0.009282430013020834,0.032903035481770836,0.040929158528645836,0.459136962890625,0.034184773763020836,0.4087982177734375,ZNF678,tf
ENSG00000197123,7,64130170,64326777,196608,1,True,10,0.0062713623046875,0.0016835530598958333,1.52587890625e-05,0.1876373291015625,0.059122721354166664,0.296905517578125,0.4483642578125,0.0062713623046875,0.0016835530598958333,0.007970174153645834,0.1876373291015625,0.061055501302083336,0.4483642578125,ZNF679,tf
ENSG00000173041,7,64464768,64661375,196608,-1,True,11,0.009490966796875,0.015803019205729168,0.0038197835286458335,0.19061787923177084,0.0769805908203125,0.4241078694661458,0.2791798909505208,0.009490966796875,0.015803019205729168,0.02911376953125,0.19061787923177084,0.07987467447916667,0.2791798909505208,ZNF680,tf
ENSG00000196172,19,23660588,23857195,196608,-1,True,9,0.0098419189453125,0.023188273111979168,1.52587890625e-05,0.067138671875,0.09067281087239583,0.5260874430338541,0.2830556233723958,0.0098419189453125,0.023595174153645832,0.033045450846354164,0.067138671875,0.09067281087239583,0.2830556233723958,ZNF681,tf
ENSG00000197124,19,19941202,20137809,196608,-1,True,13,0.008183797200520834,0.01239013671875,0.004689534505208333,0.19063822428385416,0.08615620930989583,0.3972015380859375,0.3007405598958333,0.008183797200520834,0.014129638671875,0.025263468424479168,0.19063822428385416,0.0890655517578125,0.3007405598958333,ZNF682,tf
ENSG00000176083,1,26274447,26471054,196608,-1,True,11,0.008183797200520834,0.006072998046875,1.52587890625e-05,0.0512847900390625,0.15045166015625,0.5792032877604166,0.2047882080078125,0.008183797200520834,0.006261189778645833,0.014272054036458334,0.0512847900390625,0.15045166015625,0.2047882080078125,ZNF683,tf
ENSG00000117010,1,40433333,40629940,196608,1,True,14,0.007090250651041667,0.014363606770833334,0.0015462239583333333,0.061411539713541664,0.136932373046875,0.4916330973307292,0.2870229085286458,0.007090250651041667,0.0146636962890625,0.023000081380208332,0.061411539713541664,0.138916015625,0.2870229085286458,ZNF684,tf
ENSG00000143373,1,151183995,151380602,196608,1,True,11,0.0194244384765625,0.015452067057291666,0.0005391438802083334,0.018900553385416668,0.139617919921875,0.6136932373046875,0.19237263997395834,0.0194244384765625,0.020741780598958332,0.0354156494140625,0.018900553385416668,0.14399210611979166,0.19237263997395834,ZNF687,tf
ENSG00000229809,16,30473411,30670018,196608,-1,True,25,0.005584716796875,0.0079193115234375,0.0011189778645833333,0.0029449462890625,0.258544921875,0.5335286458333334,0.19035847981770834,0.005584716796875,0.0079193115234375,0.014623006184895834,0.0029449462890625,0.2612813313802083,0.19035847981770834,ZNF688,tf
ENSG00000156853,16,30512086,30708693,196608,-1,True,27,0.00762939453125,0.010447184244791666,0.0030924479166666665,0.08795674641927083,0.22693379720052084,0.3722686767578125,0.2916717529296875,0.00762939453125,0.010447184244791666,0.021169026692708332,0.08795674641927083,0.23483784993489584,0.2916717529296875,ZNF689,tf
ENSG00000164011,1,42748309,42944916,196608,1,True,14,0.0052337646484375,0.018498738606770832,1.52587890625e-05,0.00628662109375,0.20776875813802084,0.6958109537760416,0.06638590494791667,0.0052337646484375,0.018971761067708332,0.023747762044270832,0.00628662109375,0.20776875813802084,0.06638590494791667,ZNF691,tf
ENSG00000171163,1,248760782,248956422,195641,-1,True,12,0.008868284255345249,0.007978900128296216,0.003603539135457292,0.026272611569149618,0.11690801007968678,0.3944623059583625,0.44190634887370234,0.008868284255345249,0.015548888014271038,0.020450723519098758,0.026272611569149618,0.11690801007968678,0.44190634887370234,ZNF692,tf
ENSG00000197472,1,246909754,247106361,196608,-1,True,8,0.0084991455078125,0.010589599609375,1.52587890625e-05,0.2990264892578125,0.055908203125,0.4522908528645833,0.17367045084635416,0.0084991455078125,0.011189778645833334,0.01910400390625,0.2990264892578125,0.0710601806640625,0.17367045084635416,ZNF695,tf
ENSG00000185730,8,143193113,143389720,196608,1,True,15,0.006657918294270833,0.029474894205729168,3.0517578125e-05,0.016108194986979168,0.19057718912760416,0.4245656331380208,0.3325856526692708,0.006657918294270833,0.030059814453125,0.036163330078125,0.016108194986979168,0.19171142578125,0.3325856526692708,ZNF696,tf
ENSG00000143067,1,119549963,119746570,196608,-1,True,13,0.0083160400390625,0.021001180013020832,1.52587890625e-05,0.11856587727864583,0.09314473470052083,0.6471761067708334,0.11178080240885417,0.0083160400390625,0.021001180013020832,0.029332478841145832,0.11856587727864583,0.09357198079427083,0.11178080240885417,ZNF697,tf
ENSG00000196110,19,9211535,9408142,196608,-1,True,15,0.009796142578125,0.024561564127604168,1.52587890625e-05,0.060735066731770836,0.146514892578125,0.391693115234375,0.3666839599609375,0.009796142578125,0.024561564127604168,0.034372965494791664,0.060735066731770836,0.1485748291015625,0.3666839599609375,ZNF699,tf
ENSG00000196757,19,11826803,12023410,196608,1,True,15,0.0113677978515625,0.005498250325520833,1.52587890625e-05,0.11386617024739583,0.14444986979166666,0.5559031168619791,0.1688995361328125,0.0113677978515625,0.005498250325520833,0.016881306966145832,0.11386617024739583,0.14773050944010416,0.1688995361328125,ZNF700,tf
ENSG00000167562,19,52471983,52668590,196608,1,True,12,0.008855183919270834,0.0536956787109375,0.0067291259765625,0.155059814453125,0.1246337890625,0.59625244140625,0.054773966471354164,0.008855183919270834,0.055455525716145836,0.06927998860677083,0.155059814453125,0.1599884033203125,0.054773966471354164,ZNF701,tf
ENSG00000183779,8,37597478,37794085,196608,1,True,16,0.009002685546875,0.007848103841145834,1.52587890625e-05,0.004689534505208333,0.14614359537760416,0.6937815348307291,0.138519287109375,0.009002685546875,0.007848103841145834,0.016866048177083332,0.004689534505208333,0.15105183919270834,0.138519287109375,ZNF703,tf
ENSG00000164684,8,80776478,80973085,196608,-1,True,4,0.0037790934244791665,0.003082275390625,0.0007527669270833334,0.4923858642578125,0.0545501708984375,0.15665690104166666,0.2887929280598958,0.0037790934244791665,0.0031890869140625,0.0076141357421875,0.4923858642578125,0.058298746744791664,0.2887929280598958,ZNF704,tf
ENSG00000196946,12,8058711,8255318,196608,1,True,20,0.004740397135416667,0.0137786865234375,3.0517578125e-05,0.14178466796875,0.219879150390625,0.5660552978515625,0.053731282552083336,0.004740397135416667,0.0137786865234375,0.018549601236979168,0.14178466796875,0.23892720540364584,0.053731282552083336,ZNF705A,tf
ENSG00000215356,8,7828033,8024640,196608,1,True,14,0.00457763671875,0.0015462239583333333,1.52587890625e-05,0.126495361328125,0.07741800944010417,0.3877156575520833,0.4022318522135417,0.00457763671875,0.0015462239583333333,0.006139119466145833,0.126495361328125,0.07854715983072917,0.4022318522135417,ZNF705B,tf
ENSG00000215343,8,11991034,12187641,196608,1,True,20,0.00457763671875,0.014139811197916666,1.52587890625e-05,0.11442057291666667,0.13249715169270834,0.4337259928385417,0.3006235758463542,0.00457763671875,0.014139811197916666,0.018732706705729168,0.11442057291666667,0.13362630208333334,0.3006235758463542,ZNF705D,tf
ENSG00000215372,8,7287255,7483862,196608,-1,True,14,0.00457763671875,0.013941446940104166,1.52587890625e-05,0.13426717122395834,0.11738077799479167,0.3925730387369792,0.3372446695963542,0.00457763671875,0.013941446940104166,0.018534342447916668,0.13426717122395834,0.11866251627604167,0.3372446695963542,ZNF705G,tf
ENSG00000120963,8,101107370,101303977,196608,-1,True,11,0.0014597574869791667,0.043390909830729164,0.0028228759765625,0.10168965657552083,0.08027140299479167,0.515960693359375,0.2544047037760417,0.0014597574869791667,0.0438232421875,0.047673543294270836,0.10168965657552083,0.08027140299479167,0.2544047037760417,ZNF706,tf
ENSG00000181135,8,143586175,143782782,196608,1,True,15,0.006322224934895833,0.017832438151041668,0.0125579833984375,0.11306254069010417,0.2556915283203125,0.4055379231770833,0.188995361328125,0.006322224934895833,0.023518880208333332,0.036712646484375,0.11306254069010417,0.2742919921875,0.188995361328125,ZNF707,tf
ENSG00000182141,19,21231107,21427714,196608,-1,True,11,0.0091552734375,0.049077351888020836,0.0006357828776041666,0.1720123291015625,0.11359151204427083,0.2675679524739583,0.3879597981770833,0.0091552734375,0.0570220947265625,0.058868408203125,0.1720123291015625,0.1201019287109375,0.3879597981770833,ZNF708,tf
ENSG00000242852,19,12386513,12583120,196608,-1,True,18,0.0102386474609375,0.015111287434895834,0.0036163330078125,0.23893229166666666,0.10283406575520833,0.6292673746744791,0.0,0.0102386474609375,0.015111287434895834,0.028966267903645832,0.23893229166666666,0.1372833251953125,0.0,ZNF709,tf
ENSG00000140548,15,89903020,90099627,196608,1,True,13,0.011210123697916666,0.022038777669270832,6.103515625e-05,0.3889872233072917,0.0334930419921875,0.22942097981770834,0.314788818359375,0.011210123697916666,0.022038777669270832,0.0333099365234375,0.3889872233072917,0.057917277018229164,0.314788818359375,ZNF710,tf
ENSG00000147180,X,85145687,85342294,196608,1,True,5,0.0123138427734375,0.019022623697916668,1.52587890625e-05,0.11912027994791667,0.048853556315104164,0.7837727864583334,0.016901652018229168,0.0123138427734375,0.019022623697916668,0.031351725260416664,0.11912027994791667,0.049224853515625,0.016901652018229168,ZNF711,tf
ENSG00000178665,7,55789152,55985759,196608,1,True,11,0.0070953369140625,0.017908732096354168,0.007954915364583334,0.24716695149739584,0.07184855143229167,0.5226542154947916,0.12537129720052084,0.0070953369140625,0.024419148763020832,0.032958984375,0.24716695149739584,0.07735188802083333,0.12537129720052084,ZNF713,tf
ENSG00000160352,19,20983899,21180506,196608,1,True,8,0.009709676106770834,0.037684122721354164,0.004328409830729167,0.19344584147135416,0.048431396484375,0.3532257080078125,0.3531748453776042,0.009709676106770834,0.0461578369140625,0.051722208658854164,0.19344584147135416,0.050877888997395836,0.3531748453776042,ZNF714,tf
ENSG00000182111,7,57351873,57548480,196608,1,True,8,0.0075531005859375,0.018931070963541668,1.52587890625e-05,0.09243265787760417,0.06516520182291667,0.07839457194010417,0.7375081380208334,0.0075531005859375,0.018931070963541668,0.026499430338541668,0.09243265787760417,0.06516520182291667,0.7375081380208334,ZNF716,tf
ENSG00000227124,3,75687246,75883853,196608,-1,True,5,0.015146891276041666,0.0118560791015625,0.010584513346354166,0.4626261393229167,0.005950927734375,0.21349589029947916,0.2803395589192708,0.015146891276041666,0.026031494140625,0.037587483723958336,0.4626261393229167,0.017293294270833332,0.2803395589192708,ZNF717,tf
ENSG00000250312,4,26197,222804,196608,1,True,11,0.007425944010416667,0.018346150716145832,3.0517578125e-05,0.3699239095052083,0.055262247721354164,0.3340403238932292,0.21497090657552084,0.007425944010416667,0.018834431966145832,0.0258026123046875,0.3699239095052083,0.061162312825520836,0.21497090657552084,ZNF718,tf
ENSG00000182903,4,400853,597460,196608,-1,True,7,0.015467325846354166,0.017018636067708332,1.52587890625e-05,0.3405354817708333,0.1038055419921875,0.3510386149088542,0.172119140625,0.015467325846354166,0.017862955729166668,0.032501220703125,0.3405354817708333,0.11919148763020833,0.172119140625,ZNF721,tf
ENSG00000268696,19,22733987,22930594,196608,1,True,11,0.0078277587890625,0.0016428629557291667,1.52587890625e-05,0.12467447916666667,0.0657958984375,0.3102366129557292,0.48980712890625,0.0078277587890625,0.0016428629557291667,0.009485880533854166,0.12467447916666667,0.06828816731770833,0.48980712890625,ZNF723,tf
ENSG00000196081,19,23152091,23348698,196608,-1,True,14,0.009470621744791666,0.007415771484375,3.0517578125e-05,0.129547119140625,0.10155232747395833,0.2494354248046875,0.5025482177734375,0.009470621744791666,0.00750732421875,0.016916910807291668,0.129547119140625,0.11188252766927083,0.5025482177734375,ZNF724,tf
ENSG00000213967,19,23816582,24013189,196608,1,True,9,0.010157267252604166,0.020456949869791668,7.62939453125e-05,0.12334187825520833,0.07769266764322917,0.3826548258463542,0.3856201171875,0.010157267252604166,0.020456949869791668,0.030690511067708332,0.12334187825520833,0.09586079915364583,0.3856201171875,ZNF726,tf
ENSG00000214652,7,63947130,64143737,196608,1,True,22,0.0076141357421875,0.035491943359375,0.008611043294270834,0.2998860677083333,0.08475240071614583,0.54217529296875,0.0214691162109375,0.0076141357421875,0.035491943359375,0.051717122395833336,0.2998860677083333,0.13028462727864584,0.0214691162109375,ZNF727,tf
ENSG00000269067,19,22904873,23101480,196608,-1,True,10,0.010340372721354166,0.003753662109375,3.0517578125e-05,0.12978617350260416,0.060089111328125,0.3583272298177083,0.4376729329427083,0.010340372721354166,0.0061798095703125,0.014124552408854166,0.12978617350260416,0.06300862630208333,0.4376729329427083,ZNF728,tf
ENSG00000196350,19,22188137,22384744,196608,1,True,13,0.01910400390625,0.0004323323567708333,1.52587890625e-05,0.13677978515625,0.0426177978515625,0.3821461995442708,0.4189046223958333,0.01910400390625,0.0004323323567708333,0.019551595052083332,0.13677978515625,0.045496622721354164,0.4189046223958333,ZNF729,tf
ENSG00000183850,19,23018721,23215328,196608,1,True,8,0.008321126302083334,0.008127848307291666,4.57763671875e-05,0.3497772216796875,0.039011637369791664,0.14308675130208334,0.451629638671875,0.008321126302083334,0.008600870768229166,0.0164947509765625,0.3497772216796875,0.0592498779296875,0.451629638671875,ZNF730,tf
ENSG00000186777,4,207171,403778,196608,-1,True,12,0.0089263916015625,0.00299072265625,1.52587890625e-05,0.165069580078125,0.10718282063802083,0.6005147298177084,0.11530049641927083,0.0089263916015625,0.00299072265625,0.011932373046875,0.165069580078125,0.10718282063802083,0.11530049641927083,ZNF732,tf
ENSG00000223614,7,64108899,64305506,196608,1,True,14,0.00628662109375,0.0,1.52587890625e-05,0.060267130533854164,0.0742645263671875,0.4108022054036458,0.4483642578125,0.00628662109375,0.0,0.0063018798828125,0.060267130533854164,0.0742645263671875,0.4483642578125,ZNF735,tf
ENSG00000234444,7,64215657,64412264,196608,1,True,7,0.0065155029296875,0.0407867431640625,0.009577433268229166,0.19324239095052084,0.050084431966145836,0.5280303955078125,0.17176310221354166,0.0065155029296875,0.0407867431640625,0.056879679361979164,0.19324239095052084,0.0550537109375,0.17176310221354166,ZNF736,tf
ENSG00000237440,19,20467478,20664085,196608,-1,True,7,0.009862263997395834,0.035756429036458336,4.57763671875e-05,0.10684712727864583,0.06667582194010417,0.7738749186197916,0.006937662760416667,0.009862263997395834,0.037160237630208336,0.045664469401041664,0.10684712727864583,0.06689961751302083,0.006937662760416667,ZNF737,tf
ENSG00000172687,19,21260696,21457303,196608,1,True,11,0.007868448893229166,0.041025797526041664,4.57763671875e-05,0.1018829345703125,0.15775044759114584,0.3820699055989583,0.309356689453125,0.007868448893229166,0.0430908203125,0.048940022786458336,0.1018829345703125,0.16872660319010416,0.309356689453125,ZNF738,tf
ENSG00000139651,12,53082418,53279025,196608,1,True,19,0.0029449462890625,0.044041951497395836,0.0024820963541666665,0.024022420247395832,0.15009562174479166,0.4489288330078125,0.327484130859375,0.0029449462890625,0.044041951497395836,0.049468994140625,0.024022420247395832,0.16119384765625,0.327484130859375,ZNF740,tf
ENSG00000181220,7,149399506,149596113,196608,-1,True,8,0.010279337565104166,0.031834920247395836,0.0006256103515625,0.0850372314453125,0.07633463541666667,0.4857838948567708,0.3101043701171875,0.010279337565104166,0.031834920247395836,0.0427398681640625,0.0850372314453125,0.08175150553385417,0.3101043701171875,ZNF746,tf
ENSG00000169955,16,30436555,30633162,196608,-1,True,25,0.005762736002604167,0.014256795247395834,0.0,0.005315144856770833,0.20941670735677084,0.497802734375,0.2674458821614583,0.005762736002604167,0.01708984375,0.02001953125,0.005315144856770833,0.21898396809895834,0.2674458821614583,ZNF747,tf
ENSG00000186230,19,57337021,57533628,196608,1,True,20,0.011871337890625,0.009511311848958334,0.0022023518880208335,0.03631591796875,0.2634175618489583,0.5188090006510416,0.15787251790364584,0.011871337890625,0.01019287109375,0.023585001627604168,0.03631591796875,0.2658538818359375,0.15787251790364584,ZNF749,tf
ENSG00000141579,17,82741719,82938326,196608,-1,True,7,0.0110321044921875,0.005015055338541667,1.52587890625e-05,0.0377960205078125,0.11290995279947917,0.8298899332682291,0.0033416748046875,0.0110321044921875,0.0061798095703125,0.016062418619791668,0.0377960205078125,0.1167449951171875,0.0033416748046875,ZNF750,tf
ENSG00000160336,19,53333680,53530287,196608,1,True,18,0.011820475260416666,0.023885091145833332,1.52587890625e-05,0.14577229817708334,0.195465087890625,0.5628153483072916,0.0602264404296875,0.011820475260416666,0.034795125325520836,0.0357208251953125,0.14577229817708334,0.244720458984375,0.0602264404296875,ZNF761,tf
ENSG00000197054,19,11866736,12063343,196608,1,True,13,0.006500244140625,0.0091552734375,1.52587890625e-05,0.06357828776041667,0.13791402180989584,0.672119140625,0.1107177734375,0.006500244140625,0.010594685872395834,0.0156707763671875,0.06357828776041667,0.1461029052734375,0.1107177734375,ZNF763,tf
ENSG00000169951,16,30460071,30656678,196608,-1,True,25,0.0062255859375,0.008249918619791666,0.0007273356119791666,0.008249918619791666,0.22754414876302084,0.5041300455729166,0.244873046875,0.0062255859375,0.008249918619791666,0.015202840169270834,0.008249918619791666,0.23257954915364584,0.244873046875,ZNF764,tf
ENSG00000196417,19,53296845,53493452,196608,1,True,16,0.0092010498046875,0.052881876627604164,0.0019683837890625,0.14255777994791666,0.17589823404947916,0.443267822265625,0.174224853515625,0.0092010498046875,0.054056803385416664,0.06405131022135417,0.14255777994791666,0.19045511881510416,0.174224853515625,ZNF765,tf
ENSG00000196214,19,52171283,52367890,196608,1,True,15,0.008000691731770834,0.027496337890625,0.0017293294270833333,0.09735616048177083,0.128143310546875,0.7364552815755209,0.0008188883463541666,0.008000691731770834,0.0342864990234375,0.037226359049479164,0.09735616048177083,0.135650634765625,0.0008188883463541666,ZNF766,tf
ENSG00000169957,16,30428263,30624870,196608,-1,True,26,0.00823974609375,0.0037943522135416665,1.52587890625e-05,0.0022837320963541665,0.22689310709635416,0.5022786458333334,0.2564951578776042,0.00823974609375,0.0038197835286458335,0.012049357096354166,0.0022837320963541665,0.22754923502604166,0.2564951578776042,ZNF768,tf
ENSG00000198146,15,34889984,35086591,196608,-1,True,8,0.0105438232421875,0.0284423828125,1.52587890625e-05,0.0176544189453125,0.0515594482421875,0.7354075113932291,0.15637715657552084,0.0105438232421875,0.0284423828125,0.03900146484375,0.0176544189453125,0.06267801920572917,0.15637715657552084,ZNF770,tf
ENSG00000179965,16,30309302,30505909,196608,1,True,22,0.005615234375,0.025690714518229168,4.57763671875e-05,0.090545654296875,0.17350260416666666,0.4285176595052083,0.2760823567708333,0.005615234375,0.026163736979166668,0.031351725260416664,0.090545654296875,0.1821441650390625,0.2760823567708333,ZNF771,tf
ENSG00000197128,19,57379263,57575870,196608,-1,True,20,0.0084075927734375,0.0225677490234375,3.0517578125e-05,0.02447509765625,0.2931060791015625,0.5434621175130209,0.10795084635416667,0.0084075927734375,0.02862548828125,0.031005859375,0.02447509765625,0.2954457600911458,0.10795084635416667,ZNF772,tf
ENSG00000152439,19,57401634,57598241,196608,1,True,19,0.007197062174479167,0.032079060872395836,0.0021311442057291665,0.052637736002604164,0.2928568522135417,0.5051472981770834,0.10795084635416667,0.007197062174479167,0.032079060872395836,0.041407267252604164,0.052637736002604164,0.3023427327473958,0.10795084635416667,ZNF773,tf
ENSG00000196391,15,90253980,90450587,196608,1,True,19,0.0077667236328125,0.0352935791015625,3.0517578125e-05,0.0426788330078125,0.08246358235677083,0.6061299641927084,0.22563680013020834,0.0077667236328125,0.036783854166666664,0.0430908203125,0.0426788330078125,0.08246358235677083,0.22563680013020834,ZNF774,tf
ENSG00000196456,7,150281026,150477633,196608,1,True,16,0.00836181640625,0.022145589192708332,1.52587890625e-05,0.12127685546875,0.15823872884114584,0.5516560872395834,0.1383056640625,0.00836181640625,0.022145589192708332,0.030522664388020832,0.12127685546875,0.18731689453125,0.1383056640625,ZNF775,tf
ENSG00000152443,19,57648511,57845118,196608,1,True,13,0.008000691731770834,0.018819173177083332,0.0009206136067708334,0.0299072265625,0.16351318359375,0.6711781819661459,0.10766092936197917,0.008000691731770834,0.019627888997395832,0.027740478515625,0.0299072265625,0.1667327880859375,0.10766092936197917,ZNF776,tf
ENSG00000196453,7,149362759,149559366,196608,-1,True,7,0.0126953125,0.007298787434895833,1.52587890625e-05,0.13105265299479166,0.10033671061197917,0.4384969075520833,0.3101043701171875,0.0126953125,0.007298787434895833,0.020009358723958332,0.13105265299479166,0.10599772135416667,0.3101043701171875,ZNF777,tf
ENSG00000170100,16,89119399,89316006,196608,1,True,15,0.0115509033203125,0.045415242513020836,0.0007832845052083334,0.041178385416666664,0.27056884765625,0.4207000732421875,0.20980326334635416,0.0115509033203125,0.052276611328125,0.057749430338541664,0.041178385416666664,0.2726186116536458,0.20980326334635416,ZNF778,tf
ENSG00000197782,19,39992640,40189247,196608,-1,True,10,0.010772705078125,0.0589141845703125,1.52587890625e-05,0.042139689127604164,0.1391448974609375,0.6216227213541666,0.12739054361979166,0.010772705078125,0.0602874755859375,0.0697021484375,0.042139689127604164,0.14287821451822916,0.12739054361979166,ZNF780A,tf
ENSG00000128000,19,39957928,40154535,196608,-1,True,11,0.012725830078125,0.036097208658854164,0.0004933675130208334,0.09295654296875,0.17733256022135416,0.593170166015625,0.08722432454427083,0.012725830078125,0.038197835286458336,0.04931640625,0.09295654296875,0.1778106689453125,0.08722432454427083,ZNF780B,tf
ENSG00000196597,9,96756211,96952818,196608,-1,True,9,0.0106658935546875,0.017954508463541668,1.52587890625e-05,0.2772216796875,0.13134765625,0.3207804361979167,0.24201456705729166,0.0106658935546875,0.017954508463541668,0.028635660807291668,0.2772216796875,0.13701883951822916,0.24201456705729166,ZNF782,tf
ENSG00000204946,7,149163892,149360499,196608,1,True,11,0.008539835611979166,0.024434407552083332,0.001220703125,0.14449564615885416,0.07319132486979167,0.4464060465494792,0.3017120361328125,0.008539835611979166,0.024434407552083332,0.0341949462890625,0.14449564615885416,0.10051981608072917,0.3017120361328125,ZNF783,tf
ENSG00000179922,19,55526263,55722870,196608,-1,True,20,0.005116780598958333,0.005177815755208333,0.0,0.009165445963541666,0.2905324300130208,0.4046986897786458,0.285308837890625,0.005116780598958333,0.009638468424479166,0.010294596354166666,0.009165445963541666,0.2905324300130208,0.285308837890625,ZNF784,tf
ENSG00000197162,16,30487394,30684001,196608,-1,True,26,0.006378173828125,0.022796630859375,1.52587890625e-05,0.032185872395833336,0.2377166748046875,0.4755655924479167,0.225341796875,0.006378173828125,0.024607340494791668,0.0291900634765625,0.032185872395833336,0.24683634440104166,0.225341796875,ZNF785,tf
ENSG00000197362,7,148992415,149189022,196608,-1,True,7,0.011932373046875,0.00469970703125,1.52587890625e-05,0.09088643391927083,0.0803375244140625,0.4594319661458333,0.3526967366536458,0.011932373046875,0.005366007486979167,0.0166473388671875,0.09088643391927083,0.0803375244140625,0.3526967366536458,ZNF786,tf
ENSG00000142409,19,56022992,56219599,196608,-1,True,13,0.007349650065104167,0.020197550455729168,3.0517578125e-05,0.14499918619791666,0.12547810872395834,0.4511057535807292,0.2508392333984375,0.007349650065104167,0.020197550455729168,0.027577718098958332,0.14499918619791666,0.12816874186197916,0.2508392333984375,ZNF787,tf
ENSG00000198556,7,99374586,99571193,196608,1,True,14,0.007878621419270834,0.016621907552083332,0.010309855143229166,0.12194315592447917,0.21515909830729166,0.5387166341145834,0.0893707275390625,0.007878621419270834,0.019154866536458332,0.034810384114583336,0.12194315592447917,0.2637379964192708,0.0893707275390625,ZNF789,tf
ENSG00000197863,19,36740084,36936691,196608,-1,True,12,0.00970458984375,0.020268758138020832,1.52587890625e-05,0.14235432942708334,0.17718505859375,0.649078369140625,0.0013936360677083333,0.00970458984375,0.020268758138020832,0.029988606770833332,0.14235432942708334,0.2022857666015625,0.0013936360677083333,ZNF790,tf
ENSG00000173875,19,12512616,12709223,196608,1,True,24,0.0094451904296875,0.024175008138020832,0.00016276041666666666,0.0828094482421875,0.18638102213541666,0.66424560546875,0.032780965169270836,0.0094451904296875,0.032964070638020836,0.033782958984375,0.0828094482421875,0.1870880126953125,0.032780965169270836,ZNF791,tf
ENSG00000180884,19,34865926,35062533,196608,-1,True,15,0.0096435546875,0.013071695963541666,1.52587890625e-05,0.017608642578125,0.21554056803385416,0.4648335774739583,0.2792867024739583,0.0096435546875,0.013280232747395834,0.022730509440104168,0.017608642578125,0.21667989095052084,0.2792867024739583,ZNF792,tf
ENSG00000188227,19,37408635,37605242,196608,1,True,7,0.007624308268229167,0.055989583333333336,1.52587890625e-05,0.15169779459635416,0.15004475911458334,0.5799763997395834,0.054651896158854164,0.007624308268229167,0.0614013671875,0.063629150390625,0.15169779459635416,0.16776529947916666,0.054651896158854164,ZNF793,tf
ENSG00000196466,19,12302968,12499575,196608,-1,True,11,0.010411580403645834,0.00665283203125,0.008646647135416666,0.0315399169921875,0.10734049479166667,0.63250732421875,0.20290120442708334,0.010411580403645834,0.0076446533203125,0.0257110595703125,0.0315399169921875,0.11064656575520833,0.20290120442708334,ZNF799,tf
ENSG00000048405,7,127294405,127491012,196608,-1,True,6,0.0101318359375,0.0153350830078125,0.0063934326171875,0.4011586507161458,0.010828653971354166,0.0640106201171875,0.4921417236328125,0.0101318359375,0.0153350830078125,0.0318603515625,0.4011586507161458,0.040257771809895836,0.4921417236328125,ZNF800,tf
ENSG00000170396,2,184500225,184696832,196608,1,True,1,0.0005645751953125,0.0021921793619791665,0.0,0.4972432454427083,0.021306355794270832,0.1358795166015625,0.3428141276041667,0.0005645751953125,0.0021921793619791665,0.0027567545572916665,0.4972432454427083,0.0233612060546875,0.3428141276041667,ZNF804A,tf
ENSG00000182348,7,88661396,88858003,196608,1,True,5,0.00054931640625,0.0014088948567708333,0.0,0.4980417887369792,0.024480183919270832,0.4680074055989583,0.007512410481770833,0.00054931640625,0.0014088948567708333,0.0019582112630208335,0.4980417887369792,0.030670166015625,0.007512410481770833,ZNF804B,tf
ENSG00000204524,19,57142328,57338935,196608,1,True,16,0.0095672607421875,0.042139689127604164,1.52587890625e-05,0.0606689453125,0.1910552978515625,0.4230143229166667,0.2735392252604167,0.0095672607421875,0.043523152669270836,0.051722208658854164,0.0606689453125,0.19921875,0.2735392252604167,ZNF805,tf
ENSG00000198482,19,52429364,52625971,196608,1,True,14,0.0137786865234375,0.012791951497395834,1.52587890625e-05,0.16065470377604166,0.19533284505208334,0.5563608805338541,0.061065673828125,0.0137786865234375,0.0131988525390625,0.026585896809895832,0.16065470377604166,0.20519510904947916,0.061065673828125,ZNF808,tf
ENSG00000198346,19,53369429,53566036,196608,1,True,18,0.0098876953125,0.0233001708984375,1.52587890625e-05,0.11202494303385417,0.23274739583333334,0.6068369547526041,0.015187581380208334,0.0098876953125,0.023462931315104168,0.033203125,0.11202494303385417,0.23772684733072916,0.015187581380208334,ZNF813,tf
ENSG00000204514,19,57790734,57987341,196608,-1,True,18,0.015477498372395834,0.0346832275390625,0.018102010091145832,0.13693745930989584,0.15510050455729166,0.5332234700520834,0.106475830078125,0.015477498372395834,0.03607177734375,0.06826273600260417,0.13693745930989584,0.20198567708333334,0.106475830078125,ZNF814,tf
ENSG00000180257,19,52864578,53061185,196608,-1,True,18,0.011179606119791666,0.019800821940104168,4.57763671875e-05,0.037816365559895836,0.22343953450520834,0.6921793619791666,0.015538533528645834,0.011179606119791666,0.021046956380208332,0.031026204427083332,0.037816365559895836,0.22842915852864584,0.015538533528645834,ZNF816,tf
ENSG00000102984,16,71785879,71982486,196608,-1,True,9,0.006403605143229167,0.010660807291666666,0.0031687418619791665,0.16112772623697916,0.1297760009765625,0.6888631184895834,0.0,0.006403605143229167,0.016082763671875,0.020233154296875,0.16112772623697916,0.1490020751953125,0.0,ZNF821,tf
ENSG00000197933,19,11640643,11837250,196608,-1,True,11,0.009307861328125,0.0031890869140625,1.52587890625e-05,0.07774861653645833,0.16502888997395834,0.3910725911458333,0.3536376953125,0.009307861328125,0.0050201416015625,0.01251220703125,0.07774861653645833,0.1675262451171875,0.3536376953125,ZNF823,tf
ENSG00000151612,4,145840520,146037127,196608,-1,True,3,0.012044270833333334,0.015299479166666666,0.032404581705729164,0.4402516682942708,0.012425740559895834,0.10204569498697917,0.385528564453125,0.012044270833333334,0.015299479166666666,0.059748331705729164,0.4402516682942708,0.012425740559895834,0.385528564453125,ZNF827,tf
ENSG00000185869,19,36817988,37014595,196608,-1,True,10,0.0078277587890625,0.0188446044921875,0.012705485026041666,0.10389200846354167,0.172943115234375,0.6696217854817709,0.014165242513020834,0.0078277587890625,0.019368489583333332,0.039377848307291664,0.10389200846354167,0.19824727376302084,0.014165242513020834,ZNF829,tf
ENSG00000198783,17,34863236,35059843,196608,1,True,6,0.00567626953125,0.0056915283203125,1.52587890625e-05,0.0,0.11564127604166667,0.5442860921223959,0.3286895751953125,0.00567626953125,0.0056915283203125,0.011383056640625,0.0,0.11564127604166667,0.3286895751953125,ZNF830,tf
ENSG00000124203,20,59065517,59262124,196608,1,True,1,0.0255889892578125,0.032073974609375,0.0033315022786458335,0.6293792724609375,0.0020751953125,0.0,0.3075510660807292,0.0255889892578125,0.032073974609375,0.060994466145833336,0.6293792724609375,0.0020751953125,0.3075510660807292,ZNF831,tf
ENSG00000127903,19,56573454,56770061,196608,-1,True,8,0.0081939697265625,0.018544514973958332,1.52587890625e-05,0.023111979166666668,0.1495513916015625,0.7722727457682291,0.028310139973958332,0.0081939697265625,0.018544514973958332,0.026753743489583332,0.023111979166666668,0.159698486328125,0.028310139973958332,ZNF835,tf
ENSG00000196267,19,52073318,52269925,196608,-1,True,17,0.014902750651041666,0.008056640625,0.0010579427083333333,0.06641642252604167,0.1113433837890625,0.7227121988932291,0.07551066080729167,0.014902750651041666,0.008056640625,0.024017333984375,0.06641642252604167,0.11554463704427083,0.07551066080729167,ZNF836,tf
ENSG00000152475,19,58282727,58479334,196608,-1,True,33,0.0081024169921875,0.006693522135416667,1.52587890625e-05,0.053553263346354164,0.4305165608723958,0.4000244140625,0.10109456380208333,0.0081024169921875,0.006693522135416667,0.014811197916666666,0.053553263346354164,0.4319661458333333,0.10109456380208333,ZNF837,tf
ENSG00000022976,14,102221442,102418049,196608,1,True,5,0.014241536458333334,0.006296793619791667,0.007975260416666666,0.10030110677083333,0.10139973958333333,0.7076822916666666,0.062103271484375,0.014241536458333334,0.013895670572916666,0.028513590494791668,0.10030110677083333,0.1095428466796875,0.062103271484375,ZNF839,tf
ENSG00000197608,19,51997462,52194069,196608,-1,True,15,0.01409912109375,0.008305867513020834,0.001373291015625,0.13542683919270834,0.15765889485677084,0.60589599609375,0.077239990234375,0.01409912109375,0.0087738037109375,0.023778279622395832,0.13542683919270834,0.15867106119791666,0.077239990234375,ZNF841,tf
ENSG00000176723,16,31344486,31541093,196608,-1,True,21,0.006312052408854167,0.0198211669921875,1.52587890625e-05,0.033518473307291664,0.2174835205078125,0.4416453043619792,0.2812042236328125,0.006312052408854167,0.020823160807291668,0.026148478190104168,0.033518473307291664,0.2174835205078125,0.2812042236328125,ZNF843,tf
ENSG00000223547,19,11966427,12163034,196608,1,True,21,0.010162353515625,0.023345947265625,0.0,0.052118937174479164,0.161651611328125,0.6850789388020834,0.0676422119140625,0.010162353515625,0.032552083333333336,0.03350830078125,0.052118937174479164,0.17737325032552084,0.0676422119140625,ZNF844,tf
ENSG00000213799,19,53235445,53432052,196608,1,True,20,0.014801025390625,0.0191192626953125,1.52587890625e-05,0.08385213216145833,0.21056620279947916,0.384552001953125,0.2870941162109375,0.014801025390625,0.0191192626953125,0.033935546875,0.08385213216145833,0.21056620279947916,0.2870941162109375,ZNF845,tf
ENSG00000196605,19,9670435,9867042,196608,-1,True,22,0.0081329345703125,0.018102010091145832,0.004023234049479167,0.17923482259114584,0.11456807454427083,0.5132598876953125,0.16267903645833334,0.0081329345703125,0.025797526041666668,0.0302581787109375,0.17923482259114584,0.12389119466145833,0.16267903645833334,ZNF846,tf
ENSG00000267041,19,36674504,36871111,196608,-1,True,12,0.016718546549479168,0.0231781005859375,3.0517578125e-05,0.2573293050130208,0.15803019205729166,0.5433197021484375,0.0013936360677083333,0.016718546549479168,0.0231781005859375,0.039927164713541664,0.2573293050130208,0.17253621419270834,0.0013936360677083333,ZNF850,tf
ENSG00000178917,3,44412314,44608921,196608,-1,True,12,0.009358723958333334,0.037282307942708336,0.017018636067708332,0.032323201497395836,0.21573893229166666,0.5426839192708334,0.14559427897135416,0.009358723958333334,0.038996378580729164,0.06365966796875,0.032323201497395836,0.21573893229166666,0.14559427897135416,ZNF852,tf
ENSG00000236609,7,6517306,6713913,196608,1,True,9,0.0104522705078125,0.010030110677083334,1.52587890625e-05,0.024988810221354168,0.1629638671875,0.5308329264322916,0.2607167561848958,0.0104522705078125,0.010030110677083334,0.020497639973958332,0.024988810221354168,0.1629638671875,0.2607167561848958,ZNF853,tf
ENSG00000197385,3,31883446,32080053,196608,1,True,5,0.0096435546875,0.009424845377604166,1.52587890625e-05,0.031789143880208336,0.016321818033854168,0.92022705078125,0.012578328450520834,0.0096435546875,0.009424845377604166,0.019083658854166668,0.031789143880208336,0.016321818033854168,0.012578328450520834,ZNF860,tf
ENSG00000106479,7,149740071,149936678,196608,1,True,18,0.0178375244140625,0.0174560546875,0.007542928059895833,0.10519917805989583,0.207000732421875,0.5118662516276041,0.13309733072916666,0.0178375244140625,0.01861572265625,0.042836507161458336,0.10519917805989583,0.23324076334635416,0.13309733072916666,ZNF862,tf
ENSG00000261221,19,55507343,55703950,196608,1,True,18,0.0161590576171875,0.003875732421875,1.52587890625e-05,0.039113362630208336,0.2680155436197917,0.38751220703125,0.285308837890625,0.0161590576171875,0.003875732421875,0.020050048828125,0.039113362630208336,0.2720947265625,0.285308837890625,ZNF865,tf
ENSG00000181666,19,37236345,37432952,196608,1,True,10,0.013173421223958334,0.018183390299479168,0.0067901611328125,0.2493743896484375,0.19233194986979166,0.4168294270833333,0.1033172607421875,0.013173421223958334,0.0294952392578125,0.03814697265625,0.2493743896484375,0.19980875651041666,0.1033172607421875,ZNF875,tf
ENSG00000257446,19,11954658,12151265,196608,-1,True,22,0.0081024169921875,0.015177408854166666,1.52587890625e-05,0.0376434326171875,0.1722564697265625,0.7312062581380209,0.0355987548828125,0.0081024169921875,0.015177408854166666,0.023295084635416668,0.0376434326171875,0.17505900065104166,0.0355987548828125,ZNF878,tf
ENSG00000234284,5,178925500,179122107,196608,1,True,9,0.008763631184895834,0.0133514404296875,1.52587890625e-05,0.035146077473958336,0.14660135904947916,0.380767822265625,0.4153544108072917,0.008763631184895834,0.013773600260416666,0.022130330403645832,0.035146077473958336,0.14660135904947916,0.4153544108072917,ZNF879,tf
ENSG00000221923,19,52271619,52468226,196608,1,True,14,0.0099334716796875,0.011850992838541666,0.00262451171875,0.0967559814453125,0.22844441731770834,0.5801442464192709,0.07024637858072917,0.0099334716796875,0.012613932291666666,0.024408976236979168,0.0967559814453125,0.24286397298177084,0.07024637858072917,ZNF880,tf
ENSG00000228623,9,112913889,113110496,196608,-1,True,10,0.0057830810546875,0.058812459309895836,1.52587890625e-05,0.058039347330729164,0.10117594401041667,0.23792521158854166,0.5382486979166666,0.0057830810546875,0.058812459309895836,0.06461079915364583,0.058039347330729164,0.10842386881510417,0.5382486979166666,ZNF883,tf
ENSG00000213793,19,52825125,53021732,196608,-1,True,19,0.010955810546875,0.0107879638671875,0.000946044921875,0.07436625162760417,0.23378499348958334,0.6536204020182291,0.015538533528645834,0.010955810546875,0.0107879638671875,0.0226898193359375,0.07436625162760417,0.23901875813802084,0.015538533528645834,ZNF888,tf
ENSG00000214029,12,133031971,133228578,196608,-1,True,14,0.008366902669270834,0.089630126953125,1.52587890625e-05,0.031743367513020836,0.21564229329427084,0.5576324462890625,0.0969696044921875,0.008366902669270834,0.08969624837239583,0.09801228841145833,0.031743367513020836,0.2326202392578125,0.0969696044921875,ZNF891,tf
ENSG00000124201,20,49179754,49376361,196608,-1,True,13,0.031956990559895836,0.0146636962890625,0.000885009765625,0.15839131673177084,0.14884440104166666,0.487945556640625,0.15731302897135416,0.031956990559895836,0.0146636962890625,0.047505696614583336,0.15839131673177084,0.15733846028645834,0.15731302897135416,ZNFX1,tf
ENSG00000106400,7,101119861,101316468,196608,1,True,22,0.0029449462890625,0.0013580322265625,0.021214803059895832,0.005152384440104167,0.2255096435546875,0.4461924235026042,0.2976277669270833,0.0029449462890625,0.0013580322265625,0.025517781575520832,0.005152384440104167,0.2268829345703125,0.2976277669270833,ZNHIT1,tf
ENSG00000174276,11,65019398,65216005,196608,-1,True,31,0.0061492919921875,0.0004425048828125,1.52587890625e-05,0.0,0.2992146809895833,0.4614969889322917,0.2326812744140625,0.0061492919921875,0.0004425048828125,0.0066070556640625,0.0,0.3001047770182292,0.2326812744140625,ZNHIT2,tf
ENSG00000273611,17,36388377,36584984,196608,1,True,13,0.0031687418619791665,0.005666097005208333,0.025177001953125,0.030492146809895832,0.1487884521484375,0.4445597330729167,0.3421478271484375,0.0031687418619791665,0.008672078450520834,0.0340118408203125,0.030492146809895832,0.160858154296875,0.3421478271484375,ZNHIT3,tf
ENSG00000117174,1,85610130,85806737,196608,-1,True,4,0.0075225830078125,0.024363199869791668,1.52587890625e-05,0.2682749430338542,0.027440388997395832,0.5359446207682291,0.13643900553385416,0.0075225830078125,0.024363199869791668,0.031901041666666664,0.2682749430338542,0.0307769775390625,0.13643900553385416,ZNHIT6,tf
ENSG00000109917,11,116689720,116886327,196608,-1,True,13,0.0073089599609375,0.0264739990234375,0.0021820068359375,0.036504109700520836,0.13839213053385416,0.4583282470703125,0.330810546875,0.0073089599609375,0.0306549072265625,0.0359649658203125,0.036504109700520836,0.13989766438802084,0.330810546875,ZPR1,tf
ENSG00000019995,10,124843819,125040426,196608,1,True,8,0.01080322265625,0.018147786458333332,0.0015309651692708333,0.203826904296875,0.07272847493489583,0.3503316243489583,0.3426310221354167,0.01080322265625,0.018147786458333332,0.030481974283854168,0.203826904296875,0.10226949055989583,0.3426310221354167,ZRANB1,tf
ENSG00000132485,1,70982732,71179339,196608,-1,True,4,0.005345662434895833,0.010991414388020834,0.009373982747395834,0.0660400390625,0.051122029622395836,0.8569539388020834,0.00017293294270833334,0.005345662434895833,0.011301676432291666,0.0257110595703125,0.0660400390625,0.055211385091145836,0.00017293294270833334,ZRANB2,tf
ENSG00000121988,2,135432915,135629522,196608,-1,True,2,0.0008188883463541666,0.0026601155598958335,0.0,0.4965718587239583,0.016565958658854168,0.482269287109375,0.0011138916015625,0.0008188883463541666,0.00347900390625,0.00347900390625,0.4965718587239583,0.023676554361979168,0.0011138916015625,ZRANB3,tf
ENSG00000169249,X,15692180,15888787,196608,1,True,10,0.009246826171875,0.028834025065104168,0.000396728515625,0.16796875,0.08370463053385417,0.5365956624348959,0.17325337727864584,0.009246826171875,0.028834025065104168,0.038477579752604164,0.16796875,0.0949554443359375,0.17325337727864584,ZRSR2,tf
ENSG00000152467,19,57935721,58132328,196608,1,True,17,0.007059733072916667,0.005096435546875,3.0517578125e-05,0.09262593587239583,0.2253265380859375,0.4967041015625,0.17315673828125,0.007059733072916667,0.005096435546875,0.012186686197916666,0.09262593587239583,0.24137369791666666,0.17315673828125,ZSCAN1,tf
ENSG00000176371,15,84502705,84699312,196608,1,True,19,0.010721842447916666,0.015716552734375,0.0005594889322916666,0.10936991373697917,0.23463948567708334,0.5541737874348959,0.07481892903645833,0.010721842447916666,0.01690673828125,0.026997884114583332,0.10936991373697917,0.250762939453125,0.07481892903645833,ZSCAN2,tf
ENSG00000180532,19,57570631,57767238,196608,1,True,15,0.0066070556640625,0.004801432291666667,1.52587890625e-05,0.040547688802083336,0.2510019938151042,0.5471445719401041,0.14988199869791666,0.0066070556640625,0.004801432291666667,0.011423746744791666,0.040547688802083336,0.2510019938151042,0.14988199869791666,ZSCAN4,tf
ENSG00000131848,19,56216536,56413143,196608,-1,True,21,0.007568359375,0.019627888997395832,0.01434326171875,0.7148590087890625,0.08797709147135417,0.14219156901041666,0.013432820638020834,0.007568359375,0.019902547200520832,0.041539510091145836,0.7148590087890625,0.16794840494791666,0.013432820638020834,ZSCAN5A,tf
ENSG00000197213,19,56099480,56296087,196608,-1,True,14,0.0075531005859375,0.0017801920572916667,1.52587890625e-05,0.032002766927083336,0.1566314697265625,0.6185506184895834,0.18346659342447916,0.0075531005859375,0.0017801920572916667,0.009348551432291666,0.032002766927083336,0.1566314697265625,0.18346659342447916,ZSCAN5B,tf
ENSG00000204532,19,56103969,56300576,196608,1,True,14,0.007568359375,0.002227783203125,1.52587890625e-05,0.026753743489583332,0.15178934733072916,0.6281789143880209,0.18346659342447916,0.007568359375,0.002227783203125,0.0098114013671875,0.026753743489583332,0.15178934733072916,0.18346659342447916,ZSCAN5C,tf
ENSG00000137185,6,28126971,28323578,196608,1,True,19,0.0081024169921875,0.018763224283854168,0.0,0.016886393229166668,0.22513834635416666,0.332275390625,0.398834228515625,0.0081024169921875,0.023539225260416668,0.026865641276041668,0.016886393229166668,0.22513834635416666,0.398834228515625,ZSCAN9,tf
ENSG00000130182,16,3000991,3197598,196608,-1,True,29,0.01190185546875,0.0023651123046875,0.00250244140625,0.036158243815104164,0.3719431559244792,0.3612874348958333,0.21384175618489584,0.01190185546875,0.0072021484375,0.0167694091796875,0.036158243815104164,0.3719431559244792,0.21384175618489584,ZSCAN10,tf
ENSG00000158691,6,28301444,28498051,196608,-1,True,17,0.009923299153645834,0.050872802734375,3.0517578125e-05,0.045613606770833336,0.16927591959635416,0.58831787109375,0.13596598307291666,0.009923299153645834,0.050872802734375,0.060826619466145836,0.045613606770833336,0.1712493896484375,0.13596598307291666,ZSCAN12,tf
ENSG00000196812,6,28026305,28222912,196608,1,True,19,0.00531005859375,0.006398518880208333,1.52587890625e-05,0.10217793782552083,0.16924540201822916,0.4813995361328125,0.23545328776041666,0.00531005859375,0.006398518880208333,0.011723836263020834,0.10217793782552083,0.20206197102864584,0.23545328776041666,ZSCAN16,tf
ENSG00000121413,19,57999928,58196535,196608,-1,True,18,0.009607950846354166,0.021169026692708332,0.015375773111979166,0.12980143229166666,0.18709818522135416,0.5378163655598959,0.09913126627604167,0.009607950846354166,0.022298177083333332,0.046152750651041664,0.12980143229166666,0.2035064697265625,0.09913126627604167,ZSCAN18,tf
ENSG00000121903,1,33374341,33570948,196608,1,True,6,0.016199747721354168,0.037516276041666664,0.00030517578125,0.093719482421875,0.058527628580729164,0.6496327718098959,0.14409891764322916,0.016199747721354168,0.037516276041666664,0.054021199544270836,0.093719482421875,0.058527628580729164,0.14409891764322916,ZSCAN20,tf
ENSG00000166529,7,99951470,100148077,196608,1,True,23,0.007390340169270833,0.011835734049479166,0.0,0.0584564208984375,0.2735697428385417,0.4284769694010417,0.22027079264322916,0.007390340169270833,0.011993408203125,0.01922607421875,0.0584564208984375,0.278045654296875,0.22027079264322916,ZSCAN21,tf
ENSG00000182318,19,58228690,58425297,196608,1,True,29,0.0074920654296875,0.022755940755208332,1.52587890625e-05,0.047810872395833336,0.3340403238932292,0.5533040364583334,0.034581502278645836,0.0074920654296875,0.022755940755208332,0.030263264973958332,0.047810872395833336,0.3359273274739583,0.034581502278645836,ZSCAN22,tf
ENSG00000187987,6,28345188,28541795,196608,-1,True,15,0.0059356689453125,0.028574625651041668,5.5948893229166664e-05,0.057912190755208336,0.16900634765625,0.5892486572265625,0.14926656087239584,0.0059356689453125,0.031514485677083336,0.034566243489583336,0.057912190755208336,0.1698150634765625,0.14926656087239584,ZSCAN23,tf
ENSG00000197037,7,99518642,99715249,196608,1,True,10,0.008321126302083334,0.018559773763020832,0.013493855794270834,0.0399169921875,0.17179361979166666,0.5610758463541666,0.18683878580729166,0.008321126302083334,0.024393717447916668,0.040374755859375,0.0399169921875,0.17179361979166666,0.18683878580729166,ZSCAN25,tf
ENSG00000197062,6,28168839,28365446,196608,1,True,19,0.0073089599609375,0.030466715494791668,1.52587890625e-05,0.019007364908854168,0.18883260091145834,0.3777109781901042,0.3766581217447917,0.0073089599609375,0.030919392903645832,0.037790934244791664,0.019007364908854168,0.19031778971354166,0.3766581217447917,ZSCAN26,tf
ENSG00000140265,15,43272740,43469347,196608,-1,True,7,0.013041178385416666,0.020660400390625,0.0014546712239583333,0.031621297200520836,0.17812601725260416,0.6182352701822916,0.13686116536458334,0.013041178385416666,0.030461629231770832,0.03515625,0.031621297200520836,0.17961629231770834,0.13686116536458334,ZSCAN29,tf
ENSG00000186814,18,35191926,35388533,196608,-1,True,11,0.008366902669270834,0.030131022135416668,0.0037027994791666665,0.1571197509765625,0.19885762532552084,0.2085113525390625,0.393310546875,0.008366902669270834,0.031041463216145832,0.042200724283854164,0.1571197509765625,0.24711100260416666,0.393310546875,ZSCAN30,tf
ENSG00000235109,6,28237845,28434452,196608,-1,True,16,0.0063629150390625,0.037439982096354164,0.0002288818359375,0.11658732096354167,0.22212727864583334,0.4526570638020833,0.1645965576171875,0.0063629150390625,0.038096110026041664,0.044031778971354164,0.11658732096354167,0.23685201009114584,0.1645965576171875,ZSCAN31,tf
ENSG00000140987,16,3302701,3499308,196608,-1,True,16,0.010874430338541666,0.012858072916666666,1.52587890625e-05,0.07281494140625,0.17171732584635416,0.5074462890625,0.224273681640625,0.010874430338541666,0.0225067138671875,0.023747762044270832,0.07281494140625,0.175262451171875,0.224273681640625,ZSCAN32,tf
ENSG00000168612,20,45782923,45979530,196608,1,True,18,0.0074005126953125,0.007161458333333333,1.52587890625e-05,0.005971272786458333,0.24808756510416666,0.5614471435546875,0.16991678873697916,0.0074005126953125,0.007161458333333333,0.014577229817708334,0.005971272786458333,0.24808756510416666,0.16991678873697916,ZSWIM1,tf
ENSG00000163012,2,186750867,186947474,196608,-1,True,1,0.0100555419921875,0.0039520263671875,3.0517578125e-05,0.09650675455729167,0.0248870849609375,0.0518798828125,0.8126881917317709,0.0100555419921875,0.004369099934895833,0.0140380859375,0.09650675455729167,0.0248870849609375,0.8126881917317709,ZSWIM2,tf
ENSG00000132801,20,45759310,45955917,196608,1,True,19,0.0106201171875,0.0035298665364583335,1.52587890625e-05,0.09528096516927083,0.233734130859375,0.5199483235677084,0.136871337890625,0.0106201171875,0.0035298665364583335,0.014165242513020834,0.09528096516927083,0.233734130859375,0.136871337890625,ZSWIM3,tf
ENSG00000132003,19,13697139,13893746,196608,1,True,23,0.017237345377604168,0.0074005126953125,1.52587890625e-05,0.162811279296875,0.13886006673177084,0.3194427490234375,0.3542327880859375,0.017237345377604168,0.0074005126953125,0.024653116861979168,0.162811279296875,0.184600830078125,0.3542327880859375,ZSWIM4,tf
ENSG00000162415,1,45108302,45304909,196608,-1,True,1,0.0030263264973958335,0.0012969970703125,0.0006663004557291666,0.9950103759765625,0.0,0.0,0.0,0.0030263264973958335,0.0012969970703125,0.0049896240234375,0.9950103759765625,0.005086263020833333,0.0,ZSWIM5,tf
ENSG00000130449,5,61233954,61430561,196608,1,True,9,0.0034383138020833335,7.62939453125e-05,0.0,0.4964853922526042,0.048329671223958336,0.4516703287760417,0.0,0.0034383138020833335,7.62939453125e-05,0.0035146077473958335,0.4964853922526042,0.06799825032552083,0.0,ZSWIM6,tf
ENSG00000214941,17,15901401,16098008,196608,-1,True,10,0.00408935546875,0.009684244791666666,0.0009002685546875,0.10311381022135417,0.10988871256510417,0.745574951171875,0.0267486572265625,0.00408935546875,0.011815388997395834,0.014673868815104166,0.10311381022135417,0.10988871256510417,0.0267486572265625,ZSWIM7,tf
ENSG00000214655,10,73687302,73883909,196608,1,True,27,0.029541015625,0.0015106201171875,0.00927734375,0.042027791341145836,0.21820068359375,0.6455179850260416,0.053924560546875,0.029541015625,0.01043701171875,0.0403289794921875,0.042027791341145836,0.22903951009114584,0.053924560546875,ZSWIM8,tf
ENSG00000185453,19,48072376,48268983,196608,1,True,9,0.0141754150390625,0.007781982421875,0.0008443196614583334,0.1144256591796875,0.17165629069010416,0.6438547770182291,0.047261555989583336,0.0141754150390625,0.0079193115234375,0.022801717122395832,0.1144256591796875,0.18744405110677084,0.047261555989583336,ZSWIM9,tf
ENSG00000153975,6,116570463,116767070,196608,-1,True,7,0.008819580078125,0.004572550455729167,0.0023600260416666665,0.15309651692708334,0.11863199869791667,0.579864501953125,0.13265482584635416,0.008819580078125,0.005274454752604167,0.015752156575520832,0.15309651692708334,0.11863199869791667,0.13265482584635416,ZUP1,tf
ENSG00000198205,X,57812155,58008762,196608,-1,True,2,0.0121917724609375,0.013371785481770834,1.52587890625e-05,0.0,0.0122833251953125,0.0,0.9621378580729166,0.0121917724609375,0.013371785481770834,0.025578816731770832,0.0,0.0122833251953125,0.9621378580729166,ZXDA,tf
ENSG00000198455,X,57493707,57690314,196608,1,True,2,0.0122528076171875,0.015538533528645834,1.52587890625e-05,0.0,0.019480387369791668,0.06711832682291667,0.8855946858723959,0.0122528076171875,0.015538533528645834,0.027806599934895832,0.0,0.019480387369791668,0.8855946858723959,ZXDB,tf
ENSG00000070476,3,126377588,126574195,196608,-1,True,11,0.0135955810546875,0.006871541341145833,0.017649332682291668,0.15716044108072916,0.0857391357421875,0.6620076497395834,0.056976318359375,0.0135955810546875,0.0087127685546875,0.038116455078125,0.15716044108072916,0.08669026692708333,0.056976318359375,ZXDC,tf
ENSG00000074755,17,4044727,4241334,196608,-1,True,8,0.030665079752604168,0.004216512044270833,0.0038604736328125,0.4642995198567708,0.09207661946614583,0.4048817952473958,0.0,0.030665079752604168,0.008433024088541666,0.0387420654296875,0.4642995198567708,0.09503682454427083,0.0,ZZEF1,tf
ENSG00000036549,1,77584355,77780962,196608,-1,True,6,0.008509318033854166,0.009562174479166666,0.005350748697916667,0.4804636637369792,0.049967447916666664,0.2933502197265625,0.15279642740885416,0.008509318033854166,0.009679158528645834,0.0234222412109375,0.4804636637369792,0.0518951416015625,0.15279642740885416,ZZZ3,tf
ENSG00000113722,5,150068474,150265081,196608,1,True,6,0.0040435791015625,0.004969278971354167,1.52587890625e-05,0.08141072591145833,0.12299092610677083,0.712890625,0.07367960611979167,0.0040435791015625,0.004969278971354167,0.009028116861979166,0.08141072591145833,0.12299092610677083,0.07367960611979167,CDX1,tf
ENSG00000165556,13,27871012,28067619,196608,-1,True,12,0.0048980712890625,0.016520182291666668,0.0003662109375,0.054865519205729164,0.059773763020833336,0.6517740885416666,0.21180216471354166,0.0048980712890625,0.016520182291666668,0.021784464518229168,0.054865519205729164,0.062337239583333336,0.21180216471354166,CDX2,tf
ENSG00000131264,X,73348749,73545356,196608,1,True,5,0.0046234130859375,0.004002888997395833,1.52587890625e-05,0.03265380859375,0.017939249674479168,0.09119669596354167,0.8495686848958334,0.0046234130859375,0.004002888997395833,0.008641560872395834,0.03265380859375,0.017939249674479168,0.8495686848958334,CDX4,tf
ENSG00000143418,1,150876532,151073139,196608,-1,True,19,0.00701904296875,0.022038777669270832,0.004109700520833333,0.0523529052734375,0.19478352864583334,0.70684814453125,0.012847900390625,0.00701904296875,0.022038777669270832,0.033167521158854164,0.0523529052734375,0.22165425618489584,0.012847900390625,CERS2,tf
ENSG00000154227,15,100430647,100627254,196608,-1,True,8,0.0050811767578125,0.004338582356770833,0.0041046142578125,0.568084716796875,0.06728108723958333,0.3203837076822917,0.030726114908854168,0.0050811767578125,0.004338582356770833,0.013524373372395834,0.568084716796875,0.0679779052734375,0.030726114908854168,CERS3,tf
ENSG00000090661,19,8111066,8307673,196608,1,True,5,0.006103515625,0.039057413736979164,0.004521687825520833,0.24013773600260416,0.046559651692708336,0.3471934000651042,0.3164265950520833,0.006103515625,0.039667765299479164,0.0496826171875,0.24013773600260416,0.0492095947265625,0.3164265950520833,CERS4,tf
ENSG00000139624,12,50069066,50265673,196608,-1,True,12,0.009526570638020834,0.015045166015625,0.0098419189453125,0.1601104736328125,0.15070088704427084,0.604766845703125,0.050008138020833336,0.009526570638020834,0.022705078125,0.034413655598958336,0.1601104736328125,0.153717041015625,0.050008138020833336,CERS5,tf
ENSG00000172292,2,168357968,168554575,196608,1,True,2,0.00140380859375,0.0010172526041666667,0.0,0.4976959228515625,0.017664591471354168,0.4822184244791667,0.0,0.00140380859375,0.0010172526041666667,0.0024210611979166665,0.4976959228515625,0.02288818359375,0.0,CERS6,tf
ENSG00000198824,13,114216199,114364328,148130,1,True,11,0.016445014514278,0.026530750016877068,0.0005333153311280631,0.11273881050428677,0.1173361236751502,0.47188280564369134,0.25453318031458855,0.016445014514278,0.026530750016877068,0.04350907986228313,0.11273881050428677,0.12090056031863904,0.25453318031458855,CHAMP1,tf
ENSG00000148337,9,128093269,128289876,196608,-1,True,17,0.01513671875,0.02569580078125,0.014414469401041666,0.164642333984375,0.23623148600260416,0.4389292399088542,0.104949951171875,0.01513671875,0.027104695638020832,0.055246988932291664,0.164642333984375,0.24535115559895834,0.104949951171875,CIZ1,tf
ENSG00000134852,4,55448606,55645213,196608,-1,True,7,0.0078277587890625,0.012013753255208334,0.0006256103515625,0.4824930826822917,0.033915201822916664,0.404083251953125,0.059041341145833336,0.0078277587890625,0.012013753255208334,0.020467122395833332,0.4824930826822917,0.047047932942708336,0.059041341145833336,CLOCK,tf
ENSG00000169714,3,129085593,129282200,196608,-1,True,14,0.0028635660807291665,0.037618001302083336,0.001190185546875,0.040679931640625,0.1160125732421875,0.6996409098307291,0.10199483235677083,0.0028635660807291665,0.037618001302083336,0.0416717529296875,0.040679931640625,0.11640421549479167,0.10199483235677083,CNBP,tf
ENSG00000080802,7,135411799,135608406,196608,-1,True,2,0.00372314453125,0.0040740966796875,0.0002695719401041667,0.4921518961588542,0.021636962890625,0.23613993326822916,0.24200439453125,0.00372314453125,0.0040740966796875,0.008066813151041666,0.4921518961588542,0.0240020751953125,0.24200439453125,CNOT4,tf
ENSG00000160917,7,99340639,99537246,196608,1,True,12,0.006861368815104167,0.007619222005208333,0.007695515950520833,0.07176717122395833,0.22559102376302084,0.6371409098307291,0.043324788411458336,0.006861368815104167,0.0106964111328125,0.022176106770833332,0.07176717122395833,0.23591105143229166,0.043324788411458336,CPSF4,tf
ENSG00000187959,17,73163577,73360184,196608,-1,True,10,0.0034993489583333335,0.004241943359375,3.0517578125e-05,0.06294759114583333,0.16511027018229166,0.5350392659505209,0.22913106282552084,0.0034993489583333335,0.004694620768229167,0.007771809895833333,0.06294759114583333,0.167724609375,0.22913106282552084,CPSF4L,tf
ENSG00000147183,X,88648921,88845528,196608,1,True,1,0.0045928955078125,0.0036824544270833335,1.52587890625e-05,0.0301666259765625,0.003992716471354167,0.007731119791666667,0.9498189290364584,0.0045928955078125,0.0036824544270833335,0.008290608723958334,0.0301666259765625,0.003992716471354167,0.9498189290364584,CPXCR1,tf
ENSG00000107175,9,35634362,35830969,196608,1,True,29,0.0056610107421875,0.012369791666666666,0.0003763834635416667,0.015116373697916666,0.3051198323567708,0.5039927164713541,0.1573638916015625,0.0056610107421875,0.012369791666666666,0.018407185872395832,0.015116373697916666,0.3152923583984375,0.1573638916015625,CREB3,tf
ENSG00000157613,11,46179358,46375965,196608,1,True,7,0.008214314778645834,0.0077056884765625,0.004735310872395833,0.20205179850260416,0.0827178955078125,0.435760498046875,0.2588144938151042,0.008214314778645834,0.0078887939453125,0.020655314127604168,0.20205179850260416,0.0827178955078125,0.2588144938151042,CREB3L1,tf
ENSG00000182158,7,137903783,138100390,196608,-1,True,9,0.006678263346354167,0.0026702880859375,0.0007883707682291666,0.4898630777994792,0.021489461263020832,0.4773050944010417,0.0012054443359375,0.006678263346354167,0.00311279296875,0.010136922200520834,0.4898630777994792,0.030878702799479168,0.0012054443359375,CREB3L2,tf
ENSG00000060566,19,4055327,4251934,196608,1,True,13,0.0075531005859375,0.006195068359375,0.00030517578125,0.084808349609375,0.15305582682291666,0.4316558837890625,0.3164265950520833,0.0075531005859375,0.007527669270833333,0.0140533447265625,0.084808349609375,0.15305582682291666,0.3164265950520833,CREB3L3,tf
ENSG00000143578,1,153869598,154066205,196608,1,True,20,0.006128946940104167,0.0111846923828125,0.0025990804036458335,0.034235636393229164,0.15562947591145834,0.7591196695963541,0.031102498372395832,0.006128946940104167,0.011698404947916666,0.0199127197265625,0.034235636393229164,0.16884867350260416,0.031102498372395832,CREB3L4,tf
ENSG00000146592,7,28314214,28510821,196608,1,True,0,0.0014801025390625,0.004180908203125,0.005009969075520833,0.9893290201822916,0.0,0.0,0.0,0.0014801025390625,0.00439453125,0.010670979817708334,0.9893290201822916,0.0,0.0,CREB5,tf
ENSG00000005339,16,3782410,3979017,196608,-1,True,3,0.008000691731770834,0.004053751627604167,0.0011240641276041667,0.4868214925130208,0.037556966145833336,0.19356282552083334,0.2688802083333333,0.008000691731770834,0.004053751627604167,0.013178507486979166,0.4868214925130208,0.040013631184895836,0.2688802083333333,CREBBP,tf
ENSG00000105392,19,47723633,47920240,196608,1,True,15,0.0045623779296875,0.018824259440104168,0.007085164388020833,0.08931986490885417,0.1145477294921875,0.3841094970703125,0.3815511067708333,0.0045623779296875,0.02197265625,0.0304718017578125,0.08931986490885417,0.1145477294921875,0.3815511067708333,CRX,tf
ENSG00000102974,16,67464222,67660829,196608,1,True,13,0.011484781901041666,0.022532145182291668,0.0240020751953125,0.33544921875,0.15411376953125,0.4221954345703125,0.030222574869791668,0.011484781901041666,0.024444580078125,0.058019002278645836,0.33544921875,0.165313720703125,0.030222574869791668,CTCF,tf
ENSG00000257923,7,101719322,101915929,196608,1,True,3,0.0004730224609375,0.004903157552083333,0.0020039876302083335,0.5013783772786459,0.007486979166666667,0.005137125651041667,0.4786173502604167,0.0004730224609375,0.004903157552083333,0.007380167643229167,0.5013783772786459,0.010650634765625,0.4786173502604167,CUX1,tf
ENSG00000111249,12,110935861,111132468,196608,1,True,4,0.001556396484375,0.0023447672526041665,0.0,0.4976857503255208,0.058949788411458336,0.4394632975260417,0.0,0.001556396484375,0.0023447672526041665,0.0039011637369791665,0.4976857503255208,0.0608062744140625,0.0,CUX2,tf
ENSG00000154832,18,50189389,50385996,196608,-1,True,13,0.011423746744791666,0.0030263264973958335,0.005701700846354167,0.007960001627604166,0.08403523763020833,0.617919921875,0.2699330647786458,0.011423746744791666,0.003916422526041667,0.020151774088541668,0.007960001627604166,0.08403523763020833,0.2699330647786458,CXXC1,tf
ENSG00000168772,4,104396591,104593198,196608,-1,True,5,0.0062255859375,0.033711751302083336,0.0013224283854166667,0.09400431315104167,0.0210723876953125,0.5915374755859375,0.2521260579427083,0.0062255859375,0.033711751302083336,0.041259765625,0.09400431315104167,0.0223846435546875,0.2521260579427083,CXXC4,tf
ENSG00000171604,5,139550045,139746652,196608,1,True,11,0.004913330078125,0.037282307942708336,0.0001220703125,0.14845784505208334,0.065185546875,0.740203857421875,0.0038350423177083335,0.004913330078125,0.037282307942708336,0.042317708333333336,0.14845784505208334,0.07135009765625,0.0038350423177083335,CXXC5,tf
ENSG00000006634,7,87778189,87974796,196608,1,True,3,0.010523478190104166,0.009714762369791666,0.0033721923828125,0.14595540364583334,0.048573811848958336,0.6504007975260416,0.13145955403645834,0.010523478190104166,0.0188446044921875,0.023610432942708332,0.14595540364583334,0.049535115559895836,0.13145955403645834,DBF4,tf
ENSG00000161692,17,44610361,44806968,196608,1,True,14,0.009490966796875,0.015141805013020834,0.011713663736979166,0.18570454915364584,0.170196533203125,0.33721923828125,0.2705332438151042,0.009490966796875,0.018437703450520832,0.036346435546875,0.18570454915364584,0.18379720052083334,0.2705332438151042,DBF4B,tf
ENSG00000105516,19,48539076,48735683,196608,-1,True,15,0.0050811767578125,0.009211222330729166,0.0186920166015625,0.004399617513020833,0.19919331868489584,0.60955810546875,0.15386454264322916,0.0050811767578125,0.009496053059895834,0.032984415690104164,0.004399617513020833,0.20255533854166666,0.15386454264322916,DBP,tf
ENSG00000109851,11,20062172,20258779,196608,-1,True,5,0.0052337646484375,0.001068115234375,1.52587890625e-05,0.015660603841145832,0.07069905598958333,0.7413787841796875,0.16594441731770834,0.0052337646484375,0.001068115234375,0.006317138671875,0.015660603841145832,0.07069905598958333,0.16594441731770834,DBX1,tf
ENSG00000185610,12,44952796,45149403,196608,-1,True,6,0.0051727294921875,0.009084065755208334,1.52587890625e-05,0.17101033528645834,0.026845296223958332,0.4731547037760417,0.3147176106770833,0.0051727294921875,0.009084065755208334,0.014272054036458334,0.17101033528645834,0.0313262939453125,0.3147176106770833,DBX2,tf
ENSG00000198924,10,113755779,113952386,196608,-1,True,8,0.015869140625,0.007792154947916667,7.62939453125e-05,0.07625325520833333,0.09963480631510417,0.361541748046875,0.4388326009114583,0.015869140625,0.007792154947916667,0.023737589518229168,0.07625325520833333,0.1120452880859375,0.4388326009114583,DCLRE1A,tf
ENSG00000118197,1,200571604,200768211,196608,-1,True,3,0.010920206705729166,0.023264567057291668,3.0517578125e-05,0.20053609212239584,0.033782958984375,0.4885152180989583,0.242950439453125,0.010920206705729166,0.023503621419270832,0.034215291341145836,0.20053609212239584,0.0345916748046875,0.242950439453125,DDX59,tf
ENSG00000177030,11,596919,793526,196608,-1,True,16,0.011942545572916666,0.012242635091145834,0.0164337158203125,0.2792816162109375,0.19402567545572916,0.2973531087239583,0.188720703125,0.011942545572916666,0.0204010009765625,0.040618896484375,0.2792816162109375,0.22342427571614584,0.188720703125,DEAF1,tf
ENSG00000163214,2,38777631,38974238,196608,-1,True,12,0.021260579427083332,0.007191975911458333,0.013437906901041666,0.3559315999348958,0.059956868489583336,0.4773305257161458,0.06489054361979167,0.021260579427083332,0.0200653076171875,0.041890462239583336,0.3559315999348958,0.07282511393229167,0.06489054361979167,DHX57,tf
ENSG00000144355,2,171987203,172183810,196608,1,True,6,0.0038960774739583335,0.009821573893229166,0.0044403076171875,0.0069580078125,0.06686909993489583,0.8776499430338541,0.030364990234375,0.0038960774739583335,0.010711669921875,0.018157958984375,0.0069580078125,0.06686909993489583,0.030364990234375,DLX1,tf
ENSG00000115844,2,172004597,172201204,196608,-1,True,5,0.005340576171875,0.009740193684895834,3.0517578125e-05,0.00250244140625,0.06816609700520833,0.88427734375,0.029942830403645832,0.005340576171875,0.011713663736979166,0.015111287434895834,0.00250244140625,0.06816609700520833,0.029942830403645832,DLX2,tf
ENSG00000064195,17,49896921,50093528,196608,-1,True,10,0.0043792724609375,0.0094146728515625,1.52587890625e-05,0.0127410888671875,0.13692220052083334,0.4477589925130208,0.3887685139973958,0.0043792724609375,0.009592692057291666,0.0138092041015625,0.0127410888671875,0.13692220052083334,0.3887685139973958,DLX3,tf
ENSG00000108813,17,49870886,50067493,196608,1,True,11,0.004694620768229167,0.007639567057291667,0.008824666341145834,0.011250813802083334,0.10917154947916667,0.4442901611328125,0.4141286214192708,0.004694620768229167,0.009862263997395834,0.021158854166666668,0.011250813802083334,0.10917154947916667,0.4141286214192708,DLX4,tf
ENSG00000105880,7,96926528,97123135,196608,-1,True,11,0.00457763671875,0.004262288411458333,3.0517578125e-05,0.0142974853515625,0.14056396484375,0.4873809814453125,0.3488871256510417,0.00457763671875,0.004262288411458333,0.008870442708333334,0.0142974853515625,0.14495849609375,0.3488871256510417,DLX5,tf
ENSG00000006377,7,96907249,97103856,196608,1,True,10,0.004735310872395833,0.008031209309895834,0.004755655924479167,0.0103912353515625,0.132354736328125,0.4631856282552083,0.3765462239583333,0.004735310872395833,0.008031209309895834,0.017522176106770832,0.0103912353515625,0.13712056477864584,0.3765462239583333,DLX6,tf
ENSG00000197587,1,46391532,46588139,196608,1,True,10,0.0057525634765625,0.023895263671875,1.52587890625e-05,0.1045989990234375,0.16118367513020834,0.523193359375,0.18136088053385416,0.0057525634765625,0.023895263671875,0.0296630859375,0.1045989990234375,0.16118367513020834,0.18136088053385416,DMBX1,tf
ENSG00000198947,X,33113246,33309853,196608,-1,True,0,0.0002543131510416667,0.002197265625,0.0030924479166666665,0.9944559733072916,0.0,0.0,0.0,0.0002543131510416667,0.0023549397786458335,0.005544026692708333,0.9944559733072916,0.0,0.0,DMD,tf
ENSG00000168724,5,34831255,35027862,196608,1,True,11,0.00970458984375,0.02569580078125,0.037785847981770836,0.07643636067708333,0.13811747233072916,0.4791920979817708,0.23306783040364584,0.00970458984375,0.032526652018229164,0.07318623860677083,0.07643636067708333,0.13832600911458334,0.23306783040364584,DNAJC21,tf
ENSG00000213221,9,136265441,136462048,196608,-1,True,13,0.003173828125,0.0130462646484375,0.0,0.005472819010416667,0.3123830159505208,0.5711466471354166,0.09477742513020833,0.003173828125,0.013249715169270834,0.0162200927734375,0.005472819010416667,0.3182779947916667,0.09477742513020833,DNLZ,tf
ENSG00000130816,19,10096650,10293257,196608,-1,True,18,0.027679443359375,0.013326009114583334,0.0372161865234375,0.419952392578125,0.12901814778645834,0.2654571533203125,0.10735066731770833,0.027679443359375,0.039418538411458336,0.07822163899739583,0.419952392578125,0.1476898193359375,0.10735066731770833,DNMT1,tf
ENSG00000011332,19,38125919,38322526,196608,-1,True,13,0.007548014322916667,0.0096588134765625,0.007558186848958333,0.07039388020833333,0.10333760579427083,0.7021840413411459,0.0993194580078125,0.007548014322916667,0.015843709309895832,0.0247650146484375,0.07039388020833333,0.10333760579427083,0.0993194580078125,DPF1,tf
ENSG00000133884,11,65235548,65432155,196608,1,True,20,0.010309855143229166,0.013692220052083334,0.022674560546875,0.0572967529296875,0.2533467610677083,0.4534861246744792,0.1891937255859375,0.010309855143229166,0.019439697265625,0.0466766357421875,0.0572967529296875,0.2597859700520833,0.1891937255859375,DPF2,tf
ENSG00000205683,14,72795798,72992405,196608,-1,True,8,0.0014801025390625,0.0020395914713541665,0.002777099609375,0.4937032063802083,0.061762491861979164,0.2529856363932292,0.18525187174479166,0.0014801025390625,0.0022023518880208335,0.006296793619791667,0.4937032063802083,0.062311808268229164,0.18525187174479166,DPF3,tf
ENSG00000204595,19,53533695,53730302,196608,1,True,41,0.0029144287109375,0.00189208984375,1.52587890625e-05,0.17949422200520834,0.0979461669921875,0.6616465250651041,0.05609130859375,0.0029144287109375,0.00189208984375,0.00482177734375,0.17949422200520834,0.1110992431640625,0.05609130859375,DPRX,tf
ENSG00000165606,10,49297786,49494393,196608,-1,True,5,0.0040130615234375,0.012766520182291666,1.52587890625e-05,0.15827433268229166,0.09200032552083333,0.4440053304036458,0.2889251708984375,0.0040130615234375,0.012766520182291666,0.016794840494791668,0.15827433268229166,0.09200032552083333,0.2889251708984375,DRGX,tf
ENSG00000102385,X,101121482,101318089,196608,1,True,3,0.014628092447916666,0.027460734049479168,3.0517578125e-05,0.1854095458984375,0.0421295166015625,0.3126118977864583,0.4177296956380208,0.014628092447916666,0.0321807861328125,0.042119344075520836,0.1854095458984375,0.0421295166015625,0.4177296956380208,DRP2,tf
ENSG00000134769,18,34611994,34808601,196608,1,True,2,0.002532958984375,0.011474609375,1.52587890625e-05,0.9859771728515625,0.0,0.0,0.0,0.002532958984375,0.013753255208333334,0.0140228271484375,0.9859771728515625,0.0138397216796875,0.0,DTNA,tf
ENSG00000138101,2,25575274,25771881,196608,-1,True,3,0.005162556966145833,0.005315144856770833,0.0081787109375,0.4820556640625,0.0691070556640625,0.3457539876302083,0.0844268798828125,0.005162556966145833,0.006693522135416667,0.018656412760416668,0.4820556640625,0.0691070556640625,0.0844268798828125,DTNB,tf
ENSG00000141994,19,5692860,5889467,196608,-1,True,11,0.011555989583333334,0.0028940836588541665,0.004007975260416667,0.014063517252604166,0.12179056803385417,0.698760986328125,0.1469268798828125,0.011555989583333334,0.009796142578125,0.018458048502604168,0.014063517252604166,0.12253316243489583,0.1469268798828125,DUS3L,tf
ENSG00000081721,1,161651482,161848089,196608,1,True,11,0.006072998046875,0.0026652018229166665,0.0007527669270833334,0.028559366861979168,0.11452738444010417,0.6375274658203125,0.20989481608072916,0.006072998046875,0.00665283203125,0.009490966796875,0.028559366861979168,0.11818440755208333,0.20989481608072916,DUSP12,tf
ENSG00000258873,19,57069182,57265789,196608,-1,True,13,0.00311279296875,0.0022023518880208335,1.52587890625e-05,0.0631561279296875,0.20021565755208334,0.4124043782552083,0.3188934326171875,0.00311279296875,0.0022023518880208335,0.005330403645833333,0.0631561279296875,0.20021565755208334,0.3188934326171875,DUXA,tf
ENSG00000282757,16,75603158,75799765,196608,-1,True,10,0.0052642822265625,0.0004018147786458333,1.52587890625e-05,0.032816569010416664,0.07393391927083333,0.7304789225260416,0.1570892333984375,0.0052642822265625,0.0004018147786458333,0.005681355794270833,0.032816569010416664,0.07538859049479167,0.1570892333984375,DUXB,tf
ENSG00000232125,2,206620093,206816700,196608,-1,True,12,0.009134928385416666,0.0028177897135416665,0.0022379557291666665,0.3415934244791667,0.1035919189453125,0.3454132080078125,0.19521077473958334,0.009134928385416666,0.004847208658854167,0.014190673828125,0.3415934244791667,0.10851033528645833,0.19521077473958334,DYTN,tf
ENSG00000134874,13,95546403,95743010,196608,-1,True,6,0.013971964518229166,0.029398600260416668,0.0037434895833333335,0.29132080078125,0.051015218098958336,0.5903574625651041,0.020192464192708332,0.013971964518229166,0.033732096354166664,0.047114054361979164,0.29132080078125,0.058939615885416664,0.020192464192708332,DZIP1,tf
ENSG00000158163,3,138017305,138213912,196608,-1,True,6,0.012690226236979166,0.009857177734375,0.0036417643229166665,0.24772135416666666,0.06480916341145833,0.2732645670572917,0.3880157470703125,0.012690226236979166,0.009857177734375,0.026189168294270832,0.24772135416666666,0.07213338216145833,0.3880157470703125,DZIP1L,tf
ENSG00000101412,20,33588082,33784689,196608,-1,True,10,0.006805419921875,0.006998697916666667,1.52587890625e-05,0.041666666666666664,0.134796142578125,0.6497090657552084,0.16000874837239584,0.006805419921875,0.006998697916666667,0.013819376627604166,0.041666666666666664,0.134796142578125,0.16000874837239584,E2F1,tf
ENSG00000007968,1,23432930,23629537,196608,-1,True,8,0.0066680908203125,0.019744873046875,0.0013682047526041667,0.09833780924479167,0.0743408203125,0.68865966796875,0.11088053385416667,0.0066680908203125,0.019744873046875,0.027781168619791668,0.09833780924479167,0.07537333170572917,0.11088053385416667,E2F2,tf
ENSG00000112242,6,20303575,20500182,196608,1,True,9,0.0071868896484375,0.019358317057291668,1.52587890625e-05,0.440704345703125,0.0381317138671875,0.230682373046875,0.2639211018880208,0.0071868896484375,0.019358317057291668,0.026560465494791668,0.440704345703125,0.044596354166666664,0.2639211018880208,E2F3,tf
ENSG00000205250,16,67093851,67290458,196608,1,True,21,0.007853190104166666,0.003992716471354167,0.007212320963541667,0.015345255533854166,0.3356170654296875,0.5236714680989584,0.1063079833984375,0.007853190104166666,0.0081939697265625,0.0190582275390625,0.015345255533854166,0.3356170654296875,0.1063079833984375,E2F4,tf
ENSG00000133740,8,85078850,85275457,196608,1,True,8,0.006123860677083333,0.022496541341145832,0.00189208984375,0.17296346028645834,0.08365885416666667,0.6734975179036459,0.03936767578125,0.006123860677083333,0.025238037109375,0.030512491861979168,0.17296346028645834,0.09245808919270833,0.03936767578125,E2F5,tf
ENSG00000169016,2,11367858,11564465,196608,-1,True,11,0.005762736002604167,0.012975056966145834,0.0031382242838541665,0.089019775390625,0.08896891276041667,0.6127421061197916,0.1873931884765625,0.005762736002604167,0.017547607421875,0.021876017252604168,0.089019775390625,0.08896891276041667,0.1873931884765625,E2F6,tf
ENSG00000165891,12,76967266,77163873,196608,-1,True,4,0.014129638671875,0.0157470703125,0.0021464029947916665,0.1934356689453125,0.013966878255208334,0.38970947265625,0.3708648681640625,0.014129638671875,0.017237345377604168,0.032023111979166664,0.1934356689453125,0.0234832763671875,0.3708648681640625,E2F7,tf
ENSG00000129173,11,19142642,19339249,196608,-1,True,4,0.0133514404296875,0.0071258544921875,0.0011037190755208333,0.06804911295572917,0.07701619466145833,0.6882781982421875,0.14507548014322916,0.0133514404296875,0.0071258544921875,0.021581013997395832,0.06804911295572917,0.07776387532552083,0.14507548014322916,E2F8,tf
ENSG00000167967,16,2125287,2321894,196608,1,True,25,0.013036092122395834,0.0021158854166666665,0.018102010091145832,0.029327392578125,0.2390594482421875,0.5723978678385416,0.1259613037109375,0.013036092122395834,0.005071004231770833,0.033253987630208336,0.029327392578125,0.23933919270833334,0.1259613037109375,E4F1,tf
ENSG00000164330,5,159001613,159198220,196608,-1,True,4,0.0028177897135416665,0.0024058024088541665,0.004155476888020833,0.4907989501953125,0.050328572591145836,0.4494527180989583,4.0690104166666664e-05,0.0028177897135416665,0.0024058024088541665,0.009379069010416666,0.4907989501953125,0.050328572591145836,4.0690104166666664e-05,EBF1,tf
ENSG00000221818,8,25947110,26143717,196608,-1,True,4,0.0028025309244791665,0.0038401285807291665,0.0083160400390625,0.4850413004557292,0.014897664388020834,0.0891571044921875,0.3959452311197917,0.0028025309244791665,0.004633585611979167,0.014958699544270834,0.4850413004557292,0.014897664388020834,0.3959452311197917,EBF2,tf
ENSG00000108001,10,129865971,130062578,196608,-1,True,4,0.005284627278645833,0.0033671061197916665,0.0004221598307291667,0.5355784098307291,0.012262980143229166,0.21934000651041666,0.22374471028645834,0.005284627278645833,0.0033671061197916665,0.009073893229166666,0.5355784098307291,0.019582112630208332,0.22374471028645834,EBF3,tf
ENSG00000088881,20,2594476,2791083,196608,1,True,14,0.0096282958984375,0.008280436197916666,0.0027414957682291665,0.3218027750651042,0.085723876953125,0.3932545979817708,0.17856852213541666,0.0096282958984375,0.0093994140625,0.020650227864583332,0.3218027750651042,0.08847554524739583,0.17856852213541666,EBF4,tf
ENSG00000102189,12,92830992,93027599,196608,-1,True,8,0.006439208984375,0.0019632975260416665,0.000579833984375,0.4912974039713542,0.022394816080729168,0.4245045979817708,0.052820841471354164,0.006439208984375,0.007715861002604167,0.008982340494791666,0.4912974039713542,0.037078857421875,0.052820841471354164,EEA1,tf
ENSG00000135766,1,231323984,231520591,196608,-1,True,6,0.007893880208333334,0.018793741861979168,0.0025075276692708335,0.2708638509114583,0.058024088541666664,0.5665079752604166,0.075408935546875,0.007893880208333334,0.0194549560546875,0.029195149739583332,0.2708638509114583,0.07477823893229167,0.075408935546875,EGLN1,tf
ENSG00000120738,5,138367175,138563782,196608,1,True,15,0.0082855224609375,0.007654825846354167,1.52587890625e-05,0.0034993489583333335,0.15972900390625,0.6455179850260416,0.17529805501302084,0.0082855224609375,0.007654825846354167,0.015955607096354168,0.0034993489583333335,0.15972900390625,0.17529805501302084,EGR1,tf
ENSG00000122877,10,62718063,62914670,196608,-1,True,4,0.009765625,0.009073893229166666,1.52587890625e-05,0.0176239013671875,0.027928670247395832,0.9177093505859375,0.01788330078125,0.009765625,0.0162353515625,0.018854777018229168,0.0176239013671875,0.028666178385416668,0.01788330078125,EGR2,tf
ENSG00000179388,8,22595177,22791784,196608,-1,True,15,0.006174723307291667,0.017359415690104168,0.0020650227864583335,0.0040130615234375,0.16494242350260416,0.7414143880208334,0.06403096516927083,0.006174723307291667,0.022501627604166668,0.025599161783854168,0.0040130615234375,0.166015625,0.06403096516927083,EGR3,tf
ENSG00000135625,2,73195245,73391852,196608,-1,True,12,0.0089874267578125,0.0031789143880208335,1.52587890625e-05,0.0020345052083333335,0.1190032958984375,0.8006540934244791,0.06612650553385417,0.0089874267578125,0.004750569661458333,0.012181599934895834,0.0020345052083333335,0.1190032958984375,0.06612650553385417,EGR4,tf
ENSG00000135373,11,34522789,34719396,196608,1,True,10,0.005091349283854167,0.037567138671875,0.0009053548177083334,0.19214884440104166,0.055170694986979164,0.4448954264322917,0.26422119140625,0.005091349283854167,0.03790283203125,0.0435638427734375,0.19214884440104166,0.06332906087239583,0.26422119140625,EHF,tf
ENSG00000120690,13,40921013,41117620,196608,-1,True,5,0.010045369466145834,0.021708170572916668,0.0,0.6304728190104166,0.017049153645833332,0.10226949055989583,0.21845499674479166,0.010045369466145834,0.02984619140625,0.0317535400390625,0.6304728190104166,0.019861857096354168,0.21845499674479166,ELF1,tf
ENSG00000109381,4,139078915,139275522,196608,-1,True,13,0.0017140706380208333,0.010009765625,0.004384358723958333,0.4839223225911458,0.033045450846354164,0.4661610921223958,0.000762939453125,0.0017140706380208333,0.010009765625,0.016108194986979168,0.4839223225911458,0.04071044921875,0.000762939453125,ELF2,tf
ENSG00000163435,1,201912283,202108890,196608,1,True,14,0.0056610107421875,0.02569580078125,0.005193074544270833,0.010442097981770834,0.07643636067708333,0.4252980550130208,0.4512736002604167,0.0056610107421875,0.02569580078125,0.036549886067708336,0.010442097981770834,0.0859832763671875,0.4512736002604167,ELF3,tf
ENSG00000102034,X,130012194,130208801,196608,-1,True,8,0.0101165771484375,0.021504720052083332,1.52587890625e-05,0.20716349283854166,0.136016845703125,0.512176513671875,0.113006591796875,0.0101165771484375,0.021687825520833332,0.031636555989583336,0.20716349283854166,0.136322021484375,0.113006591796875,ELF4,tf
ENSG00000135374,11,34415491,34612098,196608,-1,True,8,0.004628499348958333,0.020177205403645832,0.00018310546875,0.211029052734375,0.04095458984375,0.3553517659505208,0.36767578125,0.004628499348958333,0.020197550455729168,0.024988810221354168,0.211029052734375,0.041971842447916664,0.36767578125,ELF5,tf
ENSG00000126767,X,47552260,47748867,196608,-1,True,13,0.00750732421875,0.029286702473958332,0.0025126139322916665,0.0572509765625,0.16157023111979166,0.6415354410807291,0.10033671061197917,0.00750732421875,0.029886881510416668,0.039306640625,0.0572509765625,0.17013041178385416,0.10033671061197917,ELK1,tf
ENSG00000111145,12,96096071,96292678,196608,1,True,7,0.0062103271484375,0.020060221354166668,0.0004628499348958333,0.359100341796875,0.052708943684895836,0.366302490234375,0.19515482584635416,0.0062103271484375,0.021062215169270832,0.0267333984375,0.359100341796875,0.079803466796875,0.19515482584635416,ELK3,tf
ENSG00000158711,1,205533708,205730315,196608,-1,True,11,0.00726318359375,0.062260945638020836,0.0013987223307291667,0.11709086100260417,0.0834503173828125,0.4726104736328125,0.2559254964192708,0.00726318359375,0.062260945638020836,0.0709228515625,0.11709086100260417,0.11043802897135417,0.2559254964192708,ELK4,tf
ENSG00000135638,2,72819215,73015822,196608,1,True,5,0.006866455078125,0.008636474609375,0.0123291015625,0.07293701171875,0.046778361002604164,0.5082346598307291,0.3442179361979167,0.006866455078125,0.0093231201171875,0.02783203125,0.07293701171875,0.049184163411458336,0.3442179361979167,EMX1,tf
ENSG00000170370,10,117444442,117641049,196608,1,True,7,0.00384521484375,0.010884602864583334,0.0018564860026041667,0.019536336263020832,0.06548563639322917,0.7289530436197916,0.16943868001302084,0.00384521484375,0.011194864908854166,0.0165863037109375,0.019536336263020832,0.06998189290364583,0.16943868001302084,EMX2,tf
ENSG00000163064,2,118749345,118945952,196608,-1,True,7,0.0059814453125,0.00634765625,0.002197265625,0.013336181640625,0.042093912760416664,0.3619537353515625,0.5680898030598959,0.0059814453125,0.00634765625,0.0145263671875,0.013336181640625,0.042093912760416664,0.5680898030598959,EN1,tf
ENSG00000164778,7,155359825,155556432,196608,1,True,12,0.0050811767578125,0.012171427408854166,1.52587890625e-05,0.016825358072916668,0.13227335611979166,0.6877288818359375,0.145904541015625,0.0050811767578125,0.012171427408854166,0.017267862955729168,0.016825358072916668,0.13227335611979166,0.145904541015625,EN2,tf
ENSG00000163508,3,27624020,27820627,196608,-1,True,6,0.0107574462890625,0.007822672526041666,1.52587890625e-05,0.015803019205729168,0.046488444010416664,0.2981313069661458,0.6209818522135416,0.0107574462890625,0.007843017578125,0.018595377604166668,0.015803019205729168,0.046488444010416664,0.6209818522135416,EOMES,tf
ENSG00000100393,22,40994288,41190895,196608,1,True,10,0.0369873046875,0.011749267578125,0.01483154296875,0.3853556315104167,0.026850382486979168,0.2026214599609375,0.3216044108072917,0.0369873046875,0.030649820963541668,0.063568115234375,0.3853556315104167,0.040985107421875,0.3216044108072917,EP300,tf
ENSG00000116016,2,46199103,46395710,196608,1,True,6,0.013397216796875,0.013529459635416666,0.010157267252604166,0.43609619140625,0.02606201171875,0.16952006022135416,0.33123779296875,0.013397216796875,0.013529459635416666,0.037083943684895836,0.43609619140625,0.037322998046875,0.33123779296875,EPAS1,tf
ENSG00000104884,19,45272270,45468877,196608,-1,True,12,0.013849894205729166,0.014383951822916666,0.007863362630208334,0.0714569091796875,0.13258870442708334,0.6593068440755209,0.10055033365885417,0.013849894205729166,0.022664388020833332,0.036097208658854164,0.0714569091796875,0.13548787434895834,0.10055033365885417,ERCC2,tf
ENSG00000163161,2,127195841,127392448,196608,-1,True,7,0.014948527018229166,0.0052947998046875,0.022939046223958332,0.14452107747395834,0.105194091796875,0.5731964111328125,0.13390604654947916,0.014948527018229166,0.018346150716145832,0.043182373046875,0.14452107747395834,0.10679117838541667,0.13390604654947916,ERCC3,tf
ENSG00000105722,19,42156825,42353432,196608,-1,True,16,0.00836181640625,0.00604248046875,0.0022379557291666665,0.021825154622395832,0.2025146484375,0.6589711507161459,0.10004679361979167,0.00836181640625,0.011311848958333334,0.016642252604166668,0.021825154622395832,0.20345052083333334,0.10004679361979167,ERF,tf
ENSG00000157554,21,38400174,38596781,196608,-1,True,3,0.003987630208333333,0.0014394124348958333,0.009587605794270834,0.9849853515625,0.0,0.0,0.0,0.003987630208333333,0.0019327799479166667,0.0150146484375,0.9849853515625,0.010472615559895834,0.0,ERG,tf
ENSG00000196678,16,20708169,20904776,196608,-1,True,10,0.0118255615234375,0.012995402018229166,0.0095672607421875,0.5767618815104166,0.06887308756510417,0.319976806640625,0.0,0.0118255615234375,0.0220489501953125,0.034388224283854164,0.5767618815104166,0.1431884765625,0.0,ERI2,tf
ENSG00000164588,5,45598077,45794684,196608,-1,True,1,0.0045013427734375,0.019582112630208332,0.000823974609375,0.4756927490234375,0.005360921223958333,0.017725626627604168,0.4763132731119792,0.0045013427734375,0.019582112630208332,0.024907430013020832,0.4756927490234375,0.005360921223958333,0.4763132731119792,HCN1,ion
ENSG00000099822,19,491577,688184,196608,1,True,18,0.0135650634765625,0.003814697265625,1.52587890625e-05,0.1213531494140625,0.185089111328125,0.4877268473307292,0.18843587239583334,0.0135650634765625,0.003814697265625,0.01739501953125,0.1213531494140625,0.193695068359375,0.18843587239583334,HCN2,ion
ENSG00000143630,1,155179159,155375766,196608,1,True,23,0.011810302734375,0.008382161458333334,0.0020650227864583335,0.0414276123046875,0.3348592122395833,0.5434163411458334,0.058039347330729164,0.011810302734375,0.008382161458333334,0.022257486979166668,0.0414276123046875,0.3382822672526042,0.058039347330729164,HCN3,ion
ENSG00000138622,15,73270655,73467262,196608,-1,True,5,0.0183563232421875,0.016835530598958332,1.52587890625e-05,0.21452840169270834,0.027531941731770832,0.3461558024088542,0.3765767415364583,0.0183563232421875,0.016835530598958332,0.035207112630208336,0.21452840169270834,0.0294189453125,0.3765767415364583,HCN4,ion
ENSG00000122986,12,110590812,110787419,196608,-1,True,4,0.00421142578125,0.017125447591145832,0.0029805501302083335,0.3678843180338542,0.054926554361979164,0.1420745849609375,0.410797119140625,0.00421142578125,0.0182342529296875,0.024317423502604168,0.3678843180338542,0.10882059733072917,0.410797119140625,HVCN1,ion
ENSG00000111262,12,4811601,5008208,196608,1,True,9,0.0077362060546875,0.032862345377604164,1.52587890625e-05,0.0018666585286458333,0.088226318359375,0.759033203125,0.110260009765625,0.0077362060546875,0.033045450846354164,0.040613810221354164,0.0018666585286458333,0.09111531575520833,0.110260009765625,KCNA1,ion
ENSG00000177301,1,110508055,110704662,196608,-1,True,6,0.0088348388671875,0.060933430989583336,0.026845296223958332,0.4712066650390625,0.084381103515625,0.3029836018880208,0.0448150634765625,0.0088348388671875,0.0630645751953125,0.09661356608072917,0.4712066650390625,0.08620707194010417,0.0448150634765625,KCNA2,ion
ENSG00000177272,1,110576637,110773244,196608,-1,True,5,0.009058634440104166,0.042449951171875,1.52587890625e-05,0.057225545247395836,0.10214742024739583,0.5519002278645834,0.23720296223958334,0.009058634440104166,0.042734781901041664,0.051523844401041664,0.057225545247395836,0.10214742024739583,0.23720296223958334,KCNA3,ion
ENSG00000182255,11,29918727,30115334,196608,-1,True,4,0.0099639892578125,0.014170328776041666,0.00013224283854166666,0.013773600260416666,0.020624796549479168,0.7871856689453125,0.15414937337239584,0.0099639892578125,0.014170328776041666,0.024266560872395832,0.013773600260416666,0.020624796549479168,0.15414937337239584,KCNA4,ion
ENSG00000130037,12,4945575,5142182,196608,1,True,6,0.0093536376953125,0.00543212890625,1.52587890625e-05,0.0,0.09772745768229167,0.46832275390625,0.4191487630208333,0.0093536376953125,0.00543212890625,0.014801025390625,0.0,0.098236083984375,0.4191487630208333,KCNA5,ion
ENSG00000151079,12,4711030,4907637,196608,1,True,8,0.0080718994140625,0.012181599934895834,1.52587890625e-05,0.0,0.08289591471354167,0.7865753173828125,0.110260009765625,0.0080718994140625,0.012181599934895834,0.020268758138020832,0.0,0.08289591471354167,0.110260009765625,KCNA6,ion
ENSG00000104848,19,48974396,49171003,196608,-1,True,31,0.0069580078125,0.014139811197916666,1.52587890625e-05,0.005859375,0.21634419759114584,0.5901031494140625,0.1665802001953125,0.0069580078125,0.014139811197916666,0.021113077799479168,0.005859375,0.21634419759114584,0.1665802001953125,KCNA7,ion
ENSG00000143105,1,110420872,110617479,196608,-1,True,12,0.0077972412109375,0.0021514892578125,1.52587890625e-05,0.0,0.17488606770833334,0.6322021484375,0.18294779459635416,0.0077972412109375,0.0021514892578125,0.0099639892578125,0.0,0.17488606770833334,0.18294779459635416,KCNA10,ion
ENSG00000158445,20,49384365,49580972,196608,-1,True,5,0.0028839111328125,0.0027669270833333335,0.0021413167317708335,0.5004933675130209,0.033503214518229164,0.3117014567057292,0.14650980631510416,0.0028839111328125,0.0027669270833333335,0.007792154947916667,0.5004933675130209,0.049535115559895836,0.14650980631510416,KCNB1,ion
ENSG00000182674,8,72438921,72635528,196608,1,True,3,0.0029449462890625,0.0038350423177083335,0.0,0.4932200113932292,0.00677490234375,0.1479949951171875,0.3452301025390625,0.0029449462890625,0.0038350423177083335,0.006779988606770833,0.4932200113932292,0.010142008463541666,0.3452301025390625,KCNB2,ion
ENSG00000129159,11,17636477,17833084,196608,1,True,5,0.0094146728515625,0.049387613932291664,0.0019734700520833335,0.4392598470052083,0.037027994791666664,0.2866923014322917,0.17624409993489584,0.0094146728515625,0.0509185791015625,0.0607757568359375,0.4392598470052083,0.038914998372395836,0.17624409993489584,KCNC1,ion
ENSG00000166006,12,75111536,75308143,196608,-1,True,4,0.0034942626953125,0.005223592122395833,0.0014394124348958333,0.4898427327473958,0.043039957682291664,0.3305155436197917,0.12644449869791666,0.0034942626953125,0.005223592122395833,0.010157267252604166,0.4898427327473958,0.043039957682291664,0.12644449869791666,KCNC2,ion
ENSG00000131398,19,50231074,50427681,196608,-1,True,11,0.012303670247395834,0.022237141927083332,1.52587890625e-05,0.07520039876302083,0.14238484700520834,0.7367197672526041,0.011138916015625,0.012303670247395834,0.023366292317708332,0.034556070963541664,0.07520039876302083,0.14317830403645834,0.011138916015625,KCNC3,ion
ENSG00000116396,1,110112010,110308617,196608,1,True,10,0.0110931396484375,0.09328715006510417,0.028223673502604168,0.23760986328125,0.09955851236979167,0.4228719075520833,0.10735575358072917,0.0110931396484375,0.0938568115234375,0.13260396321614584,0.23760986328125,0.10410563151041667,0.10735575358072917,KCNC4,ion
ENSG00000102057,X,48873541,49070148,196608,-1,True,13,0.010350545247395834,0.022755940755208332,1.52587890625e-05,0.022242228190104168,0.2343292236328125,0.4168955485026042,0.2934112548828125,0.010350545247395834,0.022806803385416668,0.033121744791666664,0.022242228190104168,0.2343292236328125,0.2934112548828125,KCND1,ion
ENSG00000184408,7,120174871,120371478,196608,1,True,3,0.005671183268229167,0.007415771484375,0.0,0.4869130452473958,0.028422037760416668,0.2516937255859375,0.21988423665364584,0.005671183268229167,0.007415771484375,0.013086954752604166,0.4869130452473958,0.030303955078125,0.21988423665364584,KCND2,ion
ENSG00000171385,1,111891365,112087972,196608,-1,True,3,0.005625406901041667,0.0042724609375,0.0221710205078125,0.4679311116536458,0.034149169921875,0.4653371175130208,0.0005137125651041666,0.005625406901041667,0.0042724609375,0.032068888346354164,0.4679311116536458,0.0381011962890625,0.0005137125651041666,KCND3,ion
ENSG00000162975,2,10813630,11010237,196608,1,True,9,0.007537841796875,0.006072998046875,1.52587890625e-05,0.0022939046223958335,0.0455780029296875,0.5178629557291666,0.4206390380859375,0.007537841796875,0.006072998046875,0.0136260986328125,0.0022939046223958335,0.045801798502604164,0.4206390380859375,KCNF1,ion
ENSG00000026559,20,50924804,51121411,196608,-1,True,9,0.0078277587890625,0.04815673828125,0.013097127278645834,0.030558268229166668,0.1112518310546875,0.2609507242838542,0.5281575520833334,0.0078277587890625,0.04815673828125,0.06908162434895833,0.030558268229166668,0.11345926920572917,0.5281575520833334,KCNG1,ion
ENSG00000178342,18,79699634,79896241,196608,1,True,8,0.003173828125,0.0012766520182291667,0.0019989013671875,0.4937235514322917,0.048772176106770836,0.3099365234375,0.14111836751302084,0.003173828125,0.0012766520182291667,0.006449381510416667,0.4937235514322917,0.06753031412760417,0.14111836751302084,KCNG2,ion
ENSG00000171126,2,42395679,42592286,196608,-1,True,8,0.00665283203125,0.012196858723958334,1.52587890625e-05,0.24544779459635416,0.016550699869791668,0.6303609212239584,0.088775634765625,0.00665283203125,0.012196858723958334,0.018864949544270832,0.24544779459635416,0.0232086181640625,0.088775634765625,KCNG3,ion
ENSG00000168418,16,84141709,84338316,196608,-1,True,10,0.0079803466796875,0.026702880859375,3.0517578125e-05,0.07390848795572917,0.15041605631510416,0.3257497151692708,0.4152119954427083,0.0079803466796875,0.026702880859375,0.0347137451171875,0.07390848795572917,0.15041605631510416,0.4152119954427083,KCNG4,ion
ENSG00000143473,1,211035845,211232452,196608,-1,True,5,0.002838134765625,0.0012105305989583333,0.0017598470052083333,0.4943695068359375,0.016423543294270832,0.3579966227213542,0.12540181477864584,0.002838134765625,0.0012105305989583333,0.005808512369791667,0.4943695068359375,0.023030598958333332,0.12540181477864584,KCNH1,ion
ENSG00000055118,7,150880018,151076625,196608,-1,True,13,0.018269856770833332,0.011433919270833334,0.012964884440104166,0.13194783528645834,0.198333740234375,0.3420613606770833,0.2849884033203125,0.018269856770833332,0.011433919270833334,0.042668660481770836,0.13194783528645834,0.198333740234375,0.2849884033203125,KCNH2,ion
ENSG00000135519,12,49440726,49637333,196608,1,True,14,0.016611735026041668,0.0042266845703125,0.0020395914713541665,0.07533772786458333,0.11955769856770833,0.7518717447916666,0.030354817708333332,0.016611735026041668,0.018488566080729168,0.022878011067708332,0.07533772786458333,0.12217203776041667,0.030354817708333332,KCNH3,ion
ENSG00000089558,17,42082839,42279446,196608,-1,True,15,0.0155181884765625,0.0037333170572916665,1.52587890625e-05,0.10408528645833333,0.19298807779947916,0.6070302327473959,0.076629638671875,0.0155181884765625,0.0037333170572916665,0.019266764322916668,0.10408528645833333,0.19298807779947916,0.076629638671875,KCNH4,ion
ENSG00000140015,14,62947155,63143762,196608,-1,True,2,0.006963094075520833,0.0017242431640625,0.002471923828125,0.7766164143880209,0.006001790364583333,0.1001739501953125,0.106048583984375,0.006963094075520833,0.0022379557291666665,0.011159261067708334,0.7766164143880209,0.006001790364583333,0.106048583984375,KCNH5,ion
ENSG00000173826,17,63425054,63621661,196608,1,True,16,0.015192667643229166,0.006383260091145833,1.52587890625e-05,0.10901387532552083,0.2000732421875,0.4588775634765625,0.21044413248697916,0.015192667643229166,0.019317626953125,0.0215911865234375,0.10901387532552083,0.20330301920572916,0.21044413248697916,KCNH6,ion
ENSG00000184611,2,162740464,162937071,196608,-1,True,5,0.0015614827473958333,0.0012664794921875,0.0,0.4971720377604167,0.017964680989583332,0.4820353190104167,0.0,0.0015614827473958333,0.0012664794921875,0.0028279622395833335,0.4971720377604167,0.0391387939453125,0.0,KCNH7,ion
ENSG00000183960,3,19050206,19246813,196608,1,True,2,0.0003865559895833333,0.003143310546875,0.0,0.4985453287760417,0.0123138427734375,0.142120361328125,0.3434906005859375,0.0003865559895833333,0.003143310546875,0.0035298665364583335,0.4985453287760417,0.0123138427734375,0.3434906005859375,KCNH8,ion
ENSG00000151704,11,128768993,128965600,196608,-1,True,6,0.0059661865234375,0.052998860677083336,1.52587890625e-05,0.13611348470052084,0.11331685384114583,0.3890787760416667,0.3025105794270833,0.0059661865234375,0.053105672200520836,0.058980305989583336,0.13611348470052084,0.11331685384114583,0.3025105794270833,KCNJ1,ion
ENSG00000123700,17,70071228,70267835,196608,1,True,7,0.0065155029296875,0.022623697916666668,1.52587890625e-05,0.030573527018229168,0.08986918131510417,0.3645782470703125,0.4858245849609375,0.0065155029296875,0.022623697916666668,0.029154459635416668,0.030573527018229168,0.09547932942708333,0.4858245849609375,KCNJ2,ion
ENSG00000162989,2,154600391,154796998,196608,1,True,1,0.004674275716145833,0.0016021728515625,0.0002288818359375,0.4977671305338542,0.039143880208333336,0.0094757080078125,0.4471079508463542,0.004674275716145833,0.0018157958984375,0.006505330403645833,0.4977671305338542,0.0450439453125,0.4471079508463542,KCNJ3,ion
ENSG00000168135,22,38356896,38553503,196608,-1,True,13,0.0067901611328125,0.007405598958333333,1.52587890625e-05,0.13488260904947916,0.10108439127604167,0.6186167399088541,0.13120524088541666,0.0067901611328125,0.007405598958333333,0.014211018880208334,0.13488260904947916,0.11033121744791667,0.13120524088541666,KCNJ4,ion
ENSG00000120457,11,128793052,128989659,196608,1,True,6,0.0063934326171875,0.027577718098958332,1.52587890625e-05,0.12221781412760417,0.17168680826822916,0.369598388671875,0.3025105794270833,0.0063934326171875,0.027577718098958332,0.033986409505208336,0.12221781412760417,0.19080607096354166,0.3025105794270833,KCNJ5,ion
ENSG00000157542,21,37818154,38014761,196608,-1,True,4,0.00012715657552083334,0.006037394205729167,0.0,0.99383544921875,0.0,0.0,0.0,0.00012715657552083334,0.006037394205729167,0.00616455078125,0.99383544921875,0.014495849609375,0.0,KCNJ6,ion
ENSG00000121361,12,21676403,21873010,196608,-1,True,5,0.007171630859375,0.010019938151041666,0.0004018147786458333,0.036656697591145836,0.058298746744791664,0.7767079671223959,0.11074320475260417,0.007171630859375,0.010019938151041666,0.0175933837890625,0.036656697591145836,0.0644073486328125,0.11074320475260417,KCNJ8,ion
ENSG00000162728,1,159983234,160179841,196608,1,True,11,0.0059967041015625,0.016611735026041668,1.52587890625e-05,0.023473103841145832,0.17527262369791666,0.6562449137369791,0.12238566080729167,0.0059967041015625,0.016611735026041668,0.022623697916666668,0.023473103841145832,0.17527262369791666,0.12238566080729167,KCNJ9,ion
ENSG00000177807,1,159971857,160168464,196608,-1,True,11,0.006657918294270833,0.026972452799479168,1.52587890625e-05,0.3317159016927083,0.11126708984375,0.4009857177734375,0.12238566080729167,0.006657918294270833,0.0278472900390625,0.0336456298828125,0.3317159016927083,0.16102091471354166,0.12238566080729167,KCNJ10,ion
ENSG00000187486,11,17290356,17486963,196608,-1,True,7,0.005950927734375,0.019749959309895832,1.52587890625e-05,0.09727986653645833,0.18182881673177084,0.6786956787109375,0.0164794921875,0.005950927734375,0.020914713541666668,0.025716145833333332,0.09727986653645833,0.22585550944010416,0.0164794921875,KCNJ11,ion
ENSG00000184185,17,21278053,21474660,196608,1,True,7,0.0066070556640625,0.031458536783854164,1.52587890625e-05,0.1835174560546875,0.1070556640625,0.2844187418619792,0.3869272867838542,0.0066070556640625,0.031458536783854164,0.038080851236979164,0.1835174560546875,0.1070556640625,0.3869272867838542,KCNJ12,ion
ENSG00000115474,2,232678262,232874869,196608,-1,True,7,0.0054931640625,0.01300048828125,0.0,0.0362548828125,0.0909576416015625,0.7806599934895834,0.07363382975260417,0.0054931640625,0.015960693359375,0.01849365234375,0.0362548828125,0.09672037760416667,0.07363382975260417,KCNJ13,ion
ENSG00000182324,19,48357270,48553877,196608,1,True,12,0.00665283203125,0.01507568359375,1.52587890625e-05,0.036275227864583336,0.1722564697265625,0.5610148111979166,0.208709716796875,0.00665283203125,0.01507568359375,0.0217437744140625,0.036275227864583336,0.18482462565104166,0.208709716796875,KCNJ14,ion
ENSG00000157551,21,38158687,38355294,196608,1,True,7,0.0057220458984375,0.0660400390625,0.0004475911458333333,0.6839701334635416,0.004369099934895833,0.04541015625,0.19404093424479166,0.0057220458984375,0.0660400390625,0.07220967610677083,0.6839701334635416,0.024373372395833332,0.19404093424479166,KCNJ15,ion
ENSG00000153822,17,69976921,70173528,196608,1,True,10,0.006378173828125,0.042378743489583336,0.008819580078125,0.36041259765625,0.049830118815104164,0.3800862630208333,0.15209452311197916,0.006378173828125,0.042378743489583336,0.057576497395833336,0.36041259765625,0.06335957845052083,0.15209452311197916,KCNJ16,ion
ENSG00000260458,17,21594219,21790826,196608,1,True,6,0.0066070556640625,0.004547119140625,1.52587890625e-05,0.050323486328125,0.037801106770833336,0.280120849609375,0.6205851236979166,0.0066070556640625,0.004547119140625,0.01116943359375,0.050323486328125,0.037801106770833336,0.6205851236979166,KCNJ18,ion
ENSG00000135750,1,233515802,233712409,196608,1,True,3,0.005681355794270833,0.005340576171875,0.006917317708333333,0.279144287109375,0.0154266357421875,0.069610595703125,0.6178792317708334,0.005681355794270833,0.005340576171875,0.017939249674479168,0.279144287109375,0.015772501627604168,0.6178792317708334,KCNK1,ion
ENSG00000082482,1,214984433,215181040,196608,1,True,1,0.004364013671875,0.005254109700520833,0.0,0.8818308512369791,0.0023040771484375,0.016047159830729168,0.09019978841145833,0.004364013671875,0.007069905598958333,0.009618123372395834,0.8818308512369791,0.0023040771484375,0.09019978841145833,KCNK2,ion
ENSG00000171303,2,26594418,26791025,196608,1,True,7,0.006011962890625,0.025461832682291668,1.52587890625e-05,0.17551676432291666,0.034505208333333336,0.4345143636067708,0.323974609375,0.006011962890625,0.025461832682291668,0.031489054361979164,0.17551676432291666,0.035054524739583336,0.323974609375,KCNK3,ion
ENSG00000182450,11,64192998,64389605,196608,1,True,31,0.006891886393229167,0.007756551106770833,0.0018157958984375,0.0279388427734375,0.3398234049479167,0.5725555419921875,0.043217976888020836,0.006891886393229167,0.011515299479166666,0.0164642333984375,0.0279388427734375,0.3490142822265625,0.043217976888020836,KCNK4,ion
ENSG00000164626,6,39131172,39327779,196608,-1,True,4,0.0076141357421875,0.016326904296875,1.52587890625e-05,0.18677775065104166,0.027821858723958332,0.1530914306640625,0.6083526611328125,0.0076141357421875,0.016326904296875,0.023956298828125,0.18677775065104166,0.027821858723958332,0.6083526611328125,KCNK5,ion
ENSG00000099337,19,38221541,38418148,196608,1,True,18,0.0052947998046875,0.0243072509765625,0.002288818359375,0.030324300130208332,0.2232818603515625,0.5941874186197916,0.1203155517578125,0.0052947998046875,0.0243072509765625,0.031890869140625,0.030324300130208332,0.2232818603515625,0.1203155517578125,KCNK6,ion
ENSG00000173338,11,65497497,65694104,196608,-1,True,27,0.005147298177083333,0.0028839111328125,1.52587890625e-05,0.008031209309895834,0.3934122721354167,0.461700439453125,0.12880961100260416,0.005147298177083333,0.004109700520833333,0.008046468098958334,0.008031209309895834,0.39349365234375,0.12880961100260416,KCNK7,ion
ENSG00000169427,8,139604820,139801427,196608,-1,True,2,0.005864461263020833,0.022450764973958332,0.0020395914713541665,0.4746602376302083,0.026743570963541668,0.3634796142578125,0.10476175944010417,0.005864461263020833,0.022450764973958332,0.030354817708333332,0.4746602376302083,0.0283050537109375,0.10476175944010417,KCNK9,ion
ENSG00000100433,14,88224966,88421573,196608,-1,True,2,0.003926595052083333,0.006988525390625,0.0,0.5075887044270834,0.013712565104166666,0.1748809814453125,0.2929026285807292,0.003926595052083333,0.006988525390625,0.010915120442708334,0.5075887044270834,0.013712565104166666,0.2929026285807292,KCNK10,ion
ENSG00000184261,2,47472682,47669289,196608,-1,True,2,0.006561279296875,0.062413533528645836,0.0023447672526041665,0.24248250325520834,0.028589884440104168,0.6263631184895834,0.031244913736979168,0.006561279296875,0.062413533528645836,0.071319580078125,0.24248250325520834,0.0684661865234375,0.031244913736979168,KCNK12,ion
ENSG00000152315,14,89963690,90160297,196608,1,True,3,0.0019276936848958333,0.0010782877604166667,0.0,0.4969940185546875,0.022898356119791668,0.39178466796875,0.08531697591145833,0.0019276936848958333,0.0010782877604166667,0.0030059814453125,0.4969940185546875,0.024531046549479168,0.08531697591145833,KCNK13,ion
ENSG00000124249,20,44647561,44844168,196608,1,True,6,0.005035400390625,0.0077362060546875,1.52587890625e-05,0.020014444986979168,0.072601318359375,0.7053934733072916,0.18920389811197916,0.005035400390625,0.0077362060546875,0.012786865234375,0.020014444986979168,0.080047607421875,0.18920389811197916,KCNK15,ion
ENSG00000095981,6,39224399,39421006,196608,-1,True,5,0.006657918294270833,0.0033671061197916665,1.52587890625e-05,0.0320281982421875,0.0560760498046875,0.5450185139973959,0.3568369547526042,0.006657918294270833,0.004460652669270833,0.010040283203125,0.0320281982421875,0.0560760498046875,0.3568369547526042,KCNK16,ion
ENSG00000124780,6,39216116,39412723,196608,-1,True,5,0.006571451822916667,0.0030314127604166665,0.001861572265625,0.06718953450520833,0.0543670654296875,0.5101420084635416,0.3568369547526042,0.006571451822916667,0.004597981770833333,0.011464436848958334,0.06718953450520833,0.0543670654296875,0.3568369547526042,KCNK17,ion
ENSG00000186795,10,117099185,117295792,196608,1,True,11,0.005859375,0.005009969075520833,1.52587890625e-05,0.059285481770833336,0.13730367024739584,0.4995625813802083,0.2929636637369792,0.005859375,0.005009969075520833,0.010884602864583334,0.059285481770833336,0.13730367024739584,0.2929636637369792,KCNK18,ion
ENSG00000156113,10,77539505,77736112,196608,-1,True,5,0.003997802734375,0.017496744791666668,3.0517578125e-05,0.4813283284505208,0.033416748046875,0.2932891845703125,0.170440673828125,0.003997802734375,0.018168131510416668,0.021525065104166668,0.4813283284505208,0.042165120442708336,0.170440673828125,KCNMA1,ion
ENSG00000145936,5,170291064,170487671,196608,-1,True,13,0.0033416748046875,0.027435302734375,3.0517578125e-05,0.04541015625,0.06427510579427083,0.7470499674479166,0.112457275390625,0.0033416748046875,0.027435302734375,0.0308074951171875,0.04541015625,0.06485493977864583,0.112457275390625,KCNMB1,ion
ENSG00000197584,3,178438132,178634739,196608,1,True,4,0.0,0.0040283203125,0.0,0.9959716796875,0.0,0.0,0.0,0.0,0.0040283203125,0.0040283203125,0.9959716796875,0.006764729817708333,0.0,KCNMB2,ion
ENSG00000171121,3,179152811,179349418,196608,-1,True,7,0.0052032470703125,0.040374755859375,1.52587890625e-05,0.10858154296875,0.12025960286458333,0.4200846354166667,0.30548095703125,0.0052032470703125,0.041056315104166664,0.04559326171875,0.10858154296875,0.14899190266927084,0.30548095703125,KCNMB3,ion
ENSG00000135643,12,70267986,70464593,196608,1,True,4,0.0032246907552083335,0.021479288736979168,1.52587890625e-05,0.3211619059244792,0.08782958984375,0.3554280598958333,0.2108612060546875,0.0032246907552083335,0.0223236083984375,0.02471923828125,0.3211619059244792,0.08782958984375,0.2108612060546875,KCNMB4,ion
ENSG00000105642,19,17868803,18065410,196608,1,True,14,0.008331298828125,0.0153961181640625,0.0003712972005208333,0.24344889322916666,0.0972442626953125,0.3382619222005208,0.2969462076822917,0.008331298828125,0.016962687174479168,0.024098714192708332,0.24344889322916666,0.1001434326171875,0.2969462076822917,KCNN1,ion
ENSG00000080709,5,114263766,114460373,196608,1,True,1,0.009333292643229166,0.0029703776041666665,0.0,0.9876963297526041,0.0,0.0,0.0,0.009333292643229166,0.003326416015625,0.012303670247395834,0.9876963297526041,0.004053751627604167,0.0,KCNN2,ion
ENSG00000143603,1,154771978,154968585,196608,-1,True,9,0.007441202799479167,0.0041656494140625,0.0,0.4883931477864583,0.0887603759765625,0.13079325358072916,0.2804463704427083,0.007441202799479167,0.0041961669921875,0.011606852213541666,0.4883931477864583,0.09061686197916667,0.2804463704427083,KCNN3,ion
ENSG00000104783,19,43682670,43879277,196608,-1,True,11,0.007517496744791667,0.0061187744140625,0.0030771891276041665,0.057062784830729164,0.145233154296875,0.5047505696614584,0.2762400309244792,0.007517496744791667,0.0093841552734375,0.016713460286458332,0.057062784830729164,0.14782206217447916,0.2762400309244792,KCNN4,ion
ENSG00000053918,11,2346704,2543311,196608,1,True,10,0.0025736490885416665,0.0035247802734375,0.000946044921875,0.4947560628255208,0.10516866048177083,0.3754323323567708,0.017598470052083332,0.0025736490885416665,0.003987630208333333,0.007044474283854167,0.4947560628255208,0.10946146647135417,0.017598470052083332,KCNQ1,ion
ENSG00000075043,20,63374352,63570959,196608,-1,True,16,0.0200653076171875,0.035669962565104164,0.009526570638020834,0.3033396402994792,0.2637379964192708,0.2526397705078125,0.115020751953125,0.0200653076171875,0.049051920572916664,0.0652618408203125,0.3033396402994792,0.2736663818359375,0.115020751953125,KCNQ2,ion
ENSG00000184156,8,132382792,132579399,196608,-1,True,4,0.0020955403645833335,0.0030466715494791665,0.0,0.4948577880859375,0.032928466796875,0.3320770263671875,0.1349945068359375,0.0020955403645833335,0.0030466715494791665,0.0051422119140625,0.4948577880859375,0.032928466796875,0.1349945068359375,KCNQ3,ion
ENSG00000117013,1,40685483,40882090,196608,1,True,9,0.0116424560546875,0.011942545572916666,0.000152587890625,0.2650502522786458,0.08514404296875,0.5033772786458334,0.12269083658854167,0.0116424560546875,0.011942545572916666,0.023737589518229168,0.2650502522786458,0.08664957682291667,0.12269083658854167,KCNQ4,ion
ENSG00000185760,6,72523760,72720367,196608,1,True,3,0.0020243326822916665,0.0020243326822916665,0.0029754638671875,0.4943593343098958,0.027369181315104168,0.016321818033854168,0.454925537109375,0.0020243326822916665,0.0020243326822916665,0.007024129231770833,0.4943593343098958,0.028803507486979168,0.454925537109375,KCNQ5,ion
ENSG00000124134,20,45002824,45199431,196608,-1,True,8,0.008026123046875,0.02069091796875,1.52587890625e-05,0.021692911783854168,0.10039265950520833,0.4237009684244792,0.4254811604817708,0.008026123046875,0.02069091796875,0.0287322998046875,0.021692911783854168,0.10039265950520833,0.4254811604817708,KCNS1,ion
ENSG00000156486,8,98328654,98525261,196608,1,True,9,0.0072784423828125,0.020258585611979168,1.52587890625e-05,0.0024363199869791665,0.04620361328125,0.7323404947916666,0.19146728515625,0.0072784423828125,0.020258585611979168,0.027552286783854168,0.0024363199869791665,0.04620361328125,0.19146728515625,KCNS2,ion
ENSG00000170745,2,17780363,17976970,196608,1,True,5,0.0074920654296875,0.0262451171875,0.0011749267578125,0.4692586263020833,0.07016499837239583,0.2703094482421875,0.15535481770833334,0.0074920654296875,0.0262451171875,0.034912109375,0.4692586263020833,0.07016499837239583,0.15535481770833334,KCNS3,ion
ENSG00000107147,9,135603881,135800488,196608,1,True,7,0.020472208658854168,0.0204620361328125,0.038370768229166664,0.3953653971354167,0.054178873697916664,0.19690450032552084,0.2742462158203125,0.020472208658854168,0.037668863932291664,0.07930501302083333,0.3953653971354167,0.06354777018229167,0.2742462158203125,KCNT1,ion
ENSG00000162687,1,196510137,196706744,196608,-1,True,3,0.0009053548177083334,0.004704793294270833,0.0,0.498382568359375,0.048105875651041664,0.23159281412760416,0.21630859375,0.0009053548177083334,0.00518798828125,0.005610148111979167,0.498382568359375,0.048456827799479164,0.21630859375,KCNT2,ion
ENSG00000215262,8,36686070,36882677,196608,1,True,3,0.010335286458333334,0.0004425048828125,0.0,0.4894765218098958,0.008265177408854166,0.4654693603515625,0.026011149088541668,0.010335286458333334,0.0014902750651041667,0.010777791341145834,0.4894765218098958,0.011357625325520834,0.026011149088541668,KCNU1,ion
ENSG00000164794,8,109877468,110074075,196608,-1,True,2,0.00762939453125,0.0275115966796875,1.52587890625e-05,0.026570638020833332,0.004918416341145833,0.497711181640625,0.4356435139973958,0.00762939453125,0.0275115966796875,0.03515625,0.026570638020833332,0.008768717447916666,0.4356435139973958,KCNV1,ion
ENSG00000168263,9,2619206,2815813,196608,1,True,5,0.0083160400390625,0.00274658203125,1.52587890625e-05,0.052642822265625,0.14463297526041666,0.7916463216145834,0.0,0.0083160400390625,0.00274658203125,0.011077880859375,0.052642822265625,0.14495849609375,0.0,KCNV2,ion
ENSG00000136802,9,128783829,128980436,196608,1,True,11,0.012786865234375,0.027608235677083332,0.0023905436197916665,0.139862060546875,0.11729939778645833,0.64190673828125,0.058146158854166664,0.012786865234375,0.027608235677083332,0.04278564453125,0.139862060546875,0.12185160319010417,0.058146158854166664,LRRC8A,ion
ENSG00000197147,1,89426525,89623132,196608,1,True,5,0.0125274658203125,0.03094482421875,1.0172526041666666e-05,0.3279825846354167,0.040445963541666664,0.5867665608723959,0.0013224283854166667,0.0125274658203125,0.032313028971354164,0.043482462565104164,0.3279825846354167,0.0664520263671875,0.0013224283854166667,LRRC8B,ion
ENSG00000171488,1,89534816,89731423,196608,1,True,7,0.0124359130859375,0.025522867838541668,0.000274658203125,0.4638671875,0.10341389973958333,0.3944854736328125,0.0,0.0124359130859375,0.025522867838541668,0.038233439127604164,0.4638671875,0.10888163248697917,0.0,LRRC8C,ion
ENSG00000171492,1,89722728,89919335,196608,1,True,6,0.0,0.014460245768229166,0.0,0.4858144124348958,0.030110677083333332,0.4696146647135417,0.0,0.0,0.014460245768229166,0.014460245768229166,0.4858144124348958,0.038330078125,0.0,LRRC8D,ion
ENSG00000171017,19,7790206,7986813,196608,1,True,21,0.01214599609375,0.010676066080729166,1.52587890625e-05,0.045939127604166664,0.221466064453125,0.5183207194010416,0.191436767578125,0.01214599609375,0.011942545572916666,0.022837320963541668,0.045939127604166664,0.23783365885416666,0.191436767578125,LRRC8E,ion
ENSG00000110881,12,49959292,50155899,196608,1,True,11,0.012603759765625,0.012212117513020834,0.004628499348958333,0.10317484537760417,0.16447957356770834,0.5763295491536459,0.1265716552734375,0.012603759765625,0.016657511393229168,0.029444376627604168,0.10317484537760417,0.16447957356770834,0.1265716552734375,ASIC1,ion
ENSG00000108684,17,33194992,33391599,196608,-1,True,1,0.00360107421875,0.006001790364583333,0.002197265625,0.9881998697916666,0.0,0.0,0.0,0.00360107421875,0.006001790364583333,0.011800130208333334,0.9881998697916666,0.00335693359375,0.0,ASIC2,ion
ENSG00000213199,7,150950227,151146834,196608,1,True,14,0.008687337239583334,0.003987630208333333,0.0013020833333333333,0.008733113606770834,0.2900594075520833,0.5929514567057291,0.09427897135416667,0.008687337239583334,0.005594889322916667,0.01397705078125,0.008733113606770834,0.2963663736979167,0.09427897135416667,ASIC3,ion
ENSG00000072182,2,219416178,219612785,196608,1,True,18,0.010162353515625,0.003692626953125,0.012847900390625,0.0984344482421875,0.2789764404296875,0.4552103678385417,0.14067586263020834,0.010162353515625,0.0049285888671875,0.026702880859375,0.0984344482421875,0.2799021402994792,0.14067586263020834,ASIC4,ion
ENSG00000256394,4,155767974,155964581,196608,-1,True,3,0.0077056884765625,0.0009053548177083334,1.52587890625e-05,0.17727152506510416,0.082244873046875,0.5601908365885416,0.17166646321614584,0.0077056884765625,0.0009053548177083334,0.008626302083333334,0.17727152506510416,0.0863037109375,0.17166646321614584,ASIC5,ion
ENSG00000090674,19,7424320,7620927,196608,1,True,14,0.011057535807291666,0.0014241536458333333,0.008443196614583334,0.037053426106770836,0.15015665690104166,0.5903778076171875,0.20148722330729166,0.011057535807291666,0.001800537109375,0.020924886067708332,0.037053426106770836,0.15987650553385416,0.20148722330729166,MCOLN1,ion
ENSG00000153898,1,84898810,85095417,196608,-1,True,4,0.008636474609375,0.006856282552083333,0.0020243326822916665,0.3463185628255208,0.060160319010416664,0.4433542887369792,0.13264973958333334,0.008636474609375,0.010106404622395834,0.01751708984375,0.3463185628255208,0.060160319010416664,0.13264973958333334,MCOLN2,ion
ENSG00000055732,1,84950197,85146804,196608,-1,True,5,0.0086669921875,0.020355224609375,0.009577433268229166,0.11702982584635417,0.032786051432291664,0.7613728841145834,0.050211588541666664,0.0086669921875,0.0239105224609375,0.038599650065104164,0.11702982584635417,0.032786051432291664,0.050211588541666664,MCOLN3,ion
ENSG00000102452,13,101318205,101514812,196608,-1,True,2,0.0042572021484375,0.0038859049479166665,0.012547810872395834,0.47930908203125,0.005518595377604167,0.3143666585286458,0.18011474609375,0.0042572021484375,0.004674275716145833,0.02069091796875,0.47930908203125,0.005518595377604167,0.18011474609375,NALCN,ion
ENSG00000103335,16,88686917,88883524,196608,-1,True,19,0.039143880208333336,0.003021240234375,0.0154266357421875,0.2980092366536458,0.17617289225260416,0.297821044921875,0.17040506998697916,0.039143880208333336,0.008824666341145834,0.057591756184895836,0.2980092366536458,0.22478230794270834,0.17040506998697916,PIEZO1,ion
ENSG00000154864,18,11051266,11247873,196608,-1,True,2,0.0008138020833333334,0.0049896240234375,0.0,0.4941965738932292,0.020502726236979168,0.1906890869140625,0.2888081868489583,0.0008138020833333334,0.0049896240234375,0.005803426106770833,0.4941965738932292,0.020502726236979168,0.2888081868489583,PIEZO2,ion
ENSG00000118762,4,87909331,88105938,196608,1,True,7,0.0147705078125,0.01123046875,0.0021616617838541665,0.3286336263020833,0.09625752766927083,0.4810587565104167,0.065887451171875,0.0147705078125,0.013239542643229166,0.028162638346354168,0.3286336263020833,0.09682718912760417,0.065887451171875,PKD2,ion
ENSG00000107593,10,100231925,100428532,196608,-1,True,11,0.012395222981770834,0.0020904541015625,0.0,0.19972737630208334,0.15931193033854166,0.5301411946614584,0.09633382161458333,0.012395222981770834,0.013071695963541666,0.014485677083333334,0.19972737630208334,0.15931193033854166,0.09633382161458333,PKD2L1,ion
ENSG00000078795,5,137791153,137987760,196608,1,True,5,0.009801228841145834,0.013849894205729166,1.52587890625e-05,0.2549591064453125,0.12210591634114583,0.5992685953776041,0.0,0.009801228841145834,0.018320719401041668,0.0236663818359375,0.2549591064453125,0.13936360677083334,0.0,PKD2L2,ion
ENSG00000144285,2,166029717,166226324,196608,-1,True,4,0.018941243489583332,0.0045166015625,0.019846598307291668,0.7353515625,0.030634562174479168,0.19070943196614584,0.0,0.018941243489583332,0.021413167317708332,0.043304443359375,0.7353515625,0.071075439453125,0.0,SCN1A,ion
ENSG00000105711,19,34932166,35128773,196608,1,True,15,0.005894978841145833,0.0269317626953125,0.009028116861979166,0.009053548177083334,0.20007832845052084,0.5671488444010416,0.18186442057291666,0.005894978841145833,0.0290374755859375,0.0418548583984375,0.009053548177083334,0.20007832845052084,0.18186442057291666,SCN1B,ion
ENSG00000136531,2,165141110,165337717,196608,1,True,3,0.013844807942708334,0.0159759521484375,0.042867024739583336,0.6532491048177084,0.0114288330078125,0.26263427734375,0.0,0.013844807942708334,0.028315226236979168,0.07268778483072917,0.6532491048177084,0.020085652669270832,0.0,SCN2A,ion
ENSG00000149575,11,118078336,118274943,196608,-1,True,10,0.0038096110026041665,0.021830240885416668,0.0015869140625,0.0431365966796875,0.19243876139322916,0.5426177978515625,0.194580078125,0.0038096110026041665,0.024220784505208332,0.027226765950520832,0.0431365966796875,0.194244384765625,0.194580078125,SCN2B,ion
ENSG00000153253,2,165105747,165302354,196608,-1,True,3,0.020029703776041668,0.012659708658854166,1.52587890625e-05,0.4672953287760417,0.0563201904296875,0.4436798095703125,0.0,0.020029703776041668,0.0212249755859375,0.032704671223958336,0.4672953287760417,0.06201171875,0.0,SCN3A,ion
ENSG00000166257,11,123556321,123752928,196608,-1,True,6,0.004079182942708333,0.033533732096354164,0.014322916666666666,0.08060201009114583,0.12096659342447917,0.6339467366536459,0.112548828125,0.004079182942708333,0.034886678059895836,0.051935831705729164,0.08060201009114583,0.12236531575520833,0.112548828125,SCN3B,ion
ENSG00000007314,17,63874615,64071222,196608,-1,True,16,0.02801513671875,0.011667887369791666,0.0022430419921875,0.13286336263020834,0.1654052734375,0.44464111328125,0.2151641845703125,0.02801513671875,0.011667887369791666,0.041926066080729164,0.13286336263020834,0.1654052734375,0.2151641845703125,SCN4A,ion
ENSG00000177098,11,118054520,118251127,196608,-1,True,9,0.00347900390625,0.019658406575520832,0.005594889322916667,0.0705108642578125,0.1599273681640625,0.5932057698567709,0.14762369791666666,0.00347900390625,0.019658406575520832,0.0287322998046875,0.0705108642578125,0.16131083170572916,0.14762369791666666,SCN4B,ion
ENSG00000183873,3,38551384,38747991,196608,-1,True,1,0.026346842447916668,0.0021921793619791665,0.007787068684895833,0.463958740234375,0.0231475830078125,0.23721822102864584,0.239349365234375,0.026346842447916668,0.024078369140625,0.036326090494791664,0.463958740234375,0.0231475830078125,0.239349365234375,SCN5A,ion
ENSG00000196876,12,51492929,51689536,196608,1,True,1,0.004175821940104167,0.006551106770833333,0.00872802734375,0.4854634602864583,0.0548248291015625,0.061319986979166664,0.378936767578125,0.004175821940104167,0.00701904296875,0.0194549560546875,0.4854634602864583,0.0548248291015625,0.378936767578125,SCN8A,ion
ENSG00000169432,2,166277641,166474248,196608,-1,True,3,0.013361612955729166,0.004847208658854167,0.009816487630208334,0.4722646077473958,0.052714029947916664,0.3824005126953125,0.06459554036458333,0.013361612955729166,0.005304972330729167,0.028025309244791668,0.4722646077473958,0.08930460611979167,0.06459554036458333,SCN9A,ion
ENSG00000185313,3,38717914,38914521,196608,-1,True,4,0.0188751220703125,0.001434326171875,0.0,0.48004150390625,0.046391805013020836,0.3239491780598958,0.12930806477864584,0.0188751220703125,0.001434326171875,0.0203094482421875,0.48004150390625,0.048090616861979164,0.12930806477864584,SCN10A,ion
ENSG00000168356,3,38953641,39150248,196608,-1,True,8,0.0,0.0037078857421875,0.011515299479166666,0.4858601888020833,0.1527862548828125,0.3416544596354167,0.004475911458333333,0.0,0.0037078857421875,0.015223185221354166,0.4858601888020833,0.15371195475260416,0.004475911458333333,SCN11A,ion
ENSG00000111319,12,6277260,6473867,196608,-1,True,15,0.01123046875,0.014973958333333334,0.0075225830078125,0.15484619140625,0.159637451171875,0.3172963460286458,0.3344930013020833,0.01123046875,0.023228963216145832,0.033727010091145836,0.15484619140625,0.16265869140625,0.3344930013020833,SCNN1A,ion
ENSG00000168447,16,23203998,23400605,196608,1,True,3,0.0115203857421875,0.0081939697265625,0.004425048828125,0.5000966389973959,0.023228963216145832,0.10392252604166667,0.3486124674479167,0.0115203857421875,0.013066609700520834,0.024139404296875,0.5000966389973959,0.023228963216145832,0.3486124674479167,SCNN1B,ion
ENSG00000162572,1,1182132,1378739,196608,1,True,23,0.012644449869791666,0.0078125,1.52587890625e-05,0.0384979248046875,0.3329060872395833,0.4068756103515625,0.2012481689453125,0.012644449869791666,0.015385945638020834,0.020472208658854168,0.0384979248046875,0.3329060872395833,0.2012481689453125,SCNN1D,ion
ENSG00000166828,16,23084441,23281048,196608,1,True,4,0.0099029541015625,0.0086212158203125,1.52587890625e-05,0.15544637044270834,0.018468221028645832,0.4033355712890625,0.4042104085286458,0.0099029541015625,0.0086212158203125,0.0185394287109375,0.15544637044270834,0.0218963623046875,0.4042104085286458,SCNN1G,ion
ENSG00000141837,19,13408176,13604783,196608,-1,True,2,0.004664103190104167,0.004582722981770833,0.013636271158854166,0.9771169026692709,0.0,0.0,0.0,0.004664103190104167,0.006220499674479167,0.022883097330729168,0.9771169026692709,0.006200154622395833,0.0,CACNA1A,ion
ENSG00000148408,9,137779478,137976085,196608,1,True,5,0.0084381103515625,0.0007731119791666666,0.0,0.4907887776692708,0.09785970052083333,0.4021402994791667,0.0,0.0084381103515625,0.0011393229166666667,0.009211222330729166,0.4907887776692708,0.11154683430989583,0.0,CACNA1B,ion
ENSG00000151067,12,1954683,2151290,196608,1,True,3,0.0031331380208333335,0.0044097900390625,0.006540934244791667,0.904083251953125,0.002410888671875,0.0794219970703125,0.0,0.0031331380208333335,0.004903157552083333,0.0140838623046875,0.904083251953125,0.023005167643229168,0.0,CACNA1C,ion
ENSG00000157388,3,53396307,53592914,196608,1,True,2,0.0024566650390625,0.0033416748046875,0.0,0.99420166015625,0.0,0.0,0.0,0.0024566650390625,0.0033416748046875,0.00579833984375,0.99420166015625,0.0023905436197916665,0.0,CACNA1D,ion
ENSG00000198216,1,181385213,181581820,196608,1,True,2,0.007049560546875,0.004597981770833333,0.0,0.9883524576822916,0.0,0.0,0.0,0.007049560546875,0.004603068033854167,0.011647542317708334,0.9883524576822916,0.010589599609375,0.0,CACNA1E,ion
ENSG00000102001,X,49135037,49331644,196608,-1,True,22,0.031041463216145832,0.0022735595703125,0.001922607421875,0.1087493896484375,0.19899495442708334,0.5599009195963541,0.09711710611979167,0.031041463216145832,0.0022735595703125,0.035237630208333336,0.1087493896484375,0.19899495442708334,0.09711710611979167,CACNA1F,ion
ENSG00000006283,17,50462411,50659018,196608,1,True,14,0.038116455078125,0.0130157470703125,4.57763671875e-05,0.2883809407552083,0.18005879720052084,0.3842112223307292,0.09617106119791667,0.038116455078125,0.020502726236979168,0.051177978515625,0.2883809407552083,0.18402099609375,0.09617106119791667,CACNA1G,ion
ENSG00000196557,16,1054802,1251409,196608,1,True,18,0.0403594970703125,0.025609334309895832,0.006062825520833333,0.2894337972005208,0.1403656005859375,0.20868428548177084,0.2894846598307292,0.0403594970703125,0.059819539388020836,0.07203165690104167,0.2894337972005208,0.15250142415364584,0.2894846598307292,CACNA1H,ion
ENSG00000100346,22,39472449,39669056,196608,1,True,8,0.021331787109375,0.0,0.0003814697265625,0.4782867431640625,0.11656697591145833,0.1171112060546875,0.2663218180338542,0.021331787109375,0.0,0.0217132568359375,0.4782867431640625,0.11656697591145833,0.2663218180338542,CACNA1I,ion
ENSG00000081248,1,201014123,201210730,196608,-1,True,6,0.029973347981770832,0.0033213297526041665,0.0037485758463541665,0.3339487711588542,0.09194437662760417,0.3960469563802083,0.14101664225260416,0.029973347981770832,0.027323404947916668,0.037043253580729164,0.3339487711588542,0.0992889404296875,0.14101664225260416,CACNA1S,ion
ENSG00000175294,11,65928176,66124783,196608,-1,True,14,0.01190185546875,0.0012105305989583333,0.0003611246744791667,0.036005655924479164,0.16257222493489584,0.5491231282552084,0.23882548014322916,0.01190185546875,0.0012105305989583333,0.0134735107421875,0.036005655924479164,0.16474405924479166,0.23882548014322916,CATSPER1,ion
ENSG00000166762,15,43550541,43747148,196608,-1,True,18,0.0083770751953125,0.014673868815104166,0.0181121826171875,0.16033426920572916,0.18749491373697916,0.510040283203125,0.1009674072265625,0.0083770751953125,0.0168609619140625,0.041163126627604164,0.16033426920572916,0.19826253255208334,0.1009674072265625,CATSPER2,ion
ENSG00000152705,5,134869603,135066210,196608,1,True,16,0.006072998046875,0.0008036295572916666,0.0011037190755208333,0.21474711100260416,0.116790771484375,0.5372416178385416,0.12324015299479167,0.006072998046875,0.0008036295572916666,0.0079803466796875,0.21474711100260416,0.12868245442708334,0.12324015299479167,CATSPER3,ion
ENSG00000188782,1,26092298,26288905,196608,1,True,17,0.007634480794270833,0.0026753743489583335,1.52587890625e-05,0.052785237630208336,0.177398681640625,0.4247385660807292,0.3347524007161458,0.007634480794270833,0.0037790934244791665,0.010325113932291666,0.052785237630208336,0.177398681640625,0.3347524007161458,CATSPER4,ion
ENSG00000165091,9,72423304,72619911,196608,1,True,5,0.0,0.004277547200520833,0.0007578531901041666,0.494964599609375,0.017934163411458332,0.2694244384765625,0.21264139811197916,0.0,0.004277547200520833,0.005035400390625,0.494964599609375,0.032958984375,0.21264139811197916,TMC1,ion
ENSG00000149488,20,2438269,2634876,196608,1,True,6,0.012354532877604166,0.0085906982421875,0.0012410481770833333,0.477813720703125,0.06351725260416667,0.2594757080078125,0.17700703938802084,0.012354532877604166,0.010157267252604166,0.022186279296875,0.477813720703125,0.06936136881510417,0.17700703938802084,TMC2,ion
ENSG00000188869,15,81275910,81472517,196608,-1,True,10,0.0167999267578125,0.0074615478515625,0.0010528564453125,0.19403584798177084,0.154449462890625,0.6256052652994791,0.0005950927734375,0.0167999267578125,0.0074615478515625,0.0253143310546875,0.19403584798177084,0.17865498860677084,0.0005950927734375,TMC3,ion
ENSG00000167608,19,54074857,54271464,196608,-1,True,26,0.012151082356770834,0.0019632975260416665,0.0017649332682291667,0.051035563151041664,0.2929026285807292,0.5094401041666666,0.13074239095052084,0.012151082356770834,0.003631591796875,0.015879313151041668,0.051035563151041664,0.2929026285807292,0.13074239095052084,TMC4,ion
ENSG00000103534,16,19319579,19516186,196608,1,True,11,0.017333984375,0.015350341796875,0.0004679361979166667,0.4179280598958333,0.048441569010416664,0.3529052734375,0.14757283528645834,0.017333984375,0.0190582275390625,0.033152262369791664,0.4179280598958333,0.058939615885416664,0.14757283528645834,TMC5,ion
ENSG00000141524,17,78030452,78227059,196608,-1,True,13,0.0130767822265625,0.045033772786458336,0.019744873046875,0.05023193359375,0.17664082845052084,0.6343790690104166,0.060892740885416664,0.0130767822265625,0.0564117431640625,0.07785542805989583,0.05023193359375,0.19153340657552084,0.060892740885416664,TMC6,ion
ENSG00000170537,16,18885630,19082237,196608,1,True,6,0.012420654296875,0.014521280924479166,0.0017344156901041667,0.3782704671223958,0.04608154296875,0.3105621337890625,0.23640950520833334,0.012420654296875,0.015858968098958332,0.028676350911458332,0.3782704671223958,0.051152547200520836,0.23640950520833334,TMC7,ion
ENSG00000167895,17,78032467,78229074,196608,1,True,13,0.0114898681640625,0.011423746744791666,0.009755452473958334,0.029378255208333332,0.2194976806640625,0.657562255859375,0.060892740885416664,0.0114898681640625,0.013310750325520834,0.0326690673828125,0.029378255208333332,0.22619120279947916,0.060892740885416664,TMC8,ion
ENSG00000186815,12,113123160,113319767,196608,1,True,13,0.0158843994140625,0.018259684244791668,0.010365804036458334,0.3498789469401042,0.10712687174479167,0.4745941162109375,0.023890177408854168,0.0158843994140625,0.0212249755859375,0.0445098876953125,0.3498789469401042,0.110748291015625,0.023890177408854168,TPCN1,ion
ENSG00000162341,11,68950628,69147235,196608,1,True,9,0.011962890625,0.021504720052083332,0.005666097005208333,0.4057464599609375,0.044209798177083336,0.0943450927734375,0.41656494140625,0.011962890625,0.024261474609375,0.039133707682291664,0.4057464599609375,0.056070963541666664,0.41656494140625,TPCN2,ion
ENSG00000104321,8,71977281,72173888,196608,-1,True,2,0.017293294270833332,0.018513997395833332,0.005340576171875,0.3168792724609375,0.0037943522135416665,0.460845947265625,0.17733256022135416,0.017293294270833332,0.018732706705729168,0.041147867838541664,0.3168792724609375,0.037302652994791664,0.17733256022135416,TRPA1,ion
ENSG00000144935,3,142625730,142822337,196608,1,True,6,0.013671875,0.009511311848958334,0.0012715657552083333,0.4020538330078125,0.059544881184895836,0.4727884928385417,0.041158040364583336,0.013671875,0.012105305989583334,0.024454752604166668,0.4020538330078125,0.0598602294921875,0.041158040364583336,TRPC1,ion
ENSG00000138741,4,121853757,122050364,196608,-1,True,3,0.014592488606770834,0.032496134440104164,0.0,0.347503662109375,0.024881998697916668,0.2648671468098958,0.3156585693359375,0.014592488606770834,0.041524251302083336,0.047088623046875,0.347503662109375,0.025812784830729168,0.3156585693359375,TRPC3,ion
ENSG00000133107,13,37771469,37968076,196608,-1,True,4,0.001922607421875,0.0015869140625,0.0,0.498687744140625,0.020940144856770832,0.4768625895182292,0.0,0.001922607421875,0.0015869140625,0.003509521484375,0.498687744140625,0.023874918619791668,0.0,TRPC4,ion
ENSG00000072315,X,111984473,112181080,196608,-1,True,1,0.0,0.004567464192708333,0.0,0.4954325358072917,0.0013834635416666667,0.4976603190104167,0.0009562174479166666,0.0,0.004567464192708333,0.004567464192708333,0.4954325358072917,0.0013834635416666667,0.0009562174479166666,TRPC5,ion
ENSG00000137672,11,101485704,101682311,196608,-1,True,3,0.0065765380859375,0.003753662109375,0.0008900960286458334,0.9887797037760416,0.0,0.0,0.0,0.0065765380859375,0.003753662109375,0.011220296223958334,0.9887797037760416,0.0124969482421875,0.0,TRPC6,ion
ENSG00000069018,5,136267242,136463849,196608,-1,True,5,0.00579833984375,0.0014851888020833333,1.52587890625e-05,0.4927012125651042,0.014470418294270834,0.24603780110677084,0.23949178059895834,0.00579833984375,0.0014851888020833333,0.007298787434895833,0.4927012125651042,0.018061319986979168,0.23949178059895834,TRPC7,ion
ENSG00000134160,15,31003422,31200029,196608,-1,True,5,0.0198211669921875,0.0057525634765625,0.0015513102213541667,0.775177001953125,0.0,0.0,0.19769795735677084,0.0198211669921875,0.018732706705729168,0.027125040690104168,0.775177001953125,0.02056884765625,0.19769795735677084,TRPM1,ion
ENSG00000142185,21,44255317,44451924,196608,1,True,13,0.0241546630859375,0.019246419270833332,0.0008799235026041666,0.4398040771484375,0.13018798828125,0.19600931803385416,0.18971761067708334,0.0241546630859375,0.019246419270833332,0.044281005859375,0.4398040771484375,0.14752197265625,0.18971761067708334,TRPM2,ion
ENSG00000083067,9,71023318,71219925,196608,-1,True,0,0.0009002685546875,0.0018310546875,0.0004730224609375,0.996795654296875,0.0,0.0,0.0,0.0009002685546875,0.0018310546875,0.003204345703125,0.996795654296875,0.0,0.0,TRPM3,ion
ENSG00000130529,19,49059488,49256095,196608,1,True,15,0.018747965494791668,0.0119476318359375,0.00311279296875,0.24133809407552084,0.135711669921875,0.3820343017578125,0.2071075439453125,0.018747965494791668,0.027470906575520832,0.033808390299479164,0.24133809407552084,0.135711669921875,0.2071075439453125,TRPM4,ion
ENSG00000070985,11,2346211,2542818,196608,-1,True,10,0.0179443359375,0.011144002278645834,1.52587890625e-05,0.174346923828125,0.0858917236328125,0.6930592854817709,0.017598470052083332,0.0179443359375,0.011144002278645834,0.029103597005208332,0.174346923828125,0.09003194173177083,0.017598470052083332,TRPM5,ion
ENSG00000144481,2,233819069,234015676,196608,1,True,5,0.01800537109375,0.002960205078125,0.008046468098958334,0.4709879557291667,0.045262654622395836,0.15423075358072916,0.300506591796875,0.01800537109375,0.013916015625,0.029012044270833332,0.4709879557291667,0.059031168619791664,0.300506591796875,TRPM8,ion
ENSG00000196689,17,3511108,3707715,196608,-1,True,14,0.013051350911458334,0.014251708984375,0.0007680257161458334,0.19556172688802084,0.1386260986328125,0.5403086344401041,0.09743245442708333,0.013051350911458334,0.019185384114583332,0.028071085611979168,0.19556172688802084,0.16039021809895834,0.09743245442708333,TRPV1,ion
ENSG00000187688,17,16317267,16513874,196608,1,True,16,0.012181599934895834,0.0024770100911458335,0.0025380452473958335,0.09181722005208333,0.1268768310546875,0.3956349690755208,0.3684743245442708,0.012181599934895834,0.0031077067057291665,0.0171966552734375,0.09181722005208333,0.1349945068359375,0.3684743245442708,TRPV2,ion
ENSG00000167723,17,3459509,3656116,196608,-1,True,10,0.013270060221354166,0.0208740234375,0.014795939127604166,0.1916961669921875,0.10522969563802083,0.6142628987630209,0.0398712158203125,0.013270060221354166,0.033091227213541664,0.048940022786458336,0.1916961669921875,0.10747273763020833,0.0398712158203125,TRPV3,ion
ENSG00000111199,12,109735095,109931702,196608,-1,True,12,0.013437906901041666,0.007451375325520833,0.0004374186197916667,0.23461405436197916,0.099822998046875,0.5068105061848959,0.13742574055989584,0.013437906901041666,0.0160980224609375,0.021326700846354168,0.23461405436197916,0.10012308756510417,0.13742574055989584,TRPV4,ion
ENSG00000127412,7,142835443,143032050,196608,-1,True,10,0.01123046875,0.007171630859375,3.0517578125e-05,0.11200968424479167,0.13245646158854166,0.286102294921875,0.4509989420572917,0.01123046875,0.007171630859375,0.0184326171875,0.11200968424479167,0.13245646158854166,0.4509989420572917,TRPV5,ion
ENSG00000165125,7,142787442,142984049,196608,-1,True,29,0.011708577473958334,0.0032246907552083335,0.0456085205078125,0.013402303059895834,0.12543233235677084,0.4952748616536458,0.3053487141927083,0.011708577473958334,0.0038248697916666665,0.060541788736979164,0.013402303059895834,0.12726847330729166,0.3053487141927083,TRPV6,ion
ENSG00000133958,14,93332635,93529242,196608,1,True,5,0.005350748697916667,0.005076090494791667,0.0,0.986602783203125,0.0013885498046875,0.0009409586588541666,0.000640869140625,0.005350748697916667,0.006856282552083333,0.010426839192708334,0.986602783203125,0.007893880208333334,0.000640869140625,UNC79,ion
ENSG00000144406,2,209673528,209870135,196608,1,True,3,0.0184783935546875,0.0025634765625,0.01025390625,0.4700419108072917,0.0542755126953125,0.2545013427734375,0.18988545735677084,0.0184783935546875,0.0025634765625,0.0312957763671875,0.4700419108072917,0.0582275390625,0.18988545735677084,UNC80,ion
ENSG00000213585,5,133906672,134103279,196608,-1,True,9,0.005574544270833333,0.035497029622395836,0.0041961669921875,0.12507120768229166,0.044306437174479164,0.376068115234375,0.4092864990234375,0.005574544270833333,0.035497029622395836,0.045267740885416664,0.12507120768229166,0.047337849934895836,0.4092864990234375,VDAC1,ion
ENSG00000165637,10,75112492,75309099,196608,1,True,9,0.006083170572916667,0.008076985677083334,0.0037638346354166665,0.09129842122395833,0.08144124348958333,0.7115631103515625,0.09777323404947917,0.006083170572916667,0.008234659830729166,0.017923990885416668,0.09129842122395833,0.0842742919921875,0.09777323404947917,VDAC2,ion
ENSG00000078668,8,42293576,42490183,196608,1,True,6,0.004704793294270833,0.0155792236328125,0.007380167643229167,0.045140584309895836,0.11491902669270833,0.6436564127604166,0.16861979166666666,0.004704793294270833,0.018524169921875,0.0276641845703125,0.045140584309895836,0.11491902669270833,0.16861979166666666,VDAC3,ion
ENSG00000186919,17,75980878,76177485,196608,1,True,13,0.008371988932291666,0.0026448567708333335,0.010889689127604166,0.037633260091145836,0.210723876953125,0.6001180013020834,0.12961832682291666,0.008371988932291666,0.0069580078125,0.021906534830729168,0.037633260091145836,0.23236592610677084,0.12961832682291666,ZACN,ion
ENSG00000001626,7,117381721,117578328,196608,1,True,4,0.008229573567708334,0.0089569091796875,0.0155487060546875,0.9672648111979166,0.0,0.0,0.0,0.008229573567708334,0.0171356201171875,0.032735188802083336,0.9672648111979166,0.010762532552083334,0.0,CFTR,ion
ENSG00000016490,1,86370623,86567230,196608,1,True,8,0.013946533203125,0.008677164713541666,1.52587890625e-05,0.14537556966145834,0.06809488932291667,0.4459025065104167,0.3179880777994792,0.013946533203125,0.008677164713541666,0.022638956705729168,0.14537556966145834,0.07660420735677083,0.3179880777994792,CLCA1,ion
ENSG00000137975,1,86325867,86522474,196608,1,True,7,0.0143890380859375,0.005610148111979167,0.002410888671875,0.14229838053385416,0.09884134928385417,0.4317423502604167,0.3047078450520833,0.0143890380859375,0.005610148111979167,0.022410074869791668,0.14229838053385416,0.09884134928385417,0.3047078450520833,CLCA2,ion
ENSG00000016602,1,86448774,86645381,196608,1,True,9,0.0142059326171875,0.0023244222005208335,0.0012156168619791667,0.15357462565104166,0.0573577880859375,0.5913594563802084,0.179962158203125,0.0142059326171875,0.0023244222005208335,0.0177459716796875,0.15357462565104166,0.07314046223958333,0.179962158203125,CLCA4,ion
ENSG00000188037,7,143217807,143414414,196608,1,True,18,0.015757242838541668,0.0011189778645833333,1.52587890625e-05,0.16607666015625,0.20477294921875,0.4452616373697917,0.16699727376302084,0.015757242838541668,0.0113983154296875,0.0168914794921875,0.16607666015625,0.20477294921875,0.16699727376302084,CLCN1,ion
ENSG00000114859,3,184263302,184459909,196608,-1,True,11,0.014795939127604166,0.020497639973958332,0.01690673828125,0.034723917643229164,0.2268524169921875,0.5750020345052084,0.1112213134765625,0.014795939127604166,0.029490152994791668,0.0522003173828125,0.034723917643229164,0.246673583984375,0.1112213134765625,CLCN2,ion
ENSG00000109572,4,169522274,169718881,196608,1,True,5,0.013158162434895834,0.00506591796875,0.004140218098958333,0.5190378824869791,0.05230712890625,0.4062906901041667,0.0,0.013158162434895834,0.00506591796875,0.022364298502604168,0.5190378824869791,0.06328328450520833,0.0,CLCN3,ion
ENSG00000073464,X,10058671,10255278,196608,1,True,5,0.012115478515625,0.0261688232421875,0.0022837320963541665,0.3699849446614583,0.039454142252604164,0.4690093994140625,0.08098347981770833,0.012115478515625,0.036524454752604164,0.040568033854166664,0.3699849446614583,0.042444864908854164,0.08098347981770833,CLCN4,ion
ENSG00000171365,X,49824292,50020899,196608,1,True,13,8.138020833333333e-05,0.0033721923828125,0.0,0.4965464274088542,0.045430501302083336,0.040985107421875,0.4135843912760417,8.138020833333333e-05,0.0033721923828125,0.0034535725911458335,0.4965464274088542,0.0493927001953125,0.4135843912760417,CLCN5,ion
ENSG00000011021,1,11707887,11904494,196608,1,True,13,0.0152435302734375,0.021413167317708332,0.005218505859375,0.17166646321614584,0.1595458984375,0.3076629638671875,0.3192494710286458,0.0152435302734375,0.027008056640625,0.041875203450520836,0.17166646321614584,0.16791280110677084,0.3192494710286458,CLCN6,ion
ENSG00000103249,16,1376725,1573332,196608,-1,True,18,0.016448974609375,0.0095977783203125,0.0173797607421875,0.1100311279296875,0.15735371907552084,0.5604654947916666,0.12872314453125,0.016448974609375,0.015767415364583332,0.043426513671875,0.1100311279296875,0.16753133138020834,0.12872314453125,CLCN7,ion
ENSG00000186510,1,15923732,16120339,196608,1,True,13,0.01068115234375,0.014556884765625,0.0011444091796875,0.054814656575520836,0.18413798014322916,0.3498382568359375,0.38482666015625,0.01068115234375,0.014556884765625,0.0263824462890625,0.054814656575520836,0.18778483072916666,0.38482666015625,CLCNKA,ion
ENSG00000184908,1,15945478,16142085,196608,1,True,13,0.012176513671875,0.0147857666015625,0.00823974609375,0.051854451497395836,0.11780293782552083,0.389984130859375,0.4051564534505208,0.012176513671875,0.0229644775390625,0.0352020263671875,0.051854451497395836,0.11780293782552083,0.4051564534505208,CLCNKB,ion
ENSG00000213719,6,31638227,31834834,196608,-1,True,37,0.00372314453125,0.011540730794270834,1.52587890625e-05,0.035471598307291664,0.3410847981770833,0.5338592529296875,0.07430521647135417,0.00372314453125,0.011540730794270834,0.015279134114583334,0.035471598307291664,0.3448384602864583,0.07430521647135417,CLIC1,ion
ENSG00000155962,X,155236311,155432918,196608,-1,True,11,0.004302978515625,0.009857177734375,0.0006256103515625,0.2825724283854167,0.05633544921875,0.24239095052083334,0.4039154052734375,0.004302978515625,0.009857177734375,0.0147857666015625,0.2825724283854167,0.0675811767578125,0.4039154052734375,CLIC2,ion
ENSG00000169583,9,136898265,137094872,196608,-1,True,30,0.00360107421875,0.0004984537760416666,0.0008290608723958334,0.005045572916666667,0.3566436767578125,0.4408009847005208,0.1925811767578125,0.00360107421875,0.0004984537760416666,0.0049285888671875,0.005045572916666667,0.3566436767578125,0.1925811767578125,CLIC3,ion
ENSG00000169504,1,24647143,24843750,196608,1,True,5,0.0038604736328125,0.015385945638020834,0.0007731119791666666,0.4805145263671875,0.051732381184895836,0.3748982747395833,0.07283528645833333,0.0038604736328125,0.015385945638020834,0.02001953125,0.4805145263671875,0.052276611328125,0.07283528645833333,CLIC4,ion
ENSG00000112782,6,45917557,46114164,196608,-1,True,3,0.004811604817708333,0.0021565755208333335,0.006378173828125,0.8146565755208334,0.009908040364583334,0.08246358235677083,0.07962544759114583,0.004811604817708333,0.0021565755208333335,0.013346354166666666,0.8146565755208334,0.0138702392578125,0.07962544759114583,CLIC5,ion
ENSG00000159212,21,34570690,34767297,196608,1,True,6,0.0108795166015625,0.010884602864583334,1.52587890625e-05,0.2286376953125,0.020660400390625,0.4471588134765625,0.2817637125651042,0.0108795166015625,0.010884602864583334,0.021779378255208332,0.2286376953125,0.020660400390625,0.2817637125651042,CLIC6,ion
ENSG00000198515,4,47918378,48114985,196608,-1,True,4,0.010467529296875,0.011617024739583334,0.0013580322265625,0.3945159912109375,0.060826619466145836,0.4043121337890625,0.11690266927083333,0.010467529296875,0.011617024739583334,0.023442586263020832,0.3945159912109375,0.062006632486979164,0.11690266927083333,CNGA1,ion
ENSG00000183862,X,151636442,151833049,196608,1,True,3,0.0101318359375,0.006561279296875,1.52587890625e-05,0.038319905598958336,0.058441162109375,0.24988301595052084,0.6366475423177084,0.0101318359375,0.006561279296875,0.0167083740234375,0.038319905598958336,0.058441162109375,0.6366475423177084,CNGA2,ion
ENSG00000144191,2,98248152,98444759,196608,1,True,6,0.0114288330078125,0.014882405598958334,0.001861572265625,0.24450174967447916,0.039886474609375,0.467926025390625,0.219512939453125,0.0114288330078125,0.014882405598958334,0.028172810872395832,0.24450174967447916,0.045572916666666664,0.219512939453125,CNGA3,ion
ENSG00000132259,11,6140785,6337392,196608,1,True,12,0.009318033854166666,0.004679361979166667,3.0517578125e-05,0.038091023763020836,0.0963287353515625,0.6435394287109375,0.20801289876302084,0.009318033854166666,0.004974365234375,0.014027913411458334,0.038091023763020836,0.0963287353515625,0.20801289876302084,CNGA4,ion
ENSG00000070729,16,57872825,58069432,196608,-1,True,5,0.0203399658203125,0.014821370442708334,0.0020192464192708335,0.4144236246744792,0.10985819498697917,0.2603047688802083,0.17823282877604166,0.0203399658203125,0.0160980224609375,0.037180582682291664,0.4144236246744792,0.10985819498697917,0.17823282877604166,CNGB1,ion
ENSG00000170289,8,86645331,86841938,196608,-1,True,5,0.005035400390625,0.000244140625,0.006230672200520833,0.4886983235677083,0.009765625,0.4697011311848958,0.02032470703125,0.005035400390625,0.000244140625,0.011510213216145834,0.4886983235677083,0.033330281575520836,0.02032470703125,CNGB3,ion
ENSG00000213088,1,159106571,159303178,196608,1,True,7,0.0052642822265625,0.0016937255859375,0.0007731119791666666,0.0021006266276041665,0.0687408447265625,0.5714518229166666,0.3499755859375,0.0052642822265625,0.0020039876302083335,0.007731119791666667,0.0021006266276041665,0.0687408447265625,0.3499755859375,ACKR1,gpcr
ENSG00000144648,3,42711141,42907748,196608,1,True,15,0.005859375,0.025522867838541668,0.007598876953125,0.3851572672526042,0.10210673014322917,0.4737548828125,0.0,0.005859375,0.025522867838541668,0.038981119791666664,0.3851572672526042,0.1337127685546875,0.0,ACKR2,gpcr
ENSG00000144476,2,236471521,236668128,196608,1,True,6,0.005523681640625,0.0160980224609375,1.52587890625e-05,0.0529632568359375,0.047170003255208336,0.6096547444661459,0.2685750325520833,0.005523681640625,0.0160980224609375,0.021636962890625,0.0529632568359375,0.047170003255208336,0.2685750325520833,ACKR3,gpcr
ENSG00000129048,3,132498966,132695573,196608,1,True,6,0.005340576171875,0.017364501953125,1.52587890625e-05,0.08764139811197917,0.12392171223958333,0.6685434977213541,0.09717305501302083,0.005340576171875,0.017364501953125,0.0227203369140625,0.08764139811197917,0.12763468424479166,0.09717305501302083,ACKR4,gpcr
ENSG00000166856,12,56896188,57092795,196608,1,True,14,0.0091552734375,0.009847005208333334,1.52587890625e-05,0.0033518473307291665,0.18317667643229166,0.4783884684244792,0.3160654703776042,0.0091552734375,0.012837727864583334,0.019017537434895832,0.0033518473307291665,0.18345133463541666,0.3160654703776042,ACKR5,gpcr
ENSG00000197177,10,132989620,133186227,196608,1,True,9,0.008544921875,0.016118367513020832,1.52587890625e-05,0.19785563151041666,0.1259307861328125,0.2573140462239583,0.3942209879557292,0.008544921875,0.016301472981770832,0.024678548177083332,0.19785563151041666,0.132354736328125,0.3942209879557292,ADGRA1,gpcr
ENSG00000020181,8,37698579,37895186,196608,1,True,13,0.021128336588541668,0.015070597330729166,1.52587890625e-05,0.272552490234375,0.1646270751953125,0.4414571126302083,0.08514912923177083,0.021128336588541668,0.015070597330729166,0.036214192708333336,0.272552490234375,0.17769368489583334,0.08514912923177083,ADGRA2,gpcr
ENSG00000152990,4,22417763,22614370,196608,-1,True,2,0.009541829427083334,0.005793253580729167,0.0028177897135416665,0.481964111328125,0.0031890869140625,0.016230265299479168,0.4804636637369792,0.009541829427083334,0.0080413818359375,0.018152872721354168,0.481964111328125,0.0031890869140625,0.4804636637369792,ADGRA3,gpcr
ENSG00000181790,8,142351345,142547952,196608,1,True,4,0.024169921875,0.007573445638020833,0.005671183268229167,0.44873046875,0.029693603515625,0.2756601969401042,0.20850118001302084,0.024169921875,0.013605753580729166,0.03741455078125,0.44873046875,0.029693603515625,0.20850118001302084,ADGRB1,gpcr
ENSG00000121753,1,31666037,31862644,196608,-1,True,10,0.02496337890625,0.007415771484375,0.007069905598958333,0.1526947021484375,0.08981831868489583,0.4733123779296875,0.24472554524739584,0.02496337890625,0.0074920654296875,0.039449055989583336,0.1526947021484375,0.09186808268229167,0.24472554524739584,ADGRB2,gpcr
ENSG00000135298,6,68536978,68733585,196608,1,True,5,0.0038503011067708335,0.004608154296875,0.0,0.4915415445963542,0.039835611979166664,0.19843037923177084,0.2617340087890625,0.0038503011067708335,0.004608154296875,0.008458455403645834,0.4915415445963542,0.0493316650390625,0.2617340087890625,ADGRB3,gpcr
ENSG00000111452,12,130855603,131052210,196608,1,True,17,0.0079803466796875,0.004002888997395833,0.033360799153645836,0.4589894612630208,0.035191853841145836,0.028727213541666668,0.4317474365234375,0.0079803466796875,0.004002888997395833,0.045344034830729164,0.4589894612630208,0.11330668131510417,0.4317474365234375,ADGRD1,gpcr
ENSG00000180264,9,124352147,124548754,196608,1,True,6,0.015024820963541666,0.0029398600260416665,0.0111846923828125,0.11397298177083333,0.07822672526041667,0.5510304768880209,0.22762044270833334,0.015024820963541666,0.0074920654296875,0.029149373372395832,0.11397298177083333,0.07822672526041667,0.22762044270833334,ADGRD2,gpcr
ENSG00000174837,19,6789275,6985882,196608,1,True,8,0.0140228271484375,0.0024058024088541665,0.0024261474609375,0.2501780192057292,0.037633260091145836,0.4784952799479167,0.21483866373697916,0.0140228271484375,0.0024058024088541665,0.018854777018229168,0.2501780192057292,0.052586873372395836,0.21483866373697916,ADGRE1,gpcr
ENSG00000127507,19,14680257,14876864,196608,-1,True,12,0.01287841796875,0.0251922607421875,0.0063323974609375,0.19042460123697916,0.149505615234375,0.4564666748046875,0.15920003255208334,0.01287841796875,0.02783203125,0.044403076171875,0.19042460123697916,0.15639750162760416,0.15920003255208334,ADGRE2,gpcr
ENSG00000131355,19,14576541,14773148,196608,-1,True,7,0.010660807291666666,0.009740193684895834,4.57763671875e-05,0.442138671875,0.09832255045572917,0.4058125813802083,0.0332794189453125,0.010660807291666666,0.011957804361979166,0.02044677734375,0.442138671875,0.115234375,0.0332794189453125,ADGRE3,gpcr
ENSG00000123146,19,14283140,14479747,196608,1,True,13,0.014109293619791666,0.005701700846354167,0.0084991455078125,0.11526997884114583,0.11164347330729167,0.5819346110026041,0.162841796875,0.014109293619791666,0.005701700846354167,0.028310139973958332,0.11526997884114583,0.11292521158854167,0.162841796875,ADGRE5,gpcr
ENSG00000153292,6,46944029,47140636,196608,-1,True,3,0.014348347981770834,0.017796834309895832,0.031763712565104164,0.16315714518229166,0.0235595703125,0.414306640625,0.3350677490234375,0.014348347981770834,0.019505818684895832,0.06390889485677083,0.16315714518229166,0.0235595703125,0.3350677490234375,ADGRF1,gpcr
ENSG00000173567,2,26248486,26445093,196608,-1,True,4,0.017430623372395832,0.009440104166666666,0.0024312337239583335,0.16725667317708334,0.08377583821614583,0.6384480794270834,0.08121744791666667,0.017430623372395832,0.018773396809895832,0.029301961263020832,0.16725667317708334,0.08625284830729167,0.08121744791666667,ADGRF3,gpcr
ENSG00000153294,6,47600276,47796883,196608,1,True,8,0.011769612630208334,0.006093343098958333,1.52587890625e-05,0.1660308837890625,0.044840494791666664,0.3814290364583333,0.3898213704427083,0.011769612630208334,0.006093343098958333,0.017878214518229168,0.1660308837890625,0.048405965169270836,0.3898213704427083,ADGRF4,gpcr
ENSG00000069122,6,46823635,47020242,196608,-1,True,3,0.021148681640625,0.017695109049479168,0.0032196044921875,0.4873301188151042,0.06801350911458333,0.12883504231770834,0.2737579345703125,0.021148681640625,0.017695109049479168,0.042063395182291664,0.4873301188151042,0.07198588053385417,0.2737579345703125,ADGRF5,gpcr
ENSG00000205336,16,57530326,57726933,196608,1,True,9,0.0112152099609375,0.039800008138020836,0.005620320638020833,0.222747802734375,0.08233133951822917,0.51666259765625,0.12162272135416667,0.0112152099609375,0.049062093098958336,0.056635538736979164,0.222747802734375,0.09225972493489583,0.12162272135416667,ADGRG1,gpcr
ENSG00000173698,X,19024165,19220772,196608,-1,True,2,0.0023905436197916665,0.005101521809895833,0.026819864908854168,0.468170166015625,0.006815592447916667,0.1573333740234375,0.3333689371744792,0.0023905436197916665,0.005101521809895833,0.034311930338541664,0.468170166015625,0.0317230224609375,0.3333689371744792,ADGRG2,gpcr
ENSG00000182885,16,57570002,57766609,196608,1,True,12,0.009099324544270834,0.005330403645833333,0.0027669270833333335,0.0901336669921875,0.16268412272135416,0.6176706949869791,0.11231486002604167,0.009099324544270834,0.009785970052083334,0.0171966552734375,0.0901336669921875,0.16441853841145834,0.11231486002604167,ADGRG3,gpcr
ENSG00000156920,X,136202659,136399266,196608,1,True,3,0.042246500651041664,0.0022074381510416665,0.0,0.4555460611979167,0.0638580322265625,0.22388712565104166,0.21225484212239584,0.042246500651041664,0.0022074381510416665,0.044453938802083336,0.4555460611979167,0.0638580322265625,0.21225484212239584,ADGRG4,gpcr
ENSG00000159618,16,57444339,57640946,196608,1,True,9,0.0086517333984375,0.0125885009765625,0.008443196614583334,0.2197418212890625,0.111083984375,0.3927663167317708,0.24672444661458334,0.0086517333984375,0.0125885009765625,0.029683430989583332,0.2197418212890625,0.111083984375,0.24672444661458334,ADGRG5,gpcr
ENSG00000112414,6,142203703,142400310,196608,1,True,5,0.007985432942708334,0.0030263264973958335,0.0008188883463541666,0.4889475504557292,0.037801106770833336,0.2767588297526042,0.184661865234375,0.007985432942708334,0.0030314127604166665,0.011830647786458334,0.4889475504557292,0.0392303466796875,0.184661865234375,ADGRG6,gpcr
ENSG00000144820,3,100511297,100707904,196608,1,True,3,0.0121612548828125,0.0041351318359375,0.004450480143229167,0.4160563151041667,0.046213785807291664,0.2995758056640625,0.2174072265625,0.0121612548828125,0.005101521809895833,0.020746866861979168,0.4160563151041667,0.048777262369791664,0.2174072265625,ADGRG7,gpcr
ENSG00000072071,19,14107866,14304473,196608,-1,True,13,0.0229644775390625,0.017618815104166668,0.0028737386067708335,0.2538960774739583,0.07854207356770833,0.513458251953125,0.11064656575520833,0.0229644775390625,0.017618815104166668,0.04345703125,0.2538960774739583,0.0948486328125,0.11064656575520833,ADGRL1,gpcr
ENSG00000117114,1,81702630,81899237,196608,1,True,1,0.0003712972005208333,0.0118255615234375,0.013432820638020834,0.9743703206380209,0.0,0.0,0.0,0.0003712972005208333,0.0118255615234375,0.025629679361979168,0.9743703206380209,0.0054168701171875,0.0,ADGRL2,gpcr
ENSG00000150471,4,61102022,61298629,196608,1,True,2,0.0,0.007781982421875,0.0,0.492218017578125,0.004216512044270833,0.048207600911458336,0.4475758870442708,0.0,0.007781982421875,0.007781982421875,0.492218017578125,0.007024129231770833,0.4475758870442708,ADGRL3,gpcr
ENSG00000162618,1,78908427,79105034,196608,-1,True,2,0.0090484619140625,0.0037485758463541665,0.0034688313802083335,0.983734130859375,0.0,0.0,0.0,0.0090484619140625,0.008229573567708334,0.016265869140625,0.983734130859375,0.007776896158854167,0.0,ADGRL4,gpcr
ENSG00000164199,5,90460493,90657100,196608,1,True,3,0.022440592447916668,0.0019734700520833335,0.027196248372395832,0.5981953938802084,0.0667266845703125,0.2781219482421875,0.005345662434895833,0.022440592447916668,0.004297892252604167,0.051610310872395836,0.5981953938802084,0.06801350911458333,0.005345662434895833,ADGRV1,gpcr
ENSG00000120907,8,26768975,26965582,196608,-1,True,4,0.008290608723958334,0.0128021240234375,0.004145304361979167,0.474761962890625,0.0032704671223958335,0.0953369140625,0.4013926188151042,0.008290608723958334,0.0128021240234375,0.025238037109375,0.474761962890625,0.011617024739583334,0.4013926188151042,ADRA1A,gpcr
ENSG00000170214,5,159818178,160014785,196608,1,True,5,0.0079345703125,0.006444295247395833,0.0023091634114583335,0.53228759765625,0.014918009440104166,0.2530771891276042,0.1830291748046875,0.0079345703125,0.006444295247395833,0.016688028971354168,0.53228759765625,0.043182373046875,0.1830291748046875,ADRA1B,gpcr
ENSG00000171873,20,4150984,4347591,196608,-1,True,3,0.00872802734375,0.006220499674479167,0.0003306070963541667,0.13048299153645834,0.050862630208333336,0.6251780192057291,0.17819722493489584,0.00872802734375,0.006220499674479167,0.015279134114583334,0.13048299153645834,0.051116943359375,0.17819722493489584,ADRA1D,gpcr
ENSG00000150594,10,110978725,111175332,196608,1,True,7,0.0070953369140625,0.0126190185546875,1.52587890625e-05,0.0,0.0589752197265625,0.1929473876953125,0.7283477783203125,0.0070953369140625,0.0126190185546875,0.0197296142578125,0.0,0.0589752197265625,0.7283477783203125,ADRA2A,gpcr
ENSG00000274286,2,96018268,96214875,196608,-1,True,12,0.006866455078125,0.0119171142578125,1.52587890625e-05,0.0,0.1174163818359375,0.3308156331380208,0.5329691569010416,0.006866455078125,0.0119171142578125,0.018798828125,0.0,0.1174163818359375,0.5329691569010416,ADRA2B,gpcr
ENSG00000184160,4,3668081,3864688,196608,1,True,5,0.007619222005208333,0.003448486328125,1.52587890625e-05,0.0,0.040730794270833336,0.043263753255208336,0.9049224853515625,0.007619222005208333,0.004018147786458333,0.011082967122395834,0.0,0.040730794270833336,0.9049224853515625,ADRA2C,gpcr
ENSG00000043591,10,113945562,114142169,196608,1,True,11,0.0072784423828125,0.0081634521484375,1.52587890625e-05,0.0,0.10544331868489583,0.6899668375651041,0.1891326904296875,0.0072784423828125,0.0081634521484375,0.0154571533203125,0.0,0.10544331868489583,0.1891326904296875,ADRB1,gpcr
ENSG00000169252,5,148728307,148924914,196608,1,True,6,0.0063018798828125,0.0039215087890625,1.52587890625e-05,0.0,0.016845703125,0.2683003743489583,0.7046152750651041,0.0063018798828125,0.0039215087890625,0.0102386474609375,0.0,0.016845703125,0.7046152750651041,ADRB2,gpcr
ENSG00000188778,8,37868296,38064903,196608,-1,True,8,0.0062255859375,0.006907145182291667,0.001495361328125,0.0037333170572916665,0.055302937825520836,0.4090525309244792,0.5172831217447916,0.0062255859375,0.006907145182291667,0.014628092447916666,0.0037333170572916665,0.058807373046875,0.5172831217447916,ADRB3,gpcr
ENSG00000157240,7,91166129,91362736,196608,1,True,4,0.0098724365234375,0.025177001953125,1.52587890625e-05,0.0,0.029652913411458332,0.4577687581380208,0.4775136311848958,0.0098724365234375,0.025177001953125,0.035064697265625,0.0,0.029652913411458332,0.4775136311848958,FZD1,gpcr
ENSG00000180340,17,44459180,44655787,196608,1,True,7,0.0086212158203125,0.010584513346354166,1.52587890625e-05,0.0,0.041773478190104164,0.3338877360026042,0.6051177978515625,0.0086212158203125,0.010584513346354166,0.019220987955729168,0.0,0.041773478190104164,0.6051177978515625,FZD2,gpcr
ENSG00000104290,8,28395908,28592515,196608,1,True,10,0.0105133056640625,0.07256571451822917,1.52587890625e-05,0.324127197265625,0.024861653645833332,0.4551340738932292,0.11278279622395833,0.0105133056640625,0.07256571451822917,0.08309427897135417,0.324127197265625,0.030598958333333332,0.11278279622395833,FZD3,gpcr
ENSG00000174804,11,86857092,87053699,196608,-1,True,9,0.0081939697265625,0.029362996419270832,1.52587890625e-05,0.011850992838541666,0.09522501627604167,0.8544057210286459,0.000946044921875,0.0081939697265625,0.029362996419270832,0.037572224934895836,0.011850992838541666,0.10457865397135417,0.000946044921875,FZD4,gpcr
ENSG00000163251,2,207671603,207868210,196608,-1,True,11,0.0089263916015625,0.0269012451171875,1.52587890625e-05,0.001373291015625,0.08035786946614583,0.462860107421875,0.4195658365885417,0.0089263916015625,0.0269012451171875,0.0358428955078125,0.001373291015625,0.08035786946614583,0.4195658365885417,FZD5,gpcr
ENSG00000164930,8,103200594,103397201,196608,1,True,8,0.0110321044921875,0.013376871744791666,1.52587890625e-05,0.15071614583333334,0.0765380859375,0.6798909505208334,0.06843058268229167,0.0110321044921875,0.0232696533203125,0.024424235026041668,0.15071614583333334,0.0814056396484375,0.06843058268229167,FZD6,gpcr
ENSG00000155760,2,201935551,202132158,196608,1,True,7,0.008758544921875,0.014556884765625,1.52587890625e-05,0.0,0.07487996419270833,0.7219950358072916,0.1797943115234375,0.008758544921875,0.014556884765625,0.0233306884765625,0.0,0.07535807291666667,0.1797943115234375,FZD7,gpcr
ENSG00000177283,10,35543993,35740600,196608,-1,True,8,0.010589599609375,0.0099945068359375,1.52587890625e-05,0.0,0.057581583658854164,0.1984100341796875,0.7234090169270834,0.010589599609375,0.0099945068359375,0.020599365234375,0.0,0.059199015299479164,0.7234090169270834,FZD8,gpcr
ENSG00000188763,7,73335474,73532081,196608,1,True,5,0.0090179443359375,0.0028839111328125,1.52587890625e-05,0.0,0.0546875,0.4801534016927083,0.4532419840494792,0.0090179443359375,0.0028839111328125,0.0119171142578125,0.0,0.0546875,0.4532419840494792,FZD9,gpcr
ENSG00000111432,12,130064160,130260767,196608,1,True,12,0.0088653564453125,0.0078277587890625,0.0,0.0,0.10807291666666667,0.4524332682291667,0.4228006998697917,0.0088653564453125,0.0097503662109375,0.016693115234375,0.0,0.108673095703125,0.4228006998697917,FZD10,gpcr
ENSG00000181773,1,27294318,27490925,196608,1,True,15,0.005035400390625,0.005950927734375,1.52587890625e-05,0.005238850911458333,0.18764241536458334,0.6138203938802084,0.1822967529296875,0.005035400390625,0.005950927734375,0.0110015869140625,0.005238850911458333,0.18764241536458334,0.1822967529296875,GPR3,gpcr
ENSG00000177464,19,45503909,45700516,196608,-1,True,14,0.005523681640625,0.017008463541666668,0.0005086263020833334,0.042027791341145836,0.159820556640625,0.616058349609375,0.15905253092447916,0.005523681640625,0.017008463541666668,0.023040771484375,0.042027791341145836,0.16042073567708334,0.15905253092447916,GPR4,gpcr
ENSG00000146360,6,109880007,110076614,196608,1,True,3,0.0057525634765625,0.0041351318359375,1.52587890625e-05,0.0026346842447916665,0.018483479817708332,0.1075286865234375,0.8614501953125,0.0057525634765625,0.0042266845703125,0.0099029541015625,0.0026346842447916665,0.018483479817708332,0.8614501953125,GPR6,gpcr
ENSG00000132975,13,26662483,26859090,196608,-1,True,6,0.005096435546875,0.021921793619791668,1.52587890625e-05,0.00146484375,0.036183675130208336,0.7002461751302084,0.23507181803385416,0.005096435546875,0.021921793619791668,0.027033487955729168,0.00146484375,0.0371856689453125,0.23507181803385416,GPR12,gpcr
ENSG00000154165,3,98433674,98630281,196608,1,True,12,0.0054931640625,0.008244832356770834,1.52587890625e-05,0.0,0.0854034423828125,0.6109771728515625,0.2898661295572917,0.0054931640625,0.008244832356770834,0.013753255208333334,0.0,0.0854034423828125,0.2898661295572917,GPR15,gpcr
ENSG00000144230,2,127547849,127744456,196608,1,True,7,0.0055999755859375,0.0259857177734375,1.52587890625e-05,0.020879109700520832,0.14549763997395834,0.7346343994140625,0.06738789876302083,0.0055999755859375,0.0264129638671875,0.0316009521484375,0.020879109700520832,0.15720113118489584,0.06738789876302083,GPR17,gpcr
ENSG00000125245,13,99160076,99356683,196608,-1,True,8,0.0050506591796875,0.004547119140625,0.0005747477213541666,0.0254974365234375,0.055140177408854164,0.8061981201171875,0.10299173990885417,0.0050506591796875,0.004547119140625,0.010172526041666666,0.0254974365234375,0.055384318033854164,0.10299173990885417,GPR18,gpcr
ENSG00000183150,12,12597880,12794487,196608,-1,True,9,0.0063323974609375,0.0241546630859375,0.0013173421223958333,0.15465291341145834,0.10150655110677083,0.580718994140625,0.131317138671875,0.0063323974609375,0.0241546630859375,0.031804402669270836,0.15465291341145834,0.107086181640625,0.131317138671875,GPR19,gpcr
ENSG00000204882,8,141268983,141465590,196608,-1,True,15,0.005462646484375,0.017084757486979168,1.52587890625e-05,0.0324554443359375,0.13399759928385416,0.6021626790364584,0.20882161458333334,0.005462646484375,0.017084757486979168,0.022562662760416668,0.0324554443359375,0.13399759928385416,0.20882161458333334,GPR20,gpcr
ENSG00000188394,9,122935363,123131970,196608,1,True,9,0.0053253173828125,0.0026499430338541665,1.52587890625e-05,0.0021769205729166665,0.122528076171875,0.8427530924479166,0.0245513916015625,0.0053253173828125,0.0026499430338541665,0.007990519205729166,0.0021769205729166665,0.12291463216145833,0.0245513916015625,GPR21,gpcr
ENSG00000172209,7,107371753,107568360,196608,1,True,4,0.0066070556640625,0.012324015299479166,0.0031840006510416665,0.009913126627604166,0.014973958333333334,0.9529978434244791,0.0,0.0066070556640625,0.012324015299479166,0.022115071614583332,0.009913126627604166,0.014973958333333334,0.0,GPR22,gpcr
ENSG00000170128,1,200774677,200971284,196608,1,True,8,0.0055084228515625,0.0005696614583333334,1.52587890625e-05,0.0,0.10744730631510417,0.7850850423177084,0.10137430826822917,0.0055084228515625,0.0005696614583333334,0.006093343098958333,0.0,0.10744730631510417,0.10137430826822917,GPR25,gpcr
ENSG00000154478,10,123568051,123764658,196608,1,True,4,0.0051422119140625,0.047261555989583336,1.52587890625e-05,0.1054840087890625,0.016179402669270832,0.3610636393229167,0.4648539225260417,0.0051422119140625,0.047261555989583336,0.052419026692708336,0.1054840087890625,0.016179402669270832,0.4648539225260417,GPR26,gpcr
ENSG00000170837,3,71655551,71852158,196608,1,True,7,0.0057220458984375,0.007700602213541667,1.52587890625e-05,0.0,0.07697550455729167,0.7296600341796875,0.17992655436197916,0.0057220458984375,0.007700602213541667,0.013437906901041666,0.0,0.07849629720052083,0.17992655436197916,GPR27,gpcr
ENSG00000120436,6,167059677,167256284,196608,-1,True,12,0.0048675537109375,0.009023030598958334,1.52587890625e-05,0.0,0.12704976399739584,0.7150929768880209,0.143951416015625,0.0048675537109375,0.009023030598958334,0.013905843098958334,0.0,0.12704976399739584,0.143951416015625,GPR31,gpcr
ENSG00000142511,19,50672160,50868767,196608,1,True,21,0.00543212890625,0.001007080078125,1.52587890625e-05,0.0,0.1412811279296875,0.6604410807291666,0.19182332356770834,0.00543212890625,0.001007080078125,0.0064544677734375,0.0,0.1412811279296875,0.19182332356770834,GPR32,gpcr
ENSG00000214943,14,31389736,31586343,196608,-1,True,7,0.0050811767578125,0.0012105305989583333,1.52587890625e-05,0.019963582356770832,0.047266642252604164,0.7906239827473959,0.13583882649739584,0.0050811767578125,0.0012105305989583333,0.006306966145833333,0.019963582356770832,0.047266642252604164,0.13583882649739584,GPR33,gpcr
ENSG00000171659,X,41590669,41787276,196608,1,True,5,0.0058135986328125,0.011271158854166666,1.52587890625e-05,0.030705769856770832,0.03546142578125,0.9167327880859375,0.0,0.0058135986328125,0.011271158854166666,0.017100016276041668,0.030705769856770832,0.037928263346354164,0.0,GPR34,gpcr
ENSG00000178623,2,240527176,240723783,196608,1,True,14,0.00518798828125,0.0504150390625,1.52587890625e-05,0.08542378743489583,0.23871358235677084,0.39581298828125,0.22443135579427084,0.00518798828125,0.0508880615234375,0.0556182861328125,0.08542378743489583,0.2458038330078125,0.22443135579427084,GPR35,gpcr
ENSG00000170775,7,124667489,124864096,196608,-1,True,3,0.0093536376953125,0.017578125,1.52587890625e-05,0.08448282877604167,0.034881591796875,0.25341796875,0.6002705891927084,0.0093536376953125,0.017578125,0.026947021484375,0.08448282877604167,0.040644327799479164,0.6002705891927084,GPR37,gpcr
ENSG00000170075,1,202024613,202221220,196608,1,True,11,0.0077972412109375,0.027592976888020832,0.0031687418619791665,0.015899658203125,0.09232584635416667,0.4692026774088542,0.3840128580729167,0.0077972412109375,0.031728108723958336,0.0385589599609375,0.015899658203125,0.09672037760416667,0.3840128580729167,GPR37L1,gpcr
ENSG00000183840,2,132318501,132515108,196608,1,True,9,0.004353841145833333,0.0012105305989583333,0.0,0.4944356282552083,0.061960856119791664,0.1656036376953125,0.2724355061848958,0.004353841145833333,0.0012105305989583333,0.005564371744791667,0.4944356282552083,0.0646820068359375,0.2724355061848958,GPR39,gpcr
ENSG00000126251,19,35272764,35469371,196608,1,True,19,0.005279541015625,0.0034739176432291665,1.52587890625e-05,0.0008697509765625,0.22292073567708334,0.6993357340494791,0.06810506184895833,0.005279541015625,0.0034739176432291665,0.008768717447916666,0.0008697509765625,0.22292073567708334,0.06810506184895833,GPR42,gpcr
ENSG00000135973,2,105143439,105340046,196608,1,True,8,0.00567626953125,0.003082275390625,1.52587890625e-05,0.0,0.07076009114583333,0.3544820149739583,0.5659840901692709,0.00567626953125,0.003082275390625,0.0087738037109375,0.0,0.07076009114583333,0.5659840901692709,GPR45,gpcr
ENSG00000102195,X,151078280,151274887,196608,1,True,4,0.0094146728515625,0.0008443196614583334,1.52587890625e-05,0.014556884765625,0.0200042724609375,0.0015920003255208333,0.9535725911458334,0.0094146728515625,0.0008443196614583334,0.010274251302083334,0.014556884765625,0.022755940755208332,0.9535725911458334,GPR50,gpcr
ENSG00000203737,1,174349660,174546267,196608,1,True,2,0.0055084228515625,0.0025227864583333335,1.52587890625e-05,0.0,0.0118408203125,0.9801127115885416,0.0,0.0055084228515625,0.0025227864583333335,0.008046468098958334,0.0,0.0118408203125,0.0,GPR52,gpcr
ENSG00000135898,2,230826939,231023546,196608,-1,True,9,0.0048675537109375,0.017110188802083332,1.52587890625e-05,0.2513885498046875,0.0948486328125,0.4407196044921875,0.19105021158854166,0.0048675537109375,0.017110188802083332,0.021993001302083332,0.2513885498046875,0.104339599609375,0.19105021158854166,GPR55,gpcr
ENSG00000156097,1,109441568,109638175,196608,1,True,15,0.0069427490234375,0.018763224283854168,1.52587890625e-05,0.017690022786458332,0.22947184244791666,0.4641876220703125,0.2629292805989583,0.0069427490234375,0.018824259440104168,0.025721232096354168,0.017690022786458332,0.2419586181640625,0.2629292805989583,GPR61,gpcr
ENSG00000180929,3,51857077,52053684,196608,1,True,19,0.005615234375,0.005147298177083333,1.52587890625e-05,0.0,0.22070821126302084,0.20117696126302084,0.5673370361328125,0.005615234375,0.005147298177083333,0.010777791341145834,0.0,0.22097269694010416,0.5673370361328125,GPR62,gpcr
ENSG00000112218,6,96739174,96935781,196608,-1,True,6,0.0063934326171875,0.028711954752604168,1.52587890625e-05,0.18880716959635416,0.034342447916666664,0.18757120768229166,0.5541585286458334,0.0063934326171875,0.028711954752604168,0.035120646158854164,0.18880716959635416,0.0354766845703125,0.5541585286458334,GPR63,gpcr
ENSG00000140030,14,87906831,88103438,196608,1,True,6,0.0051422119140625,0.017786661783854168,1.52587890625e-05,0.026275634765625,0.15154012044270834,0.7434895833333334,0.055750528971354164,0.0051422119140625,0.017786661783854168,0.022944132486979168,0.026275634765625,0.15357462565104166,0.055750528971354164,GPR65,gpcr
ENSG00000119714,14,91146401,91343008,196608,-1,True,6,0.0055694580078125,0.018269856770833332,0.001068115234375,0.08442179361979167,0.09888203938802083,0.6972249348958334,0.09456380208333333,0.0055694580078125,0.018269856770833332,0.024907430013020832,0.08442179361979167,0.1103668212890625,0.09456380208333333,GPR68,gpcr
ENSG00000119737,2,53761664,53958271,196608,-1,True,6,0.00823974609375,0.0023956298828125,1.52587890625e-05,0.025238037109375,0.15413920084635416,0.7900950113932291,0.019877115885416668,0.00823974609375,0.0023956298828125,0.010650634765625,0.025238037109375,0.15485127766927084,0.019877115885416668,GPR75,gpcr
ENSG00000155269,4,8482088,8678695,196608,1,True,5,0.005544026692708333,0.034678141276041664,0.0138702392578125,0.2563578287760417,0.038055419921875,0.16841634114583334,0.4830780029296875,0.005544026692708333,0.034678141276041664,0.0540924072265625,0.2563578287760417,0.056142171223958336,0.4830780029296875,GPR78,gpcr
ENSG00000171657,X,41625877,41822484,196608,1,True,6,0.005126953125,0.012491861979166666,1.52587890625e-05,0.012629191080729166,0.034550984700520836,0.9351857503255209,0.0,0.005126953125,0.012491861979166666,0.017634073893229168,0.012629191080729166,0.034550984700520836,0.0,GPR82,gpcr
ENSG00000123901,11,94303116,94499723,196608,-1,True,5,0.0064544677734375,0.015284220377604166,1.52587890625e-05,0.1008453369140625,0.0669403076171875,0.3780670166015625,0.4323933919270833,0.0064544677734375,0.015284220377604166,0.021753946940104168,0.1008453369140625,0.0669403076171875,0.4323933919270833,GPR83,gpcr
ENSG00000139572,12,54266183,54462790,196608,-1,True,16,0.00604248046875,0.00433349609375,1.52587890625e-05,0.0,0.20658365885416666,0.7830251057942709,0.0,0.00604248046875,0.00433349609375,0.0103912353515625,0.0,0.20658365885416666,0.0,GPR84,gpcr
ENSG00000164604,7,112988524,113185131,196608,-1,True,7,0.005645751953125,0.032786051432291664,0.00013224283854166666,0.009490966796875,0.042872111002604164,0.6811676025390625,0.2279052734375,0.005645751953125,0.032786051432291664,0.038564046223958336,0.009490966796875,0.042872111002604164,0.2279052734375,GPR85,gpcr
ENSG00000138271,3,151218517,151415124,196608,-1,True,6,0.005462646484375,0.0021158854166666665,0.0003865559895833333,0.10767110188802083,0.06949361165364583,0.8148701985677084,0.0,0.005462646484375,0.0021158854166666665,0.007965087890625,0.10767110188802083,0.07736714680989583,0.0,GPR87,gpcr
ENSG00000181656,1,100439835,100636442,196608,1,True,5,0.005859375,0.0118865966796875,1.52587890625e-05,0.0019887288411458335,0.036448160807291664,0.7964579264322916,0.14734395345052084,0.005859375,0.0118865966796875,0.01776123046875,0.0019887288411458335,0.036448160807291664,0.14734395345052084,GPR88,gpcr
ENSG00000165370,X,136935692,137132299,196608,-1,True,5,0.00775146484375,0.033086140950520836,1.52587890625e-05,0.010350545247395834,0.047698974609375,0.5812123616536459,0.31988525390625,0.00775146484375,0.033086140950520836,0.040852864583333336,0.010350545247395834,0.047698974609375,0.31988525390625,GPR101,gpcr
ENSG00000147262,X,130287371,130483978,196608,-1,True,6,0.0051116943359375,0.017420450846354168,1.52587890625e-05,0.009119669596354166,0.12356058756510417,0.3058369954427083,0.5389353434244791,0.0051116943359375,0.017420450846354168,0.022547403971354168,0.009119669596354166,0.12356058756510417,0.5389353434244791,GPR119,gpcr
ENSG00000183484,14,104967127,105163734,196608,-1,True,14,0.0066986083984375,0.0203399658203125,1.52587890625e-05,0.06085205078125,0.13643391927083334,0.6253000895182291,0.150360107421875,0.0066986083984375,0.0260009765625,0.0270538330078125,0.06085205078125,0.14004007975260416,0.150360107421875,GPR132,gpcr
ENSG00000181619,14,59367077,59563684,196608,-1,True,6,0.007537841796875,0.017985026041666668,1.52587890625e-05,0.159393310546875,0.066162109375,0.511688232421875,0.23721822102864584,0.007537841796875,0.017985026041666668,0.025538126627604168,0.159393310546875,0.068359375,0.23721822102864584,GPR135,gpcr
ENSG00000180269,16,19975587,20172194,196608,-1,True,3,0.005503336588541667,0.019561767578125,1.52587890625e-05,0.20711771647135416,0.020929972330729168,0.0122833251953125,0.734588623046875,0.005503336588541667,0.024302164713541668,0.025080362955729168,0.20711771647135416,0.020929972330729168,0.734588623046875,GPR139,gpcr
ENSG00000187037,7,37585462,37782069,196608,1,True,4,0.0046539306640625,0.017120361328125,0.0008748372395833334,0.4775797526041667,0.009618123372395834,0.3164520263671875,0.17370096842447916,0.0046539306640625,0.017120361328125,0.022649129231770832,0.4775797526041667,0.0106964111328125,0.17370096842447916,GPR141,gpcr
ENSG00000257008,17,74269202,74465809,196608,1,True,12,0.007314046223958333,0.0004781087239583333,1.52587890625e-05,0.018351236979166668,0.12698872884114584,0.4518381754557292,0.3950144449869792,0.007314046223958333,0.0020853678385416665,0.007807413736979167,0.018351236979166668,0.12698872884114584,0.3950144449869792,GPR142,gpcr
ENSG00000164849,7,946242,1142849,196608,1,True,12,0.0050811767578125,0.031834920247395836,0.0024566650390625,0.035563151041666664,0.11239115397135417,0.7400309244791666,0.07264200846354167,0.0050811767578125,0.031834920247395836,0.039372762044270836,0.035563151041666664,0.12050374348958333,0.07264200846354167,GPR146,gpcr
ENSG00000173302,2,130630766,130827373,196608,1,True,12,0.0052947998046875,0.0011342366536458333,1.52587890625e-05,0.0,0.11132303873697917,0.5291239420572916,0.3531087239583333,0.0052947998046875,0.0011342366536458333,0.006444295247395833,0.0,0.11132303873697917,0.3531087239583333,GPR148,gpcr
ENSG00000174948,3,154331887,154528494,196608,-1,True,4,0.0111541748046875,0.016942342122395832,1.52587890625e-05,0.4563446044921875,0.0018768310546875,0.0850677490234375,0.4285990397135417,0.0111541748046875,0.016942342122395832,0.028111775716145832,0.4563446044921875,0.0278778076171875,0.4285990397135417,GPR149,gpcr
ENSG00000178015,5,95521783,95718390,196608,1,True,6,0.006622314453125,0.0038197835286458335,1.52587890625e-05,0.0,0.13546244303385416,0.6397145589192709,0.21436564127604166,0.006622314453125,0.0038197835286458335,0.010457356770833334,0.0,0.13546244303385416,0.21436564127604166,GPR150,gpcr
ENSG00000173250,5,146417887,146614494,196608,-1,True,6,0.0063934326171875,0.009089152018229166,1.52587890625e-05,0.0,0.10418701171875,0.69561767578125,0.18469746907552084,0.0063934326171875,0.009089152018229166,0.015497843424479166,0.0,0.10418701171875,0.18469746907552084,GPR151,gpcr
ENSG00000175514,11,67354426,67551033,196608,-1,True,23,0.007171630859375,8.138020833333333e-05,1.52587890625e-05,0.0,0.2944793701171875,0.4647115071614583,0.23354085286458334,0.007171630859375,8.138020833333333e-05,0.007268269856770833,0.0,0.2961273193359375,0.23354085286458334,GPR152,gpcr
ENSG00000158292,1,6162795,6359402,196608,-1,True,9,0.009429931640625,0.012624104817708334,1.52587890625e-05,0.047876993815104164,0.1222686767578125,0.7586161295572916,0.049168904622395836,0.009429931640625,0.012624104817708334,0.022069295247395832,0.047876993815104164,0.1222686767578125,0.049168904622395836,GPR153,gpcr
ENSG00000175697,3,120186919,120383526,196608,-1,True,6,0.002410888671875,0.004694620768229167,0.00396728515625,0.4899648030598958,0.07195027669270833,0.23427327473958334,0.19273885091145834,0.002410888671875,0.004694620768229167,0.011072794596354166,0.4899648030598958,0.07246907552083333,0.19273885091145834,GPR156,gpcr
ENSG00000151025,10,25076697,25273304,196608,1,True,5,0.005126953125,0.0031483968098958335,0.0,0.49273681640625,0.029444376627604168,0.46954345703125,0.0,0.005126953125,0.004109700520833333,0.008275349934895834,0.49273681640625,0.037867228190104164,0.0,GPR158,gpcr
ENSG00000173890,3,169939691,170136298,196608,1,True,7,0.005157470703125,0.08073933919270833,0.00115966796875,0.17994181315104166,0.12954203287760416,0.4047037760416667,0.19875590006510416,0.005157470703125,0.08073933919270833,0.08705647786458333,0.17994181315104166,0.1476898193359375,0.19875590006510416,GPR160,gpcr
ENSG00000143147,1,168038627,168235234,196608,-1,True,10,0.009251912434895834,0.06500752766927083,0.010243733723958334,0.21123250325520834,0.0434722900390625,0.3160909016927083,0.3447011311848958,0.009251912434895834,0.0662994384765625,0.084503173828125,0.21123250325520834,0.047551472981770836,0.3447011311848958,GPR161,gpcr
ENSG00000250510,12,6723517,6920124,196608,1,True,24,0.0096282958984375,0.009984334309895834,0.0022684733072916665,0.0205841064453125,0.24323527018229166,0.6088918050130209,0.10540771484375,0.0096282958984375,0.010289510091145834,0.021881103515625,0.0205841064453125,0.2509002685546875,0.10540771484375,GPR162,gpcr
ENSG00000174946,3,151104913,151301520,196608,-1,True,6,0.0048675537109375,0.004323323567708333,1.52587890625e-05,0.018183390299479168,0.042994181315104164,0.9296162923177084,0.0,0.0048675537109375,0.004323323567708333,0.009206136067708334,0.018183390299479168,0.042994181315104164,0.0,GPR171,gpcr
ENSG00000184194,X,52950485,53147092,196608,1,True,7,0.0056915283203125,0.01947021484375,1.52587890625e-05,0.1367034912109375,0.0908050537109375,0.441619873046875,0.305694580078125,0.0056915283203125,0.01947021484375,0.025177001953125,0.1367034912109375,0.09332784016927083,0.305694580078125,GPR173,gpcr
ENSG00000147138,X,79046384,79242991,196608,1,True,3,0.0050811767578125,0.022898356119791668,1.52587890625e-05,0.1278533935546875,0.008448282877604166,0.0,0.8357035319010416,0.0050811767578125,0.022898356119791668,0.027994791666666668,0.1278533935546875,0.008448282877604166,0.8357035319010416,GPR174,gpcr
ENSG00000166073,15,39821963,40018570,196608,-1,True,7,0.0010630289713541667,0.005437215169270833,0.0017852783203125,0.4951222737630208,0.0747222900390625,0.3795166015625,0.042353312174479164,0.0010630289713541667,0.005437215169270833,0.0082855224609375,0.4951222737630208,0.07944234212239583,0.042353312174479164,GPR176,gpcr
ENSG00000277399,17,38245653,38442260,196608,-1,True,7,0.0361175537109375,0.0104827880859375,0.0004323323567708333,0.051569620768229164,0.06786600748697917,0.6200815836588541,0.21345011393229166,0.0361175537109375,0.0104827880859375,0.047032674153645836,0.051569620768229164,0.06786600748697917,0.21345011393229166,GPR179,gpcr
ENSG00000169508,13,99209096,99405703,196608,-1,True,6,0.0055084228515625,0.005381266276041667,1.52587890625e-05,0.056243896484375,0.040501912434895836,0.7998860677083334,0.09246317545572917,0.0055084228515625,0.005381266276041667,0.010904947916666666,0.056243896484375,0.041570027669270836,0.09246317545572917,GPR183,gpcr
ENSG00000013588,12,12793258,12989865,196608,1,True,13,0.0056304931640625,0.0493316650390625,0.00360107421875,0.079559326171875,0.0945587158203125,0.4741160074869792,0.2932027180989583,0.0056304931640625,0.0497894287109375,0.058563232421875,0.079559326171875,0.0950164794921875,0.2932027180989583,GPRC5A,gpcr
ENSG00000167191,16,19786545,19983152,196608,-1,True,5,0.006378173828125,0.030588785807291668,0.0018819173177083333,0.11110941569010417,0.011540730794270834,0.3960011800130208,0.4424997965494792,0.006378173828125,0.030817667643229168,0.038848876953125,0.11110941569010417,0.020579020182291668,0.4424997965494792,GPRC5B,gpcr
ENSG00000170412,17,74333784,74530391,196608,1,True,12,0.009770711263020834,0.018798828125,0.018086751302083332,0.08967081705729167,0.10217793782552083,0.2650807698567708,0.4964141845703125,0.009770711263020834,0.020843505859375,0.046656290690104164,0.08967081705729167,0.10217793782552083,0.4964141845703125,GPRC5C,gpcr
ENSG00000111291,12,12853867,13050474,196608,-1,True,14,0.0052642822265625,0.0015716552734375,1.52587890625e-05,0.052129109700520836,0.15400187174479166,0.5922088623046875,0.1948089599609375,0.0052642822265625,0.0015716552734375,0.0068511962890625,0.052129109700520836,0.1575469970703125,0.1948089599609375,GPRC5D,gpcr
ENSG00000178394,5,63864142,64060749,196608,-1,True,3,0.006439208984375,0.017008463541666668,1.52587890625e-05,0.0001068115234375,0.0021514892578125,0.3440043131510417,0.6302744547526041,0.006439208984375,0.017008463541666668,0.023462931315104168,0.0001068115234375,0.002777099609375,0.6302744547526041,HTR1A,gpcr
ENSG00000135312,6,77365188,77561795,196608,-1,True,4,0.005950927734375,0.0070953369140625,1.52587890625e-05,0.0,0.0134735107421875,0.2584279378255208,0.7150370279947916,0.005950927734375,0.0070953369140625,0.0130615234375,0.0,0.0134735107421875,0.7150370279947916,HTR1B,gpcr
ENSG00000179546,1,23119199,23315806,196608,-1,True,11,0.0057525634765625,0.01513671875,1.52587890625e-05,0.11830647786458333,0.09262593587239583,0.3620656331380208,0.406097412109375,0.0057525634765625,0.01513671875,0.020904541015625,0.11830647786458333,0.09976704915364583,0.406097412109375,HTR1D,gpcr
ENSG00000168830,6,86839224,87035831,196608,1,True,6,0.0055694580078125,0.0108489990234375,1.52587890625e-05,0.3929799397786458,0.004694620768229167,0.4909006754557292,0.09499104817708333,0.0055694580078125,0.0108489990234375,0.0164337158203125,0.3929799397786458,0.013575236002604166,0.09499104817708333,HTR1E,gpcr
ENSG00000179097,3,87694402,87891009,196608,1,True,3,0.0,0.0016123453776041667,0.0,0.4983978271484375,0.007700602213541667,0.4922892252604167,0.0,0.0,0.0016123453776041667,0.0016123453776041667,0.4983978271484375,0.011622111002604166,0.0,HTR1F,gpcr
ENSG00000102468,13,46798750,46995357,196608,-1,True,4,0.007242838541666667,0.023585001627604168,3.0517578125e-05,0.3024495442708333,0.009404500325520834,0.65728759765625,0.0,0.007242838541666667,0.023976643880208332,0.030858357747395832,0.3024495442708333,0.016581217447916668,0.0,HTR2A,gpcr
ENSG00000135914,2,231026739,231223346,196608,-1,True,6,0.0073394775390625,0.004048665364583333,1.52587890625e-05,0.07430521647135417,0.122467041015625,0.5801951090494791,0.21162923177083334,0.0073394775390625,0.004048665364583333,0.011403401692708334,0.07430521647135417,0.12531026204427084,0.21162923177083334,HTR2B,gpcr
ENSG00000147246,X,114485782,114682389,196608,1,True,6,0.0,0.0033009847005208335,0.0,0.4967397054036458,0.0,0.0,0.4999593098958333,0.0,0.0033009847005208335,0.0033009847005208335,0.4967397054036458,0.012563069661458334,0.4999593098958333,HTR2C,gpcr
ENSG00000166736,11,113876804,114073411,196608,1,True,6,0.007985432942708334,0.004277547200520833,0.0008494059244791666,0.06439717610677083,0.0710296630859375,0.4610748291015625,0.3903859456380208,0.007985432942708334,0.007197062174479167,0.013112386067708334,0.06439717610677083,0.0710296630859375,0.3903859456380208,HTR3A,gpcr
ENSG00000149305,11,113806492,114003099,196608,1,True,9,0.006825764973958333,0.017110188802083332,1.52587890625e-05,0.20128885904947916,0.0446319580078125,0.4421590169270833,0.2879689534505208,0.006825764973958333,0.017542521158854168,0.023951212565104168,0.20128885904947916,0.045903523763020836,0.2879689534505208,HTR3B,gpcr
ENSG00000178084,3,183954743,184151350,196608,1,True,13,0.0068206787109375,0.0018056233723958333,1.52587890625e-05,0.0301513671875,0.1484222412109375,0.5065816243489584,0.3062032063802083,0.0068206787109375,0.0018056233723958333,0.008641560872395834,0.0301513671875,0.1484222412109375,0.3062032063802083,HTR3C,gpcr
ENSG00000186090,3,183933438,184130045,196608,1,True,10,0.007771809895833333,0.0027313232421875,1.52587890625e-05,0.029286702473958332,0.10117594401041667,0.5528157552083334,0.3062032063802083,0.007771809895833333,0.0031483968098958335,0.010518391927083334,0.029286702473958332,0.10117594401041667,0.3062032063802083,HTR3D,gpcr
ENSG00000186038,3,183998760,184195367,196608,1,True,17,0.007924397786458334,0.004892985026041667,1.52587890625e-05,0.037684122721354164,0.20654805501302084,0.4181162516276042,0.3248189290364583,0.007924397786458334,0.005635579427083333,0.0128326416015625,0.037684122721354164,0.20798238118489584,0.3248189290364583,HTR3E,gpcr
ENSG00000164270,5,148556224,148752831,196608,-1,True,3,0.0014597574869791667,0.012639363606770834,0.0021820068359375,0.5992177327473959,0.0017242431640625,0.017049153645833332,0.3657277425130208,0.0014597574869791667,0.012995402018229166,0.0162811279296875,0.5992177327473959,0.012491861979166666,0.3657277425130208,HTR4,gpcr
ENSG00000157219,7,154972020,155168627,196608,1,True,6,0.0056304931640625,0.018788655598958332,0.0005086263020833334,0.0618896484375,0.049718221028645836,0.17227681477864584,0.6911875406901041,0.0056304931640625,0.020467122395833332,0.024927775065104168,0.0618896484375,0.058349609375,0.6911875406901041,HTR5A,gpcr
ENSG00000158748,1,19566571,19763178,196608,1,True,7,0.0067138671875,0.012598673502604166,1.52587890625e-05,0.06252034505208333,0.1092376708984375,0.7699635823567709,0.038950602213541664,0.0067138671875,0.012598673502604166,0.019327799479166668,0.06252034505208333,0.1092376708984375,0.038950602213541664,HTR6,gpcr
ENSG00000148680,10,90759736,90956343,196608,-1,True,9,0.0027414957682291665,0.0018717447916666667,0.0,0.4953867594401042,0.0438690185546875,0.3248392740885417,0.13129170735677084,0.0027414957682291665,0.0018717447916666667,0.004613240559895833,0.4953867594401042,0.061319986979166664,0.13129170735677084,HTR7,gpcr
ENSG00000205213,11,27374487,27571094,196608,-1,True,6,0.006011962890625,0.002655029296875,0.0027974446614583335,0.4886932373046875,0.057352701822916664,0.4424896240234375,0.0,0.006011962890625,0.002655029296875,0.011464436848958334,0.4886932373046875,0.059234619140625,0.0,LGR4,gpcr
ENSG00000139292,12,71341494,71538101,196608,1,True,2,0.0021769205729166665,0.0014444986979166667,0.0,0.4963836669921875,0.0,0.4999949137369792,0.0,0.0021769205729166665,0.0014444986979166667,0.0036214192708333335,0.4963836669921875,0.0036824544270833335,0.0,LGR5,gpcr
ENSG00000133067,1,202095495,202292102,196608,1,True,10,0.0043487548828125,0.0023701985677083335,0.0027364095052083335,0.4910888671875,0.121734619140625,0.3120218912760417,0.06569925944010417,0.0043487548828125,0.0024210611979166665,0.009455362955729166,0.4910888671875,0.13427225748697916,0.06569925944010417,LGR6,gpcr
ENSG00000130368,6,159792684,159989291,196608,1,True,5,0.0049591064453125,0.051539103190104164,1.52587890625e-05,0.07806905110677083,0.023045857747395832,0.3053080240885417,0.5370635986328125,0.0049591064453125,0.051539103190104164,0.056513468424479164,0.07806905110677083,0.026814778645833332,0.5370635986328125,MAS1,gpcr
ENSG00000204687,6,29389653,29586260,196608,-1,True,23,0.005767822265625,0.0006256103515625,1.52587890625e-05,0.0,0.15929158528645834,0.6181131998697916,0.2161865234375,0.005767822265625,0.0006256103515625,0.00640869140625,0.0,0.16080729166666666,0.2161865234375,MAS1L,gpcr
ENSG00000172938,11,68882683,69079290,196608,-1,True,9,0.0048980712890625,0.0,1.52587890625e-05,0.0,0.11744181315104167,0.3731129964192708,0.5045318603515625,0.0048980712890625,0.0,0.004913330078125,0.0,0.11744181315104167,0.5045318603515625,MRGPRD,gpcr
ENSG00000184350,11,3134114,3330721,196608,-1,True,12,0.0047607421875,0.016118367513020832,1.52587890625e-05,0.016682942708333332,0.07320658365885417,0.3969167073567708,0.4922993977864583,0.0047607421875,0.016118367513020832,0.020894368489583332,0.016682942708333332,0.07426961263020833,0.4922993977864583,MRGPRE,gpcr
ENSG00000172935,11,68914943,69111550,196608,-1,True,10,0.0065765380859375,0.014521280924479166,3.0517578125e-05,0.029897054036458332,0.09055074055989583,0.397735595703125,0.4606882731119792,0.0065765380859375,0.014521280924479166,0.021128336588541668,0.029897054036458332,0.10032145182291667,0.4606882731119792,MRGPRF,gpcr
ENSG00000182170,11,3120510,3317117,196608,-1,True,11,0.0044097900390625,0.0,1.52587890625e-05,0.0,0.08868408203125,0.4145914713541667,0.4922993977864583,0.0044097900390625,0.0,0.004425048828125,0.0,0.09113566080729167,0.4922993977864583,MRGPRG,gpcr
ENSG00000170255,11,18841111,19037718,196608,-1,True,9,0.004913330078125,0.0034077962239583335,1.52587890625e-05,0.021753946940104168,0.043701171875,0.4432729085286458,0.4829355875651042,0.004913330078125,0.0034077962239583335,0.008336385091145834,0.021753946940104168,0.045735677083333336,0.4829355875651042,MRGPRX1,gpcr
ENSG00000183695,11,18962414,19159021,196608,-1,True,3,0.005035400390625,0.005488077799479167,1.52587890625e-05,0.0213165283203125,0.0177459716796875,0.204132080078125,0.7462666829427084,0.005035400390625,0.005488077799479167,0.010538736979166666,0.0213165283203125,0.0177459716796875,0.7462666829427084,MRGPRX2,gpcr
ENSG00000179826,11,18034267,18230874,196608,1,True,14,0.004913330078125,0.0036671956380208335,1.52587890625e-05,0.08058675130208333,0.08799235026041667,0.5592702229817709,0.2635548909505208,0.004913330078125,0.0036671956380208335,0.008595784505208334,0.08058675130208333,0.08799235026041667,0.2635548909505208,MRGPRX3,gpcr
ENSG00000179817,11,18074533,18271140,196608,1,True,20,0.004913330078125,0.0024159749348958335,1.52587890625e-05,0.0,0.109161376953125,0.5484364827473959,0.3350575764973958,0.004913330078125,0.0024159749348958335,0.007344563802083333,0.0,0.109161376953125,0.3350575764973958,MRGPRX4,gpcr
ENSG00000116329,1,28713866,28910473,196608,1,True,7,0.00567626953125,0.041697184244791664,1.52587890625e-05,0.2531992594401042,0.0563507080078125,0.3739674886067708,0.2690938313802083,0.00567626953125,0.041697184244791664,0.047388712565104164,0.2531992594401042,0.060307820638020836,0.2690938313802083,OPRD1,gpcr
ENSG00000082556,8,53153334,53349941,196608,-1,True,4,0.006703694661458333,0.022120157877604168,1.52587890625e-05,0.10296630859375,0.01141357421875,0.61102294921875,0.245758056640625,0.006703694661458333,0.0270538330078125,0.028839111328125,0.10296630859375,0.01220703125,0.245758056640625,OPRK1,gpcr
ENSG00000125510,20,63981778,64178385,196608,1,True,12,0.0060882568359375,0.018076578776041668,0.0,0.08103434244791667,0.1316070556640625,0.7075551350911459,0.055638631184895836,0.0060882568359375,0.018503824869791668,0.024164835611979168,0.08103434244791667,0.15422566731770834,0.055638631184895836,OPRL1,gpcr
ENSG00000112038,6,153940936,154137543,196608,1,True,2,0.010777791341145834,0.08714803059895833,0.008158365885416666,0.5401153564453125,0.0,0.0,0.3538004557291667,0.010777791341145834,0.09100850423177083,0.10608418782552083,0.5401153564453125,0.008733113606770834,0.3538004557291667,OPRM1,gpcr
ENSG00000172146,17,3109363,3305970,196608,1,True,11,0.0047149658203125,0.017110188802083332,0.013214111328125,0.022730509440104168,0.0693359375,0.3874104817708333,0.4854838053385417,0.0047149658203125,0.017110188802083332,0.035039265950520836,0.022730509440104168,0.0693359375,0.4854838053385417,OR1A1,gpcr
ENSG00000172150,17,3099215,3295822,196608,1,True,12,0.0047149658203125,0.0,1.52587890625e-05,0.0,0.10031636555989583,0.3843434651692708,0.5106099446614584,0.0047149658203125,0.0,0.004730224609375,0.0,0.10031636555989583,0.5106099446614584,OR1A2,gpcr
ENSG00000280094,9,122559324,122755931,196608,-1,True,9,0.0048370361328125,0.0054473876953125,1.52587890625e-05,0.13976033528645834,0.06714375813802083,0.3535715738932292,0.4292246500651042,0.0048370361328125,0.0054473876953125,0.0102996826171875,0.13976033528645834,0.06865946451822917,0.4292246500651042,OR1B1,gpcr
ENSG00000221888,1,247662253,247858860,196608,-1,True,14,0.004791259765625,0.015436808268229166,1.52587890625e-05,0.0088043212890625,0.103912353515625,0.5829264322916666,0.2841135660807292,0.004791259765625,0.015436808268229166,0.020243326822916668,0.0088043212890625,0.11017354329427083,0.2841135660807292,OR1C1,gpcr
ENSG00000184166,17,3006119,3202726,196608,-1,True,9,0.0047607421875,0.02008056640625,1.52587890625e-05,0.05621337890625,0.0701904296875,0.3658294677734375,0.48291015625,0.0047607421875,0.02008056640625,0.0248565673828125,0.05621337890625,0.0701904296875,0.48291015625,OR1D2,gpcr
ENSG00000262628,17,2965304,3161911,196608,-1,True,8,0.0047607421875,0.0,1.52587890625e-05,0.0,0.08134969075520833,0.5151468912760416,0.3987274169921875,0.0047607421875,0.0,0.0047760009765625,0.0,0.08134969075520833,0.3987274169921875,OR1D5,gpcr
ENSG00000180016,17,3300107,3496714,196608,-1,True,11,0.004791259765625,0.0018412272135416667,1.52587890625e-05,0.0,0.06798299153645833,0.7317454020182291,0.19362386067708334,0.004791259765625,0.0018412272135416667,0.006647745768229167,0.0,0.06798299153645833,0.19362386067708334,OR1E1,gpcr
ENSG00000127780,17,3335538,3532145,196608,-1,True,9,0.0049285888671875,0.0,1.52587890625e-05,0.0,0.11139933268229167,0.690032958984375,0.19362386067708334,0.0049285888671875,0.0,0.00494384765625,0.0,0.11139933268229167,0.19362386067708334,OR1E2,gpcr
ENSG00000168124,16,3089900,3286507,196608,1,True,17,0.0047607421875,0.00921630859375,0.0010884602864583333,0.17096964518229166,0.2852121988932292,0.3112640380859375,0.21748860677083334,0.0047607421875,0.00921630859375,0.015065511067708334,0.17096964518229166,0.3024495442708333,0.21748860677083334,OR1F1,gpcr
ENSG00000183024,17,3029248,3225855,196608,-1,True,10,0.004791259765625,0.0,0.0,0.0,0.11830647786458333,0.3341217041015625,0.5427805582682291,0.004791259765625,0.0,0.004791259765625,0.0,0.11830647786458333,0.5427805582682291,OR1G1,gpcr
ENSG00000094661,19,14983907,15180514,196608,1,True,12,0.0054168701171875,0.0253753662109375,1.52587890625e-05,0.023920694986979168,0.12379964192708333,0.4847971598307292,0.3366750081380208,0.0054168701171875,0.0253753662109375,0.0308074951171875,0.023920694986979168,0.12379964192708333,0.3366750081380208,OR1I1,gpcr
ENSG00000136834,9,122379623,122576230,196608,-1,True,8,0.004913330078125,0.0,1.52587890625e-05,0.0,0.0665740966796875,0.8996683756510416,0.028828938802083332,0.004913330078125,0.0,0.0049285888671875,0.0,0.0665740966796875,0.028828938802083332,OR1J1,gpcr
ENSG00000197233,9,122412498,122609105,196608,1,True,7,0.0047760009765625,0.0,1.52587890625e-05,0.0,0.053538004557291664,0.9416707356770834,0.0,0.0047760009765625,0.0,0.004791259765625,0.0,0.053538004557291664,0.0,OR1J2,gpcr
ENSG00000239590,9,122420837,122617444,196608,1,True,8,0.0047760009765625,0.0,1.52587890625e-05,0.0,0.061716715494791664,0.9334920247395834,0.0,0.0047760009765625,0.0,0.004791259765625,0.0,0.061716715494791664,0.0,OR1J4,gpcr
ENSG00000165204,9,122701819,122898426,196608,1,True,8,0.00482177734375,0.0,1.52587890625e-05,0.0,0.107269287109375,0.3767903645833333,0.5111033121744791,0.00482177734375,0.0,0.0048370361328125,0.0,0.107269287109375,0.5111033121744791,OR1K1,gpcr
ENSG00000173679,9,122563412,122760019,196608,1,True,9,0.0054931640625,0.0,1.52587890625e-05,0.0,0.07345072428385417,0.4710235595703125,0.4500172932942708,0.0054931640625,0.0,0.0055084228515625,0.0,0.07345072428385417,0.4500172932942708,OR1L1,gpcr
ENSG00000171481,9,122576826,122773433,196608,1,True,10,0.0049591064453125,0.0,0.0,0.0,0.06702168782552083,0.4117584228515625,0.5162607828776041,0.0049591064453125,0.0,0.0049591064453125,0.0,0.06702168782552083,0.5162607828776041,OR1L3,gpcr
ENSG00000136939,9,122625686,122822293,196608,1,True,10,0.0047454833984375,0.0,1.52587890625e-05,0.0,0.06670125325520833,0.2902475992838542,0.6382904052734375,0.0047454833984375,0.0,0.0047607421875,0.0,0.06670125325520833,0.6382904052734375,OR1L4,gpcr
ENSG00000171459,9,122643999,122840606,196608,1,True,10,0.0052947998046875,0.0003611246744791667,1.52587890625e-05,0.037465413411458336,0.07212320963541667,0.19183349609375,0.6929066975911459,0.0052947998046875,0.00042724609375,0.005671183268229167,0.037465413411458336,0.07212320963541667,0.6929066975911459,OR1L6,gpcr
ENSG00000171496,9,122485081,122681688,196608,-1,True,10,0.0047149658203125,0.005564371744791667,1.52587890625e-05,0.07244873046875,0.06767781575520833,0.7376658121744791,0.11191304524739583,0.0047149658203125,0.005564371744791667,0.010294596354166666,0.07244873046875,0.06767781575520833,0.11191304524739583,OR1L8,gpcr
ENSG00000170929,19,8988757,9185364,196608,1,True,10,0.0047760009765625,0.008371988932291666,1.52587890625e-05,0.0306243896484375,0.06420389811197917,0.24743143717447916,0.6445770263671875,0.0047760009765625,0.008371988932291666,0.013163248697916666,0.0306243896484375,0.06420389811197917,0.6445770263671875,OR1M1,gpcr
ENSG00000171505,9,122428990,122625597,196608,-1,True,8,0.0047454833984375,0.0,1.52587890625e-05,0.0,0.06316121419270833,0.9320780436197916,0.0,0.0047454833984375,0.0,0.0047607421875,0.0,0.06316121419270833,0.0,OR1N1,gpcr
ENSG00000171501,9,122454808,122651415,196608,1,True,9,0.00482177734375,0.0007731119791666666,1.52587890625e-05,0.0,0.07200113932291667,0.9223887125651041,0.0,0.00482177734375,0.0007731119791666666,0.005610148111979167,0.0,0.07200113932291667,0.0,OR1N2,gpcr
ENSG00000262085,17,3056579,3253186,196608,-1,True,10,0.005055745442708333,0.0,0.0,0.0,0.09804280598958333,0.3409881591796875,0.5559132893880209,0.005055745442708333,0.0,0.005055745442708333,0.0,0.09804280598958333,0.5559132893880209,OR1P1,gpcr
ENSG00000165202,9,122516434,122713041,196608,1,True,10,0.004791259765625,0.0,1.52587890625e-05,0.0,0.07988993326822917,0.6563313802083334,0.25897216796875,0.004791259765625,0.0,0.0048065185546875,0.0,0.07988993326822917,0.25897216796875,OR1Q1,gpcr
ENSG00000280204,11,58114416,58311023,196608,1,True,10,0.0047607421875,0.0027211507161458335,1.52587890625e-05,0.009618123372395834,0.08194478352864583,0.3128763834635417,0.5880635579427084,0.0047607421875,0.0027211507161458335,0.007497151692708333,0.009618123372395834,0.08194478352864583,0.5880635579427084,OR1S1,gpcr
ENSG00000197887,11,58105839,58302446,196608,-1,True,11,0.0047607421875,0.0,1.52587890625e-05,0.0,0.08945719401041667,0.361328125,0.5444386800130209,0.0047607421875,0.0,0.0047760009765625,0.0,0.08945719401041667,0.5444386800130209,OR1S2,gpcr
ENSG00000221970,7,144214115,144410722,196608,1,True,13,0.004730224609375,0.0193939208984375,1.52587890625e-05,0.028345743815104168,0.21808369954427084,0.6648305257161459,0.06460062662760417,0.004730224609375,0.0193939208984375,0.024139404296875,0.028345743815104168,0.21947733561197916,0.06460062662760417,OR2A1,gpcr
ENSG00000221989,7,144011279,144207886,196608,1,True,13,0.004852294921875,0.0,1.52587890625e-05,0.0,0.14910888671875,0.20389811197916666,0.6421254475911459,0.004852294921875,0.0,0.0048675537109375,0.0,0.14910888671875,0.6421254475911459,OR2A2,gpcr
ENSG00000180658,6,131603098,131799705,196608,-1,True,6,0.004730224609375,0.0041961669921875,1.52587890625e-05,0.0,0.051050821940104164,0.6771291097005209,0.26287841796875,0.004730224609375,0.0041961669921875,0.008941650390625,0.0,0.051050821940104164,0.26287841796875,OR2A4,gpcr
ENSG00000221836,7,143950644,144147251,196608,1,True,12,0.0047454833984375,0.039393107096354164,1.52587890625e-05,0.006189982096354167,0.12494913736979167,0.2849222819010417,0.5397847493489584,0.0047454833984375,0.039393107096354164,0.044153849283854164,0.006189982096354167,0.12494913736979167,0.5397847493489584,OR2A5,gpcr
ENSG00000243896,7,144166489,144363096,196608,-1,True,14,0.004730224609375,0.006200154622395833,1.52587890625e-05,0.025319417317708332,0.23422749837239584,0.6481475830078125,0.08135986328125,0.004730224609375,0.006200154622395833,0.010945638020833334,0.025319417317708332,0.23422749837239584,0.08135986328125,OR2A7,gpcr
ENSG00000221858,7,143987974,144184581,196608,1,True,14,0.004730224609375,0.016474405924479168,1.52587890625e-05,0.043253580729166664,0.12702433268229166,0.1384429931640625,0.6700592041015625,0.004730224609375,0.016474405924479168,0.021219889322916668,0.043253580729166664,0.12702433268229166,0.6700592041015625,OR2A12,gpcr
ENSG00000221938,7,144024872,144221479,196608,1,True,13,0.004730224609375,0.0065460205078125,1.52587890625e-05,0.0294647216796875,0.15689595540364584,0.22935994466145834,0.5729878743489584,0.004730224609375,0.0065460205078125,0.01129150390625,0.0294647216796875,0.15689595540364584,0.5729878743489584,OR2A14,gpcr
ENSG00000221933,7,143971507,144168114,196608,1,True,14,0.004730224609375,0.004679361979166667,1.52587890625e-05,0.021397908528645832,0.14404296875,0.2281646728515625,0.5969696044921875,0.004730224609375,0.004679361979166667,0.009424845377604166,0.021397908528645832,0.14404296875,0.5969696044921875,OR2A25,gpcr
ENSG00000212807,7,144141302,144337909,196608,-1,True,16,0.004730224609375,0.020411173502604168,1.52587890625e-05,0.032633463541666664,0.2155609130859375,0.5494791666666666,0.1771697998046875,0.004730224609375,0.020411173502604168,0.025156656901041668,0.032633463541666664,0.21993509928385416,0.1771697998046875,OR2A42,gpcr
ENSG00000244623,7,99778730,99975337,196608,-1,True,13,0.00494384765625,0.0,0.0,0.0,0.09249369303385417,0.5457000732421875,0.3568623860677083,0.00494384765625,0.0,0.00494384765625,0.0,0.0928802490234375,0.3568623860677083,OR2AE1,gpcr
ENSG00000279486,11,6684716,6881323,196608,1,True,13,0.00482177734375,0.030731201171875,1.52587890625e-05,0.007863362630208334,0.185150146484375,0.5102132161458334,0.2612050374348958,0.00482177734375,0.030731201171875,0.0355682373046875,0.007863362630208334,0.185150146484375,0.2612050374348958,OR2AG1,gpcr
ENSG00000188124,11,6673673,6870280,196608,-1,True,13,0.00482177734375,0.0166473388671875,1.52587890625e-05,0.0108184814453125,0.18520100911458334,0.48046875,0.3020273844401042,0.00482177734375,0.0166473388671875,0.021484375,0.0108184814453125,0.18520100911458334,0.3020273844401042,OR2AG2,gpcr
ENSG00000177275,1,247826585,248023192,196608,1,True,18,0.0050048828125,0.004506429036458333,1.52587890625e-05,0.043629964192708336,0.1072235107421875,0.2714691162109375,0.5681508382161459,0.0050048828125,0.004506429036458333,0.009526570638020834,0.043629964192708336,0.1072235107421875,0.5681508382161459,OR2AJ1,gpcr
ENSG00000187080,1,247866929,248063536,196608,1,True,18,0.0048828125,0.0009714762369791666,1.52587890625e-05,0.0,0.13195292154947916,0.2894388834635417,0.5727386474609375,0.0048828125,0.0009714762369791666,0.005869547526041667,0.0,0.13195292154947916,0.5727386474609375,OR2AK2,gpcr
ENSG00000179615,12,55474164,55670771,196608,1,True,12,0.0047149658203125,0.003143310546875,1.52587890625e-05,0.008122762044270834,0.08854166666666667,0.8796284993489584,0.015833536783854168,0.0047149658203125,0.003143310546875,0.00787353515625,0.008122762044270834,0.08854166666666667,0.015833536783854168,OR2AP1,gpcr
ENSG00000171561,11,74998573,75195180,196608,-1,True,7,0.0048828125,0.039835611979166664,1.52587890625e-05,0.032190958658854164,0.085845947265625,0.5768992106119791,0.2603302001953125,0.0048828125,0.039835611979166664,0.044733683268229164,0.032190958658854164,0.0868682861328125,0.2603302001953125,OR2AT4,gpcr
ENSG00000168131,6,27814093,28010700,196608,-1,True,23,0.0054473876953125,0.000701904296875,1.52587890625e-05,0.0,0.10817464192708333,0.1892852783203125,0.6963755289713541,0.0054473876953125,0.000701904296875,0.00616455078125,0.0,0.10817464192708333,0.6963755289713541,OR2B2,gpcr
ENSG00000204703,6,28989010,29185617,196608,-1,True,18,0.0047760009765625,0.0008341471354166666,1.52587890625e-05,0.0,0.14815266927083334,0.5976308186848959,0.24859110514322916,0.0047760009765625,0.0008341471354166666,0.005625406901041667,0.0,0.14815266927083334,0.24859110514322916,OR2B3,gpcr
ENSG00000124657,6,27858937,28055544,196608,1,True,21,0.0047760009765625,0.0,1.52587890625e-05,0.0,0.08984883626302083,0.2915140787760417,0.6138458251953125,0.0047760009765625,0.0,0.004791259765625,0.0,0.08984883626302083,0.6138458251953125,OR2B6,gpcr
ENSG00000182477,6,27955862,28152469,196608,-1,True,17,0.004770914713541667,0.0,0.0,0.0,0.154754638671875,0.573028564453125,0.2674458821614583,0.004770914713541667,0.0,0.004770914713541667,0.0,0.154754638671875,0.2674458821614583,OR2B8,gpcr
ENSG00000177535,1,247359801,247556408,196608,-1,True,8,0.0048370361328125,0.02777099609375,1.52587890625e-05,0.013092041015625,0.11841837565104167,0.6112060546875,0.22466023763020834,0.0048370361328125,0.02777099609375,0.032623291015625,0.013092041015625,0.12122090657552083,0.22466023763020834,OR2B11,gpcr
ENSG00000168158,16,3257585,3454192,196608,1,True,16,0.0047607421875,0.0024363199869791665,1.52587890625e-05,0.0,0.22585550944010416,0.5113372802734375,0.2555948893229167,0.0047607421875,0.0024363199869791665,0.007212320963541667,0.0,0.22585550944010416,0.2555948893229167,OR2C1,gpcr
ENSG00000196242,1,247438137,247634744,196608,-1,True,12,0.0048828125,0.038380940755208336,1.52587890625e-05,0.0165557861328125,0.10976155598958333,0.605743408203125,0.22466023763020834,0.0048828125,0.038380940755208336,0.043279012044270836,0.0165557861328125,0.11034647623697917,0.22466023763020834,OR2C3,gpcr
ENSG00000166368,11,6794197,6990804,196608,-1,True,8,0.00469970703125,0.0,1.52587890625e-05,0.0,0.11236572265625,0.7697397867838541,0.11317952473958333,0.00469970703125,0.0,0.0047149658203125,0.0,0.11236572265625,0.11317952473958333,OR2D2,gpcr
ENSG00000178358,11,6822698,7019305,196608,1,True,8,0.005035400390625,0.0,1.52587890625e-05,0.0,0.12852986653645834,0.8664194742838541,0.0,0.005035400390625,0.0,0.0050506591796875,0.0,0.12852986653645834,0.0,OR2D3,gpcr
ENSG00000213215,7,143856540,144053147,196608,1,True,8,0.0048370361328125,0.019816080729166668,0.0013326009114583333,0.19002278645833334,0.06971232096354167,0.24044291178385416,0.4738362630208333,0.0048370361328125,0.019816080729166668,0.0259857177734375,0.19002278645833334,0.085601806640625,0.4738362630208333,OR2F1,gpcr
ENSG00000221910,7,143836929,144033536,196608,1,True,8,0.0048370361328125,0.0,1.52587890625e-05,0.0,0.12156168619791667,0.4781341552734375,0.3954518636067708,0.0048370361328125,0.0,0.004852294921875,0.0,0.12156168619791667,0.3954518636067708,OR2F2,gpcr
ENSG00000177489,1,247490056,247686663,196608,1,True,12,0.0048370361328125,0.0,1.52587890625e-05,0.0,0.13442484537760416,0.7885843912760416,0.07213846842447917,0.0048370361328125,0.0,0.004852294921875,0.0,0.13442484537760416,0.07213846842447917,OR2G2,gpcr
ENSG00000177476,1,247507282,247703889,196608,1,True,10,0.0047149658203125,0.0,1.52587890625e-05,0.0,0.12569681803385416,0.8695729573567709,0.0,0.0047149658203125,0.0,0.004730224609375,0.0,0.12569681803385416,0.0,OR2G3,gpcr
ENSG00000188558,1,248409769,248606376,196608,1,True,15,0.00482177734375,0.026682535807291668,1.52587890625e-05,0.06646728515625,0.12115987141927083,0.4993438720703125,0.2815093994140625,0.00482177734375,0.026682535807291668,0.031519571940104164,0.06646728515625,0.12303670247395833,0.2815093994140625,OR2G6,gpcr
ENSG00000204688,6,29358851,29555458,196608,1,True,17,0.00482177734375,0.013081868489583334,0.0010884602864583333,0.017496744791666668,0.13417561848958334,0.6131490071614584,0.2161865234375,0.00482177734375,0.013081868489583334,0.018992106119791668,0.017496744791666668,0.13417561848958334,0.2161865234375,OR2H1,gpcr
ENSG00000204657,6,29486817,29683424,196608,1,True,19,0.0047607421875,0.0118865966796875,1.52587890625e-05,0.010701497395833334,0.1898651123046875,0.573028564453125,0.20974222819010416,0.0047607421875,0.0118865966796875,0.01666259765625,0.010701497395833334,0.1898651123046875,0.20974222819010416,OR2H2,gpcr
ENSG00000237988,6,29452103,29648710,196608,1,True,21,0.0048065185546875,0.020609537760416668,0.00213623046875,0.009918212890625,0.15877278645833334,0.5802510579427084,0.22350565592447916,0.0048065185546875,0.020609537760416668,0.027552286783854168,0.009918212890625,0.16302490234375,0.22350565592447916,OR2I1,gpcr
ENSG00000204702,6,29001186,29197793,196608,1,True,18,0.0047607421875,0.007746378580729167,1.52587890625e-05,0.003814697265625,0.12164815266927083,0.6134236653645834,0.24859110514322916,0.0047607421875,0.007746378580729167,0.012522379557291666,0.003814697265625,0.12164815266927083,0.24859110514322916,OR2J1,gpcr
ENSG00000204700,6,29072603,29269210,196608,1,True,18,0.0047607421875,0.008997599283854166,1.52587890625e-05,0.011174519856770834,0.12639872233072916,0.6715240478515625,0.17712910970052084,0.0047607421875,0.008997599283854166,0.013773600260416666,0.011174519856770834,0.12639872233072916,0.17712910970052084,OR2J2,gpcr
ENSG00000204701,6,29009754,29206361,196608,1,True,16,0.0047454833984375,0.014673868815104166,1.52587890625e-05,0.01470947265625,0.10808308919270833,0.6184488932291666,0.23932393391927084,0.0047454833984375,0.014673868815104166,0.019434611002604168,0.01470947265625,0.10808308919270833,0.23932393391927084,OR2J3,gpcr
ENSG00000171133,9,111231921,111428528,196608,-1,True,4,0.0052642822265625,0.0018971761067708333,1.52587890625e-05,0.008061726888020834,0.038838704427083336,0.5759023030598959,0.3700205485026042,0.0052642822265625,0.0021464029947916665,0.007176717122395833,0.008061726888020834,0.038838704427083336,0.3700205485026042,OR2K2,gpcr
ENSG00000203663,1,247931766,248128373,196608,1,True,19,0.0047607421875,0.017476399739583332,1.52587890625e-05,0.039983113606770836,0.09590657552083333,0.20299275716145834,0.6388651529947916,0.0047607421875,0.017476399739583332,0.022252400716145832,0.039983113606770836,0.09590657552083333,0.6388651529947916,OR2L2,gpcr
ENSG00000198128,1,247948532,248145139,196608,1,True,15,0.0047607421875,0.010121663411458334,1.52587890625e-05,0.06939188639322917,0.082489013671875,0.16350809733072916,0.6697133382161459,0.0047607421875,0.010121663411458334,0.014897664388020834,0.06939188639322917,0.082489013671875,0.6697133382161459,OR2L3,gpcr
ENSG00000197454,1,247915356,248111963,196608,1,True,19,0.0047607421875,0.007578531901041667,1.52587890625e-05,0.041646321614583336,0.11471048990885417,0.2373199462890625,0.5939687093098959,0.0047607421875,0.007578531901041667,0.012354532877604166,0.041646321614583336,0.11471048990885417,0.5939687093098959,OR2L5,gpcr
ENSG00000279263,1,247850554,248047161,196608,1,True,19,0.0047607421875,0.0,1.52587890625e-05,0.0,0.12282816569010417,0.2793375651041667,0.5930582682291666,0.0047607421875,0.0,0.0047760009765625,0.0,0.12282816569010417,0.5930582682291666,OR2L8,gpcr
ENSG00000196071,1,247996880,248193487,196608,1,True,12,0.0047607421875,0.00579833984375,1.52587890625e-05,0.019841512044270832,0.0773468017578125,0.19122823079427084,0.7010091145833334,0.0047607421875,0.00579833984375,0.0105743408203125,0.019841512044270832,0.0773468017578125,0.7010091145833334,OR2L13,gpcr
ENSG00000198601,1,248076517,248273124,196608,1,True,8,0.0052947998046875,0.0009409586588541666,1.52587890625e-05,0.025522867838541668,0.12287394205729167,0.1009368896484375,0.744415283203125,0.0052947998046875,0.0009409586588541666,0.006251017252604167,0.025522867838541668,0.12287394205729167,0.744415283203125,OR2M2,gpcr
ENSG00000228198,1,248098961,248295568,196608,1,True,7,0.0047607421875,0.045745849609375,1.52587890625e-05,0.029134114583333332,0.1038665771484375,0.08479817708333333,0.7316792805989584,0.0047607421875,0.045745849609375,0.0505218505859375,0.029134114583333332,0.1038665771484375,0.7316792805989584,OR2M3,gpcr
ENSG00000171180,1,248133113,248329720,196608,1,True,6,0.0047454833984375,0.025421142578125,1.52587890625e-05,0.0372772216796875,0.11637369791666667,0.11317952473958333,0.7029876708984375,0.0047454833984375,0.025421142578125,0.030181884765625,0.0372772216796875,0.11637369791666667,0.7029876708984375,OR2M4,gpcr
ENSG00000162727,1,248046844,248243451,196608,1,True,8,0.0047607421875,0.0,1.52587890625e-05,0.0,0.11664326985677083,0.19585164388020834,0.6827290852864584,0.0047607421875,0.0,0.0047760009765625,0.0,0.11664326985677083,0.6827290852864584,OR2M5,gpcr
ENSG00000177186,1,248226265,248422872,196608,-1,True,8,0.0047607421875,0.0,1.52587890625e-05,0.0,0.12784322102864584,0.21596272786458334,0.6514180501302084,0.0047607421875,0.0,0.0047760009765625,0.0,0.12784322102864584,0.6514180501302084,OR2M7,gpcr
ENSG00000278889,9,35859851,36056458,196608,-1,True,16,0.0048675537109375,0.0004425048828125,1.52587890625e-05,0.0,0.09808349609375,0.5740203857421875,0.32257080078125,0.0048675537109375,0.0004425048828125,0.0053253173828125,0.0,0.09808349609375,0.32257080078125,OR2S2,gpcr
ENSG00000175143,1,248304744,248501351,196608,1,True,11,0.004852294921875,0.005833943684895833,1.52587890625e-05,0.014592488606770834,0.10526021321614583,0.2263031005859375,0.6431427001953125,0.004852294921875,0.005833943684895833,0.010701497395833334,0.014592488606770834,0.10526021321614583,0.6431427001953125,OR2T1,gpcr
ENSG00000196240,1,248347333,248543940,196608,1,True,14,0.00494384765625,0.012995402018229166,1.52587890625e-05,0.03399658203125,0.12918599446614584,0.3875630696614583,0.4312998453776042,0.00494384765625,0.012995402018229166,0.017954508463541668,0.03399658203125,0.12918599446614584,0.4312998453776042,OR2T2,gpcr
ENSG00000196539,1,248375047,248571654,196608,1,True,13,0.004852294921875,0.0,1.52587890625e-05,0.0,0.15849812825520834,0.4855295817057292,0.351104736328125,0.004852294921875,0.0,0.0048675537109375,0.0,0.15849812825520834,0.351104736328125,OR2T3,gpcr
ENSG00000196944,1,248263361,248459968,196608,1,True,9,0.0048828125,0.0,1.52587890625e-05,0.0,0.13448079427083334,0.23417154947916666,0.6264495849609375,0.0048828125,0.0,0.0048980712890625,0.0,0.13448079427083334,0.6264495849609375,OR2T4,gpcr
ENSG00000203661,1,248390285,248586892,196608,1,True,14,0.0048065185546875,0.008021036783854166,1.52587890625e-05,0.0,0.139404296875,0.5002034505208334,0.3475494384765625,0.0048065185546875,0.008021036783854166,0.012842814127604166,0.0,0.14186604817708334,0.3475494384765625,OR2T5,gpcr
ENSG00000198104,1,248277442,248474049,196608,1,True,10,0.00469970703125,0.019037882486979168,1.52587890625e-05,0.057963053385416664,0.0992431640625,0.15787251790364584,0.6611684163411459,0.00469970703125,0.019037882486979168,0.023752848307291668,0.057963053385416664,0.0992431640625,0.6611684163411459,OR2T6,gpcr
ENSG00000227152,1,248338055,248534662,196608,1,True,12,0.004826863606770833,0.0141448974609375,1.52587890625e-05,0.021489461263020832,0.1255950927734375,0.355438232421875,0.4784901936848958,0.004826863606770833,0.0141448974609375,0.018987019856770832,0.021489461263020832,0.1255950927734375,0.4784901936848958,OR2T7,gpcr
ENSG00000177462,1,247821948,248018555,196608,1,True,19,0.0047607421875,0.007542928059895833,1.52587890625e-05,0.0024363199869791665,0.09884134928385417,0.3057149251302083,0.5806884765625,0.0047607421875,0.007542928059895833,0.012318929036458334,0.0024363199869791665,0.09884134928385417,0.5806884765625,OR2T8,gpcr
ENSG00000184022,1,248499397,248696004,196608,-1,True,17,0.0047607421875,0.0131378173828125,1.52587890625e-05,0.018778483072916668,0.14087422688802084,0.6842498779296875,0.13818359375,0.0047607421875,0.0131378173828125,0.017913818359375,0.018778483072916668,0.14142862955729166,0.13818359375,OR2T10,gpcr
ENSG00000279301,1,248536788,248733395,196608,-1,True,17,0.00482177734375,0.014338175455729166,1.52587890625e-05,0.039494832356770836,0.12961324055989584,0.6735331217447916,0.13818359375,0.00482177734375,0.014338175455729166,0.019175211588541668,0.039494832356770836,0.12961324055989584,0.13818359375,OR2T11,gpcr
ENSG00000177201,1,248205121,248401728,196608,-1,True,8,0.0048828125,0.024134318033854168,1.52587890625e-05,0.038543701171875,0.1325836181640625,0.1628265380859375,0.6370137532552084,0.0048828125,0.024134318033854168,0.029032389322916668,0.038543701171875,0.1325836181640625,0.6370137532552084,OR2T12,gpcr
ENSG00000187701,1,248557225,248753832,196608,-1,True,17,0.0048370361328125,0.0016835530598958333,1.52587890625e-05,0.022410074869791668,0.16320292154947916,0.6696675618489584,0.13818359375,0.0048370361328125,0.0016835530598958333,0.006535847981770833,0.022410074869791668,0.16320292154947916,0.13818359375,OR2T27,gpcr
ENSG00000182783,1,248464469,248661076,196608,-1,True,16,0.0048065185546875,0.0086669921875,1.52587890625e-05,0.016321818033854168,0.14580790201822916,0.6772562662760416,0.147125244140625,0.0048065185546875,0.0086669921875,0.01348876953125,0.016321818033854168,0.14693705240885416,0.147125244140625,OR2T29,gpcr
ENSG00000177212,1,248179673,248376280,196608,-1,True,9,0.0048828125,0.016118367513020832,1.52587890625e-05,0.019978841145833332,0.13483683268229166,0.15521240234375,0.6689554850260416,0.0048828125,0.016118367513020832,0.021016438802083332,0.019978841145833332,0.13483683268229166,0.6689554850260416,OR2T33,gpcr
ENSG00000183310,1,248476454,248673061,196608,-1,True,15,0.004852294921875,0.0,1.52587890625e-05,0.0,0.15020243326822916,0.6929372151692709,0.1519927978515625,0.004852294921875,0.0,0.0048675537109375,0.0,0.15020243326822916,0.1519927978515625,OR2T34,gpcr
ENSG00000177151,1,248546975,248743582,196608,-1,True,18,0.0049285888671875,0.010096232096354166,1.52587890625e-05,0.030344645182291668,0.14310201009114584,0.6733296712239584,0.13818359375,0.0049285888671875,0.010096232096354166,0.015040079752604166,0.030344645182291668,0.14467366536458334,0.13818359375,OR2T35,gpcr
ENSG00000185372,5,181032866,181229473,196608,-1,True,20,0.005177815755208333,0.00897216796875,1.52587890625e-05,0.026769002278645832,0.19732666015625,0.2561238606770833,0.505615234375,0.005177815755208333,0.009343465169270834,0.014165242513020834,0.026769002278645832,0.19732666015625,0.505615234375,OR2V1,gpcr
ENSG00000182613,5,181049282,181245889,196608,1,True,21,0.0048065185546875,0.019475301106770832,1.52587890625e-05,0.035212198893229164,0.23836263020833334,0.19151814778645834,0.5106099446614584,0.0048065185546875,0.019475301106770832,0.024297078450520832,0.035212198893229164,0.23836263020833334,0.5106099446614584,OR2V2,gpcr
ENSG00000204704,6,28946872,29143479,196608,-1,True,19,0.0048828125,0.0,1.52587890625e-05,0.0,0.14400736490885416,0.4461415608723958,0.4049530029296875,0.0048828125,0.0,0.0048980712890625,0.0,0.1447906494140625,0.4049530029296875,OR2W1,gpcr
ENSG00000238243,1,247797283,247993890,196608,1,True,16,0.004791259765625,0.0,1.52587890625e-05,0.0,0.106781005859375,0.3146158854166667,0.5737965901692709,0.004791259765625,0.0,0.0048065185546875,0.0,0.106781005859375,0.5737965901692709,OR2W3,gpcr
ENSG00000174339,5,180641755,180838362,196608,-1,True,13,0.0047454833984375,0.0,1.52587890625e-05,0.0,0.14437357584635416,0.3269297281901042,0.5239359537760416,0.0047454833984375,0.0,0.0047607421875,0.0,0.14437357584635416,0.5239359537760416,OR2Y1,gpcr
ENSG00000181733,19,8623330,8819937,196608,1,True,6,0.004791259765625,0.004119873046875,1.52587890625e-05,0.04461669921875,0.06816609700520833,0.2699737548828125,0.6083170572916666,0.004791259765625,0.004119873046875,0.0089263916015625,0.04461669921875,0.070556640625,0.6083170572916666,OR2Z1,gpcr
ENSG00000180090,17,3200057,3396664,196608,-1,True,10,0.0048065185546875,0.003570556640625,1.52587890625e-05,0.028961181640625,0.0786895751953125,0.5395711263020834,0.3443857828776042,0.0048065185546875,0.003570556640625,0.008392333984375,0.028961181640625,0.0786895751953125,0.3443857828776042,OR3A1,gpcr
ENSG00000221882,17,3288005,3484612,196608,-1,True,12,0.0,0.0026041666666666665,0.0,0.49749755859375,0.060206095377604164,0.24606831868489584,0.19362386067708334,0.0,0.0026041666666666665,0.0026041666666666665,0.49749755859375,0.08092753092447917,0.19362386067708334,OR3A2,gpcr
ENSG00000159961,17,3313066,3509673,196608,1,True,8,0.0048065185546875,0.014567057291666666,1.52587890625e-05,0.0452117919921875,0.06829325358072917,0.6734822591145834,0.19362386067708334,0.0048065185546875,0.014567057291666666,0.019388834635416668,0.0452117919921875,0.06829325358072917,0.19362386067708334,OR3A3,gpcr
ENSG00000221840,11,54608528,54805135,196608,1,True,8,0.0048065185546875,0.0006256103515625,1.52587890625e-05,0.0,0.035883585611979164,0.0,0.9586690266927084,0.0048065185546875,0.0006256103515625,0.0054473876953125,0.0,0.035883585611979164,0.9586690266927084,OR4A5,gpcr
ENSG00000225997,11,54584573,54781180,196608,1,True,10,0.0048065185546875,0.0,0.0,0.0,0.045984903971354164,0.0,0.9492085774739584,0.0048065185546875,0.0,0.0048065185546875,0.0,0.045984903971354164,0.9492085774739584,OR4A8,gpcr
ENSG00000181958,11,55269670,55466277,196608,1,True,13,0.004791259765625,0.0,1.52587890625e-05,0.0,0.051289876302083336,0.0639190673828125,0.8799845377604166,0.004791259765625,0.0,0.0048065185546875,0.0,0.051289876302083336,0.8799845377604166,OR4A15,gpcr
ENSG00000181961,11,55244897,55441504,196608,1,True,13,0.0050048828125,0.0,1.52587890625e-05,0.0,0.051656087239583336,0.09696451822916667,0.8463592529296875,0.0050048828125,0.0,0.0050201416015625,0.0,0.051656087239583336,0.8463592529296875,OR4A16,gpcr
ENSG00000237388,11,48390489,48587096,196608,1,True,9,0.004730224609375,0.0,0.0,0.0,0.0379638671875,0.0,0.957305908203125,0.004730224609375,0.0,0.004730224609375,0.0,0.0379638671875,0.957305908203125,OR4A47,gpcr
ENSG00000175619,11,48118506,48315113,196608,1,True,5,0.0047149658203125,0.0,1.52587890625e-05,0.0,0.0629119873046875,0.22179667154947916,0.7105611165364584,0.0047149658203125,0.0,0.004730224609375,0.0,0.0629119873046875,0.7105611165364584,OR4B1,gpcr
ENSG00000176547,11,48226616,48423223,196608,1,True,7,0.004608154296875,0.0006459554036458334,1.52587890625e-05,0.0,0.033660888671875,0.031361897786458336,0.9297078450520834,0.004608154296875,0.0006459554036458334,0.005269368489583333,0.0,0.033660888671875,0.9297078450520834,OR4C3,gpcr
ENSG00000176540,11,48268162,48464769,196608,-1,True,6,0.004974365234375,0.0,1.52587890625e-05,0.0,0.028528849283854168,0.031361897786458336,0.93511962890625,0.004974365234375,0.0,0.0049896240234375,0.0,0.028528849283854168,0.93511962890625,OR4C5,gpcr
ENSG00000181903,11,55563897,55760504,196608,1,True,10,0.0047149658203125,0.0009613037109375,1.52587890625e-05,0.014628092447916666,0.081878662109375,0.059326171875,0.8384755452473959,0.0047149658203125,0.0009613037109375,0.0056915283203125,0.014628092447916666,0.081878662109375,0.8384755452473959,OR4C6,gpcr
ENSG00000172188,11,55509342,55705949,196608,-1,True,11,0.004730224609375,0.009175618489583334,1.52587890625e-05,0.012964884440104166,0.063079833984375,0.051762898763020836,0.8582712809244791,0.004730224609375,0.009175618489583334,0.013921101888020834,0.012964884440104166,0.063079833984375,0.8582712809244791,OR4C11,gpcr
ENSG00000221954,11,49884232,50080839,196608,-1,True,11,0.0047149658203125,0.0006764729817708334,1.52587890625e-05,0.0,0.0510406494140625,0.0,0.9435526529947916,0.0047149658203125,0.0006764729817708334,0.005406697591145833,0.0,0.0510406494140625,0.9435526529947916,OR4C12,gpcr
ENSG00000258817,11,49854087,50050694,196608,1,True,14,0.0047149658203125,0.0005035400390625,1.52587890625e-05,0.0,0.06450907389322917,0.1354522705078125,0.7948048909505209,0.0047149658203125,0.0005035400390625,0.0052337646484375,0.0,0.06450907389322917,0.7948048909505209,OR4C13,gpcr
ENSG00000181939,11,55456165,55652772,196608,1,True,10,0.005645751953125,0.0,1.52587890625e-05,0.0,0.06699117024739583,0.06411234537760417,0.8632354736328125,0.005645751953125,0.0,0.0056610107421875,0.0,0.06699117024739583,0.8632354736328125,OR4C15,gpcr
ENSG00000279514,11,55473824,55670431,196608,1,True,10,0.004730224609375,0.0,1.52587890625e-05,0.0,0.06922403971354167,0.07874043782552083,0.8472900390625,0.004730224609375,0.0,0.0047454833984375,0.0,0.06922403971354167,0.8472900390625,OR4C16,gpcr
ENSG00000260811,11,49934570,50131177,196608,1,True,5,0.004669189453125,0.0,1.52587890625e-05,0.0,0.021921793619791668,0.0080718994140625,0.9653218587239584,0.004669189453125,0.0,0.0046844482421875,0.0,0.021921793619791668,0.9653218587239584,OR4C45,gpcr
ENSG00000185926,11,54505695,54702302,196608,-1,True,8,0.0047149658203125,0.0,1.52587890625e-05,0.0,0.035680135091145836,0.0,0.9595896402994791,0.0047149658203125,0.0,0.004730224609375,0.0,0.035680135091145836,0.9595896402994791,OR4C46,gpcr
ENSG00000141194,17,58050080,58246687,196608,1,True,12,0.004730224609375,0.021331787109375,1.52587890625e-05,0.0308990478515625,0.24736531575520834,0.22376505533854166,0.471893310546875,0.004730224609375,0.021331787109375,0.0260772705078125,0.0308990478515625,0.2512969970703125,0.471893310546875,OR4D1,gpcr
ENSG00000255713,17,58068678,58265285,196608,1,True,11,0.0046844482421875,0.005894978841145833,1.52587890625e-05,0.011937459309895834,0.2662862141927083,0.2832692464192708,0.4279123942057292,0.0046844482421875,0.005894978841145833,0.010594685872395834,0.011937459309895834,0.2662862141927083,0.4279123942057292,OR4D2,gpcr
ENSG00000171014,11,123841313,124037920,196608,1,True,13,0.004852294921875,0.0,1.52587890625e-05,0.0,0.08476765950520833,0.052556355794270836,0.8578084309895834,0.004852294921875,0.0,0.0048675537109375,0.0,0.08476765950520833,0.8578084309895834,OR4D5,gpcr
ENSG00000166884,11,59358657,59555264,196608,1,True,12,0.004791259765625,0.0,1.52587890625e-05,0.0,0.20656840006510416,0.221527099609375,0.5670979817708334,0.004791259765625,0.0,0.0048065185546875,0.0,0.20656840006510416,0.5670979817708334,OR4D6,gpcr
ENSG00000172742,11,59413235,59609842,196608,1,True,13,0.004791259765625,0.027104695638020832,1.52587890625e-05,0.015574137369791666,0.17655436197916666,0.3656463623046875,0.4103139241536458,0.004791259765625,0.027104695638020832,0.031911214192708336,0.015574137369791666,0.17655436197916666,0.4103139241536458,OR4D9,gpcr
ENSG00000254466,11,59375011,59571618,196608,1,True,13,0.0047454833984375,0.007863362630208334,1.52587890625e-05,0.018132527669270832,0.1807861328125,0.2393341064453125,0.5491231282552084,0.0047454833984375,0.007863362630208334,0.012624104817708334,0.018132527669270832,0.1807861328125,0.5491231282552084,OR4D10,gpcr
ENSG00000176200,11,59405272,59601879,196608,1,True,14,0.0047454833984375,0.0,1.52587890625e-05,0.0,0.20445760091145834,0.36767578125,0.4231058756510417,0.0047454833984375,0.0,0.0047607421875,0.0,0.20445760091145834,0.4231058756510417,OR4D11,gpcr
ENSG00000276240,14,21575515,21772122,196608,-1,True,17,0.0048065185546875,0.014485677083333334,1.52587890625e-05,0.010869344075520834,0.061604817708333336,0.09060160319010417,0.8176167805989584,0.0048065185546875,0.014485677083333334,0.019307454427083332,0.010869344075520834,0.061604817708333336,0.8176167805989584,OR4E1,gpcr
ENSG00000221977,14,21555531,21752138,196608,1,True,17,0.0047760009765625,0.009730021158854166,1.52587890625e-05,0.0557098388671875,0.08272298177083333,0.0684356689453125,0.7786102294921875,0.0047760009765625,0.009730021158854166,0.014521280924479166,0.0557098388671875,0.08272298177083333,0.7786102294921875,OR4E2,gpcr
ENSG00000230178,5,181268964,181465571,196608,1,True,12,0.0047607421875,0.0002848307291666667,1.52587890625e-05,0.0,0.07490030924479167,0.3765207926432292,0.54351806640625,0.0047607421875,0.0002848307291666667,0.005060831705729167,0.0,0.07490030924479167,0.54351806640625,OR4F3,gpcr
ENSG00000177693,15,101824810,101991189,166380,-1,True,18,0.005824017309772809,0.0006010337780983291,1.8031013342949874e-05,0.0,0.14461473734823896,0.2081259766798894,0.6408162038706575,0.005824017309772809,0.0006010337780983291,0.0064430821012140885,0.0,0.14461473734823896,0.6408162038706575,OR4F4,gpcr
ENSG00000186092,1,1,163722,163722,1,True,23,0.005973540513797779,0.009998656258780127,1.832374390735515e-05,0.021676989042401142,0.1981529666141386,0.4912412504122842,0.27293827341469074,0.005973540513797779,0.009998656258780127,0.015990520516485262,0.021676989042401142,0.1981529666141386,0.27293827341469074,OR4F5,gpcr
ENSG00000184140,15,101705205,101901812,196608,1,True,13,0.0047607421875,0.0015207926432291667,1.52587890625e-05,0.010889689127604166,0.14606730143229166,0.3852691650390625,0.45147705078125,0.0047607421875,0.0015207926432291667,0.006296793619791667,0.010889689127604166,0.14606730143229166,0.45147705078125,OR4F6,gpcr
ENSG00000182854,15,101713898,101910505,196608,1,True,14,0.0047607421875,0.006001790364583333,1.52587890625e-05,0.0298919677734375,0.14029439290364584,0.3236033121744792,0.4954325358072917,0.0047607421875,0.006001790364583333,0.010777791341145834,0.0298919677734375,0.14029439290364584,0.4954325358072917,OR4F15,gpcr
ENSG00000284662,1,588351,784958,196608,-1,True,19,0.0047760009765625,0.0,0.0,0.0,0.13492329915364584,0.8603006998697916,0.0,0.0047760009765625,0.0,0.0047760009765625,0.0,0.13492329915364584,0.0,OR4F16,gpcr
ENSG00000176695,19,8800,205407,196608,1,True,22,0.004974365234375,0.008585611979166666,0.0030466715494791665,0.034250895182291664,0.13403828938802084,0.3097941080729167,0.50531005859375,0.004974365234375,0.008906046549479166,0.016606648763020832,0.034250895182291664,0.13403828938802084,0.50531005859375,OR4F17,gpcr
ENSG00000176269,8,68721,265328,196608,-1,True,12,0.0047607421875,0.0,1.52587890625e-05,0.0,0.14880879720052084,0.8464152018229166,0.0,0.0047607421875,0.0,0.0047760009765625,0.0,0.14880879720052084,0.0,OR4F21,gpcr
ENSG00000284733,1,353375,549982,196608,-1,True,8,0.0047760009765625,0.0,0.0,0.0,0.07877604166666667,0.8273213704427084,0.0891265869140625,0.0047760009765625,0.0,0.0047760009765625,0.0,0.07877604166666667,0.0891265869140625,OR4F29,gpcr
ENSG00000155249,14,19832613,20029220,196608,1,True,11,0.0047454833984375,0.0029958089192708335,1.52587890625e-05,0.021952311197916668,0.09792073567708333,0.0411376953125,0.8312327067057291,0.0047454833984375,0.0029958089192708335,0.007756551106770833,0.021952311197916668,0.09792073567708333,0.8312327067057291,OR4K1,gpcr
ENSG00000165762,14,19776838,19973445,196608,1,True,11,0.004791259765625,0.0394134521484375,1.52587890625e-05,0.0004933675130208334,0.0757598876953125,0.2640940348307292,0.6154327392578125,0.004791259765625,0.0394134521484375,0.044219970703125,0.0004933675130208334,0.0757598876953125,0.6154327392578125,OR4K2,gpcr
ENSG00000176290,14,19770840,19967447,196608,-1,True,11,0.004816691080729167,0.0,0.0,0.0,0.11562093098958333,0.2946370442708333,0.5849253336588541,0.004816691080729167,0.0,0.004816691080729167,0.0,0.11562093098958333,0.5849253336588541,OR4K3,gpcr
ENSG00000176281,14,19822303,20018910,196608,1,True,12,0.00494384765625,0.0,0.0,0.0,0.11496480305989583,0.0872802734375,0.7928110758463541,0.00494384765625,0.0,0.00494384765625,0.0,0.11496480305989583,0.7928110758463541,OR4K5,gpcr
ENSG00000176253,14,19937735,20134342,196608,-1,True,11,0.004638671875,0.025761922200520832,1.52587890625e-05,0.00335693359375,0.07507832845052083,0.07555643717447917,0.8155924479166666,0.004638671875,0.025761922200520832,0.030415852864583332,0.00335693359375,0.07507832845052083,0.8155924479166666,OR4K13,gpcr
ENSG00000169484,14,19921004,20117611,196608,-1,True,13,0.004730224609375,0.0015869140625,1.52587890625e-05,0.019938151041666668,0.08650716145833333,0.08092753092447917,0.8062947591145834,0.004730224609375,0.0015869140625,0.0063323974609375,0.019938151041666668,0.08650716145833333,0.8062947591145834,OR4K14,gpcr
ENSG00000169488,14,19877287,20073894,196608,1,True,12,0.0049591064453125,0.0,0.0,0.0,0.12075297037760417,0.06595357259114583,0.8083343505859375,0.0049591064453125,0.0,0.0049591064453125,0.0,0.12075297037760417,0.8083343505859375,OR4K15,gpcr
ENSG00000176230,14,20012435,20209042,196608,1,True,14,0.0047607421875,0.021001180013020832,1.52587890625e-05,0.0325164794921875,0.09735107421875,0.099853515625,0.7445017496744791,0.0047607421875,0.021001180013020832,0.025777180989583332,0.0325164794921875,0.09735107421875,0.7445017496744791,OR4K17,gpcr
ENSG00000176246,14,19961741,20158348,196608,1,True,11,0.0047607421875,0.0,1.52587890625e-05,0.0,0.1067962646484375,0.0914459228515625,0.7969818115234375,0.0047607421875,0.0,0.0047760009765625,0.0,0.1067962646484375,0.7969818115234375,OR4L1,gpcr
ENSG00000176299,14,19675200,19871807,196608,1,True,16,0.0047760009765625,0.013239542643229166,1.52587890625e-05,0.0338134765625,0.09623209635416667,0.5088755289713541,0.343048095703125,0.0047760009765625,0.013239542643229166,0.018030802408854168,0.0338134765625,0.09623209635416667,0.343048095703125,OR4M1,gpcr
ENSG00000274102,15,21982223,22178830,196608,1,True,13,0.0047760009765625,0.0007222493489583334,0.0019938151041666665,0.05853271484375,0.057159423828125,0.4446767171223958,0.4321390787760417,0.0047760009765625,0.0007222493489583334,0.0074920654296875,0.05853271484375,0.057159423828125,0.4321390787760417,OR4M2,gpcr
ENSG00000182974,15,21539605,21736212,196608,1,True,14,0.0047760009765625,0.0007222493489583334,1.52587890625e-05,0.0,0.0571136474609375,0.4990132649739583,0.4383595784505208,0.0047760009765625,0.0007222493489583334,0.005513509114583333,0.0,0.058629353841145836,0.4383595784505208,OR4M2B,gpcr
ENSG00000176294,14,19705466,19902073,196608,1,True,9,0.0046844482421875,0.0141143798828125,1.52587890625e-05,0.5469767252604166,0.058420817057291664,0.0004933675130208334,0.3752950032552083,0.0046844482421875,0.0141143798828125,0.0188140869140625,0.5469767252604166,0.10172526041666667,0.3752950032552083,OR4N2,gpcr
ENSG00000183706,15,21996218,22192825,196608,1,True,14,0.00482177734375,0.001983642578125,1.52587890625e-05,0.0,0.055491129557291664,0.4764404296875,0.4612477620442708,0.00482177734375,0.001983642578125,0.0068206787109375,0.0,0.062286376953125,0.4612477620442708,OR4N4,gpcr
ENSG00000279408,15,21553540,21750147,196608,1,True,13,0.00482177734375,0.000885009765625,1.52587890625e-05,0.0,0.050755818684895836,0.478790283203125,0.4647318522135417,0.00482177734375,0.000885009765625,0.0057220458984375,0.0,0.056060791015625,0.4647318522135417,OR4N4C,gpcr
ENSG00000184394,14,20040516,20237123,196608,1,True,15,0.00469970703125,0.00640869140625,1.52587890625e-05,0.022710164388020832,0.09140523274739583,0.0874786376953125,0.7872823079427084,0.00469970703125,0.00640869140625,0.0111236572265625,0.022710164388020832,0.09140523274739583,0.7872823079427084,OR4N5,gpcr
ENSG00000181927,11,55536809,55733416,196608,1,True,11,0.0047607421875,0.005833943684895833,1.52587890625e-05,0.0158233642578125,0.08232625325520833,0.058130900065104164,0.8331095377604166,0.0047607421875,0.005833943684895833,0.010609944661458334,0.0158233642578125,0.08232625325520833,0.8331095377604166,OR4P4,gpcr
ENSG00000182652,14,19645267,19841874,196608,1,True,17,0.0048980712890625,0.006098429361979167,1.52587890625e-05,0.018992106119791668,0.106048583984375,0.6637674967447916,0.2001800537109375,0.0048980712890625,0.006098429361979167,0.011011759440104166,0.018992106119791668,0.106048583984375,0.2001800537109375,OR4Q3,gpcr
ENSG00000176555,11,48207919,48404526,196608,1,True,7,0.0047149658203125,0.0,1.52587890625e-05,0.0,0.033518473307291664,0.031361897786458336,0.930389404296875,0.0047149658203125,0.0,0.004730224609375,0.0,0.033518473307291664,0.930389404296875,OR4S1,gpcr
ENSG00000174982,11,55550023,55746630,196608,1,True,10,0.0047454833984375,0.0064849853515625,1.52587890625e-05,0.011784871419270834,0.076995849609375,0.062169392903645836,0.8378041585286459,0.0047454833984375,0.0064849853515625,0.0112457275390625,0.011784871419270834,0.076995849609375,0.8378041585286459,OR4S2,gpcr
ENSG00000176567,11,48165557,48362164,196608,1,True,7,0.0046539306640625,0.0,1.52587890625e-05,0.0,0.047083536783854164,0.039738972981770836,0.90850830078125,0.0046539306640625,0.0,0.004669189453125,0.0,0.047083536783854164,0.90850830078125,OR4X1,gpcr
ENSG00000172208,11,48146800,48343407,196608,1,True,6,0.004638671875,0.0,0.0,0.0,0.049102783203125,0.09705607096354167,0.8492024739583334,0.004638671875,0.0,0.004638671875,0.0,0.049102783203125,0.8492024739583334,OR4X2,gpcr
ENSG00000172320,11,59338165,59534772,196608,1,True,10,0.0048065185546875,0.038981119791666664,1.52587890625e-05,0.03204345703125,0.1631011962890625,0.10308329264322917,0.6579691569010416,0.0048065185546875,0.038981119791666664,0.043802897135416664,0.03204345703125,0.1631011962890625,0.6579691569010416,OR5A1,gpcr
ENSG00000172324,11,59328110,59524717,196608,-1,True,10,0.00494384765625,0.043080647786458336,1.52587890625e-05,0.0,0.16083780924479166,0.13512674967447916,0.6559956868489584,0.00494384765625,0.043080647786458336,0.048039754231770836,0.0,0.16083780924479166,0.6559956868489584,OR5A2,gpcr
ENSG00000213439,3,97966168,98162775,196608,1,True,11,0.004704793294270833,0.0,0.0,0.0,0.135650634765625,0.4571634928385417,0.4024810791015625,0.004704793294270833,0.0,0.004704793294270833,0.0,0.135650634765625,0.4024810791015625,OR5AC1,gpcr
ENSG00000196578,3,97988869,98185476,196608,1,True,12,0.0047149658203125,0.0,1.52587890625e-05,0.0,0.12387593587239583,0.4306894938151042,0.440704345703125,0.0047149658203125,0.0,0.004730224609375,0.0,0.12387593587239583,0.440704345703125,OR5AC2,gpcr
ENSG00000181273,11,56890610,57087217,196608,1,True,9,0.004730224609375,0.0,0.0,0.0,0.032928466796875,0.17656962076822916,0.7857716878255209,0.004730224609375,0.0,0.004730224609375,0.0,0.032928466796875,0.7857716878255209,OR5AK2,gpcr
ENSG00000272987,11,56314392,56510999,196608,1,True,20,0.005009969075520833,0.0,0.0,0.0,0.13008626302083334,0.10550944010416667,0.7593943277994791,0.005009969075520833,0.0,0.005009969075520833,0.0,0.13008626302083334,0.7593943277994791,OR5AL1,gpcr
ENSG00000176495,11,59260591,59457198,196608,1,True,11,0.0047454833984375,0.038482666015625,1.52587890625e-05,0.021962483723958332,0.14130147298177084,0.1422882080078125,0.6512044270833334,0.0047454833984375,0.038482666015625,0.043243408203125,0.021962483723958332,0.14130147298177084,0.6512044270833334,OR5AN1,gpcr
ENSG00000172464,11,56544136,56740743,196608,-1,True,13,0.00482177734375,0.0,1.52587890625e-05,0.0,0.08823140462239583,0.035054524739583336,0.8718770345052084,0.00482177734375,0.0,0.0048370361328125,0.0,0.08823140462239583,0.8718770345052084,OR5AP2,gpcr
ENSG00000172459,11,56565382,56761989,196608,1,True,17,0.004730224609375,0.0,1.52587890625e-05,0.0,0.10895284016927083,0.059254964192708336,0.8270467122395834,0.004730224609375,0.0,0.0047454833984375,0.0,0.10895284016927083,0.8270467122395834,OR5AR1,gpcr
ENSG00000181785,11,55929350,56125957,196608,1,True,17,0.00494384765625,0.0350189208984375,1.52587890625e-05,0.013621012369791666,0.08617655436197917,0.0383148193359375,0.8219095865885416,0.00494384765625,0.0350189208984375,0.03997802734375,0.013621012369791666,0.08617655436197917,0.8219095865885416,OR5AS1,gpcr
ENSG00000169327,14,21057760,21254367,196608,-1,True,13,0.005523681640625,0.0372314453125,1.52587890625e-05,0.011606852213541666,0.20386250813802084,0.3793080647786458,0.3624521891276042,0.005523681640625,0.0380096435546875,0.0427703857421875,0.011606852213541666,0.20386250813802084,0.3624521891276042,OR5AU1,gpcr
ENSG00000172365,11,58329818,58526425,196608,-1,True,11,0.0047149658203125,0.006632486979166667,1.52587890625e-05,0.023651123046875,0.060541788736979164,0.14803568522135416,0.75640869140625,0.0047149658203125,0.006632486979166667,0.011362711588541666,0.023651123046875,0.060541788736979164,0.75640869140625,OR5B2,gpcr
ENSG00000172769,11,58308571,58505178,196608,-1,True,11,0.004791259765625,0.0005137125651041666,1.52587890625e-05,0.017115275065104168,0.0591888427734375,0.06648763020833333,0.8518880208333334,0.004791259765625,0.0005137125651041666,0.005320231119791667,0.017115275065104168,0.0591888427734375,0.8518880208333334,OR5B3,gpcr
ENSG00000172362,11,58343933,58540540,196608,-1,True,12,0.004791259765625,0.002166748046875,1.52587890625e-05,0.009521484375,0.06903076171875,0.22659810384114584,0.6878763834635416,0.004791259765625,0.002166748046875,0.0069732666015625,0.009521484375,0.06903076171875,0.6878763834635416,OR5B12,gpcr
ENSG00000197786,11,58260766,58457373,196608,-1,True,11,0.004791259765625,5.086263020833333e-06,1.52587890625e-05,0.0,0.0594940185546875,0.050287882486979164,0.885406494140625,0.004791259765625,5.086263020833333e-06,0.004811604817708333,0.0,0.0594940185546875,0.885406494140625,OR5B17,gpcr
ENSG00000198283,11,58409802,58606409,196608,-1,True,8,0.0047149658203125,0.0018768310546875,1.52587890625e-05,0.0,0.057123819986979164,0.5373433430989584,0.39892578125,0.0047149658203125,0.0018768310546875,0.0066070556640625,0.0,0.057123819986979164,0.39892578125,OR5B21,gpcr
ENSG00000198678,12,48461578,48658185,196608,1,True,14,0.0047454833984375,0.0,1.52587890625e-05,0.0108795166015625,0.053263346354166664,0.3189748128255208,0.61212158203125,0.0047454833984375,0.0,0.0047607421875,0.0108795166015625,0.053263346354166664,0.61212158203125,OR5BS1,gpcr
ENSG00000148215,9,122690629,122887236,196608,1,True,8,0.0048828125,0.0,1.52587890625e-05,0.0,0.1004638671875,0.3266194661458333,0.5680185953776041,0.0048828125,0.0,0.0048980712890625,0.0,0.1004638671875,0.5680185953776041,OR5C1,gpcr
ENSG00000186886,11,55625472,55822079,196608,1,True,13,0.0049285888671875,0.013799031575520834,1.52587890625e-05,0.010991414388020834,0.07500203450520833,0.049997965494791664,0.8452657063802084,0.0049285888671875,0.013799031575520834,0.018742879231770832,0.010991414388020834,0.07500203450520833,0.8452657063802084,OR5D3,gpcr
ENSG00000279761,11,55675134,55871741,196608,1,True,16,0.004791259765625,0.0,1.52587890625e-05,0.0,0.08742268880208333,0.0781402587890625,0.8296305338541666,0.004791259765625,0.0,0.0048065185546875,0.0,0.08742268880208333,0.8296305338541666,OR5D13,gpcr
ENSG00000186113,11,55697252,55893859,196608,1,True,16,0.004791259765625,0.0,1.52587890625e-05,0.0,0.09949747721354167,0.14375813802083334,0.7519378662109375,0.004791259765625,0.0,0.0048065185546875,0.0,0.09949747721354167,0.7519378662109375,OR5D14,gpcr
ENSG00000205029,11,55740448,55937055,196608,1,True,17,0.0050048828125,0.0,1.52587890625e-05,0.0,0.09013875325520833,0.1327667236328125,0.7720743815104166,0.0050048828125,0.0,0.0050201416015625,0.0,0.09013875325520833,0.7720743815104166,OR5D16,gpcr
ENSG00000186119,11,55721326,55917933,196608,1,True,17,0.0047760009765625,0.0,1.52587890625e-05,0.0,0.10430399576822917,0.14375813802083334,0.7471466064453125,0.0047760009765625,0.0,0.004791259765625,0.0,0.10430399576822917,0.7471466064453125,OR5D18,gpcr
ENSG00000149133,11,55896322,56092929,196608,-1,True,14,0.004791259765625,0.0,1.52587890625e-05,0.0,0.10175577799479167,0.047459920247395836,0.845977783203125,0.004791259765625,0.0,0.0048065185546875,0.0,0.10175577799479167,0.845977783203125,OR5F1,gpcr
ENSG00000231192,3,98032417,98229024,196608,1,True,17,0.0047760009765625,0.025721232096354168,1.52587890625e-05,0.009302775065104166,0.1073150634765625,0.3299713134765625,0.5228983561197916,0.0047760009765625,0.025721232096354168,0.030512491861979168,0.009302775065104166,0.1073150634765625,0.5228983561197916,OR5H1,gpcr
ENSG00000197938,3,98184201,98380808,196608,1,True,14,0.0047149658203125,0.00323486328125,1.52587890625e-05,0.0,0.07836405436197917,0.82763671875,0.08603413899739583,0.0047149658203125,0.00323486328125,0.007965087890625,0.0,0.07836405436197917,0.08603413899739583,OR5H2,gpcr
ENSG00000230301,3,98165940,98362547,196608,1,True,15,0.0049591064453125,0.0011138916015625,1.52587890625e-05,0.004618326822916667,0.08466084798177083,0.7452239990234375,0.1594085693359375,0.0049591064453125,0.0013580322265625,0.0060882568359375,0.004618326822916667,0.08519999186197917,0.1594085693359375,OR5H6,gpcr
ENSG00000236032,3,98049175,98245782,196608,1,True,19,0.004730224609375,0.03271484375,1.52587890625e-05,0.009007771809895834,0.11029052734375,0.3908335367838542,0.4524078369140625,0.004730224609375,0.03271484375,0.0374603271484375,0.009007771809895834,0.11210123697916667,0.4524078369140625,OR5H14,gpcr
ENSG00000233412,3,98068392,98264999,196608,1,True,19,0.0047760009765625,0.0014597574869791667,1.52587890625e-05,0.009409586588541666,0.14284261067708334,0.4802652994791667,0.3612314860026042,0.0047760009765625,0.0014597574869791667,0.006251017252604167,0.009409586588541666,0.1432647705078125,0.3612314860026042,OR5H15,gpcr
ENSG00000167825,11,55838097,56034704,196608,-1,True,17,0.004791259765625,0.0,1.52587890625e-05,0.0,0.11170450846354167,0.15339152018229166,0.7300974527994791,0.004791259765625,0.0,0.0048065185546875,0.0,0.11170450846354167,0.7300974527994791,OR5I1,gpcr
ENSG00000174957,11,56078314,56274921,196608,1,True,18,0.0047607421875,0.0,1.52587890625e-05,0.0,0.1077117919921875,0.042302449544270836,0.8452097574869791,0.0047607421875,0.0,0.0047760009765625,0.0,0.1077117919921875,0.8452097574869791,OR5J2,gpcr
ENSG00000232382,3,98364897,98561504,196608,1,True,10,0.00469970703125,0.0133514404296875,1.52587890625e-05,0.031392415364583336,0.0615386962890625,0.7361195882161459,0.15288289388020834,0.00469970703125,0.0133514404296875,0.01806640625,0.031392415364583336,0.0615386962890625,0.15288289388020834,OR5K1,gpcr
ENSG00000231861,3,98399377,98595984,196608,1,True,11,0.00482177734375,0.0,1.52587890625e-05,0.0,0.09033203125,0.7471567789713541,0.15767415364583334,0.00482177734375,0.0,0.0048370361328125,0.0,0.09171549479166667,0.15767415364583334,OR5K2,gpcr
ENSG00000206536,3,98292362,98488969,196608,1,True,7,0.0048980712890625,0.0,1.52587890625e-05,0.0,0.038177490234375,0.8483327229817709,0.10857645670572917,0.0048980712890625,0.0,0.004913330078125,0.0,0.038177490234375,0.10857645670572917,OR5K3,gpcr
ENSG00000196098,3,98255550,98452157,196608,1,True,8,0.0048980712890625,0.0,1.52587890625e-05,0.0,0.0395050048828125,0.9555816650390625,0.0,0.0048980712890625,0.0,0.004913330078125,0.0,0.0395050048828125,0.0,OR5K4,gpcr
ENSG00000279395,11,55713063,55909670,196608,1,True,17,0.0047454833984375,0.000885009765625,1.52587890625e-05,0.0,0.10342915852864583,0.14375813802083334,0.7471669514973959,0.0047454833984375,0.000885009765625,0.005645751953125,0.0,0.10342915852864583,0.7471669514973959,OR5L1,gpcr
ENSG00000205030,11,55728915,55925522,196608,1,True,17,0.0047454833984375,0.0,1.52587890625e-05,0.0,0.0891876220703125,0.1327667236328125,0.773284912109375,0.0047454833984375,0.0,0.0047607421875,0.0,0.0891876220703125,0.773284912109375,OR5L2,gpcr
ENSG00000255012,11,56516571,56713178,196608,-1,True,13,0.0048065185546875,0.017059326171875,1.52587890625e-05,0.006800333658854167,0.076995849609375,0.028254191080729168,0.8660685221354166,0.0048065185546875,0.017059326171875,0.021881103515625,0.006800333658854167,0.076995849609375,0.8660685221354166,OR5M1,gpcr
ENSG00000174937,11,56375049,56571656,196608,-1,True,17,0.0046844482421875,0.0024210611979166665,1.52587890625e-05,0.0136260986328125,0.1030426025390625,0.050923665364583336,0.825286865234375,0.0046844482421875,0.0024210611979166665,0.007120768229166667,0.0136260986328125,0.10467020670572917,0.825286865234375,OR5M3,gpcr
ENSG00000181371,11,56393067,56589674,196608,-1,True,16,0.0047454833984375,0.0,1.52587890625e-05,0.0,0.10063680013020833,0.06454976399739583,0.8300526936848959,0.0047454833984375,0.0,0.0047607421875,0.0,0.10063680013020833,0.8300526936848959,OR5M8,gpcr
ENSG00000150269,11,56365098,56561705,196608,-1,True,17,0.004730224609375,0.0,1.52587890625e-05,0.0,0.10541788736979167,0.06454976399739583,0.825286865234375,0.004730224609375,0.0,0.0047454833984375,0.0,0.11016337076822917,0.825286865234375,OR5M9,gpcr
ENSG00000254834,11,56479418,56676025,196608,-1,True,18,0.0048065185546875,0.0,1.52587890625e-05,0.0,0.100982666015625,0.050984700520833336,0.8432108561197916,0.0048065185546875,0.0,0.00482177734375,0.0,0.100982666015625,0.8432108561197916,OR5M10,gpcr
ENSG00000255223,11,56444954,56641561,196608,-1,True,19,0.0046539306640625,0.0,1.52587890625e-05,0.0,0.1278533935546875,0.07135009765625,0.7961273193359375,0.0046539306640625,0.0,0.004669189453125,0.0,0.1278533935546875,0.7961273193359375,OR5M11,gpcr
ENSG00000183303,11,7698639,7895246,196608,-1,True,16,0.004913330078125,0.0,1.52587890625e-05,0.0,0.06158447265625,0.9334869384765625,0.0,0.004913330078125,0.0,0.0049285888671875,0.0,0.06158447265625,0.0,OR5P2,gpcr
ENSG00000182334,11,7732537,7929144,196608,-1,True,12,0.0047454833984375,0.0013071695963541667,1.52587890625e-05,0.024566650390625,0.06765238444010417,0.9017130533854166,0.0,0.0047454833984375,0.0013071695963541667,0.006067911783854167,0.024566650390625,0.06765238444010417,0.0,OR5P3,gpcr
ENSG00000181698,11,56175850,56372457,196608,1,True,14,0.004974365234375,0.0024922688802083335,1.52587890625e-05,0.006078084309895833,0.10062662760416667,0.06703694661458333,0.8187764485677084,0.004974365234375,0.0024922688802083335,0.007481892903645833,0.006078084309895833,0.10062662760416667,0.8187764485677084,OR5T1,gpcr
ENSG00000181718,11,56135952,56332559,196608,-1,True,14,0.004852294921875,0.005620320638020833,1.52587890625e-05,0.004638671875,0.10107930501302083,0.0515899658203125,0.8322041829427084,0.004852294921875,0.005620320638020833,0.010487874348958334,0.004638671875,0.10107930501302083,0.8322041829427084,OR5T2,gpcr
ENSG00000172489,11,56153950,56350557,196608,1,True,14,0.004913330078125,0.0,1.52587890625e-05,0.0,0.09870402018229167,0.047709147135416664,0.8486582438151041,0.004913330078125,0.0,0.0049285888671875,0.0,0.09870402018229167,0.8486582438151041,OR5T3,gpcr
ENSG00000243729,6,29270562,29467169,196608,-1,True,13,0.0048980712890625,0.010248819986979166,1.52587890625e-05,0.3826802571614583,0.09293111165364583,0.4093882242838542,0.0998382568359375,0.0048980712890625,0.010248819986979166,0.015162150065104166,0.3826802571614583,0.133514404296875,0.0998382568359375,OR5V1,gpcr
ENSG00000187612,11,55816279,56012886,196608,-1,True,17,0.004730224609375,0.0,1.52587890625e-05,0.0,0.09428914388020833,0.1397705078125,0.7611948649088541,0.004730224609375,0.0,0.0047454833984375,0.0,0.09428914388020833,0.7611948649088541,OR5W2,gpcr
ENSG00000184933,11,6701386,6897993,196608,-1,True,12,0.0049896240234375,0.016840616861979168,1.52587890625e-05,0.018610636393229168,0.19498189290364584,0.5164896647135416,0.24807230631510416,0.0049896240234375,0.016840616861979168,0.021845499674479168,0.018610636393229168,0.19498189290364584,0.24807230631510416,OR6A2,gpcr
ENSG00000221813,7,143902016,144098623,196608,1,True,10,0.0047454833984375,0.02166748046875,1.52587890625e-05,0.016672770182291668,0.12207539876302083,0.2528177897135417,0.5820058186848959,0.0047454833984375,0.02166748046875,0.02642822265625,0.016672770182291668,0.12207539876302083,0.5820058186848959,OR6B1,gpcr
ENSG00000182083,2,239932126,240128733,196608,-1,True,6,0.0047760009765625,0.0,0.0,0.0,0.11846923828125,0.4252878824869792,0.4514668782552083,0.0047760009765625,0.0,0.0047760009765625,0.0,0.11846923828125,0.4514668782552083,OR6B2,gpcr
ENSG00000178586,2,239955218,240151825,196608,-1,True,6,0.0050506591796875,0.009368896484375,1.52587890625e-05,0.0325469970703125,0.1110992431640625,0.3422292073567708,0.4996897379557292,0.0050506591796875,0.009368896484375,0.014434814453125,0.0325469970703125,0.1110992431640625,0.4996897379557292,OR6B3,gpcr
ENSG00000205330,12,55216039,55412646,196608,1,True,16,0.0047607421875,0.005706787109375,1.52587890625e-05,0.0303192138671875,0.1509552001953125,0.0501708984375,0.7580718994140625,0.0047607421875,0.005706787109375,0.0104827880859375,0.0303192138671875,0.1509552001953125,0.7580718994140625,OR6C1,gpcr
ENSG00000179695,12,55345772,55542379,196608,1,True,13,0.0047607421875,0.0059661865234375,1.52587890625e-05,0.0364532470703125,0.10101318359375,0.5050404866536459,0.3467508951822917,0.0047607421875,0.0059661865234375,0.0107421875,0.0364532470703125,0.10228983561197917,0.3467508951822917,OR6C2,gpcr
ENSG00000205329,12,55232442,55429049,196608,1,True,16,0.0047607421875,0.0023752848307291665,0.0,0.006317138671875,0.165130615234375,0.0741729736328125,0.7472432454427084,0.0047607421875,0.0023752848307291665,0.007136027018229167,0.006317138671875,0.165130615234375,0.7472432454427084,OR6C3,gpcr
ENSG00000179626,12,55451298,55647905,196608,1,True,11,0.0047149658203125,0.0214691162109375,1.52587890625e-05,0.0054931640625,0.07926432291666667,0.8890431722005209,0.0,0.0047149658203125,0.0214691162109375,0.0261993408203125,0.0054931640625,0.07926432291666667,0.0,OR6C4,gpcr
ENSG00000188324,12,55198266,55394873,196608,-1,True,13,0.004791259765625,0.0029296875,1.52587890625e-05,0.005396525065104167,0.142425537109375,0.07509358723958333,0.76934814453125,0.004791259765625,0.0029296875,0.0077362060546875,0.005396525065104167,0.142425537109375,0.76934814453125,OR6C6,gpcr
ENSG00000205328,12,55302225,55498832,196608,1,True,16,0.0047607421875,0.0,1.52587890625e-05,0.0,0.12653096516927084,0.3641510009765625,0.5045420328776041,0.0047607421875,0.0,0.0047760009765625,0.0,0.12653096516927084,0.5045420328776041,OR6C65,gpcr
ENSG00000205327,12,55394074,55590681,196608,1,True,10,0.0047607421875,0.0,1.52587890625e-05,0.0,0.08893839518229167,0.7264302571614584,0.1798553466796875,0.0047607421875,0.0,0.0047760009765625,0.0,0.089874267578125,0.1798553466796875,OR6C68,gpcr
ENSG00000184954,12,55371835,55568442,196608,-1,True,13,0.0047607421875,0.0,1.52587890625e-05,0.0,0.1099395751953125,0.6390279134114584,0.24625651041666666,0.0047607421875,0.0,0.0047760009765625,0.0,0.1099395751953125,0.24625651041666666,OR6C70,gpcr
ENSG00000197706,12,55146305,55342912,196608,1,True,10,0.0047607421875,0.043828328450520836,1.52587890625e-05,0.012517293294270834,0.053395589192708336,0.042032877604166664,0.8434499104817709,0.0047607421875,0.043828328450520836,0.048604329427083336,0.012517293294270834,0.053395589192708336,0.8434499104817709,OR6C74,gpcr
ENSG00000187857,12,55264671,55461278,196608,1,True,16,0.0047607421875,0.018463134765625,1.52587890625e-05,0.008829752604166666,0.1086578369140625,0.18139139811197916,0.6778818766276041,0.0047607421875,0.018463134765625,0.0232391357421875,0.008829752604166666,0.1086578369140625,0.6778818766276041,OR6C75,gpcr
ENSG00000185821,12,55327950,55524557,196608,1,True,15,0.0047607421875,0.0,1.52587890625e-05,0.0,0.11554972330729167,0.460479736328125,0.4191945393880208,0.0047607421875,0.0,0.0047760009765625,0.0,0.11554972330729167,0.4191945393880208,OR6C76,gpcr
ENSG00000169214,1,247618343,247814950,196608,-1,True,11,0.00469970703125,0.004247029622395833,1.52587890625e-05,0.017542521158854168,0.1148529052734375,0.6346028645833334,0.22403971354166666,0.00469970703125,0.004247029622395833,0.008961995442708334,0.017542521158854168,0.1165771484375,0.22403971354166666,OR6F1,gpcr
ENSG00000255804,14,22546049,22742656,196608,-1,True,11,0.0052947998046875,0.015874226888020832,1.52587890625e-05,0.047093709309895836,0.11643473307291667,0.5729929606119791,0.2422943115234375,0.0052947998046875,0.015874226888020832,0.021184285481770832,0.047093709309895836,0.11643473307291667,0.2422943115234375,OR6J1,gpcr
ENSG00000196171,1,158602349,158798956,196608,-1,True,11,0.00494384765625,0.0,1.52587890625e-05,0.0,0.1430511474609375,0.562408447265625,0.289581298828125,0.00494384765625,0.0,0.0049591064453125,0.0,0.1430511474609375,0.289581298828125,OR6K2,gpcr
ENSG00000203757,1,158622417,158819024,196608,-1,True,11,0.0050506591796875,0.0044708251953125,1.52587890625e-05,0.012812296549479166,0.0999755859375,0.5056355794270834,0.372039794921875,0.0050506591796875,0.004557291666666667,0.0095367431640625,0.012812296549479166,0.0999755859375,0.372039794921875,OR6K3,gpcr
ENSG00000180433,1,158656416,158853023,196608,1,True,12,0.0048675537109375,0.0010782877604166667,1.52587890625e-05,0.0,0.0945892333984375,0.4469248453776042,0.4525248209635417,0.0048675537109375,0.0010782877604166667,0.005961100260416667,0.0,0.0945892333984375,0.4525248209635417,OR6K6,gpcr
ENSG00000196099,11,123708046,123904653,196608,-1,True,10,0.0047760009765625,0.0,1.52587890625e-05,0.0,0.07502237955729167,0.14147440592447916,0.7787119547526041,0.0047760009765625,0.0,0.004791259765625,0.0,0.07502237955729167,0.7787119547526041,OR6M1,gpcr
ENSG00000197403,1,158673892,158870499,196608,-1,True,12,0.0047607421875,0.0086517333984375,0.0004526774088541667,0.11014811197916667,0.0725250244140625,0.2620493570963542,0.541412353515625,0.0047607421875,0.0086517333984375,0.013865152994791666,0.11014811197916667,0.07848612467447917,0.541412353515625,OR6N1,gpcr
ENSG00000188340,1,158682901,158879508,196608,-1,True,13,0.0048370361328125,0.012720743815104166,1.52587890625e-05,0.0179443359375,0.07123311360677083,0.3098958333333333,0.5833536783854166,0.0048370361328125,0.012720743815104166,0.017573038736979168,0.0179443359375,0.07123311360677083,0.5833536783854166,OR6N2,gpcr
ENSG00000186440,1,158472277,158668884,196608,-1,True,9,0.0048370361328125,0.0117034912109375,1.52587890625e-05,0.0341796875,0.13482157389322916,0.375701904296875,0.4387410481770833,0.0048370361328125,0.0117034912109375,0.0165557861328125,0.0341796875,0.13482157389322916,0.4387410481770833,OR6P1,gpcr
ENSG00000279051,11,57932649,58129256,196608,1,True,11,0.0048370361328125,0.0,1.52587890625e-05,0.0,0.059417724609375,0.5717926025390625,0.3639373779296875,0.0048370361328125,0.0,0.004852294921875,0.0,0.059417724609375,0.3639373779296875,OR6Q1,gpcr
ENSG00000181803,14,20543388,20739995,196608,-1,True,18,0.0050506591796875,0.0,1.52587890625e-05,0.0,0.11885579427083333,0.4371287027994792,0.4389495849609375,0.0050506591796875,0.0,0.00506591796875,0.0,0.11885579427083333,0.4389495849609375,OR6S1,gpcr
ENSG00000181499,11,123845535,124042142,196608,-1,True,11,0.0049285888671875,0.0,1.52587890625e-05,0.0,0.089385986328125,0.062037150065104164,0.8436330159505209,0.0049285888671875,0.0,0.00494384765625,0.0,0.089385986328125,0.8436330159505209,OR6T1,gpcr
ENSG00000225781,7,142954037,143150644,196608,1,True,6,0.0047760009765625,0.0,1.52587890625e-05,0.0,0.020868937174479168,0.07346598307291667,0.9008738199869791,0.0047760009765625,0.0,0.004791259765625,0.0,0.020868937174479168,0.9008738199869791,OR6V1,gpcr
ENSG00000221931,11,123656215,123852822,196608,-1,True,8,0.0047607421875,0.0,1.52587890625e-05,0.0,0.0805511474609375,0.3263448079427083,0.5883280436197916,0.0047607421875,0.0,0.0047760009765625,0.0,0.0805511474609375,0.5883280436197916,OR6X1,gpcr
ENSG00000197532,1,158456102,158652709,196608,-1,True,10,0.0049591064453125,0.021107991536458332,1.52587890625e-05,0.0240478515625,0.13838704427083334,0.337982177734375,0.4735005696614583,0.0049591064453125,0.021107991536458332,0.026082356770833332,0.0240478515625,0.13838704427083334,0.4735005696614583,OR6Y1,gpcr
ENSG00000188269,19,14736882,14933489,196608,-1,True,17,0.0048675537109375,0.006159464518229167,1.52587890625e-05,0.034454345703125,0.15043131510416666,0.4545237223307292,0.34954833984375,0.0048675537109375,0.006159464518229167,0.011042277018229166,0.034454345703125,0.15240987141927084,0.34954833984375,OR7A5,gpcr
ENSG00000127515,19,14750619,14947226,196608,-1,True,18,0.0047149658203125,0.004664103190104167,1.52587890625e-05,0.033620198567708336,0.15302530924479166,0.3894246419270833,0.4145355224609375,0.0047149658203125,0.004664103190104167,0.009394327799479166,0.033620198567708336,0.15302530924479166,0.4145355224609375,OR7A10,gpcr
ENSG00000185385,19,14787829,14984436,196608,-1,True,17,0.0047149658203125,0.014378865559895834,1.52587890625e-05,0.0212249755859375,0.15910847981770834,0.3967997233072917,0.4037577311197917,0.0047149658203125,0.014378865559895834,0.019109090169270832,0.0212249755859375,0.15910847981770834,0.4037577311197917,OR7A17,gpcr
ENSG00000127530,19,14736882,14933489,196608,-1,True,17,0.0048828125,0.055323282877604164,0.0018870035807291667,0.1724700927734375,0.0903167724609375,0.3255716959635417,0.34954833984375,0.0048828125,0.055323282877604164,0.062093098958333336,0.1724700927734375,0.109161376953125,0.34954833984375,OR7C1,gpcr
ENSG00000127529,19,14843185,15039792,196608,1,True,16,0.0048675537109375,0.0,1.52587890625e-05,0.0,0.10834757486979167,0.5088958740234375,0.3778737386067708,0.0048675537109375,0.0,0.0048828125,0.0,0.10834757486979167,0.3778737386067708,OR7C2,gpcr
ENSG00000188000,19,9080675,9277282,196608,1,True,17,0.0047607421875,0.013086954752604166,1.52587890625e-05,0.032185872395833336,0.15682474772135416,0.22509765625,0.5680287679036459,0.0047607421875,0.013086954752604166,0.017862955729166668,0.032185872395833336,0.1585235595703125,0.5680287679036459,OR7D2,gpcr
ENSG00000174667,19,9121286,9317893,196608,-1,True,16,0.0047607421875,0.0205841064453125,1.52587890625e-05,0.022013346354166668,0.15537007649739584,0.24306233723958334,0.5541941324869791,0.0047607421875,0.0205841064453125,0.025360107421875,0.022013346354166668,0.15537007649739584,0.5541941324869791,OR7D4,gpcr
ENSG00000237521,19,9152626,9349233,196608,1,True,19,0.005320231119791667,0.004175821940104167,1.52587890625e-05,0.017354329427083332,0.2076568603515625,0.274627685546875,0.4908498128255208,0.005320231119791667,0.004175821940104167,0.009511311848958334,0.017354329427083332,0.2076568603515625,0.4908498128255208,OR7E24,gpcr
ENSG00000161807,19,9017460,9214067,196608,-1,True,13,0.0047454833984375,0.0,1.52587890625e-05,0.0,0.14179484049479166,0.19976806640625,0.6536763509114584,0.0047454833984375,0.0,0.0047607421875,0.0,0.14179484049479166,0.6536763509114584,OR7G1,gpcr
ENSG00000170923,19,9009172,9205779,196608,-1,True,13,0.00494384765625,0.0103759765625,1.52587890625e-05,0.020619710286458332,0.0907440185546875,0.18472798665364584,0.6885732014973959,0.00494384765625,0.0103759765625,0.0153350830078125,0.020619710286458332,0.0907440185546875,0.6885732014973959,OR7G2,gpcr
ENSG00000170920,19,9028647,9225254,196608,-1,True,12,0.0047607421875,0.0,1.52587890625e-05,0.0,0.146209716796875,0.22016398111979166,0.6288503011067709,0.0047607421875,0.0,0.0047760009765625,0.0,0.146209716796875,0.6288503011067709,OR7G3,gpcr
ENSG00000196119,11,124471693,124668300,196608,1,True,12,0.004974365234375,0.024576822916666668,0.0014139811197916667,0.051854451497395836,0.11931864420572917,0.2586873372395833,0.5391743977864584,0.004974365234375,0.024836222330729168,0.030965169270833332,0.051854451497395836,0.11931864420572917,0.5391743977864584,OR8A1,gpcr
ENSG00000284680,11,124286196,124482803,196608,-1,True,16,0.0047760009765625,0.0007680257161458334,1.52587890625e-05,0.005152384440104167,0.170501708984375,0.1007843017578125,0.7180023193359375,0.0047760009765625,0.0007680257161458334,0.005559285481770833,0.005152384440104167,0.170501708984375,0.7180023193359375,OR8B2,gpcr
ENSG00000284609,11,124300721,124497328,196608,-1,True,16,0.0047760009765625,0.006245930989583333,1.52587890625e-05,0.006718953450520833,0.16536458333333334,0.09921773274739583,0.7176615397135416,0.0047760009765625,0.006245930989583333,0.011037190755208334,0.006718953450520833,0.16536458333333334,0.7176615397135416,OR8B3,gpcr
ENSG00000280090,11,124326568,124523175,196608,-1,True,14,0.0047149658203125,0.0,1.52587890625e-05,0.0,0.12370808919270833,0.08680216471354167,0.784759521484375,0.0047149658203125,0.0,0.004730224609375,0.0,0.12370808919270833,0.784759521484375,OR8B4,gpcr
ENSG00000197125,11,124347393,124544000,196608,-1,True,16,0.0047454833984375,0.015436808268229166,1.52587890625e-05,0.0217742919921875,0.11973063151041667,0.07697041829427083,0.7613271077473959,0.0047454833984375,0.015436808268229166,0.020197550455729168,0.0217742919921875,0.11973063151041667,0.7613271077473959,OR8B8,gpcr
ENSG00000170953,11,124445351,124641958,196608,-1,True,14,0.004730224609375,0.0,0.005859375,0.018397013346354168,0.13248189290364584,0.17197672526041666,0.6665547688802084,0.004730224609375,0.0,0.010589599609375,0.018397013346354168,0.13248189290364584,0.6665547688802084,OR8B12,gpcr
ENSG00000196341,11,124215646,124412253,196608,-1,True,18,0.00469970703125,0.038553873697916664,1.52587890625e-05,0.019134521484375,0.11670939127604167,0.2588450113932292,0.562042236328125,0.00469970703125,0.038553873697916664,0.043268839518229164,0.019134521484375,0.11670939127604167,0.562042236328125,OR8D1,gpcr
ENSG00000279116,11,124221894,124418501,196608,-1,True,17,0.0047454833984375,0.0,1.52587890625e-05,0.0,0.16242472330729166,0.251922607421875,0.5808919270833334,0.0047454833984375,0.0,0.0047607421875,0.0,0.16242472330729166,0.5808919270833334,OR8D2,gpcr
ENSG00000181518,11,123803863,124000470,196608,1,True,9,0.004791259765625,0.011342366536458334,1.52587890625e-05,0.019775390625,0.045873006184895836,0.0117950439453125,0.9064076741536459,0.004791259765625,0.011342366536458334,0.016148885091145832,0.019775390625,0.045873006184895836,0.9064076741536459,OR8D4,gpcr
ENSG00000197849,11,124142791,124339398,196608,1,True,14,0.0047454833984375,0.0209503173828125,1.52587890625e-05,0.041783650716145836,0.12707010904947916,0.22521464029947916,0.5802205403645834,0.0047454833984375,0.0209503173828125,0.0257110595703125,0.041783650716145836,0.12740071614583334,0.5802205403645834,OR8G1,gpcr
ENSG00000255298,11,124158072,124354679,196608,1,True,13,0.0047454833984375,0.0037841796875,1.52587890625e-05,0.0415496826171875,0.13549296061197916,0.21045430501302084,0.6039581298828125,0.0047454833984375,0.0037841796875,0.008544921875,0.0415496826171875,0.13549296061197916,0.6039581298828125,OR8G5,gpcr
ENSG00000181693,11,56193951,56390558,196608,-1,True,14,0.0047454833984375,0.010157267252604166,1.52587890625e-05,0.004374186197916667,0.09356180826822917,0.0687408447265625,0.8184051513671875,0.0047454833984375,0.010157267252604166,0.014918009440104166,0.004374186197916667,0.09356180826822917,0.8184051513671875,OR8H1,gpcr
ENSG00000181767,11,56005383,56201990,196608,1,True,18,0.0047607421875,0.010950724283854166,1.52587890625e-05,0.004475911458333333,0.12077840169270833,0.048975626627604164,0.8100433349609375,0.0047607421875,0.010965983072916666,0.015726725260416668,0.004475911458333333,0.12077840169270833,0.8100433349609375,OR8H2,gpcr
ENSG00000181761,11,56024069,56220676,196608,1,True,19,0.0047607421875,0.0,1.52587890625e-05,0.0,0.14415486653645834,0.07051595052083333,0.7805531819661459,0.0047607421875,0.0,0.0047760009765625,0.0,0.14415486653645834,0.7805531819661459,OR8H3,gpcr
ENSG00000172154,11,55995004,56191611,196608,1,True,18,0.004730224609375,0.0,1.52587890625e-05,0.0,0.1317596435546875,0.0534515380859375,0.8100433349609375,0.004730224609375,0.0,0.0047454833984375,0.0,0.1317596435546875,0.8100433349609375,OR8I2,gpcr
ENSG00000172487,11,56255987,56452594,196608,1,True,14,0.00482177734375,0.0019378662109375,1.52587890625e-05,0.0299530029296875,0.08388264973958333,0.026006062825520832,0.8533833821614584,0.00482177734375,0.0019378662109375,0.00677490234375,0.0299530029296875,0.08842976888020833,0.8533833821614584,OR8J1,gpcr
ENSG00000254658,11,56116919,56313526,196608,-1,True,15,0.0048065185546875,0.0098419189453125,1.52587890625e-05,0.017064412434895832,0.09566752115885417,0.023610432942708332,0.8489939371744791,0.0048065185546875,0.0098419189453125,0.0146636962890625,0.017064412434895832,0.09566752115885417,0.8489939371744791,OR8J2,gpcr
ENSG00000167822,11,56041898,56238505,196608,-1,True,19,0.0048065185546875,0.014536539713541666,1.52587890625e-05,0.008519490559895834,0.1000823974609375,0.053014119466145836,0.8190256754557291,0.0048065185546875,0.014536539713541666,0.019358317057291668,0.008519490559895834,0.1000823974609375,0.8190256754557291,OR8J3,gpcr
ENSG00000150261,11,56247735,56444342,196608,1,True,14,0.0048675537109375,0.0,1.52587890625e-05,0.0,0.090545654296875,0.051411946614583336,0.8531595865885416,0.0048675537109375,0.0,0.0048828125,0.0,0.090545654296875,0.8531595865885416,OR8K1,gpcr
ENSG00000280314,11,56216840,56413447,196608,1,True,14,0.0047607421875,0.007624308268229167,1.52587890625e-05,0.015553792317708334,0.087371826171875,0.040496826171875,0.84417724609375,0.0047607421875,0.007624308268229167,0.012400309244791666,0.015553792317708334,0.087371826171875,0.84417724609375,OR8K3,gpcr
ENSG00000181752,11,56062014,56258621,196608,-1,True,18,0.0046844482421875,0.0,1.52587890625e-05,0.0,0.11186726888020833,0.039093017578125,0.8443400065104166,0.0046844482421875,0.0,0.00469970703125,0.0,0.11186726888020833,0.8443400065104166,OR8K5,gpcr
ENSG00000284723,12,48427328,48623935,196608,1,True,11,0.0047607421875,0.0,1.52587890625e-05,0.0,0.0475311279296875,0.38629150390625,0.5614013671875,0.0047607421875,0.0,0.0047760009765625,0.0,0.0475311279296875,0.5614013671875,OR8S1,gpcr
ENSG00000172199,11,56277320,56473927,196608,1,True,16,0.0047149658203125,0.0,1.52587890625e-05,0.0,0.11224873860677083,0.08795674641927083,0.7950642903645834,0.0047149658203125,0.0,0.004730224609375,0.0,0.11224873860677083,0.7950642903645834,OR8U1,gpcr
ENSG00000279961,11,56319929,56516536,196608,-1,True,21,0.00494384765625,0.0,1.52587890625e-05,0.0,0.12611897786458334,0.08995564778645833,0.7789662679036459,0.00494384765625,0.0,0.0049591064453125,0.0,0.12611897786458334,0.7789662679036459,OR8U3,gpcr
ENSG00000179468,7,142928829,143125436,196608,-1,True,7,0.004730224609375,0.0,1.52587890625e-05,0.0,0.039998372395833336,0.11391194661458333,0.8413441975911459,0.004730224609375,0.0,0.0047454833984375,0.0,0.039998372395833336,0.8413441975911459,OR9A2,gpcr
ENSG00000258083,7,141818095,142014702,196608,1,True,11,0.004791259765625,0.005605061848958333,1.52587890625e-05,0.011088053385416666,0.061650594075520836,0.5046132405598959,0.4122365315755208,0.004791259765625,0.005605061848958333,0.010411580403645834,0.011088053385416666,0.061650594075520836,0.4122365315755208,OR9A4,gpcr
ENSG00000174914,11,56600791,56797398,196608,1,True,17,0.0046539306640625,0.013697306315104166,1.52587890625e-05,0.0059967041015625,0.09442138671875,0.053258260091145836,0.8279571533203125,0.0046539306640625,0.013697306315104166,0.018366495768229168,0.0059967041015625,0.09442138671875,0.8279571533203125,OR9G1,gpcr
ENSG00000172457,11,56650394,56847001,196608,-1,True,15,0.0047607421875,0.008488972981770834,1.52587890625e-05,0.024754842122395832,0.06714375813802083,0.11352030436197917,0.7813161214192709,0.0047607421875,0.008488972981770834,0.013264973958333334,0.024754842122395832,0.06769816080729167,0.7813161214192709,OR9G4,gpcr
ENSG00000172377,11,58027227,58223834,196608,-1,True,12,0.004791259765625,0.011388142903645834,1.52587890625e-05,0.028508504231770832,0.08682759602864583,0.7009785970052084,0.16749064127604166,0.004791259765625,0.011388142903645834,0.016194661458333332,0.028508504231770832,0.08682759602864583,0.16749064127604166,OR9I1,gpcr
ENSG00000170605,12,55028102,55224709,196608,1,True,8,0.0047760009765625,0.011815388997395834,1.52587890625e-05,0.015665690104166668,0.050191243489583336,0.10982767740885417,0.807708740234375,0.0047760009765625,0.011815388997395834,0.016606648763020832,0.015665690104166668,0.050191243489583336,0.807708740234375,OR9K2,gpcr
ENSG00000186509,11,57925577,58122184,196608,1,True,11,0.0,0.0015360514322916667,0.0,0.4984639485677083,0.009918212890625,0.09017435709635417,0.3999074300130208,0.0,0.0015360514322916667,0.0015360514322916667,0.4984639485677083,0.060399373372395836,0.3999074300130208,OR9Q1,gpcr
ENSG00000186513,11,58090766,58287373,196608,1,True,10,0.004791259765625,0.0143890380859375,1.52587890625e-05,0.006154378255208333,0.07025655110677083,0.4318389892578125,0.4725545247395833,0.004791259765625,0.0143890380859375,0.019195556640625,0.006154378255208333,0.07025655110677083,0.4725545247395833,OR9Q2,gpcr
ENSG00000170790,11,6764753,6961360,196608,1,True,10,0.0046234130859375,0.022776285807291668,1.52587890625e-05,0.031895955403645836,0.15130615234375,0.6146952311197916,0.17468770345052084,0.0046234130859375,0.022776285807291668,0.027414957682291668,0.031895955403645836,0.15303548177083334,0.17468770345052084,OR10A2,gpcr
ENSG00000170683,11,7843405,8040012,196608,-1,True,16,0.004791259765625,0.008672078450520834,1.52587890625e-05,0.009602864583333334,0.18114725748697916,0.62872314453125,0.16704813639322916,0.004791259765625,0.008672078450520834,0.013478597005208334,0.009602864583333334,0.18114725748697916,0.16704813639322916,OR10A3,gpcr
ENSG00000170782,11,6778321,6974928,196608,1,True,9,0.0048065185546875,0.00023905436197916666,1.52587890625e-05,0.0,0.15390523274739584,0.7030537923177084,0.13798014322916666,0.0048065185546875,0.00023905436197916666,0.005060831705729167,0.0,0.15390523274739584,0.13798014322916666,OR10A4,gpcr
ENSG00000166363,11,6747379,6943986,196608,1,True,12,0.0048370361328125,0.0,1.52587890625e-05,0.0,0.17476399739583334,0.5723114013671875,0.24807230631510416,0.0048370361328125,0.0,0.004852294921875,0.0,0.17476399739583334,0.24807230631510416,OR10A5,gpcr
ENSG00000279000,11,7832965,8029572,196608,-1,True,15,0.004791259765625,0.026240030924479168,1.52587890625e-05,0.0029144287109375,0.15494283040364584,0.6440480550130209,0.16704813639322916,0.004791259765625,0.026240030924479168,0.031046549479166668,0.0029144287109375,0.15639750162760416,0.16704813639322916,OR10A6,gpcr
ENSG00000179919,12,55122721,55319328,196608,1,True,10,0.00482177734375,0.0,1.52587890625e-05,0.0,0.10421244303385417,0.0576324462890625,0.8333180745442709,0.00482177734375,0.0,0.0048370361328125,0.0,0.10421244303385417,0.8333180745442709,OR10A7,gpcr
ENSG00000172640,12,48104989,48301596,196608,-1,True,15,0.004852294921875,0.0,0.0,0.0,0.158203125,0.7708180745442709,0.06612650553385417,0.004852294921875,0.0,0.004852294921875,0.0,0.158203125,0.06612650553385417,OR10AD1,gpcr
ENSG00000174970,11,55871642,56068249,196608,-1,True,15,0.0048980712890625,0.0093994140625,1.52587890625e-05,0.0070037841796875,0.10066731770833333,0.10994974772135417,0.76806640625,0.0048980712890625,0.009623209635416666,0.014312744140625,0.0070037841796875,0.10066731770833333,0.76806640625,OR10AG1,gpcr
ENSG00000206474,6,29341002,29537609,196608,1,True,15,0.004791259765625,0.0036977132161458335,1.52587890625e-05,0.0,0.13623555501302084,0.6338144938151041,0.22144571940104166,0.004791259765625,0.0037282307942708335,0.008504231770833334,0.0,0.13623555501302084,0.22144571940104166,OR10C1,gpcr
ENSG00000197309,11,124085041,124281648,196608,1,True,14,0.0047607421875,0.0137786865234375,1.52587890625e-05,0.00909423828125,0.11793009440104167,0.3827768961588542,0.4716440836588542,0.0047607421875,0.0137786865234375,0.0185546875,0.00909423828125,0.11793009440104167,0.4716440836588542,OR10D3,gpcr
ENSG00000255582,14,21536637,21733244,196608,-1,True,15,0.004730224609375,0.0008748372395833334,1.52587890625e-05,0.0,0.08319600423177083,0.12211100260416667,0.7890726725260416,0.004730224609375,0.0008748372395833334,0.005620320638020833,0.0,0.08319600423177083,0.7890726725260416,OR10G2,gpcr
ENSG00000169208,14,21481773,21678380,196608,-1,True,14,0.0047760009765625,0.008636474609375,1.52587890625e-05,0.045354207356770836,0.1530303955078125,0.21451314290364584,0.5736745198567709,0.0047760009765625,0.008636474609375,0.013427734375,0.045354207356770836,0.1530303955078125,0.5736745198567709,OR10G3,gpcr
ENSG00000254737,11,123914693,124111300,196608,1,True,15,0.0047454833984375,0.013666788736979166,1.52587890625e-05,0.010747273763020834,0.0824127197265625,0.08237711588541667,0.8060353597005209,0.0047454833984375,0.013666788736979166,0.018427530924479168,0.010747273763020834,0.0824127197265625,0.8060353597005209,OR10G4,gpcr
ENSG00000198674,11,123896858,124093465,196608,-1,True,13,0.00506591796875,0.0,1.52587890625e-05,0.0,0.09959920247395833,0.08925374348958333,0.8060658772786459,0.00506591796875,0.0,0.0050811767578125,0.0,0.09959920247395833,0.8060658772786459,OR10G6,gpcr
ENSG00000182634,11,123943022,124139629,196608,-1,True,15,0.0047454833984375,0.012781778971354166,1.52587890625e-05,0.009480794270833334,0.10199991861979167,0.18250528971354166,0.6884714762369791,0.0047454833984375,0.012781778971354166,0.017542521158854168,0.009480794270833334,0.10199991861979167,0.6884714762369791,OR10G7,gpcr
ENSG00000234560,11,123928494,124125101,196608,1,True,16,0.0047454833984375,0.0009104410807291666,1.52587890625e-05,0.013844807942708334,0.11629740397135417,0.10747782389322917,0.7567087809244791,0.0047454833984375,0.0009104410807291666,0.005671183268229167,0.013844807942708334,0.11629740397135417,0.7567087809244791,OR10G8,gpcr
ENSG00000236981,11,123924709,124121316,196608,1,True,16,0.0047454833984375,0.0,1.52587890625e-05,0.0,0.1120758056640625,0.10720316569010417,0.7759602864583334,0.0047454833984375,0.0,0.0047607421875,0.0,0.1120758056640625,0.7759602864583334,OR10G9,gpcr
ENSG00000186723,19,15717361,15913968,196608,-1,True,18,0.004852294921875,0.017786661783854168,1.52587890625e-05,0.033884684244791664,0.18642171223958334,0.4075063069661458,0.3495330810546875,0.004852294921875,0.017786661783854168,0.022654215494791668,0.033884684244791664,0.18642171223958334,0.3495330810546875,OR10H1,gpcr
ENSG00000171942,19,15629720,15826327,196608,1,True,13,0.0048065185546875,0.0004119873046875,1.52587890625e-05,0.0,0.15059407552083334,0.3931528727213542,0.451019287109375,0.0048065185546875,0.0004119873046875,0.0052337646484375,0.0,0.15059407552083334,0.451019287109375,OR10H2,gpcr
ENSG00000171936,19,15639681,15836288,196608,1,True,14,0.00482177734375,0.000396728515625,1.52587890625e-05,0.016937255859375,0.193023681640625,0.3797709147135417,0.4050343831380208,0.00482177734375,0.000396728515625,0.0052337646484375,0.016937255859375,0.193023681640625,0.4050343831380208,OR10H3,gpcr
ENSG00000176231,19,15850704,16047311,196608,1,True,15,0.004933675130208333,0.00286865234375,1.52587890625e-05,0.0229644775390625,0.14869181315104166,0.4541219075520833,0.3664042154947917,0.004933675130208333,0.00286865234375,0.007817586263020834,0.0229644775390625,0.14869181315104166,0.3664042154947917,OR10H4,gpcr
ENSG00000172519,19,15689357,15885964,196608,1,True,15,0.0048065185546875,0.028050740559895832,1.52587890625e-05,0.031707763671875,0.1410675048828125,0.3532613118489583,0.4410909016927083,0.0048065185546875,0.028050740559895832,0.032872517903645836,0.031707763671875,0.1410675048828125,0.4410909016927083,OR10H5,gpcr
ENSG00000196184,1,159341418,159538025,196608,1,True,9,0.0048828125,0.013193766276041666,1.52587890625e-05,0.0085296630859375,0.0577850341796875,0.8914438883463541,0.024149576822916668,0.0048828125,0.013361612955729166,0.018091837565104168,0.0085296630859375,0.0577850341796875,0.024149576822916668,OR10J1,gpcr
ENSG00000249730,1,159333900,159530507,196608,1,True,8,0.004755655924479167,0.0,0.0,0.0,0.060577392578125,0.8722788492838541,0.062388102213541664,0.004755655924479167,0.0,0.004755655924479167,0.0,0.060577392578125,0.062388102213541664,OR10J4,gpcr
ENSG00000184155,1,159437704,159634311,196608,-1,True,8,0.0047149658203125,0.0,1.52587890625e-05,0.0,0.07404581705729167,0.6679534912109375,0.2532704671223958,0.0047149658203125,0.0,0.004730224609375,0.0,0.07404581705729167,0.2532704671223958,OR10J5,gpcr
ENSG00000173285,1,158363530,158560137,196608,1,True,10,0.0047760009765625,0.0147705078125,0.0004730224609375,0.027201334635416668,0.09206136067708333,0.1461181640625,0.714599609375,0.0047760009765625,0.0147705078125,0.02001953125,0.027201334635416668,0.09206136067708333,0.714599609375,OR10K1,gpcr
ENSG00000180708,1,158327934,158524541,196608,-1,True,12,0.0047607421875,0.010599772135416666,1.52587890625e-05,0.025456746419270832,0.08550516764322917,0.14335123697916666,0.7303110758463541,0.0047607421875,0.010599772135416666,0.015375773111979166,0.025456746419270832,0.08550516764322917,0.7303110758463541,OR10K2,gpcr
ENSG00000175398,12,55538588,55735195,196608,1,True,21,0.004791259765625,0.0,0.0,0.0,0.1889190673828125,0.7154286702473959,0.09086100260416667,0.004791259765625,0.0,0.004791259765625,0.0,0.190093994140625,0.09086100260416667,OR10P1,gpcr
ENSG00000180475,11,58130615,58327222,196608,-1,True,10,0.0048675537109375,0.0003916422526041667,1.52587890625e-05,0.0,0.0717315673828125,0.2562967936197917,0.6666971842447916,0.0048675537109375,0.0003916422526041667,0.005274454752604167,0.0,0.0717315673828125,0.6666971842447916,OR10Q1,gpcr
ENSG00000198965,1,158373916,158570523,196608,1,True,11,0.0050811767578125,0.0007985432942708334,1.52587890625e-05,0.038441975911458336,0.12133280436197917,0.17017618815104166,0.664154052734375,0.0050811767578125,0.0007985432942708334,0.005894978841145833,0.038441975911458336,0.1276702880859375,0.664154052734375,OR10R2,gpcr
ENSG00000196248,11,123879478,124076085,196608,-1,True,12,0.004913330078125,0.0007731119791666666,1.52587890625e-05,0.0,0.09061177571614583,0.062037150065104164,0.8416493733723959,0.004913330078125,0.0007731119791666666,0.005701700846354167,0.0,0.09061177571614583,0.8416493733723959,OR10S1,gpcr
ENSG00000186306,1,158301163,158497770,196608,-1,True,10,0.004791259765625,0.0,1.52587890625e-05,0.0,0.085845947265625,0.1688079833984375,0.74053955078125,0.004791259765625,0.0,0.0048065185546875,0.0,0.085845947265625,0.74053955078125,OR10T2,gpcr
ENSG00000172289,11,59615542,59812149,196608,-1,True,12,0.0047149658203125,0.0,1.52587890625e-05,0.0,0.12941487630208334,0.671234130859375,0.19462076822916666,0.0047149658203125,0.0,0.004730224609375,0.0,0.1311187744140625,0.19462076822916666,OR10V1,gpcr
ENSG00000172772,11,58169957,58366564,196608,-1,True,14,0.0046539306640625,0.0028025309244791665,1.52587890625e-05,0.0,0.0839691162109375,0.060785929361979164,0.8477732340494791,0.0046539306640625,0.0028025309244791665,0.007471720377604167,0.0,0.0839691162109375,0.8477732340494791,OR10W1,gpcr
ENSG00000279111,1,158481596,158678203,196608,-1,True,8,0.004974365234375,0.0,1.52587890625e-05,0.0,0.14150492350260416,0.414764404296875,0.4387410481770833,0.004974365234375,0.0,0.0049896240234375,0.0,0.14150492350260416,0.4387410481770833,OR10X1,gpcr
ENSG00000198967,1,158506964,158703571,196608,1,True,8,0.0047760009765625,0.027369181315104168,1.52587890625e-05,0.00469970703125,0.12105305989583333,0.3889312744140625,0.453155517578125,0.0047760009765625,0.027369181315104168,0.032160441080729164,0.00469970703125,0.125762939453125,0.453155517578125,OR10Z1,gpcr
ENSG00000204694,6,29358768,29555375,196608,-1,True,17,0.0048065185546875,0.0101776123046875,1.52587890625e-05,0.14556376139322916,0.12746683756510416,0.4957834879557292,0.2161865234375,0.0048065185546875,0.0101776123046875,0.0149993896484375,0.14556376139322916,0.138275146484375,0.2161865234375,OR11A1,gpcr
ENSG00000196832,14,20092592,20289199,196608,1,True,15,0.0047454833984375,0.0176849365234375,1.52587890625e-05,0.029332478841145832,0.11421712239583333,0.2285919189453125,0.6054128011067709,0.0047454833984375,0.0176849365234375,0.0224456787109375,0.029332478841145832,0.11421712239583333,0.6054128011067709,OR11G2,gpcr
ENSG00000130538,22,15429888,15626495,196608,1,True,13,0.0048065185546875,0.0,1.52587890625e-05,0.0,0.08509318033854167,0.5163777669270834,0.393707275390625,0.0048065185546875,0.0,0.00482177734375,0.0,0.08509318033854167,0.393707275390625,OR11H1,gpcr
ENSG00000258453,14,19615580,19812187,196608,-1,True,20,0.0048065185546875,0.0,1.52587890625e-05,0.0,0.1160125732421875,0.7380930582682291,0.14107259114583334,0.0048065185546875,0.0,0.00482177734375,0.0,0.1160125732421875,0.14107259114583334,OR11H2,gpcr
ENSG00000176198,14,20140982,20337589,196608,1,True,17,0.004791259765625,0.0036214192708333335,1.52587890625e-05,0.017328898111979168,0.18806966145833334,0.3040517171223958,0.4821217854817708,0.004791259765625,0.0036214192708333335,0.008427937825520834,0.017328898111979168,0.18806966145833334,0.4821217854817708,OR11H4,gpcr
ENSG00000176219,14,20125406,20322013,196608,1,True,15,0.005035400390625,0.0,1.52587890625e-05,0.0,0.15584818522135416,0.3104960123697917,0.5286051432291666,0.005035400390625,0.0,0.0050506591796875,0.0,0.15584818522135416,0.5286051432291666,OR11H6,gpcr
ENSG00000258806,14,20131098,20327705,196608,1,True,17,0.004791259765625,0.0,1.52587890625e-05,0.0,0.17188517252604166,0.3236541748046875,0.4996541341145833,0.004791259765625,0.0,0.0048065185546875,0.0,0.17188517252604166,0.4996541341145833,OR11H7,gpcr
ENSG00000257115,14,18502813,18699420,196608,1,True,17,0.004974365234375,0.0,1.52587890625e-05,0.0,0.07410685221354167,0.3690592447916667,0.5518442789713541,0.004974365234375,0.0,0.0049896240234375,0.0,0.07410685221354167,0.5518442789713541,OR11H12,gpcr
ENSG00000197591,1,247743593,247940200,196608,-1,True,15,0.004913330078125,0.0,1.52587890625e-05,0.0,0.141510009765625,0.3493448893229167,0.5042165120442709,0.004913330078125,0.0,0.0049285888671875,0.0,0.141510009765625,0.5042165120442709,OR11L1,gpcr
ENSG00000251608,6,29316624,29513231,196608,1,True,16,0.004801432291666667,0.0038909912109375,1.52587890625e-05,0.011525472005208334,0.1235809326171875,0.7003580729166666,0.15582784016927084,0.004801432291666667,0.0038909912109375,0.008707682291666666,0.011525472005208334,0.1235809326171875,0.15582784016927084,OR12D1,gpcr
ENSG00000280236,6,29297327,29493934,196608,1,True,16,0.0046844482421875,0.0036366780598958335,1.52587890625e-05,0.0037587483723958335,0.147430419921875,0.7140960693359375,0.12637837727864584,0.0046844482421875,0.0036366780598958335,0.008336385091145834,0.0037587483723958335,0.147430419921875,0.12637837727864584,OR12D2,gpcr
ENSG00000112462,6,29276988,29473595,196608,-1,True,13,0.00482177734375,0.004669189453125,1.52587890625e-05,0.0,0.13875325520833334,0.7326304117838541,0.119110107421875,0.00482177734375,0.004669189453125,0.0095062255859375,0.0,0.13875325520833334,0.119110107421875,OR12D3,gpcr
ENSG00000256574,10,45217305,45413912,196608,-1,True,6,0.0050048828125,0.023173014322916668,1.52587890625e-05,0.039510091145833336,0.045542399088541664,0.3483022054036458,0.5384521484375,0.0050048828125,0.023173014322916668,0.028193155924479168,0.039510091145833336,0.045542399088541664,0.5384521484375,OR13A1,gpcr
ENSG00000276119,9,104507324,104703931,196608,-1,True,13,0.004852294921875,0.0,1.52587890625e-05,0.0,0.0771331787109375,0.917999267578125,0.0,0.004852294921875,0.0,0.0048675537109375,0.0,0.0771331787109375,0.0,OR13C2,gpcr
ENSG00000204246,9,104438553,104635160,196608,-1,True,10,0.0048370361328125,0.0007832845052083334,1.52587890625e-05,0.0,0.062199910481770836,0.9321645100911459,0.0,0.0048370361328125,0.0007832845052083334,0.005635579427083333,0.0,0.06693522135416667,0.0,OR13C3,gpcr
ENSG00000148136,9,104428906,104625513,196608,-1,True,9,0.004852294921875,0.0,1.52587890625e-05,0.0,0.056538899739583336,0.9385935465494791,0.0,0.004852294921875,0.0,0.0048675537109375,0.0,0.056538899739583336,0.0,OR13C4,gpcr
ENSG00000277556,9,104501110,104697717,196608,-1,True,14,0.004852294921875,0.0,1.52587890625e-05,0.0,0.0820159912109375,0.913116455078125,0.0,0.004852294921875,0.0,0.0048675537109375,0.0,0.0820159912109375,0.0,OR13C5,gpcr
ENSG00000243641,9,35905564,36102171,196608,-1,True,13,0.004877726236979167,0.0,0.0,0.0,0.07543436686197917,0.7940622965494791,0.1256256103515625,0.004877726236979167,0.0,0.004877726236979167,0.0,0.07543436686197917,0.1256256103515625,OR13C7,gpcr
ENSG00000186943,9,104470864,104667471,196608,1,True,13,0.0048828125,0.0,1.52587890625e-05,0.0,0.07886759440104167,0.9162343343098959,0.0,0.0048828125,0.0,0.0048980712890625,0.0,0.07886759440104167,0.0,OR13C8,gpcr
ENSG00000136839,9,104519901,104716508,196608,-1,True,13,0.004852294921875,0.0,1.52587890625e-05,0.0,0.0775909423828125,0.91754150390625,0.0,0.004852294921875,0.0,0.0048675537109375,0.0,0.0775909423828125,0.0,OR13C9,gpcr
ENSG00000179055,9,104596214,104792821,196608,1,True,12,0.0048065185546875,0.0,0.0,0.0,0.12463887532552083,0.8351949055989584,0.035359700520833336,0.0048065185546875,0.0,0.0048065185546875,0.0,0.12463887532552083,0.035359700520833336,OR13D1,gpcr
ENSG00000186881,9,104405959,104602566,196608,1,True,7,0.0048675537109375,0.0,1.52587890625e-05,0.0,0.042185465494791664,0.9529317220052084,0.0,0.0048675537109375,0.0,0.0048828125,0.0,0.042185465494791664,0.0,OR13F1,gpcr
ENSG00000197437,1,247581436,247778043,196608,-1,True,13,0.0046844482421875,0.00836181640625,1.52587890625e-05,0.0323486328125,0.11865234375,0.7906036376953125,0.0453338623046875,0.0046844482421875,0.00836181640625,0.0130615234375,0.0323486328125,0.12181599934895833,0.0453338623046875,OR13G1,gpcr
ENSG00000171054,X,131445770,131642377,196608,1,True,6,0.00469970703125,0.0,1.52587890625e-05,0.0,0.037322998046875,0.84722900390625,0.1107330322265625,0.00469970703125,0.0,0.0047149658203125,0.0,0.037322998046875,0.1107330322265625,OR13H1,gpcr
ENSG00000168828,9,35772098,35968705,196608,-1,True,17,0.0047760009765625,0.0,0.0,0.0,0.22882588704427084,0.5504252115885416,0.215972900390625,0.0047760009765625,0.0,0.0047760009765625,0.0,0.22882588704427084,0.215972900390625,OR13J1,gpcr
ENSG00000241128,1,247649838,247846445,196608,-1,True,13,0.004791259765625,0.0043182373046875,0.0,0.118988037109375,0.10204060872395833,0.5067240397135416,0.2631378173828125,0.004791259765625,0.005391438802083333,0.0091094970703125,0.118988037109375,0.11368815104166667,0.2631378173828125,OR14A2,gpcr
ENSG00000196772,1,247725816,247922423,196608,-1,True,12,0.0047149658203125,0.0022226969401041665,1.52587890625e-05,0.041163126627604164,0.12099711100260417,0.3475545247395833,0.4833323160807292,0.0047149658203125,0.0022226969401041665,0.006952921549479167,0.041163126627604164,0.12099711100260417,0.4833323160807292,OR14A16,gpcr
ENSG00000177174,1,248250471,248447078,196608,1,True,9,0.0047607421875,0.0,1.52587890625e-05,0.0,0.11858622233072917,0.206207275390625,0.6704305013020834,0.0047607421875,0.0,0.0047760009765625,0.0,0.11858622233072917,0.6704305013020834,OR14C36,gpcr
ENSG00000189181,1,248604463,248801070,196608,-1,True,12,0.0047454833984375,0.018671671549479168,1.52587890625e-05,0.101837158203125,0.10797627766927083,0.628570556640625,0.13818359375,0.0047454833984375,0.018671671549479168,0.023432413736979168,0.101837158203125,0.12223307291666667,0.13818359375,OR14I1,gpcr
ENSG00000204695,6,29203397,29400004,196608,1,True,13,0.0048980712890625,0.028040568033854168,1.52587890625e-05,0.024607340494791668,0.09968058268229167,0.7447001139322916,0.09805806477864583,0.0048980712890625,0.028040568033854168,0.032953898111979164,0.024607340494791668,0.09968058268229167,0.09805806477864583,OR14J1,gpcr
ENSG00000153230,1,247640311,247836918,196608,1,True,13,0.004791259765625,0.0,1.52587890625e-05,0.0,0.11919657389322917,0.6128590901692709,0.2631378173828125,0.004791259765625,0.0,0.0048065185546875,0.0,0.11919657389322917,0.2631378173828125,OR14K1,gpcr
ENSG00000205496,11,4857410,5054017,196608,-1,True,17,0.0047760009765625,0.0,1.52587890625e-05,0.0,0.1547088623046875,0.5959370930989584,0.24456278483072916,0.0047760009765625,0.0,0.004791259765625,0.0,0.1547088623046875,0.24456278483072916,OR51A2,gpcr
ENSG00000205497,11,4849302,5045909,196608,-1,True,16,0.0047760009765625,0.017552693684895832,1.52587890625e-05,0.0019429524739583333,0.13239542643229166,0.6352335611979166,0.2080841064453125,0.0047760009765625,0.017552693684895832,0.022343953450520832,0.0019429524739583333,0.13239542643229166,0.2080841064453125,OR51A4,gpcr
ENSG00000176895,11,4805479,5002086,196608,1,True,18,0.0047607421875,0.006373087565104167,1.52587890625e-05,0.017740885416666668,0.132476806640625,0.8263295491536459,0.012303670247395834,0.0047607421875,0.006373087565104167,0.011149088541666666,0.017740885416666668,0.132476806640625,0.012303670247395834,OR51A7,gpcr
ENSG00000279012,11,5225994,5422601,196608,-1,True,22,0.0047607421875,0.0,1.52587890625e-05,0.0,0.11995951334635417,0.8724110921223959,0.0028533935546875,0.0047607421875,0.0,0.0047760009765625,0.0,0.11995951334635417,0.0028533935546875,OR51B2,gpcr
ENSG00000183251,11,5203643,5400250,196608,-1,True,23,0.004730224609375,0.0,1.52587890625e-05,0.0,0.12977091471354166,0.775909423828125,0.08957417805989583,0.004730224609375,0.0,0.0047454833984375,0.0,0.12977091471354166,0.08957417805989583,OR51B4,gpcr
ENSG00000167355,11,5245221,5441828,196608,-1,True,20,0.0047607421875,0.0018259684244791667,0.013153076171875,0.6841227213541666,0.030634562174479168,0.2626495361328125,0.0028533935546875,0.0047607421875,0.0018259684244791667,0.019739786783854168,0.6841227213541666,0.09628804524739583,0.0028533935546875,OR51B5,gpcr
ENSG00000176239,11,5253204,5449811,196608,1,True,18,0.0047607421875,0.0,1.52587890625e-05,0.0,0.09852091471354167,0.8967030843098959,0.0,0.0047607421875,0.0,0.0047760009765625,0.0,0.09852091471354167,0.0,OR51B6,gpcr
ENSG00000197428,11,4539173,4735780,196608,1,True,15,0.00494384765625,0.013468424479166666,1.52587890625e-05,0.009974161783854166,0.14521280924479166,0.3810780843098958,0.4453074137369792,0.00494384765625,0.013468424479166666,0.018427530924479168,0.009974161783854166,0.14521280924479166,0.4453074137369792,OR51D1,gpcr
ENSG00000180785,11,4545678,4742285,196608,1,True,16,0.004852294921875,0.013519287109375,0.0,0.0430145263671875,0.14737447102864584,0.3765411376953125,0.4146982828776042,0.004852294921875,0.013849894205729166,0.01837158203125,0.0430145263671875,0.14737447102864584,0.4146982828776042,OR51E1,gpcr
ENSG00000167332,11,4599550,4796157,196608,-1,True,17,0.0048828125,0.0098876953125,1.52587890625e-05,0.07515970865885417,0.11511739095052083,0.5509134928385416,0.24402364095052084,0.0048828125,0.0098876953125,0.0147857666015625,0.07515970865885417,0.1225738525390625,0.24402364095052084,OR51E2,gpcr
ENSG00000280021,11,4671635,4868242,196608,-1,True,20,0.0048675537109375,0.0,1.52587890625e-05,0.0,0.0958404541015625,0.8237965901692709,0.07548014322916667,0.0048675537109375,0.0,0.0048828125,0.0,0.0958404541015625,0.07548014322916667,OR51F1,gpcr
ENSG00000176925,11,4723017,4919624,196608,1,True,20,0.005218505859375,0.0005442301432291666,1.52587890625e-05,0.0,0.10451761881510417,0.8897043863932291,0.0,0.005218505859375,0.0007273356119791666,0.005777994791666667,0.0,0.10451761881510417,0.0,OR51F2,gpcr
ENSG00000278870,11,4826036,5022643,196608,-1,True,18,0.0048980712890625,0.0,1.52587890625e-05,0.0,0.1552734375,0.7452901204427084,0.09452311197916667,0.0048980712890625,0.0,0.004913330078125,0.0,0.1552734375,0.09452311197916667,OR51G1,gpcr
ENSG00000176893,11,4821047,5017654,196608,-1,True,19,0.004791259765625,0.012110392252604166,1.52587890625e-05,0.017481486002604168,0.1490478515625,0.747406005859375,0.06914774576822917,0.004791259765625,0.012110392252604166,0.016916910807291668,0.017481486002604168,0.1490478515625,0.06914774576822917,OR51G2,gpcr
ENSG00000167359,11,5343211,5539818,196608,-1,True,18,0.004791259765625,0.0,1.52587890625e-05,0.0,0.11522928873697917,0.8799641927083334,0.0,0.004791259765625,0.0,0.0048065185546875,0.0,0.11522928873697917,0.0,OR51I1,gpcr
ENSG00000187918,11,5351019,5547626,196608,1,True,19,0.0047607421875,0.012018839518229166,1.52587890625e-05,0.019805908203125,0.10521443684895833,0.858184814453125,0.0,0.0047607421875,0.012018839518229166,0.016794840494791668,0.019805908203125,0.10521443684895833,0.0,OR51I2,gpcr
ENSG00000176798,11,4896547,5093154,196608,1,True,15,0.0048065185546875,0.032307942708333336,1.52587890625e-05,0.017222086588541668,0.10796101888020833,0.41094970703125,0.4267374674479167,0.0048065185546875,0.032307942708333336,0.037129720052083336,0.017222086588541668,0.10796101888020833,0.4267374674479167,OR51L1,gpcr
ENSG00000184698,11,5285508,5482115,196608,1,True,18,0.004974365234375,0.015858968098958332,1.52587890625e-05,0.027226765950520832,0.09335835774739583,0.8585662841796875,0.0,0.004974365234375,0.015858968098958332,0.020848592122395832,0.027226765950520832,0.09335835774739583,0.0,OR51M1,gpcr
ENSG00000167360,11,5323807,5520414,196608,1,True,19,0.0048370361328125,0.0007222493489583334,1.52587890625e-05,0.0,0.121124267578125,0.8733011881510416,0.0,0.0048370361328125,0.0007222493489583334,0.005574544270833333,0.0,0.121124267578125,0.0,OR51Q1,gpcr
ENSG00000176922,11,4750905,4947512,196608,-1,True,21,0.00494384765625,0.0,0.0,0.0,0.1265411376953125,0.8685150146484375,0.0,0.00494384765625,0.0,0.00494384765625,0.0,0.1265411376953125,0.0,OR51S1,gpcr
ENSG00000176900,11,4783596,4980203,196608,1,True,20,0.005401611328125,0.0,1.52587890625e-05,0.0,0.12536112467447916,0.8692220052083334,0.0,0.005401611328125,0.0,0.0054168701171875,0.0,0.12536112467447916,0.0,OR51T1,gpcr
ENSG00000176742,11,5102379,5298986,196608,-1,True,24,0.0048065185546875,0.0,1.52587890625e-05,0.0,0.14862569173177084,0.3855641682942708,0.4609883626302083,0.0048065185546875,0.0,0.00482177734375,0.0,0.14862569173177084,0.4609883626302083,OR51V1,gpcr
ENSG00000182070,11,5056454,5253061,196608,-1,True,24,0.0047607421875,0.026646931966145832,1.52587890625e-05,0.008931477864583334,0.1275634765625,0.15671793619791666,0.6753641764322916,0.0047607421875,0.026646931966145832,0.031422932942708336,0.008931477864583334,0.1275634765625,0.6753641764322916,OR52A1,gpcr
ENSG00000171944,11,5040053,5236660,196608,-1,True,20,0.00482177734375,0.015706380208333332,1.52587890625e-05,0.028188069661458332,0.1195526123046875,0.08054606119791667,0.7511698404947916,0.00482177734375,0.015706380208333332,0.020543416341145832,0.028188069661458332,0.1195526123046875,0.7511698404947916,OR52A5,gpcr
ENSG00000255307,11,6072023,6268630,196608,-1,True,11,0.00494384765625,0.0,0.0,0.0,0.07680257161458333,0.686248779296875,0.23200480143229166,0.00494384765625,0.0,0.00494384765625,0.0,0.07680257161458333,0.23200480143229166,OR52B2,gpcr
ENSG00000221996,11,4270083,4466690,196608,-1,True,10,0.004791259765625,0.0009104410807291666,1.52587890625e-05,0.0,0.060994466145833336,0.37890625,0.55438232421875,0.004791259765625,0.0009104410807291666,0.005716959635416667,0.0,0.060994466145833336,0.55438232421875,OR52B4,gpcr
ENSG00000187747,11,5482573,5679180,196608,1,True,20,0.0051116943359375,0.0,1.52587890625e-05,0.0,0.15219624837239584,0.8426767985026041,0.0,0.0051116943359375,0.0,0.005126953125,0.0,0.15219624837239584,0.0,OR52B6,gpcr
ENSG00000181609,11,5390381,5586988,196608,1,True,22,0.004852294921875,0.00054931640625,1.52587890625e-05,0.0,0.13916524251302084,0.8554178873697916,0.0,0.004852294921875,0.00054931640625,0.0054168701171875,0.0,0.13916524251302084,0.0,OR52D1,gpcr
ENSG00000273085,11,4971268,5167875,196608,1,True,15,0.004709879557291667,0.0,0.0,0.0,0.14689127604166666,0.16503397623697916,0.6833648681640625,0.004709879557291667,0.0,0.004709879557291667,0.0,0.14689127604166666,0.6833648681640625,OR52E1,gpcr
ENSG00000176787,11,4961324,5157931,196608,-1,True,15,0.0049591064453125,0.0,1.52587890625e-05,0.0,0.14662679036458334,0.21561177571614584,0.6327870686848959,0.0049591064453125,0.0,0.004974365234375,0.0,0.14662679036458334,0.6327870686848959,OR52E2,gpcr
ENSG00000180974,11,5782325,5978932,196608,1,True,13,0.0047607421875,0.010213216145833334,1.52587890625e-05,0.017822265625,0.09223429361979167,0.7449951171875,0.1299591064453125,0.0047607421875,0.010213216145833334,0.014989217122395834,0.017822265625,0.09223429361979167,0.1299591064453125,OR52E4,gpcr
ENSG00000277932,11,5794904,5991511,196608,1,True,12,0.0049896240234375,0.00640869140625,1.52587890625e-05,0.037022908528645836,0.0881195068359375,0.6750691731770834,0.18837483723958334,0.0049896240234375,0.00640869140625,0.01141357421875,0.037022908528645836,0.0881195068359375,0.18837483723958334,OR52E5,gpcr
ENSG00000205409,11,5743594,5940201,196608,-1,True,13,0.0048370361328125,0.00014241536458333334,1.52587890625e-05,0.00021870930989583334,0.11173502604166667,0.88238525390625,0.0006663004557291666,0.0048370361328125,0.00014241536458333334,0.004994710286458333,0.00021870930989583334,0.11173502604166667,0.0006663004557291666,OR52E6,gpcr
ENSG00000183269,11,5759387,5955994,196608,-1,True,12,0.004791259765625,0.0,0.0,0.0,0.12855021158854166,0.8423563639322916,0.024302164713541668,0.004791259765625,0.0,0.004791259765625,0.0,0.12855021158854166,0.024302164713541668,OR52E8,gpcr
ENSG00000181616,11,5450237,5646844,196608,-1,True,20,0.004791259765625,0.0010426839192708333,1.52587890625e-05,0.014760335286458334,0.15360005696614584,0.8257904052734375,0.0,0.004791259765625,0.0010426839192708333,0.005849202473958333,0.014760335286458334,0.15360005696614584,0.0,OR52H1,gpcr
ENSG00000232268,11,4495735,4692342,196608,1,True,12,0.0049591064453125,0.0,0.0,0.0,0.144622802734375,0.347442626953125,0.5029754638671875,0.0049591064453125,0.0,0.0049591064453125,0.0,0.144622802734375,0.5029754638671875,OR52I1,gpcr
ENSG00000226288,11,4483439,4680046,196608,1,True,11,0.00494384765625,0.0289764404296875,1.52587890625e-05,0.025054931640625,0.12105814615885417,0.3176066080729167,0.5023447672526041,0.00494384765625,0.0289764404296875,0.033935546875,0.025054931640625,0.12105814615885417,0.5023447672526041,OR52I2,gpcr
ENSG00000205495,11,4948222,5144829,196608,1,True,15,0.0047454833984375,0.0,1.52587890625e-05,0.0,0.120208740234375,0.2685292561848958,0.6065012613932291,0.0047454833984375,0.0,0.0047607421875,0.0,0.120208740234375,0.6065012613932291,OR52J3,gpcr
ENSG00000196778,11,4384342,4580949,196608,1,True,9,0.004857381184895833,0.022878011067708332,1.52587890625e-05,0.027445475260416668,0.07367960611979167,0.6002960205078125,0.2708282470703125,0.004857381184895833,0.022944132486979168,0.027750651041666668,0.027445475260416668,0.0742340087890625,0.2708282470703125,OR52K1,gpcr
ENSG00000181963,11,4350991,4547598,196608,1,True,10,0.004791259765625,0.0006205240885416666,1.52587890625e-05,0.0,0.103668212890625,0.5979715983072916,0.2929331461588542,0.004791259765625,0.0006205240885416666,0.005427042643229167,0.0,0.103668212890625,0.2929331461588542,OR52K2,gpcr
ENSG00000183313,11,5888682,6085289,196608,-1,True,14,0.0050201416015625,0.0005289713541666666,1.52587890625e-05,0.0,0.136016845703125,0.5429128011067709,0.3155059814453125,0.0050201416015625,0.0005289713541666666,0.005564371744791667,0.0,0.136016845703125,0.3155059814453125,OR52L1,gpcr
ENSG00000197790,11,4446887,4643494,196608,1,True,11,0.0048370361328125,0.0,1.52587890625e-05,0.0,0.1485443115234375,0.4018351236979167,0.4447682698567708,0.0048370361328125,0.0,0.004852294921875,0.0,0.1485443115234375,0.4447682698567708,OR52M1,gpcr
ENSG00000181001,11,5692962,5889569,196608,-1,True,14,0.0048828125,0.008046468098958334,1.52587890625e-05,0.011444091796875,0.1642913818359375,0.8113199869791666,0.0,0.0048828125,0.008046468098958334,0.012944539388020834,0.011444091796875,0.1642913818359375,0.0,OR52N1,gpcr
ENSG00000180988,11,5710620,5907227,196608,1,True,16,0.0048980712890625,0.0019785563151041665,1.52587890625e-05,0.057103474934895836,0.13639322916666666,0.7996114095052084,0.0,0.0048980712890625,0.0019785563151041665,0.006891886393229167,0.057103474934895836,0.13836161295572916,0.0,OR52N2,gpcr
ENSG00000181074,11,5655939,5852546,196608,1,True,14,0.0048980712890625,0.0018463134765625,1.52587890625e-05,0.0019683837890625,0.17670186360677084,0.8145701090494791,0.0,0.0048980712890625,0.0018463134765625,0.0067596435546875,0.0019683837890625,0.17670186360677084,0.0,OR52N4,gpcr
ENSG00000181009,11,5685052,5881659,196608,-1,True,15,0.00494384765625,0.009221394856770834,1.52587890625e-05,0.022394816080729168,0.1549224853515625,0.808502197265625,0.0,0.00494384765625,0.009221394856770834,0.014180501302083334,0.022394816080729168,0.1549224853515625,0.0,OR52N5,gpcr
ENSG00000279270,11,4706077,4902684,196608,-1,True,21,0.0048065185546875,0.0,1.52587890625e-05,0.0,0.09814961751302083,0.8970286051432291,0.0,0.0048065185546875,0.0,0.00482177734375,0.0,0.09814961751302083,0.0,OR52R1,gpcr
ENSG00000175485,11,6100920,6297527,196608,1,True,12,0.0048828125,0.0,1.52587890625e-05,0.0,0.09172566731770833,0.6609598795572916,0.2424163818359375,0.0048828125,0.0,0.0048980712890625,0.0,0.09172566731770833,0.2424163818359375,OR52W1,gpcr
ENSG00000180934,11,5932455,6129062,196608,-1,True,15,0.004791259765625,0.038518269856770836,1.52587890625e-05,0.032984415690104164,0.09307352701822917,0.4494781494140625,0.3811391194661458,0.004791259765625,0.038518269856770836,0.043324788411458336,0.032984415690104164,0.09307352701822917,0.3811391194661458,OR56A1,gpcr
ENSG00000184478,11,5843947,6040554,196608,1,True,14,0.0048065185546875,0.018549601236979168,0.001220703125,0.039494832356770836,0.1275177001953125,0.4929046630859375,0.3155059814453125,0.0048065185546875,0.018549601236979168,0.024576822916666668,0.039494832356770836,0.1275177001953125,0.3155059814453125,OR56A3,gpcr
ENSG00000183389,11,5908643,6105250,196608,-1,True,12,0.0055694580078125,0.014424641927083334,1.52587890625e-05,0.018147786458333332,0.10779317220052083,0.4852854410807292,0.3687642415364583,0.0055694580078125,0.015218098958333334,0.020009358723958332,0.018147786458333332,0.10779317220052083,0.3687642415364583,OR56A4,gpcr
ENSG00000188691,11,5870191,6066798,196608,-1,True,15,0.0047760009765625,0.0,1.52587890625e-05,0.0,0.152099609375,0.5276031494140625,0.3155059814453125,0.0047760009765625,0.0,0.004791259765625,0.0,0.152099609375,0.3155059814453125,OR56A5,gpcr
ENSG00000181023,11,5638144,5834751,196608,1,True,15,0.00494384765625,0.0055999755859375,1.52587890625e-05,0.0,0.1775665283203125,0.8118743896484375,0.0,0.00494384765625,0.0055999755859375,0.01055908203125,0.0,0.1808319091796875,0.0,OR56B1,gpcr
ENSG00000181017,11,5662849,5859456,196608,1,True,14,0.00482177734375,0.0158538818359375,1.52587890625e-05,0.019632975260416668,0.16756693522135416,0.7921091715494791,0.0,0.00482177734375,0.0158538818359375,0.02069091796875,0.019632975260416668,0.16756693522135416,0.0,OR56B2,gpcr
ENSG00000180919,11,6009380,6205987,196608,1,True,13,0.0048675537109375,0.0009765625,1.52587890625e-05,0.0,0.09037272135416667,0.6681874593098959,0.2355804443359375,0.0048675537109375,0.0009765625,0.005859375,0.0,0.0926361083984375,0.2355804443359375,OR56B4,gpcr
ENSG00000182162,X,1438882,1635489,196608,-1,True,4,0.0054779052734375,0.022288004557291668,1.52587890625e-05,0.3517354329427083,0.040598551432291664,0.2571461995442708,0.3227386474609375,0.0054779052734375,0.022288004557291668,0.027781168619791668,0.3517354329427083,0.040598551432291664,0.3227386474609375,P2RY8,gpcr
ENSG00000078589,X,78847087,79043694,196608,1,True,2,0.0051727294921875,0.01300048828125,1.52587890625e-05,0.07537841796875,0.0029042561848958335,0.06473286946614583,0.8387959798177084,0.0051727294921875,0.01300048828125,0.0181884765625,0.07537841796875,0.0029042561848958335,0.8387959798177084,P2RY10,gpcr
ENSG00000091622,17,6458252,6654859,196608,-1,True,8,0.012725830078125,0.002716064453125,0.015894571940104168,0.4686635335286458,0.08935546875,0.3001810709635417,0.11046346028645833,0.012725830078125,0.002716064453125,0.031336466471354164,0.4686635335286458,0.090789794921875,0.11046346028645833,PITPNM3,gpcr
ENSG00000128602,7,129090329,129286936,196608,1,True,9,0.012120564778645834,0.010447184244791666,0.0022176106770833335,0.1025543212890625,0.033223470052083336,0.4384613037109375,0.4009755452473958,0.012120564778645834,0.0202178955078125,0.024785359700520832,0.1025543212890625,0.035944620768229164,0.4009755452473958,SMO,gpcr
ENSG00000173578,3,45929180,46125787,196608,-1,True,8,0.0050811767578125,0.0238800048828125,1.52587890625e-05,0.3211415608723958,0.08026123046875,0.385040283203125,0.18458048502604166,0.0050811767578125,0.0238800048828125,0.0289764404296875,0.3211415608723958,0.08502197265625,0.18458048502604166,XCR1,gpcr
ENSG00000163823,3,46110010,46306617,196608,-1,True,5,0.0054168701171875,0.010640462239583334,1.52587890625e-05,0.017842610677083332,0.048344930013020836,0.6612091064453125,0.25653076171875,0.0054168701171875,0.010640462239583334,0.016072591145833332,0.017842610677083332,0.048344930013020836,0.25653076171875,CCR1,gpcr
ENSG00000121807,3,46255807,46452414,196608,1,True,11,0.006413777669270833,0.013193766276041666,0.0012715657552083333,0.015116373697916666,0.13385009765625,0.3838958740234375,0.446258544921875,0.006413777669270833,0.0141143798828125,0.020879109700520832,0.015116373697916666,0.13385009765625,0.446258544921875,CCR2,gpcr
ENSG00000183625,3,46144156,46340763,196608,1,True,4,0.0057373046875,0.0063629150390625,0.015904744466145832,0.5953216552734375,0.0130615234375,0.0404510498046875,0.3231608072916667,0.0057373046875,0.006683349609375,0.028004964192708332,0.5953216552734375,0.029134114583333332,0.3231608072916667,CCR3,gpcr
ENSG00000183813,3,32853340,33049947,196608,1,True,4,0.0054931640625,0.013799031575520834,1.52587890625e-05,0.008550008138020834,0.0602569580078125,0.4413045247395833,0.4705810546875,0.0054931640625,0.013799031575520834,0.019307454427083332,0.008550008138020834,0.0602569580078125,0.4705810546875,CCR4,gpcr
ENSG00000160791,3,46272642,46469249,196608,1,True,10,0.00537109375,0.012822469075520834,1.52587890625e-05,0.008550008138020834,0.12682596842447916,0.4303436279296875,0.4160715738932292,0.00537109375,0.012822469075520834,0.018208821614583332,0.008550008138020834,0.1321258544921875,0.4160715738932292,CCR5,gpcr
ENSG00000112486,6,167024792,167221399,196608,1,True,12,0.005706787109375,0.016042073567708332,1.52587890625e-05,0.11732991536458333,0.14816792805989584,0.56878662109375,0.143951416015625,0.005706787109375,0.016042073567708332,0.021764119466145832,0.11732991536458333,0.17849222819010416,0.143951416015625,CCR6,gpcr
ENSG00000126353,17,40467169,40663776,196608,-1,True,12,0.005767822265625,0.0206451416015625,1.52587890625e-05,0.046773274739583336,0.18786112467447916,0.3984781901041667,0.3404591878255208,0.005767822265625,0.021392822265625,0.02642822265625,0.046773274739583336,0.19415283203125,0.3404591878255208,CCR7,gpcr
ENSG00000179934,3,39231405,39428012,196608,1,True,13,0.0054168701171875,0.015299479166666666,0.0,0.012654622395833334,0.1489715576171875,0.7241719563802084,0.09348551432291667,0.0054168701171875,0.0180206298828125,0.020716349283854168,0.012654622395833334,0.15385945638020834,0.09348551432291667,CCR8,gpcr
ENSG00000173585,3,45788239,45984846,196608,1,True,10,0.006067911783854167,0.0216217041015625,0.0007832845052083334,0.0726776123046875,0.17375691731770834,0.7188924153645834,0.006200154622395833,0.006067911783854167,0.026117960611979168,0.028472900390625,0.0726776123046875,0.17444356282552084,0.006200154622395833,CCR9,gpcr
ENSG00000184451,17,42583540,42780147,196608,-1,True,19,0.005523681640625,0.007781982421875,1.52587890625e-05,0.012257893880208334,0.194671630859375,0.6638692220052084,0.11588033040364583,0.005523681640625,0.01104736328125,0.0133209228515625,0.012257893880208334,0.20244344075520834,0.11588033040364583,CCR10,gpcr
ENSG00000121797,3,46308955,46505562,196608,1,True,9,0.00543212890625,0.015528361002604166,0.0035603841145833335,0.005254109700520833,0.12652079264322916,0.49444580078125,0.3492584228515625,0.00543212890625,0.0156402587890625,0.0245208740234375,0.005254109700520833,0.12672932942708334,0.3492584228515625,CCRL2,gpcr
ENSG00000075275,22,46439317,46635924,196608,-1,True,5,0.021855672200520832,0.0038553873697916665,3.0517578125e-05,0.4742584228515625,0.0506439208984375,0.3768666585286458,0.07248942057291667,0.021855672200520832,0.0038553873697916665,0.0257415771484375,0.4742584228515625,0.0528411865234375,0.07248942057291667,CELSR1,gpcr
ENSG00000143126,1,109151235,109347842,196608,1,True,6,0.0446014404296875,0.011408487955729166,0.009246826171875,0.0680694580078125,0.13958231608072916,0.5650736490885416,0.162017822265625,0.0446014404296875,0.011408487955729166,0.06525675455729167,0.0680694580078125,0.13958231608072916,0.162017822265625,CELSR2,gpcr
ENSG00000008300,3,48564583,48761190,196608,-1,True,13,0.050537109375,0.010142008463541666,0.009765625,0.06395467122395833,0.22559102376302084,0.5833231608072916,0.0566864013671875,0.050537109375,0.010142008463541666,0.07044474283854167,0.06395467122395833,0.22603352864583334,0.0566864013671875,CELSR3,gpcr
ENSG00000168539,11,62823060,63019667,196608,-1,True,22,0.00701904296875,0.009699503580729166,1.52587890625e-05,0.0503997802734375,0.16641743977864584,0.6843770345052084,0.08207194010416667,0.00701904296875,0.009699503580729166,0.016733805338541668,0.0503997802734375,0.17473347981770834,0.08207194010416667,CHRM1,gpcr
ENSG00000181072,7,136770348,136966955,196608,1,True,4,0.0,0.004547119140625,0.010981241861979166,0.4844716389973958,0.0117950439453125,0.4882049560546875,0.0,0.0,0.004547119140625,0.015528361002604166,0.4844716389973958,0.028086344401041668,0.0,CHRM2,gpcr
ENSG00000133019,1,239288264,239484871,196608,1,True,0,0.0,0.004053751627604167,0.000152587890625,0.4960734049479167,0.0,0.0,0.4997202555338542,0.0,0.004053751627604167,0.004206339518229167,0.4960734049479167,0.0,0.4997202555338542,CHRM3,gpcr
ENSG00000180720,11,46293473,46490080,196608,-1,True,10,0.0073089599609375,0.0103759765625,1.52587890625e-05,0.025034586588541668,0.10729471842447917,0.7680511474609375,0.08191935221354167,0.0073089599609375,0.0103759765625,0.0177001953125,0.025034586588541668,0.10856119791666667,0.08191935221354167,CHRM4,gpcr
ENSG00000184984,15,33870193,34066800,196608,1,True,4,0.00811767578125,0.019246419270833332,1.52587890625e-05,0.4726206461588542,0.0023549397786458335,0.4976450602213542,0.0,0.00811767578125,0.019246419270833332,0.027379353841145832,0.4726206461588542,0.0224456787109375,0.0,CHRM5,gpcr
ENSG00000168329,3,39181733,39378340,196608,-1,True,13,0.0059051513671875,0.014556884765625,1.52587890625e-05,0.07230122884114583,0.13031005859375,0.6821339925130209,0.09477742513020833,0.0059051513671875,0.014973958333333334,0.020477294921875,0.07230122884114583,0.13031005859375,0.09477742513020833,CX3CR1,gpcr
ENSG00000163464,2,218068659,218265266,196608,-1,True,9,0.005340576171875,0.007151285807291667,1.52587890625e-05,0.008458455403645834,0.10917154947916667,0.3976694742838542,0.4721934000651042,0.005340576171875,0.007151285807291667,0.012507120768229166,0.008458455403645834,0.10917154947916667,0.4721934000651042,CXCR1,gpcr
ENSG00000180871,2,218027724,218224331,196608,1,True,10,0.0054931640625,0.012044270833333334,1.52587890625e-05,0.043294270833333336,0.06331888834635417,0.4157307942708333,0.4601033528645833,0.0054931640625,0.012044270833333334,0.017552693684895832,0.043294270833333336,0.0645751953125,0.4601033528645833,CXCR2,gpcr
ENSG00000186810,X,71520208,71716815,196608,-1,True,11,0.0063934326171875,0.0030619303385416665,1.52587890625e-05,0.0037333170572916665,0.13742574055989584,0.4261372884114583,0.4232330322265625,0.0063934326171875,0.0031229654947916665,0.009470621744791666,0.0037333170572916665,0.13742574055989584,0.4232330322265625,CXCR3,gpcr
ENSG00000121966,2,136019846,136216453,196608,-1,True,10,0.0055389404296875,0.009206136067708334,1.52587890625e-05,0.009801228841145834,0.044626871744791664,0.72357177734375,0.20723978678385416,0.0055389404296875,0.009424845377604166,0.014760335286458334,0.009801228841145834,0.044626871744791664,0.20723978678385416,CXCR4,gpcr
ENSG00000160683,11,118785588,118982195,196608,1,True,17,0.00567626953125,0.016143798828125,1.52587890625e-05,0.0488433837890625,0.10931396484375,0.5613454182942709,0.2586619059244792,0.00567626953125,0.016143798828125,0.0218353271484375,0.0488433837890625,0.1375885009765625,0.2586619059244792,CXCR5,gpcr
ENSG00000184845,5,175345879,175542486,196608,-1,True,5,0.006805419921875,0.014485677083333334,1.52587890625e-05,0.0029449462890625,0.06580607096354167,0.3916473388671875,0.5182952880859375,0.006805419921875,0.014485677083333334,0.021306355794270832,0.0029449462890625,0.06580607096354167,0.5182952880859375,DRD1,gpcr
ENSG00000149295,11,113377095,113573702,196608,-1,True,5,0.006810506184895833,0.01513671875,0.0032602945963541665,0.314544677734375,0.017344156901041668,0.12787882486979166,0.5150248209635416,0.006810506184895833,0.01513671875,0.02520751953125,0.314544677734375,0.01910400390625,0.5150248209635416,DRD2,gpcr
ENSG00000151577,3,114080749,114277356,196608,-1,True,6,0.00634765625,0.010172526041666666,1.52587890625e-05,0.3488006591796875,0.05523681640625,0.14864603678385416,0.4307810465494792,0.00634765625,0.012598673502604166,0.016535441080729168,0.3488006591796875,0.05523681640625,0.4307810465494792,DRD3,gpcr
ENSG00000069696,11,538965,735572,196608,1,True,16,0.0063934326171875,0.0007069905598958334,0.0005340576171875,0.009852091471354166,0.23963419596354166,0.5852406819661459,0.1576385498046875,0.0063934326171875,0.0007069905598958334,0.007634480794270833,0.009852091471354166,0.23963419596354166,0.1576385498046875,DRD4,gpcr
ENSG00000169676,4,9683330,9879937,196608,1,True,12,0.0072784423828125,0.0056610107421875,1.52587890625e-05,0.0004018147786458333,0.08147176106770833,0.8299407958984375,0.07523091634114583,0.0072784423828125,0.0056610107421875,0.0129547119140625,0.0004018147786458333,0.08147176106770833,0.07523091634114583,DRD5,gpcr
ENSG00000157766,15,88705132,88901739,196608,1,True,3,0.040659586588541664,0.014180501302083334,0.00067138671875,0.3102823893229167,0.030690511067708332,0.10859171549479167,0.4949239095052083,0.040659586588541664,0.014765421549479166,0.055511474609375,0.3102823893229167,0.031707763671875,0.4949239095052083,ACAN,immune
ENSG00000162897,1,206872157,207068764,196608,-1,True,9,0.009368896484375,0.005452473958333333,0.0031890869140625,0.04638671875,0.14187113444010416,0.396484375,0.397247314453125,0.009368896484375,0.014058430989583334,0.018010457356770832,0.04638671875,0.14187113444010416,0.397247314453125,FCAMR,immune
ENSG00000186431,19,54775931,54972538,196608,1,True,14,0.004725138346354167,0.011784871419270834,0.0004119873046875,0.07049051920572917,0.0843353271484375,0.6525166829427084,0.1757354736328125,0.004725138346354167,0.012400309244791666,0.0169219970703125,0.07049051920572917,0.08813985188802083,0.1757354736328125,FCAR,immune
ENSG00000179639,1,159204032,159400639,196608,1,True,9,0.0039215087890625,0.0019887288411458335,1.52587890625e-05,0.088226318359375,0.039326985677083336,0.3283487955729167,0.5381724039713541,0.0039215087890625,0.0019887288411458335,0.005925496419270833,0.088226318359375,0.039326985677083336,0.5381724039713541,FCER1A,immune
ENSG00000158869,1,161116991,161313598,196608,1,True,21,0.002532958984375,0.0028177897135416665,8.138020833333333e-05,0.022369384765625,0.3150685628255208,0.3912353515625,0.2658945719401042,0.002532958984375,0.0028177897135416665,0.00543212890625,0.022369384765625,0.3150685628255208,0.2658945719401042,FCER1G,immune
ENSG00000104921,19,7603828,7800435,196608,-1,True,20,0.004994710286458333,0.0049591064453125,0.0025126139322916665,0.055633544921875,0.20952860514322916,0.2687937418619792,0.4535776774088542,0.004994710286458333,0.0049591064453125,0.0124664306640625,0.055633544921875,0.20952860514322916,0.4535776774088542,FCER2,immune
ENSG00000150337,1,149684390,149880997,196608,1,True,20,0.0061798095703125,0.005610148111979167,0.0036214192708333335,0.034825642903645836,0.15407307942708334,0.4696909586588542,0.3259989420572917,0.0061798095703125,0.005610148111979167,0.015411376953125,0.034825642903645836,0.17249043782552084,0.3259989420572917,FCGR1A,immune
ENSG00000143226,1,161407153,161603760,196608,1,True,15,0.005681355794270833,0.013453165690104166,0.008809407552083334,0.06665547688802083,0.07554117838541667,0.6523946126302084,0.17746480305989584,0.005681355794270833,0.017842610677083332,0.027943929036458332,0.06665547688802083,0.09299723307291667,0.17746480305989584,FCGR2A,immune
ENSG00000072694,1,161564839,161761446,196608,1,True,22,0.004730224609375,0.011876424153645834,0.023015340169270832,0.045257568359375,0.1302337646484375,0.5150807698567709,0.269805908203125,0.004730224609375,0.011876424153645834,0.039621988932291664,0.045257568359375,0.13539632161458334,0.269805908203125,FCGR2B,immune
ENSG00000244682,1,161483036,161679643,196608,1,True,21,0.0049285888671875,0.0004984537760416666,0.010548909505208334,0.1077423095703125,0.18112691243489584,0.4630584716796875,0.23209635416666666,0.0049285888671875,0.0004984537760416666,0.0159759521484375,0.1077423095703125,0.18256123860677084,0.23209635416666666,FCGR2C,immune
ENSG00000203747,1,161451515,161648122,196608,-1,True,20,0.005376180013020833,0.018605550130208332,0.001953125,0.020909627278645832,0.1238250732421875,0.6007283528645834,0.22860209147135416,0.005376180013020833,0.019933064778645832,0.025934855143229168,0.020909627278645832,0.12636311848958334,0.22860209147135416,FCGR3A,immune
ENSG00000162747,1,161532873,161729480,196608,-1,True,21,0.0035552978515625,0.008992513020833334,0.0017038981119791667,0.030344645182291668,0.16572062174479166,0.583740234375,0.20594278971354166,0.0035552978515625,0.0090484619140625,0.014251708984375,0.030344645182291668,0.16806538899739584,0.20594278971354166,FCGR3B,immune
ENSG00000162894,1,206823638,207020245,196608,-1,True,9,0.0064239501953125,0.009974161783854166,0.00103759765625,0.0839385986328125,0.10478719075520833,0.2743682861328125,0.51947021484375,0.0064239501953125,0.013478597005208334,0.017435709635416668,0.0839385986328125,0.11445109049479167,0.51947021484375,FCMR,immune
ENSG00000163534,1,157721817,157918424,196608,-1,True,4,0.007105509440104167,0.0203399658203125,0.004094441731770833,0.11054484049479167,0.0446014404296875,0.4626210530598958,0.3506927490234375,0.007105509440104167,0.020640055338541668,0.0315399169921875,0.11054484049479167,0.0446014404296875,0.3506927490234375,FCRL1,immune
ENSG00000132704,1,157678829,157875436,196608,-1,True,7,0.0086669921875,0.007741292317708333,0.010014851888020834,0.13398234049479166,0.07324727376302083,0.4146931966145833,0.351654052734375,0.0086669921875,0.007741292317708333,0.026423136393229168,0.13398234049479166,0.07324727376302083,0.351654052734375,FCRL2,immune
ENSG00000160856,1,157602466,157799073,196608,-1,True,9,0.011566162109375,0.0123138427734375,0.0091400146484375,0.10217793782552083,0.06705220540364583,0.24006144205729166,0.5576883951822916,0.011566162109375,0.0125885009765625,0.03302001953125,0.10217793782552083,0.0726318359375,0.5576883951822916,FCRL3,immune
ENSG00000163518,1,157499782,157696389,196608,-1,True,7,0.0078582763671875,0.009755452473958334,0.0021311442057291665,0.1040496826171875,0.0987548828125,0.31744384765625,0.4600067138671875,0.0078582763671875,0.009755452473958334,0.019744873046875,0.1040496826171875,0.0987548828125,0.4600067138671875,FCRL4,immune
ENSG00000143297,1,157454212,157650819,196608,-1,True,5,0.015584309895833334,0.027618408203125,0.019938151041666668,0.13593037923177084,0.029108683268229168,0.16680399576822916,0.6050160725911459,0.015584309895833334,0.027618408203125,0.063140869140625,0.13593037923177084,0.029108683268229168,0.6050160725911459,FCRL5,immune
ENSG00000181036,1,159704056,159900663,196608,1,True,16,0.0067291259765625,0.0038197835286458335,0.0030924479166666665,0.06647745768229167,0.14035542805989584,0.55950927734375,0.2200164794921875,0.0067291259765625,0.004313151041666667,0.013641357421875,0.06647745768229167,0.14035542805989584,0.2200164794921875,FCRL6,immune
ENSG00000132185,1,161608925,161805532,196608,1,True,19,0.005828857421875,0.006245930989583333,0.0046539306640625,0.020884195963541668,0.13913472493489584,0.5534464518229166,0.269805908203125,0.005828857421875,0.006505330403645833,0.016728719075520832,0.020884195963541668,0.13913472493489584,0.269805908203125,FCRLA,immune
ENSG00000162746,1,161623240,161819847,196608,1,True,16,0.006500244140625,0.0036519368489583335,0.0031280517578125,0.020289103190104168,0.13664754231770834,0.5599772135416666,0.269805908203125,0.006500244140625,0.005411783854166667,0.013280232747395834,0.020289103190104168,0.13664754231770834,0.269805908203125,FCRLB,immune
ENSG00000164946,9,14812125,15008732,196608,-1,True,6,0.014714558919270834,0.0064544677734375,0.0,0.4817148844401042,0.072113037109375,0.3755442301432292,0.049458821614583336,0.014714558919270834,0.0064544677734375,0.021169026692708332,0.4817148844401042,0.07265726725260417,0.049458821614583336,FREM1,immune
ENSG00000125498,19,54671489,54868096,196608,1,True,15,0.005706787109375,0.0029347737630208335,1.52587890625e-05,0.06529744466145833,0.09067789713541667,0.56463623046875,0.2707316080729167,0.005706787109375,0.0029347737630208335,0.008656819661458334,0.06529744466145833,0.09086100260416667,0.2707316080729167,KIR2DL1,immune
ENSG00000243772,19,54640209,54836816,196608,1,True,19,0.0055999755859375,0.0029246012369791665,1.52587890625e-05,0.065460205078125,0.11297098795572917,0.5335896809895834,0.2794392903645833,0.0055999755859375,0.0029246012369791665,0.008539835611979166,0.065460205078125,0.11297098795572917,0.2794392903645833,KIR2DL3,immune
ENSG00000189013,19,54705306,54901913,196608,1,True,15,0.0060882568359375,0.0022939046223958335,0.0,0.047098795572916664,0.09649658203125,0.6584065755208334,0.18961588541666666,0.0060882568359375,0.0038604736328125,0.008382161458333334,0.047098795572916664,0.09649658203125,0.18961588541666666,KIR2DL4,immune
ENSG00000221957,19,54734372,54930979,196608,1,True,15,0.004526774088541667,0.0036366780598958335,1.52587890625e-05,0.072662353515625,0.09477742513020833,0.6486460367838541,0.1757354736328125,0.004526774088541667,0.0036366780598958335,0.0081787109375,0.072662353515625,0.09477742513020833,0.1757354736328125,KIR2DS4,immune
ENSG00000167633,19,54718164,54914771,196608,1,True,14,0.00677490234375,0.0027262369791666665,1.52587890625e-05,0.06327311197916667,0.09298197428385417,0.6640370686848959,0.17019144694010416,0.00677490234375,0.0027262369791666665,0.009516398111979166,0.06327311197916667,0.09298197428385417,0.17019144694010416,KIR3DL1,immune
ENSG00000240403,19,54752139,54948746,196608,1,True,14,0.0069427490234375,0.0026499430338541665,1.52587890625e-05,0.07572428385416667,0.09951273600260417,0.6394195556640625,0.1757354736328125,0.0069427490234375,0.0026499430338541665,0.009607950846354166,0.07572428385416667,0.09951273600260417,0.1757354736328125,KIR3DL2,immune
ENSG00000242019,19,54626138,54822745,196608,1,True,20,0.006256103515625,0.0030059814453125,1.52587890625e-05,0.052729288736979164,0.1353912353515625,0.5261179606119791,0.2764841715494792,0.006256103515625,0.0030059814453125,0.00927734375,0.052729288736979164,0.13556925455729166,0.2764841715494792,KIR3DL3,immune
ENSG00000111796,12,9509613,9706220,196608,-1,True,13,0.0034332275390625,0.004069010416666667,1.52587890625e-05,0.060465494791666664,0.166961669921875,0.7370249430338541,0.0280303955078125,0.0034332275390625,0.004069010416666667,0.007517496744791667,0.060465494791666664,0.17020161946614584,0.0280303955078125,KLRB1,immune
ENSG00000134545,12,10355074,10551681,196608,-1,True,11,0.0035603841145833335,0.007222493489583333,0.0030873616536458335,0.049311319986979164,0.11124165852864583,0.4545694986979167,0.3710072835286458,0.0035603841145833335,0.007222493489583333,0.0138702392578125,0.049311319986979164,0.11142985026041667,0.3710072835286458,KLRC1,immune
ENSG00000205809,12,10337707,10534314,196608,-1,True,10,0.003992716471354167,0.0036519368489583335,1.52587890625e-05,0.0709075927734375,0.112579345703125,0.36639404296875,0.4424591064453125,0.003992716471354167,0.0048065185546875,0.007659912109375,0.0709075927734375,0.11452738444010417,0.4424591064453125,KLRC2,immune
ENSG00000205810,12,10322292,10518899,196608,-1,True,11,0.0041351318359375,0.0016581217447916667,3.0517578125e-05,0.036295572916666664,0.15096537272135416,0.4047800699869792,0.4021352132161458,0.0041351318359375,0.0016581217447916667,0.005823771158854167,0.036295572916666664,0.154266357421875,0.4021352132161458,KLRC3,immune
ENSG00000134539,12,10209566,10406173,196608,1,True,12,0.0029246012369791665,0.07848103841145833,0.007695515950520833,0.4375864664713542,0.08779398600260417,0.23450724283854166,0.15101114908854166,0.0029246012369791665,0.07976277669270833,0.08910115559895833,0.4375864664713542,0.10109965006510417,0.15101114908854166,KLRD1,immune
ENSG00000150045,12,9729177,9925784,196608,1,True,9,0.0036214192708333335,0.0027872721354166665,0.0,0.08273824055989583,0.052820841471354164,0.3541971842447917,0.5038350423177084,0.0036214192708333335,0.0037892659505208335,0.00640869140625,0.08273824055989583,0.052820841471354164,0.5038350423177084,KLRF1,immune
ENSG00000256797,12,9783185,9979792,196608,1,True,9,0.0031585693359375,0.0005442301432291666,1.52587890625e-05,0.069244384765625,0.09187825520833333,0.46209716796875,0.3730621337890625,0.0031585693359375,0.0005442301432291666,0.0037180582682291665,0.069244384765625,0.09187825520833333,0.3730621337890625,KLRF2,immune
ENSG00000139187,12,8891242,9087849,196608,1,True,9,0.003021240234375,0.008214314778645834,0.001953125,0.2956339518229167,0.12766520182291666,0.3480122884114583,0.2154998779296875,0.003021240234375,0.0091400146484375,0.013188680013020834,0.2956339518229167,0.13194783528645834,0.2154998779296875,KLRG1,immune
ENSG00000188883,7,139385370,139581977,196608,-1,True,8,0.006841023763020833,0.014902750651041666,0.0,0.14635721842447916,0.11699930826822917,0.4132741292317708,0.3016255696614583,0.006841023763020833,0.015228271484375,0.0217437744140625,0.14635721842447916,0.11699930826822917,0.3016255696614583,KLRG2,immune
ENSG00000213809,12,10291738,10488345,196608,-1,True,11,0.0032958984375,0.005421956380208333,0.006764729817708333,0.08381144205729167,0.1750030517578125,0.4113362630208333,0.3143666585286458,0.0032958984375,0.006952921549479167,0.015482584635416666,0.08381144205729167,0.18753560384114584,0.3143666585286458,KLRK1,immune
ENSG00000204381,11,111442416,111639023,196608,1,True,12,0.006764729817708333,0.009714762369791666,0.00042724609375,0.09227498372395833,0.0721282958984375,0.5979970296223959,0.22069295247395834,0.006764729817708333,0.0148773193359375,0.01690673828125,0.09227498372395833,0.0721282958984375,0.22069295247395834,LAYN,immune
ENSG00000104974,19,54495328,54691935,196608,1,True,19,0.0074615478515625,0.008961995442708334,0.0033009847005208335,0.025034586588541668,0.15997823079427084,0.4424997965494792,0.3527628580729167,0.0074615478515625,0.008961995442708334,0.019724527994791668,0.025034586588541668,0.15997823079427084,0.3527628580729167,LILRA1,immune
ENSG00000239998,19,54475486,54672093,196608,1,True,19,0.008463541666666666,0.018244425455729168,0.0004984537760416666,0.061131795247395836,0.15125528971354166,0.4051106770833333,0.3552958170572917,0.008463541666666666,0.018971761067708332,0.0272064208984375,0.061131795247395836,0.1555633544921875,0.3552958170572917,LILRA2,immune
ENSG00000239961,19,54240859,54437466,196608,-1,True,29,0.007965087890625,0.0023193359375,0.0008188883463541666,0.0193023681640625,0.21903483072916666,0.4295196533203125,0.3210398356119792,0.007965087890625,0.0023193359375,0.011103312174479166,0.0193023681640625,0.2209625244140625,0.3210398356119792,LILRA4,immune
ENSG00000187116,19,54214863,54411470,196608,-1,True,29,0.0045623779296875,0.0026397705078125,0.0020345052083333335,0.021921793619791668,0.21800740559895834,0.4297943115234375,0.3210398356119792,0.0045623779296875,0.0026397705078125,0.009236653645833334,0.021921793619791668,0.22299702962239584,0.3210398356119792,LILRA5,immune
ENSG00000244482,19,54144487,54341094,196608,-1,True,32,0.0073394775390625,0.012232462565104166,0.0008290608723958334,0.011138916015625,0.2632649739583333,0.56195068359375,0.14324442545572916,0.0073394775390625,0.01617431640625,0.0204010009765625,0.011138916015625,0.2632649739583333,0.14324442545572916,LILRA6,immune
ENSG00000104972,19,54532180,54728787,196608,1,True,23,0.011164347330729166,0.012237548828125,0.007649739583333333,0.0793914794921875,0.15633646647135416,0.3250732421875,0.4081471761067708,0.011164347330729166,0.014521280924479166,0.0310516357421875,0.0793914794921875,0.15814208984375,0.4081471761067708,LILRB1,immune
ENSG00000131042,19,54182807,54379414,196608,-1,True,33,0.009241739908854166,0.007990519205729166,0.003916422526041667,0.016352335611979168,0.2564798990885417,0.4975026448567708,0.20851643880208334,0.009241739908854166,0.0099945068359375,0.021148681640625,0.016352335611979168,0.2564798990885417,0.20851643880208334,LILRB2,immune
ENSG00000204577,19,54124704,54321311,196608,-1,True,32,0.010106404622395834,0.0058441162109375,0.0030670166015625,0.017751057942708332,0.2837575276692708,0.5155893961588541,0.16388448079427084,0.010106404622395834,0.012125651041666666,0.019017537434895832,0.017751057942708332,0.2855072021484375,0.16388448079427084,LILRB3,immune
ENSG00000186818,19,54564681,54761288,196608,1,True,22,0.007476806640625,0.013142903645833334,0.011566162109375,0.10245259602864583,0.13596598307291666,0.4044545491536458,0.3249409993489583,0.007476806640625,0.018437703450520832,0.032185872395833336,0.10245259602864583,0.14679463704427084,0.3249409993489583,LILRB4,immune
ENSG00000105609,19,54158970,54355577,196608,-1,True,32,0.010223388671875,0.007685343424479167,0.018025716145833332,0.004343668619791667,0.243804931640625,0.5203399658203125,0.19557698567708334,0.010223388671875,0.007685343424479167,0.0359344482421875,0.004343668619791667,0.24399820963541666,0.19557698567708334,LILRB5,immune
ENSG00000141505,17,7081067,7277674,196608,-1,True,20,0.004445393880208333,0.010477701822916666,0.006011962890625,0.015248616536458334,0.221343994140625,0.4580078125,0.2844645182291667,0.004445393880208333,0.012868245442708334,0.02093505859375,0.015248616536458334,0.22192891438802084,0.2844645182291667,ASGR1,immune
ENSG00000161944,17,7016519,7213126,196608,-1,True,17,0.005167643229166667,0.0158233642578125,0.0016276041666666667,0.0609893798828125,0.16864013671875,0.3416798909505208,0.4060719807942708,0.005167643229166667,0.0158233642578125,0.022618611653645832,0.0609893798828125,0.17036946614583334,0.4060719807942708,ASGR2,immune
ENSG00000054219,2,159806453,160003060,196608,-1,True,4,0.025380452473958332,0.0003763834635416667,0.009526570638020834,0.4647165934244792,0.071319580078125,0.2981363932291667,0.13054402669270834,0.025380452473958332,0.0003763834635416667,0.035283406575520836,0.4647165934244792,0.09875996907552083,0.13054402669270834,LY75,immune
ENSG00000260314,10,17711044,17907651,196608,1,True,4,0.020502726236979168,0.0022989908854166665,0.0,0.4788970947265625,0.0396575927734375,0.23728434244791666,0.2213592529296875,0.020502726236979168,0.0022989908854166665,0.022801717122395832,0.4788970947265625,0.041224161783854164,0.2213592529296875,MRC1,immune
ENSG00000011028,17,62529366,62725973,196608,1,True,9,0.0225677490234375,0.009368896484375,0.0015869140625,0.3018035888671875,0.09531656901041667,0.4869842529296875,0.08237202962239583,0.0225677490234375,0.012349446614583334,0.0335235595703125,0.3018035888671875,0.10790506998697917,0.08237202962239583,MRC2,immune
ENSG00000249437,5,70927036,71123643,196608,-1,True,10,0.023091634114583332,0.018819173177083332,0.0092315673828125,0.23965962727864584,0.09205118815104167,0.4597625732421875,0.15738423665364584,0.023091634114583332,0.020670572916666668,0.051142374674479164,0.23965962727864584,0.10896809895833333,0.15738423665364584,NAIP,immune
ENSG00000130287,19,19113654,19310261,196608,1,True,12,0.0201568603515625,0.013102213541666666,0.0026499430338541665,0.1690673828125,0.137969970703125,0.5252583821614584,0.13179524739583334,0.0201568603515625,0.013102213541666666,0.035909016927083336,0.1690673828125,0.1384429931640625,0.13179524739583334,NCAN,immune
ENSG00000167984,16,3479100,3675707,196608,-1,True,14,0.017476399739583332,0.016393025716145832,0.000152587890625,0.16114298502604166,0.18210856119791666,0.6029001871744791,0.019826253255208332,0.017476399739583332,0.021993001302083332,0.034022013346354164,0.16114298502604166,0.20499165852864584,0.019826253255208332,NLRC3,immune
ENSG00000091106,2,32166583,32363190,196608,-1,True,7,0.015787760416666668,0.0036570231119791665,1.52587890625e-05,0.19069417317708334,0.11317952473958333,0.422637939453125,0.2540283203125,0.015787760416666668,0.007588704427083333,0.019460042317708332,0.19069417317708334,0.14122517903645834,0.2540283203125,NLRC4,immune
ENSG00000140853,16,56891253,57087860,196608,1,True,10,0.030354817708333332,0.017445882161458332,0.018793741861979168,0.4153493245442708,0.08098856608072917,0.22709147135416666,0.2099761962890625,0.030354817708333332,0.0326690673828125,0.06659444173177083,0.4153493245442708,0.0896453857421875,0.2099761962890625,NLRC5,immune
ENSG00000091592,17,5486206,5682813,196608,-1,True,4,0.026601155598958332,0.041971842447916664,0.0339508056640625,0.5078786214192709,0.023412068684895832,4.0690104166666664e-05,0.3661448160807292,0.026601155598958332,0.064910888671875,0.1025238037109375,0.5078786214192709,0.033574422200520836,0.3661448160807292,NLRP1,immune
ENSG00000022556,19,54868070,55064677,196608,1,True,12,0.017059326171875,0.006825764973958333,0.0082244873046875,0.21209716796875,0.12096150716145833,0.4941151936848958,0.140716552734375,0.017059326171875,0.010320027669270834,0.032109578450520836,0.21209716796875,0.12391153971354167,0.140716552734375,NLRP2,immune
ENSG00000215174,X,57581957,57778564,196608,-1,True,3,0.0006866455078125,0.015543619791666666,1.52587890625e-05,0.0,0.035990397135416664,0.06711832682291667,0.880645751953125,0.0006866455078125,0.015543619791666666,0.016245524088541668,0.0,0.035990397135416664,0.880645751953125,NLRP2B,immune
ENSG00000162711,1,247317869,247514476,196608,1,True,9,0.015782674153645832,0.01263427734375,0.0003458658854166667,0.5680491129557291,0.05218505859375,0.1263427734375,0.22466023763020834,0.015782674153645832,0.017476399739583332,0.0287628173828125,0.5680491129557291,0.12394205729166667,0.22466023763020834,NLRP3,immune
ENSG00000160505,19,55738236,55934843,196608,1,True,6,0.015446980794270834,0.004587809244791667,1.52587890625e-05,0.21043904622395834,0.07046000162760417,0.4482421875,0.2508087158203125,0.015446980794270834,0.004587809244791667,0.020050048828125,0.21043904622395834,0.07178751627604167,0.2508087158203125,NLRP4,immune
ENSG00000171487,19,55901422,56098029,196608,1,True,4,0.018564860026041668,0.0020904541015625,3.0517578125e-05,0.3609670003255208,0.0497589111328125,0.4220479329427083,0.14654032389322916,0.018564860026041668,0.0027008056640625,0.020685831705729168,0.3609670003255208,0.0539093017578125,0.14654032389322916,NLRP5,immune
ENSG00000174885,11,180103,376710,196608,1,True,29,0.01361083984375,0.0012563069661458333,0.0013783772786458333,0.019266764322916668,0.24762471516927084,0.489593505859375,0.22726949055989584,0.01361083984375,0.0012563069661458333,0.016245524088541668,0.019266764322916668,0.2502644856770833,0.22726949055989584,NLRP6,immune
ENSG00000167634,19,54849227,55045834,196608,-1,True,13,0.0158233642578125,0.00421142578125,0.0,0.1976776123046875,0.12125651041666667,0.5098063151041666,0.15122477213541666,0.0158233642578125,0.005137125651041667,0.0200347900390625,0.1976776123046875,0.12408447265625,0.15122477213541666,NLRP7,immune
ENSG00000179709,19,55849528,56046135,196608,1,True,3,0.016484578450520832,0.004002888997395833,3.0517578125e-05,0.18699137369791666,0.052800496419270836,0.6108144124348959,0.128875732421875,0.016484578450520832,0.004002888997395833,0.020517985026041668,0.18699137369791666,0.05303955078125,0.128875732421875,NLRP8,immune
ENSG00000185792,19,55640099,55836706,196608,-1,True,17,0.015706380208333332,0.0025533040364583335,1.52587890625e-05,0.13413492838541666,0.20920308430989584,0.4433949788411458,0.1949920654296875,0.015706380208333332,0.0025533040364583335,0.018274943033854168,0.13413492838541666,0.21707661946614584,0.1949920654296875,NLRP9,immune
ENSG00000182261,11,7867144,8063751,196608,-1,True,14,0.0099945068359375,0.012568155924479166,1.52587890625e-05,0.017659505208333332,0.15893046061197916,0.6337839762369791,0.16704813639322916,0.0099945068359375,0.012568155924479166,0.022577921549479168,0.017659505208333332,0.15893046061197916,0.16704813639322916,NLRP10,immune
ENSG00000179873,19,55733696,55930303,196608,-1,True,7,0.016565958658854168,0.005350748697916667,1.52587890625e-05,0.23952229817708334,0.06915283203125,0.43133544921875,0.23805745442708334,0.016565958658854168,0.010589599609375,0.021931966145833332,0.23952229817708334,0.0704803466796875,0.23805745442708334,NLRP11,immune
ENSG00000142405,19,53726011,53922618,196608,-1,True,40,0.0162353515625,0.0108795166015625,0.006256103515625,0.1307373046875,0.13406880696614584,0.4917551676432292,0.2100677490234375,0.0162353515625,0.0108795166015625,0.0333709716796875,0.1307373046875,0.13406880696614584,0.2100677490234375,NLRP12,immune
ENSG00000173572,19,55834033,56030640,196608,-1,True,4,0.016855875651041668,0.0021464029947916665,3.0517578125e-05,0.18766276041666666,0.054107666015625,0.610321044921875,0.128875732421875,0.016855875651041668,0.0021464029947916665,0.019032796223958332,0.18766276041666666,0.054107666015625,0.128875732421875,NLRP13,immune
ENSG00000158077,11,6922175,7118782,196608,1,True,4,0.0166778564453125,0.0054779052734375,1.52587890625e-05,0.2402496337890625,0.07063802083333333,0.4396769205729167,0.227264404296875,0.0166778564453125,0.0054779052734375,0.0221710205078125,0.2402496337890625,0.07063802083333333,0.227264404296875,NLRP14,immune
ENSG00000160703,11,119070421,119267028,196608,1,True,12,0.015675862630208332,0.010711669921875,0.0037943522135416665,0.059015909830729164,0.2601470947265625,0.4804941813151042,0.17016092936197916,0.015675862630208332,0.0138702392578125,0.030181884765625,0.059015909830729164,0.2601470947265625,0.17016092936197916,NLRX1,immune
ENSG00000106100,7,30380481,30577088,196608,-1,True,12,0.014806111653645834,0.012181599934895834,0.0092010498046875,0.23980712890625,0.17212931315104166,0.4000295003255208,0.15184529622395834,0.014806111653645834,0.014856974283854166,0.036188761393229164,0.23980712890625,0.17887369791666666,0.15184529622395834,NOD1,immune
ENSG00000167207,16,50595302,50791909,196608,1,True,9,0.015869140625,0.0163116455078125,0.009089152018229166,0.16285196940104166,0.2127685546875,0.4451395670572917,0.137969970703125,0.015869140625,0.020070393880208332,0.041269938151041664,0.16285196940104166,0.22381591796875,0.137969970703125,NOD2,immune
ENSG00000173391,12,10073829,10270436,196608,-1,True,12,0.0041656494140625,0.0108795166015625,0.0005035400390625,0.054835001627604164,0.08583577473958333,0.6181081136067709,0.22567240397135416,0.0041656494140625,0.012659708658854166,0.0155487060546875,0.054835001627604164,0.08756510416666667,0.22567240397135416,OLR1,immune
ENSG00000008710,16,2037595,2234202,196608,-1,True,23,0.0656585693359375,0.006251017252604167,0.022359212239583332,0.14575703938802084,0.2598978678385417,0.385711669921875,0.1143646240234375,0.0656585693359375,0.032384236653645836,0.094268798828125,0.14575703938802084,0.2782389322916667,0.1143646240234375,PKD1,immune
ENSG00000166473,16,81122067,81318674,196608,-1,True,6,0.0341796875,0.01953125,0.012502034505208334,0.4337870279947917,0.046142578125,0.2614288330078125,0.1924285888671875,0.0341796875,0.024495442708333332,0.06621297200520833,0.4337870279947917,0.052520751953125,0.1924285888671875,PKD1L2,immune
ENSG00000277481,16,71902099,72098706,196608,-1,True,14,0.02642822265625,0.0021565755208333335,1.52587890625e-05,0.3318379720052083,0.16685994466145834,0.4527689615885417,0.019933064778645832,0.02642822265625,0.0021565755208333335,0.028600056966145832,0.3318379720052083,0.1761016845703125,0.019933064778645832,PKD1L3,immune
ENSG00000153246,2,159964312,160160919,196608,-1,True,2,0.0147705078125,0.0011850992838541667,0.0,0.4841512044270833,0.017852783203125,0.2937113444010417,0.18832906087239584,0.0147705078125,0.0011850992838541667,0.015955607096354168,0.4841512044270833,0.0198211669921875,0.18832906087239584,PLA2R1,immune
ENSG00000186652,11,57292347,57488954,196608,-1,True,13,0.003387451171875,0.0062255859375,0.0015462239583333333,0.011037190755208334,0.1530303955078125,0.5377553304036459,0.287017822265625,0.003387451171875,0.0062255859375,0.011159261067708334,0.011037190755208334,0.15705362955729166,0.287017822265625,PRG2,immune
ENSG00000156575,11,57282847,57479454,196608,-1,True,11,0.0034332275390625,0.0009714762369791666,1.52587890625e-05,0.0178680419921875,0.15133158365885416,0.5100301106770834,0.3163503011067708,0.0034332275390625,0.0009714762369791666,0.004419962565104167,0.0178680419921875,0.15133158365885416,0.3163503011067708,PRG3,immune
ENSG00000088812,20,3372714,3569321,196608,1,True,6,0.009516398111979166,0.000457763671875,0.0,0.4900258382161458,0.023981730143229168,0.32806396484375,0.14795430501302084,0.009516398111979166,0.000457763671875,0.009974161783854166,0.4900258382161458,0.031494140625,0.14795430501302084,ATRN,immune
ENSG00000107518,10,114995061,115191668,196608,1,True,5,0.0076751708984375,0.0030670166015625,1.52587890625e-05,0.4892425537109375,0.013448079427083334,0.12044270833333333,0.3661092122395833,0.0076751708984375,0.0091705322265625,0.0107574462890625,0.4892425537109375,0.042093912760416664,0.3661092122395833,ATRNL1,immune
ENSG00000132692,1,156543813,156740420,196608,1,True,18,0.014684041341145834,0.0066375732421875,0.004069010416666667,0.06688944498697917,0.270294189453125,0.405731201171875,0.23169453938802084,0.014684041341145834,0.013056437174479166,0.025390625,0.06688944498697917,0.2951151529947917,0.23169453938802084,BCAN,immune
ENSG00000115386,2,79022184,79218791,196608,1,True,7,0.002532958984375,0.0013631184895833333,0.004826863606770833,0.006779988606770833,0.045964558919270836,0.3128865559895833,0.6256459554036459,0.002532958984375,0.0013631184895833333,0.008722941080729166,0.006779988606770833,0.045964558919270836,0.6256459554036459,REG1A,immune
ENSG00000172023,2,78989690,79186297,196608,-1,True,8,0.003021240234375,0.001800537109375,0.007781982421875,0.0026397705078125,0.0420074462890625,0.17456563313802084,0.7681833902994791,0.003021240234375,0.0018361409505208333,0.012603759765625,0.0026397705078125,0.0420074462890625,0.7681833902994791,REG1B,immune
ENSG00000172016,2,79061450,79258057,196608,-1,True,6,0.0026702880859375,0.0029042561848958335,0.0024617513020833335,0.005956013997395833,0.036946614583333336,0.5087890625,0.4402720133463542,0.0026702880859375,0.0029042561848958335,0.008036295572916666,0.005956013997395833,0.037724812825520836,0.4402720133463542,REG3A,immune
ENSG00000143954,2,78927398,79124005,196608,1,True,3,0.0026702880859375,0.0028940836588541665,0.0038197835286458335,0.0049591064453125,0.023732503255208332,0.3465830485026042,0.6153411865234375,0.0026702880859375,0.0028940836588541665,0.0093841552734375,0.0049591064453125,0.023732503255208332,0.6153411865234375,REG3G,immune
ENSG00000134193,1,119713157,119909764,196608,-1,True,10,0.0036163330078125,0.01373291015625,1.52587890625e-05,0.07197062174479167,0.10953776041666667,0.2693583170572917,0.531768798828125,0.0036163330078125,0.014017740885416666,0.017364501953125,0.07197062174479167,0.10953776041666667,0.531768798828125,REG4,immune
ENSG00000007908,1,169635776,169832383,196608,-1,True,4,0.009307861328125,0.0122528076171875,0.0017649332682291667,0.19063313802083334,0.04620361328125,0.6064198811848959,0.13341776529947916,0.009307861328125,0.0122528076171875,0.023325602213541668,0.19063313802083334,0.0505218505859375,0.13341776529947916,SELE,immune
ENSG00000188404,1,169613317,169809924,196608,-1,True,5,0.0058746337890625,0.0082550048828125,0.0014851888020833333,0.09393310546875,0.056681315104166664,0.6719614664713541,0.16180928548177084,0.0058746337890625,0.008453369140625,0.015614827473958334,0.09393310546875,0.056681315104166664,0.16180928548177084,SELL,immune
ENSG00000174175,1,169531821,169728428,196608,-1,True,4,0.0126953125,0.009389241536458334,0.0005950927734375,0.189788818359375,0.059697469075520836,0.5567067464192709,0.1711273193359375,0.0126953125,0.009389241536458334,0.022679646809895832,0.189788818359375,0.059697469075520836,0.1711273193359375,SELP,immune
ENSG00000122852,10,79512635,79709242,196608,1,True,15,0.0053253173828125,0.016886393229166668,1.52587890625e-05,0.006785074869791667,0.11316935221354167,0.2847239176432292,0.5730946858723959,0.0053253173828125,0.017115275065104168,0.022226969401041668,0.006785074869791667,0.11316935221354167,0.5730946858723959,SFTPA1,immune
ENSG00000185303,10,79462104,79658711,196608,-1,True,11,0.004674275716145833,0.01226806640625,1.52587890625e-05,0.007110595703125,0.0741424560546875,0.12045796712239583,0.7813313802083334,0.004674275716145833,0.012502034505208334,0.016957600911458332,0.007110595703125,0.0741424560546875,0.7813313802083334,SFTPA2,immune
ENSG00000133661,10,79850802,80047409,196608,-1,True,19,0.00726318359375,0.012934366861979166,0.012964884440104166,0.20522562662760416,0.07213846842447917,0.1846160888671875,0.5048573811848959,0.00726318359375,0.013132731119791666,0.033162434895833336,0.20522562662760416,0.11017862955729167,0.5048573811848959,SFTPD,immune
ENSG00000178726,20,22951369,23147976,196608,-1,True,16,0.0087738037109375,0.011759440104166666,1.52587890625e-05,0.0,0.17617289225260416,0.50775146484375,0.2955271402994792,0.0087738037109375,0.011759440104166666,0.020548502604166668,0.0,0.17617289225260416,0.2955271402994792,THBD,immune
ENSG00000174125,4,38706488,38903095,196608,-1,True,10,0.011993408203125,0.052922566731770836,0.0019734700520833335,0.285400390625,0.052449544270833336,0.3212178548177083,0.2740427652994792,0.011993408203125,0.052922566731770836,0.06688944498697917,0.285400390625,0.08998616536458333,0.2740427652994792,TLR1,immune
ENSG00000137462,4,153585976,153782583,196608,1,True,10,0.011962890625,0.02978515625,0.00164794921875,0.08115641276041667,0.09023539225260417,0.7623697916666666,0.0228424072265625,0.011962890625,0.031850179036458336,0.04339599609375,0.08115641276041667,0.09023539225260417,0.0228424072265625,TLR2,immune
ENSG00000164342,4,185970852,186167459,196608,1,True,8,0.0137939453125,0.023406982421875,0.0025838216145833335,0.057683308919270836,0.039972941080729164,0.4349873860677083,0.4275716145833333,0.0137939453125,0.034922281901041664,0.039784749348958336,0.057683308919270836,0.039972941080729164,0.4275716145833333,TLR3,immune
ENSG00000136869,9,117606099,117802706,196608,1,True,7,0.0128021240234375,0.053446451822916664,0.00128173828125,0.03704833984375,0.058553059895833336,0.410430908203125,0.4264373779296875,0.0128021240234375,0.0655059814453125,0.06753031412760417,0.03704833984375,0.0625457763671875,0.4264373779296875,TLR4,immune
ENSG00000187554,1,223044945,223241552,196608,-1,True,7,0.013092041015625,0.0199432373046875,0.017206827799479168,0.122589111328125,0.06877644856770833,0.28265380859375,0.475738525390625,0.013092041015625,0.0199432373046875,0.050242106119791664,0.122589111328125,0.0747528076171875,0.475738525390625,TLR5,immune
ENSG00000174130,4,38758514,38955121,196608,-1,True,8,0.01214599609375,0.0228729248046875,1.52587890625e-05,0.1379241943359375,0.12530517578125,0.5235697428385416,0.17816670735677084,0.01214599609375,0.0228729248046875,0.0350341796875,0.1379241943359375,0.1255950927734375,0.17816670735677084,TLR6,immune
ENSG00000196664,X,12768768,12965375,196608,1,True,8,0.0160064697265625,0.009424845377604166,0.0010223388671875,0.09200541178385417,0.06310526529947917,0.2608489990234375,0.557586669921875,0.0160064697265625,0.009424845377604166,0.026453653971354168,0.09200541178385417,0.06310526529947917,0.557586669921875,TLR7,immune
ENSG00000101916,X,12808316,13004923,196608,1,True,11,0.01617431640625,0.005950927734375,1.52587890625e-05,0.062037150065104164,0.08704121907552083,0.21399943033854166,0.6147816975911459,0.01617431640625,0.0059661865234375,0.0221405029296875,0.062037150065104164,0.08764139811197917,0.6147816975911459,TLR8,immune
ENSG00000239732,3,52127342,52323949,196608,-1,True,23,0.0157470703125,0.0012868245442708333,1.52587890625e-05,0.006174723307291667,0.18367513020833334,0.6280670166015625,0.16503397623697916,0.0157470703125,0.0012868245442708333,0.017049153645833332,0.006174723307291667,0.2006683349609375,0.16503397623697916,TLR9,immune
ENSG00000174123,4,38684687,38881294,196608,-1,True,12,0.0123748779296875,0.009684244791666666,1.52587890625e-05,0.032618204752604164,0.16594950358072916,0.4800364176432292,0.2993214925130208,0.0123748779296875,0.0097198486328125,0.022074381510416668,0.032618204752604164,0.16594950358072916,0.2993214925130208,TLR10,immune
ENSG00000038427,5,83373440,83570047,196608,1,True,4,0.049616495768229164,0.004460652669270833,0.008021036783854166,0.4385426839192708,0.006581624348958333,0.110595703125,0.3821818033854167,0.049616495768229164,0.005193074544270833,0.062098185221354164,0.4385426839192708,0.009882609049479166,0.3821818033854167,VCAN,immune
ENSG00000110848,12,9662598,9859205,196608,-1,True,9,0.0030415852864583335,0.007731119791666667,0.003631591796875,0.028401692708333332,0.08058675130208333,0.4169871012369792,0.4596201578776042,0.0030415852864583335,0.007731119791666667,0.014404296875,0.028401692708333332,0.08058675130208333,0.4596201578776042,CD69,immune
ENSG00000137101,9,35520110,35716717,196608,-1,True,19,0.006001790364583333,0.004857381184895833,0.004018147786458333,0.17244466145833334,0.17621866861979166,0.5495961507161459,0.08686319986979167,0.006001790364583333,0.005411783854166667,0.0148773193359375,0.17244466145833334,0.18486531575520834,0.08686319986979167,CD72,immune
ENSG00000125810,20,22988021,23184628,196608,-1,True,18,0.00994873046875,0.0274810791015625,0.0001220703125,0.0702056884765625,0.1651611328125,0.4672444661458333,0.2598368326822917,0.00994873046875,0.0274810791015625,0.0375518798828125,0.0702056884765625,0.17472330729166666,0.2598368326822917,CD93,immune
ENSG00000116031,2,70737513,70934120,196608,-1,True,10,0.0050048828125,0.0044708251953125,1.52587890625e-05,0.019022623697916668,0.048878987630208336,0.4735463460286458,0.4490610758463542,0.0050048828125,0.0044708251953125,0.009490966796875,0.019022623697916668,0.048878987630208336,0.4490610758463542,CD207,immune
ENSG00000090659,19,7649231,7845838,196608,-1,True,14,0.006398518880208333,0.0160369873046875,1.52587890625e-05,0.016062418619791668,0.11149088541666667,0.3589986165364583,0.490997314453125,0.006398518880208333,0.016270955403645832,0.022450764973958332,0.016062418619791668,0.12171427408854167,0.490997314453125,CD209,immune
ENSG00000174807,11,66218741,66415348,196608,-1,True,27,0.0115509033203125,0.0014088948567708333,1.52587890625e-05,0.0,0.2538909912109375,0.4796346028645833,0.2534993489583333,0.0115509033203125,0.0014088948567708333,0.012975056966145834,0.0,0.2538909912109375,0.2534993489583333,CD248,immune
ENSG00000241399,2,159699905,159896512,196608,-1,True,6,0.0038299560546875,0.016682942708333332,0.0005137125651041666,0.129669189453125,0.10188802083333333,0.7474161783854166,0.0,0.0038299560546875,0.016682942708333332,0.021026611328125,0.129669189453125,0.12115478515625,0.0,CD302,immune
ENSG00000154645,21,18146529,18343136,196608,1,True,2,0.004862467447916667,0.008616129557291666,0.0,0.6011708577473959,0.012639363606770834,0.3638509114583333,0.008860270182291666,0.004862467447916667,0.009409586588541666,0.013478597005208334,0.6011708577473959,0.016260782877604168,0.008860270182291666,CHODL,immune
ENSG00000179583,16,10778898,10975505,196608,1,True,8,0.019643147786458332,0.07848612467447917,0.020014444986979168,0.2724812825520833,0.017094930013020832,0.367889404296875,0.22439066569010416,0.019643147786458332,0.08245340983072917,0.11814371744791667,0.2724812825520833,0.0698089599609375,0.22439066569010416,CIITA,immune
ENSG00000150048,12,10000682,10197289,196608,-1,True,11,0.005106608072916667,0.011393229166666666,3.0517578125e-05,0.19746907552083334,0.10819498697916667,0.49102783203125,0.18677775065104166,0.005106608072916667,0.01263427734375,0.016530354817708332,0.19746907552083334,0.10974629720052083,0.18677775065104166,CLEC1A,immune
ENSG00000165682,12,9900818,10097425,196608,-1,True,11,0.0036061604817708335,0.0150299072265625,3.0517578125e-05,0.12264506022135417,0.12762959798177084,0.6689300537109375,0.062128702799479164,0.0036061604817708335,0.0150299072265625,0.018666585286458332,0.12264506022135417,0.1344451904296875,0.062128702799479164,CLEC1B,immune
ENSG00000188393,12,9834067,10030674,196608,-1,True,11,0.0030110677083333335,0.0031077067057291665,3.0517578125e-05,0.16524759928385416,0.14178466796875,0.5355377197265625,0.15128072102864584,0.0030110677083333335,0.0031077067057291665,0.0061492919921875,0.16524759928385416,0.14178466796875,0.15128072102864584,CLEC2A,immune
ENSG00000110852,12,9771051,9967658,196608,-1,True,9,0.0024261474609375,0.010711669921875,0.0029296875,0.07684326171875,0.06899515787760417,0.4033152262369792,0.4347788492838542,0.0024261474609375,0.010711669921875,0.0160675048828125,0.07684326171875,0.07265218098958333,0.4347788492838542,CLEC2B,immune
ENSG00000069493,12,9571409,9768016,196608,1,True,15,0.0042877197265625,0.030161539713541668,0.0009256998697916666,0.140533447265625,0.12587483723958334,0.5724436442057291,0.12577311197916666,0.0042877197265625,0.0337677001953125,0.035374959309895836,0.140533447265625,0.13016764322916666,0.12577311197916666,CLEC2D,immune
ENSG00000236279,7,139425381,139621988,196608,1,True,8,0.003265380859375,0.004506429036458333,0.005956013997395833,0.09461466471354167,0.10410054524739583,0.485931396484375,0.3016255696614583,0.003265380859375,0.004506429036458333,0.013727823893229166,0.09461466471354167,0.10567728678385417,0.3016255696614583,CLEC2L,immune
ENSG00000166509,16,77924244,78120851,196608,1,True,6,0.0031840006510416665,0.011754353841145834,0.0003306070963541667,0.20978291829427084,0.057627360026041664,0.375457763671875,0.3418629964192708,0.0031840006510416665,0.011891682942708334,0.015268961588541666,0.20978291829427084,0.07318623860677083,0.3418629964192708,CLEC3A,immune
ENSG00000163815,3,44927999,45124606,196608,1,True,6,0.003082275390625,0.002227783203125,0.0003255208333333333,0.16996256510416666,0.055028279622395836,0.6056315104166666,0.1637420654296875,0.003082275390625,0.0023142496744791665,0.005635579427083333,0.16996256510416666,0.07277933756510417,0.1637420654296875,CLEC3B,immune
ENSG00000111729,12,8025313,8221920,196608,1,True,17,0.0036163330078125,0.002960205078125,1.52587890625e-05,0.0696563720703125,0.20765177408854166,0.6305135091145834,0.0855865478515625,0.0036163330078125,0.0034383138020833335,0.006591796875,0.0696563720703125,0.21767679850260416,0.0855865478515625,CLEC4A,immune
ENSG00000198178,12,7649072,7845679,196608,-1,True,9,0.004425048828125,0.0282745361328125,1.52587890625e-05,0.10448710123697917,0.0796661376953125,0.3389536539713542,0.4441782633463542,0.004425048828125,0.030512491861979168,0.03271484375,0.10448710123697917,0.0796661376953125,0.4441782633463542,CLEC4C,immune
ENSG00000166527,12,8415199,8611806,196608,1,True,14,0.003326416015625,0.007130940755208333,1.52587890625e-05,0.0550994873046875,0.07538859049479167,0.4492085774739583,0.4098307291666667,0.003326416015625,0.007130940755208333,0.010472615559895834,0.0550994873046875,0.07718404134114583,0.4098307291666667,CLEC4D,immune
ENSG00000166523,12,8442602,8639209,196608,-1,True,14,0.0036265055338541665,0.007425944010416667,0.0009714762369791666,0.026636759440104168,0.0785064697265625,0.3691965738932292,0.5136362711588541,0.0036265055338541665,0.008875528971354166,0.01202392578125,0.026636759440104168,0.0785064697265625,0.5136362711588541,CLEC4E,immune
ENSG00000152672,2,70722296,70918903,196608,-1,True,10,0.009206136067708334,0.0033620198567708335,1.52587890625e-05,0.0482330322265625,0.037607828776041664,0.4525146484375,0.4490610758463542,0.009206136067708334,0.0035807291666666665,0.012583414713541666,0.0482330322265625,0.041051228841145836,0.4490610758463542,CLEC4F,immune
ENSG00000182566,19,7633807,7830414,196608,-1,True,17,0.0051116943359375,0.002655029296875,0.0009816487630208333,0.016428629557291668,0.15692138671875,0.3200022379557292,0.4978993733723958,0.0051116943359375,0.0033111572265625,0.008748372395833334,0.016428629557291668,0.16663106282552084,0.4978993733723958,CLEC4G,immune
ENSG00000258227,7,141848671,142045278,196608,-1,True,9,0.0032857259114583335,0.018274943033854168,0.001953125,0.07643636067708333,0.0465545654296875,0.5619557698567709,0.2915395100911458,0.0032857259114583335,0.0194091796875,0.0235137939453125,0.07643636067708333,0.0500946044921875,0.2915395100911458,CLEC5A,immune
ENSG00000205846,12,8357658,8554265,196608,1,True,17,0.0031890869140625,0.005167643229166667,1.52587890625e-05,0.10540262858072917,0.10303751627604167,0.5460866292317709,0.23710123697916666,0.0031890869140625,0.005167643229166667,0.008371988932291666,0.10540262858072917,0.10616556803385417,0.23710123697916666,CLEC6A,immune
ENSG00000172243,12,10031896,10228503,196608,-1,True,13,0.005645751953125,0.010370890299479166,0.0052947998046875,0.047261555989583336,0.10064188639322917,0.5871988932291666,0.24358622233072916,0.005645751953125,0.013036092122395834,0.021311442057291668,0.047261555989583336,0.101959228515625,0.24358622233072916,CLEC7A,immune
ENSG00000197992,12,9932378,10128985,196608,1,True,13,0.0036773681640625,0.0054168701171875,0.005437215169270833,0.16528828938802084,0.15821329752604166,0.5845184326171875,0.07744852701822917,0.0036773681640625,0.0054168701171875,0.014531453450520834,0.16528828938802084,0.16131083170572916,0.07744852701822917,CLEC9A,immune
ENSG00000132514,17,6981948,7178555,196608,-1,True,17,0.0057525634765625,0.008544921875,0.0013478597005208333,0.018076578776041668,0.18144734700520834,0.4170989990234375,0.3677317301432292,0.0057525634765625,0.0099334716796875,0.015645345052083332,0.018076578776041668,0.18144734700520834,0.3677317301432292,CLEC10A,immune
ENSG00000105472,19,50625060,50821667,196608,1,True,19,0.005177815755208333,0.0025177001953125,0.0,0.0046844482421875,0.15157572428385416,0.6308848063151041,0.20515950520833334,0.005177815755208333,0.0028432210286458335,0.007695515950520833,0.0046844482421875,0.15157572428385416,0.20515950520833334,CLEC11A,immune
ENSG00000172322,12,9873105,10069712,196608,1,True,11,0.0041961669921875,0.0075225830078125,0.004842122395833333,0.20916239420572916,0.09975687662760417,0.5553080240885416,0.11921183268229167,0.0041961669921875,0.007624308268229167,0.016560872395833332,0.20916239420572916,0.12738545735677084,0.11921183268229167,CLEC12A,immune
ENSG00000256660,12,9912323,10108930,196608,1,True,11,0.004292805989583333,0.013529459635416666,0.0017293294270833333,0.022003173828125,0.13087972005208334,0.7654368082682291,0.062128702799479164,0.004292805989583333,0.016774495442708332,0.019551595052083332,0.022003173828125,0.13623046875,0.062128702799479164,CLEC12B,immune
ENSG00000176435,14,38157790,38354397,196608,-1,True,5,0.007476806640625,0.0031585693359375,1.52587890625e-05,0.0,0.059356689453125,0.702301025390625,0.227691650390625,0.007476806640625,0.0031585693359375,0.010650634765625,0.0,0.0599365234375,0.227691650390625,CLEC14A,immune
ENSG00000038532,16,10846260,11042867,196608,1,True,6,0.009002685546875,0.0009104410807291666,0.013768513997395834,0.4764455159505208,0.145660400390625,0.251617431640625,0.10259501139322917,0.009002685546875,0.0009104410807291666,0.023681640625,0.4764455159505208,0.14942423502604166,0.10259501139322917,CLEC16A,immune
ENSG00000187912,19,14484780,14681387,196608,1,True,12,0.005945841471354167,0.0098876953125,1.52587890625e-05,0.13140869140625,0.10624186197916667,0.6003367106119791,0.1461639404296875,0.005945841471354167,0.012369791666666666,0.015848795572916668,0.13140869140625,0.11531575520833333,0.1461639404296875,CLEC17A,immune
ENSG00000157322,16,69853030,70049637,196608,1,True,9,0.00701904296875,0.007054646809895833,0.017155965169270832,0.0386962890625,0.093902587890625,0.8003896077473959,0.0357818603515625,0.00701904296875,0.0074615478515625,0.031229654947916668,0.0386962890625,0.093902587890625,0.0357818603515625,CLEC18A,immune
ENSG00000140839,16,74323175,74519782,196608,-1,True,12,0.0069427490234375,0.0034535725911458335,0.0034077962239583335,0.06528218587239583,0.15655008951822916,0.6964925130208334,0.06787109375,0.0069427490234375,0.0034535725911458335,0.013804117838541666,0.06528218587239583,0.15819295247395834,0.06787109375,CLEC18B,immune
ENSG00000157335,16,70075483,70272090,196608,1,True,11,0.0069427490234375,0.007832845052083334,0.010279337565104166,0.046356201171875,0.180145263671875,0.4732869466145833,0.2751566569010417,0.0069427490234375,0.007832845052083334,0.025054931640625,0.046356201171875,0.183746337890625,0.2751566569010417,CLEC18C,immune
ENSG00000261210,16,19187427,19384034,196608,1,True,5,0.0032755533854166665,0.0124969482421875,0.0015767415364583333,0.16786702473958334,0.0299072265625,0.6063334147135416,0.1785430908203125,0.0032755533854166665,0.013676961263020834,0.0173492431640625,0.16786702473958334,0.036839803059895836,0.1785430908203125,CLEC19A,immune
ENSG00000188585,1,178398661,178595268,196608,-1,True,8,0.008107503255208334,0.002105712890625,0.006952921549479167,0.08656819661458333,0.10509236653645833,0.6576487223307291,0.13352457682291666,0.008107503255208334,0.002105712890625,0.0171661376953125,0.08656819661458333,0.1314544677734375,0.13352457682291666,CLEC20A,immune
ENSG00000184374,8,118968943,119165550,196608,1,True,4,0.00604248046875,0.0118560791015625,0.0012105305989583333,0.5556589762369791,0.0022176106770833335,0.0024668375651041665,0.4205474853515625,0.00604248046875,0.0118560791015625,0.019109090169270832,0.5556589762369791,0.0094757080078125,0.4205474853515625,COLEC10,immune
ENSG00000118004,2,3496808,3693415,196608,1,True,16,0.005116780598958333,0.0235748291015625,0.00017293294270833334,0.23490397135416666,0.16932169596354166,0.3865458170572917,0.18036397298177084,0.005116780598958333,0.026702880859375,0.028864542643229168,0.23490397135416666,0.17391459147135416,0.18036397298177084,COLEC11,immune
ENSG00000158270,18,402398,599005,196608,-1,True,6,0.0002950032552083333,0.0009663899739583334,9.1552734375e-05,0.4987538655598958,0.025868733723958332,0.07819112141927083,0.3958333333333333,0.0002950032552083333,0.0009663899739583334,0.0013529459635416667,0.4987538655598958,0.028767903645833332,0.3958333333333333,COLEC12,immune
ENSG00000070413,22,19024109,19220716,196608,-1,True,19,0.010203043619791666,0.0154571533203125,0.0036417643229166665,0.4090423583984375,0.14627583821614584,0.2907511393229167,0.12462870279947917,0.010203043619791666,0.020670572916666668,0.029301961263020832,0.4090423583984375,0.16672770182291666,0.12462870279947917,DGCR2,immune
