n_tokens,n_chunks,total_bp,tss_bp,center_idx,tss_chunk_idx,tss_contain_chunk_idx,delta_chunks,center_chunk_bp_center,delta_bp,center_contains_tss,anchor_contains_tss,bp_per_token,chunk_bp_min,chunk_bp_max,ensembl_id,seq_len
196608,26,196608,98304,13,12,12,1,103936.0,5632.0,False,True,1.0,4608,8192,ENSG00000181409,196608
196608,26,196608,98304,13,12,12,1,103936.0,5632.0,False,True,1.0,4608,8192,ENSG00000097007,196608
196608,26,196608,98304,13,12,12,1,103936.0,5632.0,False,True,1.0,4608,8192,ENSG00000143322,196608
196608,26,196608,98304,13,12,12,1,103936.0,5632.0,False,True,1.0,4608,8192,ENSG00000182827,196608
196608,26,196608,98304,13,12,12,1,103936.0,5632.0,False,True,1.0,4608,8192,ENSG00000115170,196608
196608,26,196608,98304,13,12,12,1,103936.0,5632.0,False,True,1.0,4608,8192,ENSG00000135503,196608
196608,26,196608,98304,13,12,12,1,103936.0,5632.0,False,True,1.0,4608,8192,ENSG00000123612,196608
196608,26,196608,98304,13,12,12,1,103936.0,5632.0,False,True,1.0,4608,8192,ENSG00000121989,196608
196608,26,196608,98304,13,12,12,1,103936.0,5632.0,False,True,1.0,4608,8192,ENSG00000114739,196608
196608,26,196608,98304,13,12,12,1,103936.0,5632.0,False,True,1.0,4608,8192,ENSG00000139567,196608
196608,26,196608,98304,13,12,12,1,103936.0,5632.0,False,True,1.0,4608,8192,ENSG00000106992,196608
196608,26,196608,98304,13,12,12,1,103936.0,5632.0,False,True,1.0,4608,8192,ENSG00000004455,196608
196608,26,196608,98304,13,12,12,1,103936.0,5632.0,False,True,1.0,4608,8192,ENSG00000147853,196608
196608,26,196608,98304,13,12,12,1,103936.0,5632.0,False,True,1.0,4608,8192,ENSG00000162433,196608
196608,26,196608,98304,13,12,12,1,103936.0,5632.0,False,True,1.0,4608,8192,ENSG00000154027,196608
196608,26,196608,98304,13,12,12,1,103936.0,5632.0,False,True,1.0,4608,8192,ENSG00000085231,196608
196608,26,196608,98304,13,12,12,1,103936.0,5632.0,False,True,1.0,4608,8192,ENSG00000140057,196608
196608,26,196608,98304,13,12,12,1,103936.0,5632.0,False,True,1.0,4608,8192,ENSG00000165695,196608
196608,26,196608,98304,13,12,12,1,103936.0,5632.0,False,True,1.0,4608,8192,ENSG00000155085,196608
196608,26,196608,98304,13,12,12,1,103936.0,5632.0,False,True,1.0,4608,8192,ENSG00000121057,196608
196608,26,196608,98304,13,12,12,1,103936.0,5632.0,False,True,1.0,4608,8192,ENSG00000111254,196608
196608,26,196608,98304,13,12,12,1,103936.0,5632.0,False,True,1.0,4608,8192,ENSG00000147081,196608
196608,26,196608,98304,13,12,12,1,103936.0,5632.0,False,True,1.0,4608,8192,ENSG00000179841,196608
196608,26,196608,98304,13,12,12,1,103936.0,5632.0,False,True,1.0,4608,8192,ENSG00000151320,196608
196608,26,196608,98304,13,12,12,1,103936.0,5632.0,False,True,1.0,4608,8192,ENSG00000118507,196608
196608,26,196608,98304,13,12,12,1,103936.0,5632.0,False,True,1.0,4608,8192,ENSG00000105127,196608
196608,26,196608,98304,13,12,12,1,103936.0,5632.0,False,True,1.0,4608,8192,ENSG00000127914,196608
196608,26,196608,98304,13,12,12,1,103936.0,5632.0,False,True,1.0,4608,8192,ENSG00000108599,196608
196608,26,196608,98304,13,12,12,1,103936.0,5632.0,False,True,1.0,4608,8192,ENSG00000023516,196608
196608,26,196608,98304,13,12,12,1,103936.0,5632.0,False,True,1.0,4608,8192,ENSG00000131016,196608
196608,26,196608,98304,13,12,12,1,103936.0,5632.0,False,True,1.0,4608,8192,ENSG00000170776,196608
196608,26,196608,98304,13,12,12,1,103936.0,5632.0,False,True,1.0,4608,8192,ENSG00000186471,196608
196608,26,196608,98304,13,12,12,1,103936.0,5632.0,False,True,1.0,4608,8192,ENSG00000197976,196608
196608,26,196608,98304,13,12,12,1,103936.0,5632.0,False,True,1.0,4608,8192,ENSG00000142208,196608
196608,26,196608,98304,13,12,12,1,103936.0,5632.0,False,True,1.0,4608,8192,ENSG00000105221,196608
196608,26,196608,98304,13,12,12,1,103936.0,5632.0,False,True,1.0,4608,8192,ENSG00000117020,196608
196608,26,196608,98304,13,12,12,1,103936.0,5632.0,False,True,1.0,4608,8192,ENSG00000171094,196608
196608,26,196608,98304,13,12,12,1,103936.0,5632.0,False,True,1.0,4608,8192,ENSG00000139163,196608
196608,26,196608,98304,13,12,12,1,103936.0,5632.0,False,True,1.0,4608,8192,ENSG00000143845,196608
196608,26,196608,98304,13,12,12,1,103936.0,5632.0,False,True,1.0,4608,8192,ENSG00000092820,196608
196608,26,196608,98304,13,12,12,1,103936.0,5632.0,False,True,1.0,4608,8192,ENSG00000108950,196608
196608,26,196608,98304,13,12,12,1,103936.0,5632.0,False,True,1.0,4608,8192,ENSG00000116199,196608
196608,26,196608,98304,13,12,12,1,103936.0,5632.0,False,True,1.0,4608,8192,ENSG00000177706,196608
196608,26,196608,98304,13,12,12,1,103936.0,5632.0,False,True,1.0,4608,8192,ENSG00000151422,196608
196608,26,196608,98304,13,12,12,1,103936.0,5632.0,False,True,1.0,4608,8192,ENSG00000182511,196608
196608,26,196608,98304,13,12,12,1,103936.0,5632.0,False,True,1.0,4608,8192,ENSG00000077782,196608
196608,26,196608,98304,13,12,12,1,103936.0,5632.0,False,True,1.0,4608,8192,ENSG00000066468,196608
196608,26,196608,98304,13,12,12,1,103936.0,5632.0,False,True,1.0,4608,8192,ENSG00000068078,196608
196608,26,196608,98304,13,12,12,1,103936.0,5632.0,False,True,1.0,4608,8192,ENSG00000160867,196608
196608,26,196608,98304,13,12,12,1,103936.0,5632.0,False,True,1.0,4608,8192,ENSG00000000938,196608
196608,26,196608,98304,13,12,12,1,103936.0,5632.0,False,True,1.0,4608,8192,ENSG00000179431,196608
196608,26,196608,98304,13,12,12,1,103936.0,5632.0,False,True,1.0,4608,8192,ENSG00000102755,196608
196608,26,196608,98304,13,12,12,1,103936.0,5632.0,False,True,1.0,4608,8192,ENSG00000122025,196608
196608,26,196608,98304,13,12,12,1,103936.0,5632.0,False,True,1.0,4608,8192,ENSG00000037280,196608
196608,26,196608,98304,13,12,12,1,103936.0,5632.0,False,True,1.0,4608,8192,ENSG00000111816,196608
196608,26,196608,98304,13,12,12,1,103936.0,5632.0,False,True,1.0,4608,8192,ENSG00000010810,196608
196608,26,196608,98304,13,12,12,1,103936.0,5632.0,False,True,1.0,4608,8192,ENSG00000144649,196608
196608,26,196608,98304,13,12,12,1,103936.0,5632.0,False,True,1.0,4608,8192,ENSG00000164125,196608
196608,26,196608,98304,13,12,12,1,103936.0,5632.0,False,True,1.0,4608,8192,ENSG00000198814,196608
196608,26,196608,98304,13,12,12,1,103936.0,5632.0,False,True,1.0,4608,8192,ENSG00000196475,196608
196608,26,196608,98304,13,12,12,1,103936.0,5632.0,False,True,1.0,4608,8192,ENSG00000175066,196608
196608,26,196608,98304,13,12,12,1,103936.0,5632.0,False,True,1.0,4608,8192,ENSG00000185974,196608
196608,26,196608,98304,13,12,12,1,103936.0,5632.0,False,True,1.0,4608,8192,ENSG00000173020,196608
196608,26,196608,98304,13,12,12,1,103936.0,5632.0,False,True,1.0,4608,8192,ENSG00000100077,196608
196608,26,196608,98304,13,12,12,1,103936.0,5632.0,False,True,1.0,4608,8192,ENSG00000125388,196608
196608,26,196608,98304,13,12,12,1,103936.0,5632.0,False,True,1.0,4608,8192,ENSG00000198873,196608
196608,26,196608,98304,13,12,12,1,103936.0,5632.0,False,True,1.0,4608,8192,ENSG00000198055,196608
196608,26,196608,98304,13,12,12,1,103936.0,5632.0,False,True,1.0,4608,8192,ENSG00000114124,196608
196608,26,196608,98304,13,12,12,1,103936.0,5632.0,False,True,1.0,4608,8192,ENSG00000105723,196608
196608,26,196608,98304,13,12,12,1,103936.0,5632.0,False,True,1.0,4608,8192,ENSG00000082701,196608
196608,26,196608,98304,13,12,12,1,103936.0,5632.0,False,True,1.0,4608,8192,ENSG00000101336,196608
196608,26,196608,98304,13,12,12,1,103936.0,5632.0,False,True,1.0,4608,8192,ENSG00000163349,196608
196608,26,196608,98304,13,12,12,1,103936.0,5632.0,False,True,1.0,4608,8192,ENSG00000064393,196608
196608,26,196608,98304,13,12,12,1,103936.0,5632.0,False,True,1.0,4608,8192,ENSG00000110422,196608
196608,26,196608,98304,13,12,12,1,103936.0,5632.0,False,True,1.0,4608,8192,ENSG00000160396,196608
196608,26,196608,98304,13,12,12,1,103936.0,5632.0,False,True,1.0,4608,8192,ENSG00000142149,196608
196608,26,196608,98304,13,12,12,1,103936.0,5632.0,False,True,1.0,4608,8192,ENSG00000104365,196608
196608,26,196608,98304,13,12,12,1,103936.0,5632.0,False,True,1.0,4608,8192,ENSG00000263528,196608
196608,26,196608,98304,13,12,12,1,103936.0,5632.0,False,True,1.0,4608,8192,ENSG00000166333,196608
196608,26,196608,98304,13,12,12,1,103936.0,5632.0,False,True,1.0,4608,8192,ENSG00000184216,196608
196608,26,196608,98304,13,12,12,1,103936.0,5632.0,False,True,1.0,4608,8192,ENSG00000134070,196608
196608,26,196608,98304,13,12,12,1,103936.0,5632.0,False,True,1.0,4608,8192,ENSG00000090376,196608
196608,26,196608,98304,13,12,12,1,103936.0,5632.0,False,True,1.0,4608,8192,ENSG00000198001,196608
196608,26,196608,98304,13,12,12,1,103936.0,5632.0,False,True,1.0,4608,8192,ENSG00000113263,196608
196608,26,196608,98304,13,12,12,1,103936.0,5632.0,False,True,1.0,4608,8192,ENSG00000162434,196608
196608,26,196608,98304,13,12,12,1,103936.0,5632.0,False,True,1.0,4608,8192,ENSG00000096968,196608
196608,26,196608,98304,13,12,12,1,103936.0,5632.0,False,True,1.0,4608,8192,ENSG00000105639,196608
196608,26,196608,98304,13,12,12,1,103936.0,5632.0,False,True,1.0,4608,8192,ENSG00000128052,196608
196608,26,196608,98304,13,12,12,1,103936.0,5632.0,False,True,1.0,4608,8192,ENSG00000157404,196608
196608,26,196608,98304,13,12,12,1,103936.0,5632.0,False,True,1.0,4608,8192,ENSG00000131023,196608
196608,26,196608,98304,13,12,12,1,103936.0,5632.0,False,True,1.0,4608,8192,ENSG00000150457,196608
196608,26,196608,98304,13,12,12,1,103936.0,5632.0,False,True,1.0,4608,8192,ENSG00000182866,196608
196608,26,196608,98304,13,12,12,1,103936.0,5632.0,False,True,1.0,4608,8192,ENSG00000106683,196608
196608,26,196608,98304,13,12,12,1,103936.0,5632.0,False,True,1.0,4608,8192,ENSG00000182541,196608
196608,26,196608,98304,13,12,12,1,103936.0,5632.0,False,True,1.0,4608,8192,ENSG00000164715,196608
196608,26,196608,98304,13,12,12,1,103936.0,5632.0,False,True,1.0,4608,8192,ENSG00000142235,196608
196608,26,196608,98304,13,12,12,1,103936.0,5632.0,False,True,1.0,4608,8192,ENSG00000154237,196608
196608,26,196608,98304,13,12,12,1,103936.0,5632.0,False,True,1.0,4608,8192,ENSG00000188906,196608
196608,26,196608,98304,13,12,12,1,103936.0,5632.0,False,True,1.0,4608,8192,ENSG00000073331,196608
196608,26,196608,98304,13,12,12,1,103936.0,5632.0,False,True,1.0,4608,8192,ENSG00000198796,196608
196608,26,196608,98304,13,12,12,1,103936.0,5632.0,False,True,1.0,4608,8192,ENSG00000136383,196608
196608,26,196608,98304,13,12,12,1,103936.0,5632.0,False,True,1.0,4608,8192,ENSG00000135409,196608
196608,26,196608,98304,13,12,12,1,103936.0,5632.0,False,True,1.0,4608,8192,ENSG00000170209,196608
196608,26,196608,98304,13,12,12,1,103936.0,5632.0,False,True,1.0,4608,8192,ENSG00000078061,196608
196608,26,196608,98304,13,12,12,1,103936.0,5632.0,False,True,1.0,4608,8192,ENSG00000124198,196608
196608,26,196608,98304,13,12,12,1,103936.0,5632.0,False,True,1.0,4608,8192,ENSG00000062524,196608
196608,26,196608,98304,13,12,12,1,103936.0,5632.0,False,True,1.0,4608,8192,ENSG00000254087,196608
196608,26,196608,98304,13,12,12,1,103936.0,5632.0,False,True,1.0,4608,8192,ENSG00000151276,196608
196608,26,196608,98304,13,12,12,1,103936.0,5632.0,False,True,1.0,4608,8192,ENSG00000187391,196608
196608,26,196608,98304,13,12,12,1,103936.0,5632.0,False,True,1.0,4608,8192,ENSG00000081026,196608
196608,26,196608,98304,13,12,12,1,103936.0,5632.0,False,True,1.0,4608,8192,ENSG00000111837,196608
196608,26,196608,98304,13,12,12,1,103936.0,5632.0,False,True,1.0,4608,8192,ENSG00000078018,196608
196608,26,196608,98304,13,12,12,1,103936.0,5632.0,False,True,1.0,4608,8192,ENSG00000169032,196608
196608,26,196608,98304,13,12,12,1,103936.0,5632.0,False,True,1.0,4608,8192,ENSG00000126934,196608
196608,26,196608,98304,13,12,12,1,103936.0,5632.0,False,True,1.0,4608,8192,ENSG00000034152,196608
196608,26,196608,98304,13,12,12,1,103936.0,5632.0,False,True,1.0,4608,8192,ENSG00000065559,196608
196608,26,196608,98304,13,12,12,1,103936.0,5632.0,False,True,1.0,4608,8192,ENSG00000137764,196608
196608,26,196608,98304,13,12,12,1,103936.0,5632.0,False,True,1.0,4608,8192,ENSG00000108984,196608
196608,26,196608,98304,13,12,12,1,103936.0,5632.0,False,True,1.0,4608,8192,ENSG00000076984,196608
196608,26,196608,98304,13,12,12,1,103936.0,5632.0,False,True,1.0,4608,8192,ENSG00000095015,196608
196608,26,196608,98304,13,12,12,1,103936.0,5632.0,False,True,1.0,4608,8192,ENSG00000169967,196608
196608,26,196608,98304,13,12,12,1,103936.0,5632.0,False,True,1.0,4608,8192,ENSG00000198909,196608
196608,26,196608,98304,13,12,12,1,103936.0,5632.0,False,True,1.0,4608,8192,ENSG00000085511,196608
196608,26,196608,98304,13,12,12,1,103936.0,5632.0,False,True,1.0,4608,8192,ENSG00000197442,196608
196608,26,196608,98304,13,12,12,1,103936.0,5632.0,False,True,1.0,4608,8192,ENSG00000142733,196608
196608,26,196608,98304,13,12,12,1,103936.0,5632.0,False,True,1.0,4608,8192,ENSG00000135341,196608
196608,26,196608,98304,13,12,12,1,103936.0,5632.0,False,True,1.0,4608,8192,ENSG00000107968,196608
196608,26,196608,98304,13,12,12,1,103936.0,5632.0,False,True,1.0,4608,8192,ENSG00000006432,196608
196608,26,196608,98304,13,12,12,1,103936.0,5632.0,False,True,1.0,4608,8192,ENSG00000130758,196608
196608,26,196608,98304,13,12,12,1,103936.0,5632.0,False,True,1.0,4608,8192,ENSG00000173327,196608
196608,26,196608,98304,13,12,12,1,103936.0,5632.0,False,True,1.0,4608,8192,ENSG00000139625,196608
196608,26,196608,98304,13,12,12,1,103936.0,5632.0,False,True,1.0,4608,8192,ENSG00000073803,196608
196608,26,196608,98304,13,12,12,1,103936.0,5632.0,False,True,1.0,4608,8192,ENSG00000006062,196608
196608,26,196608,98304,13,12,12,1,103936.0,5632.0,False,True,1.0,4608,8192,ENSG00000180815,196608
196608,26,196608,98304,13,12,12,1,103936.0,5632.0,False,True,1.0,4608,8192,ENSG00000176601,196608
196608,26,196608,98304,13,12,12,1,103936.0,5632.0,False,True,1.0,4608,8192,ENSG00000091436,196608
196608,26,196608,98304,13,12,12,1,103936.0,5632.0,False,True,1.0,4608,8192,ENSG00000143674,196608
196608,26,196608,98304,13,12,12,1,103936.0,5632.0,False,True,1.0,4608,8192,ENSG00000100030,196608
196608,26,196608,98304,13,12,12,1,103936.0,5632.0,False,True,1.0,4608,8192,ENSG00000102882,196608
196608,26,196608,98304,13,12,12,1,103936.0,5632.0,False,True,1.0,4608,8192,ENSG00000141639,196608
196608,26,196608,98304,13,12,12,1,103936.0,5632.0,False,True,1.0,4608,8192,ENSG00000069956,196608
196608,26,196608,98304,13,12,12,1,103936.0,5632.0,False,True,1.0,4608,8192,ENSG00000166484,196608
196608,26,196608,98304,13,12,12,1,103936.0,5632.0,False,True,1.0,4608,8192,ENSG00000107643,196608
196608,26,196608,98304,13,12,12,1,103936.0,5632.0,False,True,1.0,4608,8192,ENSG00000050748,196608
196608,26,196608,98304,13,12,12,1,103936.0,5632.0,False,True,1.0,4608,8192,ENSG00000109339,196608
196608,26,196608,98304,13,12,12,1,103936.0,5632.0,False,True,1.0,4608,8192,ENSG00000185386,196608
196608,26,196608,98304,13,12,12,1,103936.0,5632.0,False,True,1.0,4608,8192,ENSG00000188130,196608
196608,26,196608,98304,13,12,12,1,103936.0,5632.0,False,True,1.0,4608,8192,ENSG00000156711,196608
196608,26,196608,98304,13,12,12,1,103936.0,5632.0,False,True,1.0,4608,8192,ENSG00000112062,196608
196608,26,196608,98304,13,12,12,1,103936.0,5632.0,False,True,1.0,4608,8192,ENSG00000181085,196608
196608,26,196608,98304,13,12,12,1,103936.0,5632.0,False,True,1.0,4608,8192,ENSG00000162889,196608
196608,26,196608,98304,13,12,12,1,103936.0,5632.0,False,True,1.0,4608,8192,ENSG00000114738,196608
196608,26,196608,98304,13,12,12,1,103936.0,5632.0,False,True,1.0,4608,8192,ENSG00000089022,196608
196608,26,196608,98304,13,12,12,1,103936.0,5632.0,False,True,1.0,4608,8192,ENSG00000116141,196608
196608,26,196608,98304,13,12,12,1,103936.0,5632.0,False,True,1.0,4608,8192,ENSG00000072518,196608
196608,26,196608,98304,13,12,12,1,103936.0,5632.0,False,True,1.0,4608,8192,ENSG00000075413,196608
196608,26,196608,98304,13,12,12,1,103936.0,5632.0,False,True,1.0,4608,8192,ENSG00000007047,196608
196608,26,196608,98304,13,12,12,1,103936.0,5632.0,False,True,1.0,4608,8192,ENSG00000105613,196608
196608,26,196608,98304,13,12,12,1,103936.0,5632.0,False,True,1.0,4608,8192,ENSG00000086015,196608
196608,26,196608,98304,13,12,12,1,103936.0,5632.0,False,True,1.0,4608,8192,ENSG00000099308,196608
196608,26,196608,98304,13,12,12,1,103936.0,5632.0,False,True,1.0,4608,8192,ENSG00000069020,196608
196608,26,196608,98304,13,12,12,1,103936.0,5632.0,False,True,1.0,4608,8192,ENSG00000120539,196608
196608,26,196608,98304,13,12,12,1,103936.0,5632.0,False,True,1.0,4608,8192,ENSG00000007264,196608
196608,26,196608,98304,13,12,12,1,103936.0,5632.0,False,True,1.0,4608,8192,ENSG00000165304,196608
196608,26,196608,98304,13,12,12,1,103936.0,5632.0,False,True,1.0,4608,8192,ENSG00000153208,196608
196608,26,196608,98304,13,12,12,1,103936.0,5632.0,False,True,1.0,4608,8192,ENSG00000105976,196608
196608,26,196608,98304,13,12,12,1,103936.0,5632.0,False,True,1.0,4608,8192,ENSG00000079277,196608
196608,26,196608,98304,13,12,12,1,103936.0,5632.0,False,True,1.0,4608,8192,ENSG00000099875,196608
196608,26,196608,98304,13,12,12,1,103936.0,5632.0,False,True,1.0,4608,8192,ENSG00000020426,196608
196608,26,196608,98304,13,12,12,1,103936.0,5632.0,False,True,1.0,4608,8192,ENSG00000114978,196608
196608,26,196608,98304,13,12,12,1,103936.0,5632.0,False,True,1.0,4608,8192,ENSG00000173542,196608
196608,26,196608,98304,13,12,12,1,103936.0,5632.0,False,True,1.0,4608,8192,ENSG00000182208,196608
196608,26,196608,98304,13,12,12,1,103936.0,5632.0,False,True,1.0,4608,8192,ENSG00000172081,196608
196608,26,196608,98304,13,12,12,1,103936.0,5632.0,False,True,1.0,4608,8192,ENSG00000120162,196608
196608,26,196608,98304,13,12,12,1,103936.0,5632.0,False,True,1.0,4608,8192,ENSG00000142961,196608
196608,26,196608,98304,13,12,12,1,103936.0,5632.0,False,True,1.0,4608,8192,ENSG00000115540,196608
196608,26,196608,98304,13,12,12,1,103936.0,5632.0,False,True,1.0,4608,8192,ENSG00000080823,196608
196608,26,196608,98304,13,12,12,1,103936.0,5632.0,False,True,1.0,4608,8192,ENSG00000130830,196608
196608,26,196608,98304,13,12,12,1,103936.0,5632.0,False,True,1.0,4608,8192,ENSG00000108852,196608
196608,26,196608,98304,13,12,12,1,103936.0,5632.0,False,True,1.0,4608,8192,ENSG00000161647,196608
196608,26,196608,98304,13,12,12,1,103936.0,5632.0,False,True,1.0,4608,8192,ENSG00000082126,196608
196608,26,196608,98304,13,12,12,1,103936.0,5632.0,False,True,1.0,4608,8192,ENSG00000150054,196608
196608,26,196608,98304,13,12,12,1,103936.0,5632.0,False,True,1.0,4608,8192,ENSG00000164078,196608
196608,26,196608,98304,13,12,12,1,103936.0,5632.0,False,True,1.0,4608,8192,ENSG00000198793,196608
196608,26,196608,98304,13,12,12,1,103936.0,5632.0,False,True,1.0,4608,8192,ENSG00000030304,196608
196608,26,196608,98304,13,12,12,1,103936.0,5632.0,False,True,1.0,4608,8192,ENSG00000065534,196608
196608,26,196608,98304,13,12,12,1,103936.0,5632.0,False,True,1.0,4608,8192,ENSG00000101306,196608
196608,26,196608,98304,13,12,12,1,103936.0,5632.0,False,True,1.0,4608,8192,ENSG00000140795,196608
196608,26,196608,98304,13,12,12,1,103936.0,5632.0,False,True,1.0,4608,8192,ENSG00000145949,196608
196608,26,196608,98304,13,12,12,1,103936.0,5632.0,False,True,1.0,4608,8192,ENSG00000137474,196608
196608,26,196608,98304,13,12,12,1,103936.0,5632.0,False,True,1.0,4608,8192,ENSG00000170011,196608
196608,26,196608,98304,13,12,12,1,103936.0,5632.0,False,True,1.0,4608,8192,ENSG00000172915,196608
196608,26,196608,98304,13,12,12,1,103936.0,5632.0,False,True,1.0,4608,8192,ENSG00000137601,196608
196608,26,196608,98304,13,12,12,1,103936.0,5632.0,False,True,1.0,4608,8192,ENSG00000117650,196608
196608,26,196608,98304,13,12,12,1,103936.0,5632.0,False,True,1.0,4608,8192,ENSG00000136098,196608
196608,26,196608,98304,13,12,12,1,103936.0,5632.0,False,True,1.0,4608,8192,ENSG00000114904,196608
196608,26,196608,98304,13,12,12,1,103936.0,5632.0,False,True,1.0,4608,8192,ENSG00000197168,196608
196608,26,196608,98304,13,12,12,1,103936.0,5632.0,False,True,1.0,4608,8192,ENSG00000119408,196608
196608,26,196608,98304,13,12,12,1,103936.0,5632.0,False,True,1.0,4608,8192,ENSG00000151414,196608
196608,26,196608,98304,13,12,12,1,103936.0,5632.0,False,True,1.0,4608,8192,ENSG00000160602,196608
196608,26,196608,98304,13,12,12,1,103936.0,5632.0,False,True,1.0,4608,8192,ENSG00000119638,196608
196608,26,196608,98304,13,12,12,1,103936.0,5632.0,False,True,1.0,4608,8192,ENSG00000163491,196608
196608,26,196608,98304,13,12,12,1,103936.0,5632.0,False,True,1.0,4608,8192,ENSG00000114670,196608
196608,26,196608,98304,13,12,12,1,103936.0,5632.0,False,True,1.0,4608,8192,ENSG00000186575,196608
196608,26,196608,98304,13,12,12,1,103936.0,5632.0,False,True,1.0,4608,8192,ENSG00000177453,196608
196608,26,196608,98304,13,12,12,1,103936.0,5632.0,False,True,1.0,4608,8192,ENSG00000087095,196608
196608,26,196608,98304,13,12,12,1,103936.0,5632.0,False,True,1.0,4608,8192,ENSG00000198400,196608
196608,26,196608,98304,13,12,12,1,103936.0,5632.0,False,True,1.0,4608,8192,ENSG00000148053,196608
196608,26,196608,98304,13,12,12,1,103936.0,5632.0,False,True,1.0,4608,8192,ENSG00000140538,196608
196608,26,196608,98304,13,12,12,1,103936.0,5632.0,False,True,1.0,4608,8192,ENSG00000074590,196608
196608,26,196608,98304,13,12,12,1,103936.0,5632.0,False,True,1.0,4608,8192,ENSG00000163545,196608
196608,26,196608,98304,13,12,12,1,103936.0,5632.0,False,True,1.0,4608,8192,ENSG00000154358,196608
196608,26,196608,98304,13,12,12,1,103936.0,5632.0,False,True,1.0,4608,8192,ENSG00000172939,196608
196608,26,196608,98304,13,12,12,1,103936.0,5632.0,False,True,1.0,4608,8192,ENSG00000149269,196608
196608,26,196608,98304,13,12,12,1,103936.0,5632.0,False,True,1.0,4608,8192,ENSG00000180370,196608
196608,26,196608,98304,13,12,12,1,103936.0,5632.0,False,True,1.0,4608,8192,ENSG00000077264,196608
196608,26,196608,98304,13,12,12,1,103936.0,5632.0,False,True,1.0,4608,8192,ENSG00000130669,196608
196608,26,196608,98304,13,12,12,1,103936.0,5632.0,False,True,1.0,4608,8192,ENSG00000101349,196608
196608,26,196608,98304,13,12,12,1,103936.0,5632.0,False,True,1.0,4608,8192,ENSG00000137843,196608
196608,26,196608,98304,13,12,12,1,103936.0,5632.0,False,True,1.0,4608,8192,ENSG00000072415,196608
196608,26,196608,98304,13,12,12,1,103936.0,5632.0,False,True,1.0,4608,8192,ENSG00000152782,196608
196608,26,196608,98304,13,12,12,1,103936.0,5632.0,False,True,1.0,4608,8192,ENSG00000125779,196608
196608,26,196608,98304,13,12,12,1,103936.0,5632.0,False,True,1.0,4608,8192,ENSG00000120137,196608
196608,26,196608,98304,13,12,12,1,103936.0,5632.0,False,True,1.0,4608,8192,ENSG00000157881,196608
196608,26,196608,98304,13,12,12,1,103936.0,5632.0,False,True,1.0,4608,8192,ENSG00000115687,196608
196608,26,196608,98304,13,12,12,1,103936.0,5632.0,False,True,1.0,4608,8192,ENSG00000178104,196608
196608,26,196608,98304,13,12,12,1,103936.0,5632.0,False,True,1.0,4608,8192,ENSG00000134853,196608
196608,26,196608,98304,13,12,12,1,103936.0,5632.0,False,True,1.0,4608,8192,ENSG00000113721,196608
196608,26,196608,98304,13,12,12,1,103936.0,5632.0,False,True,1.0,4608,8192,ENSG00000175087,196608
196608,26,196608,98304,13,12,12,1,103936.0,5632.0,False,True,1.0,4608,8192,ENSG00000152256,196608
196608,26,196608,98304,13,12,12,1,103936.0,5632.0,False,True,1.0,4608,8192,ENSG00000005882,196608
196608,26,196608,98304,13,12,12,1,103936.0,5632.0,False,True,1.0,4608,8192,ENSG00000067992,196608
196608,26,196608,98304,13,12,12,1,103936.0,5632.0,False,True,1.0,4608,8192,ENSG00000004799,196608
196608,26,196608,98304,13,12,12,1,103936.0,5632.0,False,True,1.0,4608,8192,ENSG00000140992,196608
196608,26,196608,98304,13,12,12,1,103936.0,5632.0,False,True,1.0,4608,8192,ENSG00000158571,196608
196608,26,196608,98304,13,12,12,1,103936.0,5632.0,False,True,1.0,4608,8192,ENSG00000123836,196608
196608,26,196608,98304,13,12,12,1,103936.0,5632.0,False,True,1.0,4608,8192,ENSG00000170525,196608
196608,26,196608,98304,13,12,12,1,103936.0,5632.0,False,True,1.0,4608,8192,ENSG00000114268,196608
196608,26,196608,98304,13,12,12,1,103936.0,5632.0,False,True,1.0,4608,8192,ENSG00000067177,196608
196608,26,196608,98304,13,12,12,1,103936.0,5632.0,False,True,1.0,4608,8192,ENSG00000044446,196608
196608,26,196608,98304,13,12,12,1,103936.0,5632.0,False,True,1.0,4608,8192,ENSG00000102893,196608
196608,26,196608,98304,13,12,12,1,103936.0,5632.0,False,True,1.0,4608,8192,ENSG00000164776,196608
196608,26,196608,98304,13,12,12,1,103936.0,5632.0,False,True,1.0,4608,8192,ENSG00000156873,196608
196608,26,196608,98304,13,12,12,1,103936.0,5632.0,False,True,1.0,4608,8192,ENSG00000241973,196608
196608,26,196608,98304,13,12,12,1,103936.0,5632.0,False,True,1.0,4608,8192,ENSG00000011405,196608
196608,26,196608,98304,13,12,12,1,103936.0,5632.0,False,True,1.0,4608,8192,ENSG00000133056,196608
196608,26,196608,98304,13,12,12,1,103936.0,5632.0,False,True,1.0,4608,8192,ENSG00000139144,196608
196608,26,196608,98304,13,12,12,1,103936.0,5632.0,False,True,1.0,4608,8192,ENSG00000078142,196608
196608,26,196608,98304,13,12,12,1,103936.0,5632.0,False,True,1.0,4608,8192,ENSG00000121879,196608
196608,26,196608,98304,13,12,12,1,103936.0,5632.0,False,True,1.0,4608,8192,ENSG00000051382,196608
196608,26,196608,98304,13,12,12,1,103936.0,5632.0,False,True,1.0,4608,8192,ENSG00000171608,196608
196608,26,196608,98304,13,12,12,1,103936.0,5632.0,False,True,1.0,4608,8192,ENSG00000105851,196608
196608,26,196608,98304,13,12,12,1,103936.0,5632.0,False,True,1.0,4608,8192,ENSG00000137193,196608
196608,26,196608,98304,13,12,12,1,103936.0,5632.0,False,True,1.0,4608,8192,ENSG00000102096,196608
196608,26,196608,98304,13,12,12,1,103936.0,5632.0,False,True,1.0,4608,8192,ENSG00000198355,196608
196608,26,196608,98304,13,12,12,1,103936.0,5632.0,False,True,1.0,4608,8192,ENSG00000162878,196608
196608,26,196608,98304,13,12,12,1,103936.0,5632.0,False,True,1.0,4608,8192,ENSG00000143627,196608
196608,26,196608,98304,13,12,12,1,103936.0,5632.0,False,True,1.0,4608,8192,ENSG00000067225,196608
196608,26,196608,98304,13,12,12,1,103936.0,5632.0,False,True,1.0,4608,8192,ENSG00000123143,196608
196608,26,196608,98304,13,12,12,1,103936.0,5632.0,False,True,1.0,4608,8192,ENSG00000065243,196608
196608,26,196608,98304,13,12,12,1,103936.0,5632.0,False,True,1.0,4608,8192,ENSG00000160447,196608
196608,26,196608,98304,13,12,12,1,103936.0,5632.0,False,True,1.0,4608,8192,ENSG00000166851,196608
196608,26,196608,98304,13,12,12,1,103936.0,5632.0,False,True,1.0,4608,8192,ENSG00000145632,196608
196608,26,196608,98304,13,12,12,1,103936.0,5632.0,False,True,1.0,4608,8192,ENSG00000173846,196608
196608,26,196608,98304,13,12,12,1,103936.0,5632.0,False,True,1.0,4608,8192,ENSG00000142731,196608
196608,26,196608,98304,13,12,12,1,103936.0,5632.0,False,True,1.0,4608,8192,ENSG00000185988,196608
196608,26,196608,98304,13,12,12,1,103936.0,5632.0,False,True,1.0,4608,8192,ENSG00000132356,196608
196608,26,196608,98304,13,12,12,1,103936.0,5632.0,False,True,1.0,4608,8192,ENSG00000162409,196608
196608,26,196608,98304,13,12,12,1,103936.0,5632.0,False,True,1.0,4608,8192,ENSG00000111725,196608
196608,26,196608,98304,13,12,12,1,103936.0,5632.0,False,True,1.0,4608,8192,ENSG00000131791,196608
196608,26,196608,98304,13,12,12,1,103936.0,5632.0,False,True,1.0,4608,8192,ENSG00000072062,196608
196608,26,196608,98304,13,12,12,1,103936.0,5632.0,False,True,1.0,4608,8192,ENSG00000142875,196608
196608,26,196608,98304,13,12,12,1,103936.0,5632.0,False,True,1.0,4608,8192,ENSG00000165059,196608
196608,26,196608,98304,13,12,12,1,103936.0,5632.0,False,True,1.0,4608,8192,ENSG00000181929,196608
196608,26,196608,98304,13,12,12,1,103936.0,5632.0,False,True,1.0,4608,8192,ENSG00000106617,196608
196608,26,196608,98304,13,12,12,1,103936.0,5632.0,False,True,1.0,4608,8192,ENSG00000115592,196608
196608,26,196608,98304,13,12,12,1,103936.0,5632.0,False,True,1.0,4608,8192,ENSG00000108946,196608
196608,26,196608,98304,13,12,12,1,103936.0,5632.0,False,True,1.0,4608,8192,ENSG00000188191,196608
196608,26,196608,98304,13,12,12,1,103936.0,5632.0,False,True,1.0,4608,8192,ENSG00000114302,196608
196608,26,196608,98304,13,12,12,1,103936.0,5632.0,False,True,1.0,4608,8192,ENSG00000005249,196608
196608,26,196608,98304,13,12,12,1,103936.0,5632.0,False,True,1.0,4608,8192,ENSG00000154229,196608
196608,26,196608,98304,13,12,12,1,103936.0,5632.0,False,True,1.0,4608,8192,ENSG00000166501,196608
196608,26,196608,98304,13,12,12,1,103936.0,5632.0,False,True,1.0,4608,8192,ENSG00000163932,196608
196608,26,196608,98304,13,12,12,1,103936.0,5632.0,False,True,1.0,4608,8192,ENSG00000171132,196608
196608,26,196608,98304,13,12,12,1,103936.0,5632.0,False,True,1.0,4608,8192,ENSG00000126583,196608
196608,26,196608,98304,13,12,12,1,103936.0,5632.0,False,True,1.0,4608,8192,ENSG00000027075,196608
196608,26,196608,98304,13,12,12,1,103936.0,5632.0,False,True,1.0,4608,8192,ENSG00000163558,196608
196608,26,196608,98304,13,12,12,1,103936.0,5632.0,False,True,1.0,4608,8192,ENSG00000065675,196608
196608,26,196608,98304,13,12,12,1,103936.0,5632.0,False,True,1.0,4608,8192,ENSG00000067606,196608
196608,26,196608,98304,13,12,12,1,103936.0,5632.0,False,True,1.0,4608,8192,ENSG00000184304,196608
196608,26,196608,98304,13,12,12,1,103936.0,5632.0,False,True,1.0,4608,8192,ENSG00000105287,196608
196608,26,196608,98304,13,12,12,1,103936.0,5632.0,False,True,1.0,4608,8192,ENSG00000115825,196608
196608,26,196608,98304,13,12,12,1,103936.0,5632.0,False,True,1.0,4608,8192,ENSG00000253729,196608
196608,26,196608,98304,13,12,12,1,103936.0,5632.0,False,True,1.0,4608,8192,ENSG00000185532,196608
196608,26,196608,98304,13,12,12,1,103936.0,5632.0,False,True,1.0,4608,8192,ENSG00000138669,196608
196608,26,196608,98304,13,12,12,1,103936.0,5632.0,False,True,1.0,4608,8192,ENSG00000183943,196608
196608,26,196608,98304,13,12,12,1,103936.0,5632.0,False,True,1.0,4608,8192,ENSG00000149311,196608
196608,26,196608,98304,13,12,12,1,103936.0,5632.0,False,True,1.0,4608,8192,ENSG00000175054,196608
196608,26,196608,98304,13,12,12,1,103936.0,5632.0,False,True,1.0,4608,8192,ENSG00000087586,196608
196608,26,196608,98304,13,12,12,1,103936.0,5632.0,False,True,1.0,4608,8192,ENSG00000178999,196608
196608,26,196608,98304,13,12,12,1,103936.0,5632.0,False,True,1.0,4608,8192,ENSG00000105146,196608
196608,26,196608,98304,13,12,12,1,103936.0,5632.0,False,True,1.0,4608,8192,ENSG00000167601,196608
196608,26,196608,98304,13,12,12,1,103936.0,5632.0,False,True,1.0,4608,8192,ENSG00000103507,196608
196608,26,196608,98304,13,12,12,1,103936.0,5632.0,False,True,1.0,4608,8192,ENSG00000136573,196608
196608,26,196608,98304,13,12,12,1,103936.0,5632.0,False,True,1.0,4608,8192,ENSG00000107779,196608
196608,26,196608,98304,13,12,12,1,103936.0,5632.0,False,True,1.0,4608,8192,ENSG00000138696,196608
196608,26,196608,98304,13,12,12,1,103936.0,5632.0,False,True,1.0,4608,8192,ENSG00000204217,196608
196608,26,196608,98304,13,12,12,1,103936.0,5632.0,False,True,1.0,4608,8192,ENSG00000102010,196608
196608,26,196608,98304,13,12,12,1,103936.0,5632.0,False,True,1.0,4608,8192,ENSG00000157764,196608
196608,26,196608,98304,13,12,12,1,103936.0,5632.0,False,True,1.0,4608,8192,ENSG00000160469,196608
196608,26,196608,98304,13,12,12,1,103936.0,5632.0,False,True,1.0,4608,8192,ENSG00000174672,196608
196608,26,196608,98304,13,12,12,1,103936.0,5632.0,False,True,1.0,4608,8192,ENSG00000010671,196608
196608,26,196608,98304,13,12,12,1,103936.0,5632.0,False,True,1.0,4608,8192,ENSG00000159792,196608
196608,26,196608,98304,13,12,12,1,103936.0,5632.0,False,True,1.0,4608,8192,ENSG00000147613,196608
196608,26,196608,98304,13,12,12,1,103936.0,5632.0,False,True,1.0,4608,8192,ENSG00000169398,196608
196608,26,196608,98304,13,12,12,1,103936.0,5632.0,False,True,1.0,4608,8192,ENSG00000120899,196608
196608,26,196608,98304,13,12,12,1,103936.0,5632.0,False,True,1.0,4608,8192,ENSG00000101213,196608
196608,26,196608,98304,13,12,12,1,103936.0,5632.0,False,True,1.0,4608,8192,ENSG00000112655,196608
196608,26,196608,98304,13,12,12,1,103936.0,5632.0,False,True,1.0,4608,8192,ENSG00000118508,196608
196608,26,196608,98304,13,12,12,1,103936.0,5632.0,False,True,1.0,4608,8192,ENSG00000132155,196608
196608,26,196608,98304,13,12,12,1,103936.0,5632.0,False,True,1.0,4608,8192,ENSG00000165731,196608
196608,26,196608,98304,13,12,12,1,103936.0,5632.0,False,True,1.0,4608,8192,ENSG00000124784,196608
196608,26,196608,98304,13,12,12,1,103936.0,5632.0,False,True,1.0,4608,8192,ENSG00000058729,196608
196608,26,196608,98304,13,12,12,1,103936.0,5632.0,False,True,1.0,4608,8192,ENSG00000101782,196608
196608,26,196608,98304,13,12,12,1,103936.0,5632.0,False,True,1.0,4608,8192,ENSG00000137275,196608
196608,26,196608,98304,13,12,12,1,103936.0,5632.0,False,True,1.0,4608,8192,ENSG00000104312,196608
196608,26,196608,98304,13,12,12,1,103936.0,5632.0,False,True,1.0,4608,8192,ENSG00000129465,196608
196608,26,196608,98304,13,12,12,1,103936.0,5632.0,False,True,1.0,4608,8192,ENSG00000183421,196608
196608,26,196608,98304,13,12,12,1,103936.0,5632.0,False,True,1.0,4608,8192,ENSG00000067900,196608
196608,26,196608,98304,13,12,12,1,103936.0,5632.0,False,True,1.0,4608,8192,ENSG00000134318,196608
196608,26,196608,98304,13,12,12,1,103936.0,5632.0,False,True,1.0,4608,8192,ENSG00000185483,196608
196608,26,196608,98304,13,12,12,1,103936.0,5632.0,False,True,1.0,4608,8192,ENSG00000169071,196608
196608,26,196608,98304,13,12,12,1,103936.0,5632.0,False,True,1.0,4608,8192,ENSG00000047936,196608
196608,26,196608,98304,13,12,12,1,103936.0,5632.0,False,True,1.0,4608,8192,ENSG00000117676,196608
196608,26,196608,98304,13,12,12,1,103936.0,5632.0,False,True,1.0,4608,8192,ENSG00000071242,196608
196608,26,196608,98304,13,12,12,1,103936.0,5632.0,False,True,1.0,4608,8192,ENSG00000177189,196608
196608,26,196608,98304,13,12,12,1,103936.0,5632.0,False,True,1.0,4608,8192,ENSG00000162302,196608
196608,26,196608,98304,13,12,12,1,103936.0,5632.0,False,True,1.0,4608,8192,ENSG00000100784,196608
196608,26,196608,98304,13,12,12,1,103936.0,5632.0,False,True,1.0,4608,8192,ENSG00000072133,196608
196608,26,196608,98304,13,12,12,1,103936.0,5632.0,False,True,1.0,4608,8192,ENSG00000108443,196608
196608,26,196608,98304,13,12,12,1,103936.0,5632.0,False,True,1.0,4608,8192,ENSG00000175634,196608
196608,26,196608,98304,13,12,12,1,103936.0,5632.0,False,True,1.0,4608,8192,ENSG00000136643,196608
196608,26,196608,98304,13,12,12,1,103936.0,5632.0,False,True,1.0,4608,8192,ENSG00000198208,196608
196608,26,196608,98304,13,12,12,1,103936.0,5632.0,False,True,1.0,4608,8192,ENSG00000167524,196608
196608,26,196608,98304,13,12,12,1,103936.0,5632.0,False,True,1.0,4608,8192,ENSG00000163785,196608
196608,26,196608,98304,13,12,12,1,103936.0,5632.0,False,True,1.0,4608,8192,ENSG00000118515,196608
196608,26,196608,98304,13,12,12,1,103936.0,5632.0,False,True,1.0,4608,8192,ENSG00000101049,196608
196608,26,196608,98304,13,12,12,1,103936.0,5632.0,False,True,1.0,4608,8192,ENSG00000104205,196608
196608,26,196608,98304,13,12,12,1,103936.0,5632.0,False,True,1.0,4608,8192,ENSG00000142178,196608
196608,26,196608,98304,13,12,12,1,103936.0,5632.0,False,True,1.0,4608,8192,ENSG00000170145,196608
196608,26,196608,98304,13,12,12,1,103936.0,5632.0,False,True,1.0,4608,8192,ENSG00000160584,196608
196608,26,196608,98304,13,12,12,1,103936.0,5632.0,False,True,1.0,4608,8192,ENSG00000065613,196608
196608,26,196608,98304,13,12,12,1,103936.0,5632.0,False,True,1.0,4608,8192,ENSG00000157106,196608
196608,26,196608,98304,13,12,12,1,103936.0,5632.0,False,True,1.0,4608,8192,ENSG00000169679,196608
196608,26,196608,98304,13,12,12,1,103936.0,5632.0,False,True,1.0,4608,8192,ENSG00000156970,196608
196608,26,196608,98304,13,12,12,1,103936.0,5632.0,False,True,1.0,4608,8192,ENSG00000067191,196608
196608,26,196608,98304,13,12,12,1,103936.0,5632.0,False,True,1.0,4608,8192,ENSG00000165995,196608
196608,26,196608,98304,13,12,12,1,103936.0,5632.0,False,True,1.0,4608,8192,ENSG00000167535,196608
196608,26,196608,98304,13,12,12,1,103936.0,5632.0,False,True,1.0,4608,8192,ENSG00000182389,196608
196608,26,196608,98304,13,12,12,1,103936.0,5632.0,False,True,1.0,4608,8192,ENSG00000198668,196608
196608,26,196608,98304,13,12,12,1,103936.0,5632.0,False,True,1.0,4608,8192,ENSG00000143933,196608
196608,26,196608,98304,13,12,12,1,103936.0,5632.0,False,True,1.0,4608,8192,ENSG00000160014,196608
196608,26,196608,98304,13,12,12,1,103936.0,5632.0,False,True,1.0,4608,8192,ENSG00000100065,196608
196608,26,196608,98304,13,12,12,1,103936.0,5632.0,False,True,1.0,4608,8192,ENSG00000198286,196608
196608,26,196608,98304,13,12,12,1,103936.0,5632.0,False,True,1.0,4608,8192,ENSG00000141527,196608
196608,26,196608,98304,13,12,12,1,103936.0,5632.0,False,True,1.0,4608,8192,ENSG00000147044,196608
196608,26,196608,98304,13,12,12,1,103936.0,5632.0,False,True,1.0,4608,8192,ENSG00000129993,196608
196608,26,196608,98304,13,12,12,1,103936.0,5632.0,False,True,1.0,4608,8192,ENSG00000163788,196608
196608,26,196608,98304,13,12,12,1,103936.0,5632.0,False,True,1.0,4608,8192,ENSG00000072195,196608
196608,26,196608,98304,13,12,12,1,103936.0,5632.0,False,True,1.0,4608,8192,ENSG00000176170,196608
196608,26,196608,98304,13,12,12,1,103936.0,5632.0,False,True,1.0,4608,8192,ENSG00000063176,196608
196608,26,196608,98304,13,12,12,1,103936.0,5632.0,False,True,1.0,4608,8192,ENSG00000153820,196608
196608,26,196608,98304,13,12,12,1,103936.0,5632.0,False,True,1.0,4608,8192,ENSG00000197122,196608
196608,26,196608,98304,13,12,12,1,103936.0,5632.0,False,True,1.0,4608,8192,ENSG00000125508,196608
196608,26,196608,98304,13,12,12,1,103936.0,5632.0,False,True,1.0,4608,8192,ENSG00000096063,196608
196608,26,196608,98304,13,12,12,1,103936.0,5632.0,False,True,1.0,4608,8192,ENSG00000135250,196608
196608,26,196608,98304,13,12,12,1,103936.0,5632.0,False,True,1.0,4608,8192,ENSG00000184343,196608
196608,26,196608,98304,13,12,12,1,103936.0,5632.0,False,True,1.0,4608,8192,ENSG00000104375,196608
196608,26,196608,98304,13,12,12,1,103936.0,5632.0,False,True,1.0,4608,8192,ENSG00000101109,196608
196608,26,196608,98304,13,12,12,1,103936.0,5632.0,False,True,1.0,4608,8192,ENSG00000072786,196608
196608,26,196608,98304,13,12,12,1,103936.0,5632.0,False,True,1.0,4608,8192,ENSG00000118046,196608
196608,26,196608,98304,13,12,12,1,103936.0,5632.0,False,True,1.0,4608,8192,ENSG00000164543,196608
196608,26,196608,98304,13,12,12,1,103936.0,5632.0,False,True,1.0,4608,8192,ENSG00000081320,196608
196608,26,196608,98304,13,12,12,1,103936.0,5632.0,False,True,1.0,4608,8192,ENSG00000102572,196608
196608,26,196608,98304,13,12,12,1,103936.0,5632.0,False,True,1.0,4608,8192,ENSG00000115694,196608
196608,26,196608,98304,13,12,12,1,103936.0,5632.0,False,True,1.0,4608,8192,ENSG00000134602,196608
196608,26,196608,98304,13,12,12,1,103936.0,5632.0,False,True,1.0,4608,8192,ENSG00000169302,196608
196608,26,196608,98304,13,12,12,1,103936.0,5632.0,False,True,1.0,4608,8192,ENSG00000152953,196608
196608,26,196608,98304,13,12,12,1,103936.0,5632.0,False,True,1.0,4608,8192,ENSG00000165752,196608
196608,26,196608,98304,13,12,12,1,103936.0,5632.0,False,True,1.0,4608,8192,ENSG00000130413,196608
196608,26,196608,98304,13,12,12,1,103936.0,5632.0,False,True,1.0,4608,8192,ENSG00000125834,196608
196608,26,196608,98304,13,12,12,1,103936.0,5632.0,False,True,1.0,4608,8192,ENSG00000112079,196608
196608,26,196608,98304,13,12,12,1,103936.0,5632.0,False,True,1.0,4608,8192,ENSG00000211455,196608
196608,26,196608,98304,13,12,12,1,103936.0,5632.0,False,True,1.0,4608,8192,ENSG00000198648,196608
196608,26,196608,98304,13,12,12,1,103936.0,5632.0,False,True,1.0,4608,8192,ENSG00000060140,196608
196608,26,196608,98304,13,12,12,1,103936.0,5632.0,False,True,1.0,4608,8192,ENSG00000127952,196608
196608,26,196608,98304,13,12,12,1,103936.0,5632.0,False,True,1.0,4608,8192,ENSG00000165025,196608
196608,26,196608,98304,13,12,12,1,103936.0,5632.0,False,True,1.0,4608,8192,ENSG00000182253,196608
196608,26,196608,98304,13,12,12,1,103936.0,5632.0,False,True,1.0,4608,8192,ENSG00000160551,196608
196608,26,196608,98304,13,12,12,1,103936.0,5632.0,False,True,1.0,4608,8192,ENSG00000149930,196608
196608,26,196608,98304,13,12,12,1,103936.0,5632.0,False,True,1.0,4608,8192,ENSG00000135090,196608
196608,26,196608,98304,13,12,12,1,103936.0,5632.0,False,True,1.0,4608,8192,ENSG00000183735,196608
196608,26,196608,98304,13,12,12,1,103936.0,5632.0,False,True,1.0,4608,8192,ENSG00000135605,196608
196608,26,196608,98304,13,12,12,1,103936.0,5632.0,False,True,1.0,4608,8192,ENSG00000120156,196608
196608,26,196608,98304,13,12,12,1,103936.0,5632.0,False,True,1.0,4608,8192,ENSG00000107140,196608
196608,26,196608,98304,13,12,12,1,103936.0,5632.0,False,True,1.0,4608,8192,ENSG00000070759,196608
196608,26,196608,98304,13,12,12,1,103936.0,5632.0,False,True,1.0,4608,8192,ENSG00000106799,196608
196608,26,196608,98304,13,12,12,1,103936.0,5632.0,False,True,1.0,4608,8192,ENSG00000163513,196608
196608,26,196608,98304,13,12,12,1,103936.0,5632.0,False,True,1.0,4608,8192,ENSG00000066056,196608
196608,26,196608,98304,13,12,12,1,103936.0,5632.0,False,True,1.0,4608,8192,ENSG00000104067,196608
196608,26,196608,98304,13,12,12,1,103936.0,5632.0,False,True,1.0,4608,8192,ENSG00000119139,196608
196608,26,196608,98304,13,12,12,1,103936.0,5632.0,False,True,1.0,4608,8192,ENSG00000105289,196608
196608,26,196608,98304,13,12,12,1,103936.0,5632.0,False,True,1.0,4608,8192,ENSG00000167900,196608
196608,26,196608,98304,13,12,12,1,103936.0,5632.0,False,True,1.0,4608,8192,ENSG00000166548,196608
196608,26,196608,98304,13,12,12,1,103936.0,5632.0,False,True,1.0,4608,8192,ENSG00000198586,196608
196608,26,196608,98304,13,12,12,1,103936.0,5632.0,False,True,1.0,4608,8192,ENSG00000146872,196608
196608,26,196608,98304,13,12,12,1,103936.0,5632.0,False,True,1.0,4608,8192,ENSG00000174292,196608
196608,26,196608,98304,13,12,12,1,103936.0,5632.0,False,True,1.0,4608,8192,ENSG00000061938,196608
196608,26,196608,98304,13,12,12,1,103936.0,5632.0,False,True,1.0,4608,8192,ENSG00000116783,196608
196608,26,196608,98304,13,12,12,1,103936.0,5632.0,False,True,1.0,4608,8192,ENSG00000119121,196608
196608,26,196608,98304,13,12,12,1,103936.0,5632.0,False,True,1.0,4608,8192,ENSG00000092439,196608
196608,26,196608,98304,13,12,12,1,103936.0,5632.0,False,True,1.0,4608,8192,ENSG00000196367,196608
196608,26,196608,98304,13,12,12,1,103936.0,5632.0,False,True,1.0,4608,8192,ENSG00000212122,196608
196608,26,196608,98304,13,12,12,1,103936.0,5632.0,False,True,1.0,4608,8192,ENSG00000206203,196608
196608,26,196608,98304,13,12,12,1,103936.0,5632.0,False,True,1.0,4608,8192,ENSG00000162526,196608
196608,26,196608,98304,13,12,12,1,103936.0,5632.0,False,True,1.0,4608,8192,ENSG00000139908,196608
196608,26,196608,98304,13,12,12,1,103936.0,5632.0,False,True,1.0,4608,8192,ENSG00000178093,196608
196608,26,196608,98304,13,12,12,1,103936.0,5632.0,False,True,1.0,4608,8192,ENSG00000068724,196608
196608,26,196608,98304,13,12,12,1,103936.0,5632.0,False,True,1.0,4608,8192,ENSG00000165914,196608
196608,26,196608,98304,13,12,12,1,103936.0,5632.0,False,True,1.0,4608,8192,ENSG00000112742,196608
196608,26,196608,98304,13,12,12,1,103936.0,5632.0,False,True,1.0,4608,8192,ENSG00000155657,196608
196608,26,196608,98304,13,12,12,1,103936.0,5632.0,False,True,1.0,4608,8192,ENSG00000074966,196608
196608,26,196608,98304,13,12,12,1,103936.0,5632.0,False,True,1.0,4608,8192,ENSG00000105397,196608
196608,26,196608,98304,13,12,12,1,103936.0,5632.0,False,True,1.0,4608,8192,ENSG00000092445,196608
196608,26,196608,98304,13,12,12,1,103936.0,5632.0,False,True,1.0,4608,8192,ENSG00000130717,196608
196608,26,196608,98304,13,12,12,1,103936.0,5632.0,False,True,1.0,4608,8192,ENSG00000143179,196608
196608,26,196608,98304,13,12,12,1,103936.0,5632.0,False,True,1.0,4608,8192,ENSG00000198276,196608
196608,26,196608,98304,13,12,12,1,103936.0,5632.0,False,True,1.0,4608,8192,ENSG00000100749,196608
196608,26,196608,98304,13,12,12,1,103936.0,5632.0,False,True,1.0,4608,8192,ENSG00000028116,196608
196608,26,196608,98304,13,12,12,1,103936.0,5632.0,False,True,1.0,4608,8192,ENSG00000105053,196608
196608,26,196608,98304,13,12,12,1,103936.0,5632.0,False,True,1.0,4608,8192,ENSG00000112290,196608
196608,26,196608,98304,13,12,12,1,103936.0,5632.0,False,True,1.0,4608,8192,ENSG00000060237,196608
196608,26,196608,98304,13,12,12,1,103936.0,5632.0,False,True,1.0,4608,8192,ENSG00000165238,196608
196608,26,196608,98304,13,12,12,1,103936.0,5632.0,False,True,1.0,4608,8192,ENSG00000196632,196608
196608,26,196608,98304,13,12,12,1,103936.0,5632.0,False,True,1.0,4608,8192,ENSG00000126562,196608
196608,26,196608,98304,13,12,12,1,103936.0,5632.0,False,True,1.0,4608,8192,ENSG00000176105,196608
196608,26,196608,98304,13,12,12,1,103936.0,5632.0,False,True,1.0,4608,8192,ENSG00000115085,196608
196608,26,196608,98304,13,12,12,1,103936.0,5632.0,False,True,1.0,4608,8192,ENSG00000134480,196608
196608,26,196608,98304,13,12,12,1,103936.0,5632.0,False,True,1.0,4608,8192,ENSG00000097046,196608
196608,26,196608,98304,13,12,12,1,103936.0,5632.0,False,True,1.0,4608,8192,ENSG00000143776,196608
196608,26,196608,98304,13,12,12,1,103936.0,5632.0,False,True,1.0,4608,8192,ENSG00000198752,196608
196608,26,196608,98304,13,12,12,1,103936.0,5632.0,False,True,1.0,4608,8192,ENSG00000171219,196608
196608,26,196608,98304,13,12,12,1,103936.0,5632.0,False,True,1.0,4608,8192,ENSG00000170312,196608
196608,26,196608,98304,13,12,12,1,103936.0,5632.0,False,True,1.0,4608,8192,ENSG00000123374,196608
196608,26,196608,98304,13,12,12,1,103936.0,5632.0,False,True,1.0,4608,8192,ENSG00000250506,196608
196608,26,196608,98304,13,12,12,1,103936.0,5632.0,False,True,1.0,4608,8192,ENSG00000135446,196608
196608,26,196608,98304,13,12,12,1,103936.0,5632.0,False,True,1.0,4608,8192,ENSG00000164885,196608
196608,26,196608,98304,13,12,12,1,103936.0,5632.0,False,True,1.0,4608,8192,ENSG00000105810,196608
196608,26,196608,98304,13,12,12,1,103936.0,5632.0,False,True,1.0,4608,8192,ENSG00000134058,196608
196608,26,196608,98304,13,12,12,1,103936.0,5632.0,False,True,1.0,4608,8192,ENSG00000132964,196608
196608,26,196608,98304,13,12,12,1,103936.0,5632.0,False,True,1.0,4608,8192,ENSG00000136807,196608
196608,26,196608,98304,13,12,12,1,103936.0,5632.0,False,True,1.0,4608,8192,ENSG00000185324,196608
196608,26,196608,98304,13,12,12,1,103936.0,5632.0,False,True,1.0,4608,8192,ENSG00000008128,196608
196608,26,196608,98304,13,12,12,1,103936.0,5632.0,False,True,1.0,4608,8192,ENSG00000248333,196608
196608,26,196608,98304,13,12,12,1,103936.0,5632.0,False,True,1.0,4608,8192,ENSG00000167258,196608
196608,26,196608,98304,13,12,12,1,103936.0,5632.0,False,True,1.0,4608,8192,ENSG00000065883,196608
196608,26,196608,98304,13,12,12,1,103936.0,5632.0,False,True,1.0,4608,8192,ENSG00000058091,196608
196608,26,196608,98304,13,12,12,1,103936.0,5632.0,False,True,1.0,4608,8192,ENSG00000138395,196608
196608,26,196608,98304,13,12,12,1,103936.0,5632.0,False,True,1.0,4608,8192,ENSG00000102225,196608
196608,26,196608,98304,13,12,12,1,103936.0,5632.0,False,True,1.0,4608,8192,ENSG00000059758,196608
196608,26,196608,98304,13,12,12,1,103936.0,5632.0,False,True,1.0,4608,8192,ENSG00000117266,196608
196608,26,196608,98304,13,12,12,1,103936.0,5632.0,False,True,1.0,4608,8192,ENSG00000155111,196608
196608,26,196608,98304,13,12,12,1,103936.0,5632.0,False,True,1.0,4608,8192,ENSG00000156345,196608
196608,26,196608,98304,13,12,12,1,103936.0,5632.0,False,True,1.0,4608,8192,ENSG00000100490,196608
196608,26,196608,98304,13,12,12,1,103936.0,5632.0,False,True,1.0,4608,8192,ENSG00000138769,196608
196608,26,196608,98304,13,12,12,1,103936.0,5632.0,False,True,1.0,4608,8192,ENSG00000006837,196608
196608,26,196608,98304,13,12,12,1,103936.0,5632.0,False,True,1.0,4608,8192,ENSG00000205111,196608
196608,26,196608,98304,13,12,12,1,103936.0,5632.0,False,True,1.0,4608,8192,ENSG00000008086,196608
196608,26,196608,98304,13,12,12,1,103936.0,5632.0,False,True,1.0,4608,8192,ENSG00000149554,196608
196608,26,196608,98304,13,12,12,1,103936.0,5632.0,False,True,1.0,4608,8192,ENSG00000183765,196608
196608,26,196608,98304,13,12,12,1,103936.0,5632.0,False,True,1.0,4608,8192,ENSG00000110721,196608
196608,26,196608,98304,13,12,12,1,103936.0,5632.0,False,True,1.0,4608,8192,ENSG00000100288,196608
196608,26,196608,98304,13,12,12,1,103936.0,5632.0,False,True,1.0,4608,8192,ENSG00000213341,196608
196608,26,196608,98304,13,12,12,1,103936.0,5632.0,False,True,1.0,4608,8192,ENSG00000112144,196608
196608,26,196608,98304,13,12,12,1,103936.0,5632.0,False,True,1.0,4608,8192,ENSG00000122966,196608
196608,26,196608,98304,13,12,12,1,103936.0,5632.0,False,True,1.0,4608,8192,ENSG00000166165,196608
196608,26,196608,98304,13,12,12,1,103936.0,5632.0,False,True,1.0,4608,8192,ENSG00000104879,196608
196608,26,196608,98304,13,12,12,1,103936.0,5632.0,False,True,1.0,4608,8192,ENSG00000223572,196608
196608,26,196608,98304,13,12,12,1,103936.0,5632.0,False,True,1.0,4608,8192,ENSG00000237289,196608
196608,26,196608,98304,13,12,12,1,103936.0,5632.0,False,True,1.0,4608,8192,ENSG00000131730,196608
196608,26,196608,98304,13,12,12,1,103936.0,5632.0,False,True,1.0,4608,8192,ENSG00000013441,196608
196608,26,196608,98304,13,12,12,1,103936.0,5632.0,False,True,1.0,4608,8192,ENSG00000176444,196608
196608,26,196608,98304,13,12,12,1,103936.0,5632.0,False,True,1.0,4608,8192,ENSG00000179335,196608
196608,26,196608,98304,13,12,12,1,103936.0,5632.0,False,True,1.0,4608,8192,ENSG00000113240,196608
196608,26,196608,98304,13,12,12,1,103936.0,5632.0,False,True,1.0,4608,8192,ENSG00000164309,196608
196608,26,196608,98304,13,12,12,1,103936.0,5632.0,False,True,1.0,4608,8192,ENSG00000182578,196608
196608,26,196608,98304,13,12,12,1,103936.0,5632.0,False,True,1.0,4608,8192,ENSG00000103653,196608
196608,26,196608,98304,13,12,12,1,103936.0,5632.0,False,True,1.0,4608,8192,ENSG00000113712,196608
196608,26,196608,98304,13,12,12,1,103936.0,5632.0,False,True,1.0,4608,8192,ENSG00000180138,196608
196608,26,196608,98304,13,12,12,1,103936.0,5632.0,False,True,1.0,4608,8192,ENSG00000141551,196608
196608,26,196608,98304,13,12,12,1,103936.0,5632.0,False,True,1.0,4608,8192,ENSG00000213923,196608
196608,26,196608,98304,13,12,12,1,103936.0,5632.0,False,True,1.0,4608,8192,ENSG00000169118,196608
196608,26,196608,98304,13,12,12,1,103936.0,5632.0,False,True,1.0,4608,8192,ENSG00000133275,196608
196608,26,196608,98304,13,12,12,1,103936.0,5632.0,False,True,1.0,4608,8192,ENSG00000151292,196608
196608,26,196608,98304,13,12,12,1,103936.0,5632.0,False,True,1.0,4608,8192,ENSG00000196730,196608
196608,26,196608,98304,13,12,12,1,103936.0,5632.0,False,True,1.0,4608,8192,ENSG00000035664,196608
196608,26,196608,98304,13,12,12,1,103936.0,5632.0,False,True,1.0,4608,8192,ENSG00000167657,196608
196608,26,196608,98304,13,12,12,1,103936.0,5632.0,False,True,1.0,4608,8192,ENSG00000156136,196608
196608,26,196608,98304,13,12,12,1,103936.0,5632.0,False,True,1.0,4608,8192,ENSG00000133083,196608
196608,26,196608,98304,13,12,12,1,103936.0,5632.0,False,True,1.0,4608,8192,ENSG00000170390,196608
196608,26,196608,98304,13,12,12,1,103936.0,5632.0,False,True,1.0,4608,8192,ENSG00000163673,196608
196608,26,196608,98304,13,12,12,1,103936.0,5632.0,False,True,1.0,4608,8192,ENSG00000204580,196608
196608,26,196608,98304,13,12,12,1,103936.0,5632.0,False,True,1.0,4608,8192,ENSG00000162733,196608
196608,26,196608,98304,13,12,12,1,103936.0,5632.0,False,True,1.0,4608,8192,ENSG00000065357,196608
196608,26,196608,98304,13,12,12,1,103936.0,5632.0,False,True,1.0,4608,8192,ENSG00000136267,196608
196608,26,196608,98304,13,12,12,1,103936.0,5632.0,False,True,1.0,4608,8192,ENSG00000077044,196608
196608,26,196608,98304,13,12,12,1,103936.0,5632.0,False,True,1.0,4608,8192,ENSG00000153933,196608
196608,26,196608,98304,13,12,12,1,103936.0,5632.0,False,True,1.0,4608,8192,ENSG00000058866,196608
196608,26,196608,98304,13,12,12,1,103936.0,5632.0,False,True,1.0,4608,8192,ENSG00000102780,196608
196608,26,196608,98304,13,12,12,1,103936.0,5632.0,False,True,1.0,4608,8192,ENSG00000157680,196608
196608,26,196608,98304,13,12,12,1,103936.0,5632.0,False,True,1.0,4608,8192,ENSG00000274588,196608
196608,26,196608,98304,13,12,12,1,103936.0,5632.0,False,True,1.0,4608,8192,ENSG00000145214,196608
196608,26,196608,98304,13,12,12,1,103936.0,5632.0,False,True,1.0,4608,8192,ENSG00000149091,196608
196608,26,196608,98304,13,12,12,1,103936.0,5632.0,False,True,1.0,4608,8192,ENSG00000114956,196608
196608,26,196608,98304,13,12,12,1,103936.0,5632.0,False,True,1.0,4608,8192,ENSG00000154511,196608
196608,26,196608,98304,13,12,12,1,103936.0,5632.0,False,True,1.0,4608,8192,ENSG00000165716,196608
196608,26,196608,98304,13,12,12,1,103936.0,5632.0,False,True,1.0,4608,8192,ENSG00000187773,196608
196608,26,196608,98304,13,12,12,1,103936.0,5632.0,False,True,1.0,4608,8192,ENSG00000181744,196608
196608,26,196608,98304,13,12,12,1,103936.0,5632.0,False,True,1.0,4608,8192,ENSG00000147113,196608
196608,26,196608,98304,13,12,12,1,103936.0,5632.0,False,True,1.0,4608,8192,ENSG00000075711,196608
196608,26,196608,98304,13,12,12,1,103936.0,5632.0,False,True,1.0,4608,8192,ENSG00000150672,196608
196608,26,196608,98304,13,12,12,1,103936.0,5632.0,False,True,1.0,4608,8192,ENSG00000082458,196608
196608,26,196608,98304,13,12,12,1,103936.0,5632.0,False,True,1.0,4608,8192,ENSG00000132535,196608
196608,26,196608,98304,13,12,12,1,103936.0,5632.0,False,True,1.0,4608,8192,ENSG00000151208,196608
196608,26,196608,98304,13,12,12,1,103936.0,5632.0,False,True,1.0,4608,8192,ENSG00000104936,196608
196608,26,196608,98304,13,12,12,1,103936.0,5632.0,False,True,1.0,4608,8192,ENSG00000120129,196608
196608,26,196608,98304,13,12,12,1,103936.0,5632.0,False,True,1.0,4608,8192,ENSG00000158050,196608
196608,26,196608,98304,13,12,12,1,103936.0,5632.0,False,True,1.0,4608,8192,ENSG00000120875,196608
196608,26,196608,98304,13,12,12,1,103936.0,5632.0,False,True,1.0,4608,8192,ENSG00000138166,196608
196608,26,196608,98304,13,12,12,1,103936.0,5632.0,False,True,1.0,4608,8192,ENSG00000139318,196608
196608,26,196608,98304,13,12,12,1,103936.0,5632.0,False,True,1.0,4608,8192,ENSG00000164086,196608
196608,26,196608,98304,13,12,12,1,103936.0,5632.0,False,True,1.0,4608,8192,ENSG00000184545,196608
196608,26,196608,98304,13,12,12,1,103936.0,5632.0,False,True,1.0,4608,8192,ENSG00000130829,196608
196608,26,196608,98304,13,12,12,1,103936.0,5632.0,False,True,1.0,4608,8192,ENSG00000143507,196608
196608,26,196608,98304,13,12,12,1,103936.0,5632.0,False,True,1.0,4608,8192,ENSG00000111266,196608
196608,26,196608,98304,13,12,12,1,103936.0,5632.0,False,True,1.0,4608,8192,ENSG00000157540,196608
196608,26,196608,98304,13,12,12,1,103936.0,5632.0,False,True,1.0,4608,8192,ENSG00000105204,196608
196608,26,196608,98304,13,12,12,1,103936.0,5632.0,False,True,1.0,4608,8192,ENSG00000143479,196608
196608,26,196608,98304,13,12,12,1,103936.0,5632.0,False,True,1.0,4608,8192,ENSG00000010219,196608
196608,26,196608,98304,13,12,12,1,103936.0,5632.0,False,True,1.0,4608,8192,ENSG00000103319,196608
196608,26,196608,98304,13,12,12,1,103936.0,5632.0,False,True,1.0,4608,8192,ENSG00000146648,196608
196608,26,196608,98304,13,12,12,1,103936.0,5632.0,False,True,1.0,4608,8192,ENSG00000086232,196608
196608,26,196608,98304,13,12,12,1,103936.0,5632.0,False,True,1.0,4608,8192,ENSG00000055332,196608
196608,26,196608,98304,13,12,12,1,103936.0,5632.0,False,True,1.0,4608,8192,ENSG00000172071,196608
196608,26,196608,98304,13,12,12,1,103936.0,5632.0,False,True,1.0,4608,8192,ENSG00000128829,196608
196608,26,196608,98304,13,12,12,1,103936.0,5632.0,False,True,1.0,4608,8192,ENSG00000141736,196608
196608,26,196608,98304,13,12,12,1,103936.0,5632.0,False,True,1.0,4608,8192,ENSG00000065361,196608
196608,26,196608,98304,13,12,12,1,103936.0,5632.0,False,True,1.0,4608,8192,ENSG00000178568,196608
196608,26,196608,98304,13,12,12,1,103936.0,5632.0,False,True,1.0,4608,8192,ENSG00000101126,196608
196608,26,196608,98304,13,12,12,1,103936.0,5632.0,False,True,1.0,4608,8192,ENSG00000101544,196608
196608,26,196608,98304,13,12,12,1,103936.0,5632.0,False,True,1.0,4608,8192,ENSG00000139154,196608
196608,26,196608,98304,13,12,12,1,103936.0,5632.0,False,True,1.0,4608,8192,ENSG00000106546,196608
196608,26,196608,98304,13,12,12,1,103936.0,5632.0,False,True,1.0,4608,8192,ENSG00000063438,196608
196608,26,196608,98304,13,12,12,1,103936.0,5632.0,False,True,1.0,4608,8192,ENSG00000123576,196608
196608,26,196608,98304,13,12,12,1,103936.0,5632.0,False,True,1.0,4608,8192,ENSG00000134954,196608
196608,26,196608,98304,13,12,12,1,103936.0,5632.0,False,True,1.0,4608,8192,ENSG00000157557,196608
196608,26,196608,98304,13,12,12,1,103936.0,5632.0,False,True,1.0,4608,8192,ENSG00000006468,196608
196608,26,196608,98304,13,12,12,1,103936.0,5632.0,False,True,1.0,4608,8192,ENSG00000105672,196608
196608,26,196608,98304,13,12,12,1,103936.0,5632.0,False,True,1.0,4608,8192,ENSG00000117036,196608
196608,26,196608,98304,13,12,12,1,103936.0,5632.0,False,True,1.0,4608,8192,ENSG00000253831,196608
196608,26,196608,98304,13,12,12,1,103936.0,5632.0,False,True,1.0,4608,8192,ENSG00000175832,196608
196608,26,196608,98304,13,12,12,1,103936.0,5632.0,False,True,1.0,4608,8192,ENSG00000244405,196608
196608,26,196608,98304,13,12,12,1,103936.0,5632.0,False,True,1.0,4608,8192,ENSG00000139083,196608
196608,26,196608,98304,13,12,12,1,103936.0,5632.0,False,True,1.0,4608,8192,ENSG00000010030,196608
196608,26,196608,98304,13,12,12,1,103936.0,5632.0,False,True,1.0,4608,8192,ENSG00000106038,196608
196608,26,196608,98304,13,12,12,1,103936.0,5632.0,False,True,1.0,4608,8192,ENSG00000174279,196608
196608,26,196608,98304,13,12,12,1,103936.0,5632.0,False,True,1.0,4608,8192,ENSG00000182944,196608
196608,26,196608,98304,13,12,12,1,103936.0,5632.0,False,True,1.0,4608,8192,ENSG00000162585,196608
196608,26,196608,98304,13,12,12,1,103936.0,5632.0,False,True,1.0,4608,8192,ENSG00000198690,196608
196608,26,196608,98304,13,12,12,1,103936.0,5632.0,False,True,1.0,4608,8192,ENSG00000099364,196608
196608,26,196608,98304,13,12,12,1,103936.0,5632.0,False,True,1.0,4608,8192,ENSG00000118496,196608
196608,26,196608,98304,13,12,12,1,103936.0,5632.0,False,True,1.0,4608,8192,ENSG00000163833,196608
196608,26,196608,98304,13,12,12,1,103936.0,5632.0,False,True,1.0,4608,8192,ENSG00000146618,196608
196608,26,196608,98304,13,12,12,1,103936.0,5632.0,False,True,1.0,4608,8192,ENSG00000163497,196608
196608,26,196608,98304,13,12,12,1,103936.0,5632.0,False,True,1.0,4608,8192,ENSG00000128610,196608
196608,26,196608,98304,13,12,12,1,103936.0,5632.0,False,True,1.0,4608,8192,ENSG00000153266,196608
196608,26,196608,98304,13,12,12,1,103936.0,5632.0,False,True,1.0,4608,8192,ENSG00000102302,196608
196608,26,196608,98304,13,12,12,1,103936.0,5632.0,False,True,1.0,4608,8192,ENSG00000146192,196608
196608,26,196608,98304,13,12,12,1,103936.0,5632.0,False,True,1.0,4608,8192,ENSG00000127084,196608
196608,26,196608,98304,13,12,12,1,103936.0,5632.0,False,True,1.0,4608,8192,ENSG00000139132,196608
196608,26,196608,98304,13,12,12,1,103936.0,5632.0,False,True,1.0,4608,8192,ENSG00000154783,196608
196608,26,196608,98304,13,12,12,1,103936.0,5632.0,False,True,1.0,4608,8192,ENSG00000180263,196608
196608,26,196608,98304,13,12,12,1,103936.0,5632.0,False,True,1.0,4608,8192,ENSG00000183733,196608
196608,26,196608,98304,13,12,12,1,103936.0,5632.0,False,True,1.0,4608,8192,ENSG00000179943,196608
196608,26,196608,98304,13,12,12,1,103936.0,5632.0,False,True,1.0,4608,8192,ENSG00000151702,196608
196608,26,196608,98304,13,12,12,1,103936.0,5632.0,False,True,1.0,4608,8192,ENSG00000059122,196608
196608,26,196608,98304,13,12,12,1,103936.0,5632.0,False,True,1.0,4608,8192,ENSG00000170345,196608
196608,26,196608,98304,13,12,12,1,103936.0,5632.0,False,True,1.0,4608,8192,ENSG00000125740,196608
196608,26,196608,98304,13,12,12,1,103936.0,5632.0,False,True,1.0,4608,8192,ENSG00000175592,196608
196608,26,196608,98304,13,12,12,1,103936.0,5632.0,False,True,1.0,4608,8192,ENSG00000075426,196608
196608,26,196608,98304,13,12,12,1,103936.0,5632.0,False,True,1.0,4608,8192,ENSG00000129514,196608
196608,26,196608,98304,13,12,12,1,103936.0,5632.0,False,True,1.0,4608,8192,ENSG00000125798,196608
196608,26,196608,98304,13,12,12,1,103936.0,5632.0,False,True,1.0,4608,8192,ENSG00000170608,196608
196608,26,196608,98304,13,12,12,1,103936.0,5632.0,False,True,1.0,4608,8192,ENSG00000171956,196608
196608,26,196608,98304,13,12,12,1,103936.0,5632.0,False,True,1.0,4608,8192,ENSG00000204612,196608
196608,26,196608,98304,13,12,12,1,103936.0,5632.0,False,True,1.0,4608,8192,ENSG00000054598,196608
196608,26,196608,98304,13,12,12,1,103936.0,5632.0,False,True,1.0,4608,8192,ENSG00000176692,196608
196608,26,196608,98304,13,12,12,1,103936.0,5632.0,False,True,1.0,4608,8192,ENSG00000251493,196608
196608,26,196608,98304,13,12,12,1,103936.0,5632.0,False,True,1.0,4608,8192,ENSG00000186564,196608
196608,26,196608,98304,13,12,12,1,103936.0,5632.0,False,True,1.0,4608,8192,ENSG00000187140,196608
196608,26,196608,98304,13,12,12,1,103936.0,5632.0,False,True,1.0,4608,8192,ENSG00000170122,196608
196608,26,196608,98304,13,12,12,1,103936.0,5632.0,False,True,1.0,4608,8192,ENSG00000184492,196608
196608,26,196608,98304,13,12,12,1,103936.0,5632.0,False,True,1.0,4608,8192,ENSG00000187559,196608
196608,26,196608,98304,13,12,12,1,103936.0,5632.0,False,True,1.0,4608,8192,ENSG00000184659,196608
196608,26,196608,98304,13,12,12,1,103936.0,5632.0,False,True,1.0,4608,8192,ENSG00000204779,196608
196608,26,196608,98304,13,12,12,1,103936.0,5632.0,False,True,1.0,4608,8192,ENSG00000273514,196608
196608,26,196608,98304,13,12,12,1,103936.0,5632.0,False,True,1.0,4608,8192,ENSG00000178919,196608
196608,26,196608,98304,13,12,12,1,103936.0,5632.0,False,True,1.0,4608,8192,ENSG00000186790,196608
196608,26,196608,98304,13,12,12,1,103936.0,5632.0,False,True,1.0,4608,8192,ENSG00000103241,196608
196608,26,196608,98304,13,12,12,1,103936.0,5632.0,False,True,1.0,4608,8192,ENSG00000137273,196608
196608,26,196608,98304,13,12,12,1,103936.0,5632.0,False,True,1.0,4608,8192,ENSG00000176165,196608
196608,26,196608,98304,13,12,12,1,103936.0,5632.0,False,True,1.0,4608,8192,ENSG00000160973,196608
196608,26,196608,98304,13,12,12,1,103936.0,5632.0,False,True,1.0,4608,8192,ENSG00000168269,196608
196608,26,196608,98304,13,12,12,1,103936.0,5632.0,False,True,1.0,4608,8192,ENSG00000186766,196608
196608,26,196608,98304,13,12,12,1,103936.0,5632.0,False,True,1.0,4608,8192,ENSG00000214336,196608
196608,26,196608,98304,13,12,12,1,103936.0,5632.0,False,True,1.0,4608,8192,ENSG00000129654,196608
196608,26,196608,98304,13,12,12,1,103936.0,5632.0,False,True,1.0,4608,8192,ENSG00000065970,196608
196608,26,196608,98304,13,12,12,1,103936.0,5632.0,False,True,1.0,4608,8192,ENSG00000198815,196608
196608,26,196608,98304,13,12,12,1,103936.0,5632.0,False,True,1.0,4608,8192,ENSG00000164916,196608
196608,26,196608,98304,13,12,12,1,103936.0,5632.0,False,True,1.0,4608,8192,ENSG00000141568,196608
196608,26,196608,98304,13,12,12,1,103936.0,5632.0,False,True,1.0,4608,8192,ENSG00000176678,196608
196608,26,196608,98304,13,12,12,1,103936.0,5632.0,False,True,1.0,4608,8192,ENSG00000183770,196608
196608,26,196608,98304,13,12,12,1,103936.0,5632.0,False,True,1.0,4608,8192,ENSG00000111206,196608
196608,26,196608,98304,13,12,12,1,103936.0,5632.0,False,True,1.0,4608,8192,ENSG00000109101,196608
196608,26,196608,98304,13,12,12,1,103936.0,5632.0,False,True,1.0,4608,8192,ENSG00000170802,196608
196608,26,196608,98304,13,12,12,1,103936.0,5632.0,False,True,1.0,4608,8192,ENSG00000053254,196608
196608,26,196608,98304,13,12,12,1,103936.0,5632.0,False,True,1.0,4608,8192,ENSG00000139445,196608
196608,26,196608,98304,13,12,12,1,103936.0,5632.0,False,True,1.0,4608,8192,ENSG00000150907,196608
196608,26,196608,98304,13,12,12,1,103936.0,5632.0,False,True,1.0,4608,8192,ENSG00000118689,196608
196608,26,196608,98304,13,12,12,1,103936.0,5632.0,False,True,1.0,4608,8192,ENSG00000184481,196608
196608,26,196608,98304,13,12,12,1,103936.0,5632.0,False,True,1.0,4608,8192,ENSG00000204060,196608
196608,26,196608,98304,13,12,12,1,103936.0,5632.0,False,True,1.0,4608,8192,ENSG00000114861,196608
196608,26,196608,98304,13,12,12,1,103936.0,5632.0,False,True,1.0,4608,8192,ENSG00000128573,196608
196608,26,196608,98304,13,12,12,1,103936.0,5632.0,False,True,1.0,4608,8192,ENSG00000049768,196608
196608,26,196608,98304,13,12,12,1,103936.0,5632.0,False,True,1.0,4608,8192,ENSG00000137166,196608
196608,26,196608,98304,13,12,12,1,103936.0,5632.0,False,True,1.0,4608,8192,ENSG00000164379,196608
196608,26,196608,98304,13,12,12,1,103936.0,5632.0,False,True,1.0,4608,8192,ENSG00000176302,196608
196608,26,196608,98304,13,12,12,1,103936.0,5632.0,False,True,1.0,4608,8192,ENSG00000189299,196608
196608,26,196608,98304,13,12,12,1,103936.0,5632.0,False,True,1.0,4608,8192,ENSG00000179772,196608
196608,26,196608,98304,13,12,12,1,103936.0,5632.0,False,True,1.0,4608,8192,ENSG00000089280,196608
196608,26,196608,98304,13,12,12,1,103936.0,5632.0,False,True,1.0,4608,8192,ENSG00000163820,196608
196608,26,196608,98304,13,12,12,1,103936.0,5632.0,False,True,1.0,4608,8192,ENSG00000154727,196608
196608,26,196608,98304,13,12,12,1,103936.0,5632.0,False,True,1.0,4608,8192,ENSG00000102145,196608
196608,26,196608,98304,13,12,12,1,103936.0,5632.0,False,True,1.0,4608,8192,ENSG00000179348,196608
196608,26,196608,98304,13,12,12,1,103936.0,5632.0,False,True,1.0,4608,8192,ENSG00000107485,196608
196608,26,196608,98304,13,12,12,1,103936.0,5632.0,False,True,1.0,4608,8192,ENSG00000136574,196608
196608,26,196608,98304,13,12,12,1,103936.0,5632.0,False,True,1.0,4608,8192,ENSG00000130700,196608
196608,26,196608,98304,13,12,12,1,103936.0,5632.0,False,True,1.0,4608,8192,ENSG00000141448,196608
196608,26,196608,98304,13,12,12,1,103936.0,5632.0,False,True,1.0,4608,8192,ENSG00000157259,196608
196608,26,196608,98304,13,12,12,1,103936.0,5632.0,False,True,1.0,4608,8192,ENSG00000167491,196608
196608,26,196608,98304,13,12,12,1,103936.0,5632.0,False,True,1.0,4608,8192,ENSG00000143614,196608
196608,26,196608,98304,13,12,12,1,103936.0,5632.0,False,True,1.0,4608,8192,ENSG00000164900,196608
196608,26,196608,98304,13,12,12,1,103936.0,5632.0,False,True,1.0,4608,8192,ENSG00000168505,196608
196608,26,196608,98304,13,12,12,1,103936.0,5632.0,False,True,1.0,4608,8192,ENSG00000162676,196608
196608,26,196608,98304,13,12,12,1,103936.0,5632.0,False,True,1.0,4608,8192,ENSG00000165702,196608
196608,26,196608,98304,13,12,12,1,103936.0,5632.0,False,True,1.0,4608,8192,ENSG00000111087,196608
196608,26,196608,98304,13,12,12,1,103936.0,5632.0,False,True,1.0,4608,8192,ENSG00000074047,196608
196608,26,196608,98304,13,12,12,1,103936.0,5632.0,False,True,1.0,4608,8192,ENSG00000106571,196608
196608,26,196608,98304,13,12,12,1,103936.0,5632.0,False,True,1.0,4608,8192,ENSG00000250571,196608
196608,26,196608,98304,13,12,12,1,103936.0,5632.0,False,True,1.0,4608,8192,ENSG00000174332,196608
196608,26,196608,98304,13,12,12,1,103936.0,5632.0,False,True,1.0,4608,8192,ENSG00000126603,196608
196608,26,196608,98304,13,12,12,1,103936.0,5632.0,False,True,1.0,4608,8192,ENSG00000107249,196608
196608,26,196608,98304,13,12,12,1,103936.0,5632.0,False,True,1.0,4608,8192,ENSG00000186566,196608
196608,26,196608,98304,13,12,12,1,103936.0,5632.0,False,True,1.0,4608,8192,ENSG00000133937,196608
196608,26,196608,98304,13,12,12,1,103936.0,5632.0,False,True,1.0,4608,8192,ENSG00000063515,196608
196608,26,196608,98304,13,12,12,1,103936.0,5632.0,False,True,1.0,4608,8192,ENSG00000169840,196608
196608,26,196608,98304,13,12,12,1,103936.0,5632.0,False,True,1.0,4608,8192,ENSG00000180613,196608
196608,26,196608,98304,13,12,12,1,103936.0,5632.0,False,True,1.0,4608,8192,ENSG00000165417,196608
196608,26,196608,98304,13,12,12,1,103936.0,5632.0,False,True,1.0,4608,8192,ENSG00000242441,196608
196608,26,196608,98304,13,12,12,1,103936.0,5632.0,False,True,1.0,4608,8192,ENSG00000140307,196608
196608,26,196608,98304,13,12,12,1,103936.0,5632.0,False,True,1.0,4608,8192,ENSG00000137947,196608
196608,26,196608,98304,13,12,12,1,103936.0,5632.0,False,True,1.0,4608,8192,ENSG00000153767,196608
196608,26,196608,98304,13,12,12,1,103936.0,5632.0,False,True,1.0,4608,8192,ENSG00000197265,196608
196608,26,196608,98304,13,12,12,1,103936.0,5632.0,False,True,1.0,4608,8192,ENSG00000125651,196608
196608,26,196608,98304,13,12,12,1,103936.0,5632.0,False,True,1.0,4608,8192,ENSG00000188342,196608
196608,26,196608,98304,13,12,12,1,103936.0,5632.0,False,True,1.0,4608,8192,ENSG00000110768,196608
196608,26,196608,98304,13,12,12,1,103936.0,5632.0,False,True,1.0,4608,8192,ENSG00000145736,196608
196608,26,196608,98304,13,12,12,1,103936.0,5632.0,False,True,1.0,4608,8192,ENSG00000111358,196608
196608,26,196608,98304,13,12,12,1,103936.0,5632.0,False,True,1.0,4608,8192,ENSG00000213780,196608
196608,26,196608,98304,13,12,12,1,103936.0,5632.0,False,True,1.0,4608,8192,ENSG00000272047,196608
196608,26,196608,98304,13,12,12,1,103936.0,5632.0,False,True,1.0,4608,8192,ENSG00000263001,196608
196608,26,196608,98304,13,12,12,1,103936.0,5632.0,False,True,1.0,4608,8192,ENSG00000196275,196608
196608,26,196608,98304,13,12,12,1,103936.0,5632.0,False,True,1.0,4608,8192,ENSG00000174428,196608
196608,26,196608,98304,13,12,12,1,103936.0,5632.0,False,True,1.0,4608,8192,ENSG00000122034,196608
196608,26,196608,98304,13,12,12,1,103936.0,5632.0,False,True,1.0,4608,8192,ENSG00000077235,196608
196608,26,196608,98304,13,12,12,1,103936.0,5632.0,False,True,1.0,4608,8192,ENSG00000115207,196608
196608,26,196608,98304,13,12,12,1,103936.0,5632.0,False,True,1.0,4608,8192,ENSG00000119041,196608
196608,26,196608,98304,13,12,12,1,103936.0,5632.0,False,True,1.0,4608,8192,ENSG00000125484,196608
196608,26,196608,98304,13,12,12,1,103936.0,5632.0,False,True,1.0,4608,8192,ENSG00000148308,196608
196608,26,196608,98304,13,12,12,1,103936.0,5632.0,False,True,1.0,4608,8192,ENSG00000155115,196608
196608,26,196608,98304,13,12,12,1,103936.0,5632.0,False,True,1.0,4608,8192,ENSG00000170627,196608
196608,26,196608,98304,13,12,12,1,103936.0,5632.0,False,True,1.0,4608,8192,ENSG00000124196,196608
196608,26,196608,98304,13,12,12,1,103936.0,5632.0,False,True,1.0,4608,8192,ENSG00000125812,196608
196608,26,196608,98304,13,12,12,1,103936.0,5632.0,False,True,1.0,4608,8192,ENSG00000113196,196608
196608,26,196608,98304,13,12,12,1,103936.0,5632.0,False,True,1.0,4608,8192,ENSG00000164107,196608
196608,26,196608,98304,13,12,12,1,103936.0,5632.0,False,True,1.0,4608,8192,ENSG00000165259,196608
196608,26,196608,98304,13,12,12,1,103936.0,5632.0,False,True,1.0,4608,8192,ENSG00000187821,196608
196608,26,196608,98304,13,12,12,1,103936.0,5632.0,False,True,1.0,4608,8192,ENSG00000198265,196608
196608,26,196608,98304,13,12,12,1,103936.0,5632.0,False,True,1.0,4608,8192,ENSG00000130589,196608
196608,26,196608,98304,13,12,12,1,103936.0,5632.0,False,True,1.0,4608,8192,ENSG00000128731,196608
196608,26,196608,98304,13,12,12,1,103936.0,5632.0,False,True,1.0,4608,8192,ENSG00000114315,196608
196608,26,196608,98304,13,12,12,1,103936.0,5632.0,False,True,1.0,4608,8192,ENSG00000069812,196608
196608,26,196608,98304,13,12,12,1,103936.0,5632.0,False,True,1.0,4608,8192,ENSG00000173673,196608
196608,26,196608,98304,13,12,12,1,103936.0,5632.0,False,True,1.0,4608,8192,ENSG00000188290,196608
196608,26,196608,98304,13,12,12,1,103936.0,5632.0,False,True,1.0,4608,8192,ENSG00000197921,196608
196608,26,196608,98304,13,12,12,1,103936.0,5632.0,False,True,1.0,4608,8192,ENSG00000144485,196608
196608,26,196608,98304,13,12,12,1,103936.0,5632.0,False,True,1.0,4608,8192,ENSG00000179111,196608
196608,26,196608,98304,13,12,12,1,103936.0,5632.0,False,True,1.0,4608,8192,ENSG00000163666,196608
196608,26,196608,98304,13,12,12,1,103936.0,5632.0,False,True,1.0,4608,8192,ENSG00000164683,196608
196608,26,196608,98304,13,12,12,1,103936.0,5632.0,False,True,1.0,4608,8192,ENSG00000135547,196608
196608,26,196608,98304,13,12,12,1,103936.0,5632.0,False,True,1.0,4608,8192,ENSG00000163909,196608
196608,26,196608,98304,13,12,12,1,103936.0,5632.0,False,True,1.0,4608,8192,ENSG00000185359,196608
196608,26,196608,98304,13,12,12,1,103936.0,5632.0,False,True,1.0,4608,8192,ENSG00000152804,196608
196608,26,196608,98304,13,12,12,1,103936.0,5632.0,False,True,1.0,4608,8192,ENSG00000177374,196608
196608,26,196608,98304,13,12,12,1,103936.0,5632.0,False,True,1.0,4608,8192,ENSG00000169635,196608
196608,26,196608,98304,13,12,12,1,103936.0,5632.0,False,True,1.0,4608,8192,ENSG00000100644,196608
196608,26,196608,98304,13,12,12,1,103936.0,5632.0,False,True,1.0,4608,8192,ENSG00000124440,196608
196608,26,196608,98304,13,12,12,1,103936.0,5632.0,False,True,1.0,4608,8192,ENSG00000172273,196608
196608,26,196608,98304,13,12,12,1,103936.0,5632.0,False,True,1.0,4608,8192,ENSG00000095951,196608
196608,26,196608,98304,13,12,12,1,103936.0,5632.0,False,True,1.0,4608,8192,ENSG00000010818,196608
196608,26,196608,98304,13,12,12,1,103936.0,5632.0,False,True,1.0,4608,8192,ENSG00000127124,196608
196608,26,196608,98304,13,12,12,1,103936.0,5632.0,False,True,1.0,4608,8192,ENSG00000108924,196608
196608,26,196608,98304,13,12,12,1,103936.0,5632.0,False,True,1.0,4608,8192,ENSG00000136630,196608
196608,26,196608,98304,13,12,12,1,103936.0,5632.0,False,True,1.0,4608,8192,ENSG00000147421,196608
196608,26,196608,98304,13,12,12,1,103936.0,5632.0,False,True,1.0,4608,8192,ENSG00000140382,196608
196608,26,196608,98304,13,12,12,1,103936.0,5632.0,False,True,1.0,4608,8192,ENSG00000064961,196608
196608,26,196608,98304,13,12,12,1,103936.0,5632.0,False,True,1.0,4608,8192,ENSG00000137309,196608
196608,26,196608,98304,13,12,12,1,103936.0,5632.0,False,True,1.0,4608,8192,ENSG00000149948,196608
196608,26,196608,98304,13,12,12,1,103936.0,5632.0,False,True,1.0,4608,8192,ENSG00000189403,196608
196608,26,196608,98304,13,12,12,1,103936.0,5632.0,False,True,1.0,4608,8192,ENSG00000164104,196608
196608,26,196608,98304,13,12,12,1,103936.0,5632.0,False,True,1.0,4608,8192,ENSG00000029993,196608
196608,26,196608,98304,13,12,12,1,103936.0,5632.0,False,True,1.0,4608,8192,ENSG00000176256,196608
196608,26,196608,98304,13,12,12,1,103936.0,5632.0,False,True,1.0,4608,8192,ENSG00000205581,196608
196608,26,196608,98304,13,12,12,1,103936.0,5632.0,False,True,1.0,4608,8192,ENSG00000198830,196608
196608,26,196608,98304,13,12,12,1,103936.0,5632.0,False,True,1.0,4608,8192,ENSG00000118418,196608
196608,26,196608,98304,13,12,12,1,103936.0,5632.0,False,True,1.0,4608,8192,ENSG00000182952,196608
196608,26,196608,98304,13,12,12,1,103936.0,5632.0,False,True,1.0,4608,8192,ENSG00000198157,196608
196608,26,196608,98304,13,12,12,1,103936.0,5632.0,False,True,1.0,4608,8192,ENSG00000113716,196608
196608,26,196608,98304,13,12,12,1,103936.0,5632.0,False,True,1.0,4608,8192,ENSG00000100281,196608
196608,26,196608,98304,13,12,12,1,103936.0,5632.0,False,True,1.0,4608,8192,ENSG00000215612,196608
196608,26,196608,98304,13,12,12,1,103936.0,5632.0,False,True,1.0,4608,8192,ENSG00000188816,196608
196608,26,196608,98304,13,12,12,1,103936.0,5632.0,False,True,1.0,4608,8192,ENSG00000188620,196608
196608,26,196608,98304,13,12,12,1,103936.0,5632.0,False,True,1.0,4608,8192,ENSG00000135100,196608
196608,26,196608,98304,13,12,12,1,103936.0,5632.0,False,True,1.0,4608,8192,ENSG00000275410,196608
196608,26,196608,98304,13,12,12,1,103936.0,5632.0,False,True,1.0,4608,8192,ENSG00000290292,196608
196608,26,196608,98304,13,12,12,1,103936.0,5632.0,False,True,1.0,4608,8192,ENSG00000171476,196608
196608,26,196608,98304,13,12,12,1,103936.0,5632.0,False,True,1.0,4608,8192,ENSG00000105991,196608
196608,26,196608,98304,13,12,12,1,103936.0,5632.0,False,True,1.0,4608,8192,ENSG00000105996,196608
196608,26,196608,98304,13,12,12,1,103936.0,5632.0,False,True,1.0,4608,8192,ENSG00000105997,196608
196608,26,196608,98304,13,12,12,1,103936.0,5632.0,False,True,1.0,4608,8192,ENSG00000197576,196608
196608,26,196608,98304,13,12,12,1,103936.0,5632.0,False,True,1.0,4608,8192,ENSG00000106004,196608
196608,26,196608,98304,13,12,12,1,103936.0,5632.0,False,True,1.0,4608,8192,ENSG00000106006,196608
196608,26,196608,98304,13,12,12,1,103936.0,5632.0,False,True,1.0,4608,8192,ENSG00000122592,196608
196608,26,196608,98304,13,12,12,1,103936.0,5632.0,False,True,1.0,4608,8192,ENSG00000078399,196608
196608,26,196608,98304,13,12,12,1,103936.0,5632.0,False,True,1.0,4608,8192,ENSG00000253293,196608
196608,26,196608,98304,13,12,12,1,103936.0,5632.0,False,True,1.0,4608,8192,ENSG00000005073,196608
196608,26,196608,98304,13,12,12,1,103936.0,5632.0,False,True,1.0,4608,8192,ENSG00000106031,196608
196608,26,196608,98304,13,12,12,1,103936.0,5632.0,False,True,1.0,4608,8192,ENSG00000120094,196608
196608,26,196608,98304,13,12,12,1,103936.0,5632.0,False,True,1.0,4608,8192,ENSG00000173917,196608
196608,26,196608,98304,13,12,12,1,103936.0,5632.0,False,True,1.0,4608,8192,ENSG00000120093,196608
196608,26,196608,98304,13,12,12,1,103936.0,5632.0,False,True,1.0,4608,8192,ENSG00000182742,196608
196608,26,196608,98304,13,12,12,1,103936.0,5632.0,False,True,1.0,4608,8192,ENSG00000120075,196608
196608,26,196608,98304,13,12,12,1,103936.0,5632.0,False,True,1.0,4608,8192,ENSG00000108511,196608
196608,26,196608,98304,13,12,12,1,103936.0,5632.0,False,True,1.0,4608,8192,ENSG00000260027,196608
196608,26,196608,98304,13,12,12,1,103936.0,5632.0,False,True,1.0,4608,8192,ENSG00000120068,196608
196608,26,196608,98304,13,12,12,1,103936.0,5632.0,False,True,1.0,4608,8192,ENSG00000170689,196608
196608,26,196608,98304,13,12,12,1,103936.0,5632.0,False,True,1.0,4608,8192,ENSG00000159184,196608
196608,26,196608,98304,13,12,12,1,103936.0,5632.0,False,True,1.0,4608,8192,ENSG00000198353,196608
196608,26,196608,98304,13,12,12,1,103936.0,5632.0,False,True,1.0,4608,8192,ENSG00000172789,196608
196608,26,196608,98304,13,12,12,1,103936.0,5632.0,False,True,1.0,4608,8192,ENSG00000197757,196608
196608,26,196608,98304,13,12,12,1,103936.0,5632.0,False,True,1.0,4608,8192,ENSG00000037965,196608
196608,26,196608,98304,13,12,12,1,103936.0,5632.0,False,True,1.0,4608,8192,ENSG00000180806,196608
196608,26,196608,98304,13,12,12,1,103936.0,5632.0,False,True,1.0,4608,8192,ENSG00000180818,196608
196608,26,196608,98304,13,12,12,1,103936.0,5632.0,False,True,1.0,4608,8192,ENSG00000123388,196608
196608,26,196608,98304,13,12,12,1,103936.0,5632.0,False,True,1.0,4608,8192,ENSG00000123407,196608
196608,26,196608,98304,13,12,12,1,103936.0,5632.0,False,True,1.0,4608,8192,ENSG00000123364,196608
196608,26,196608,98304,13,12,12,1,103936.0,5632.0,False,True,1.0,4608,8192,ENSG00000128645,196608
196608,26,196608,98304,13,12,12,1,103936.0,5632.0,False,True,1.0,4608,8192,ENSG00000128652,196608
196608,26,196608,98304,13,12,12,1,103936.0,5632.0,False,True,1.0,4608,8192,ENSG00000170166,196608
196608,26,196608,98304,13,12,12,1,103936.0,5632.0,False,True,1.0,4608,8192,ENSG00000175879,196608
196608,26,196608,98304,13,12,12,1,103936.0,5632.0,False,True,1.0,4608,8192,ENSG00000128709,196608
196608,26,196608,98304,13,12,12,1,103936.0,5632.0,False,True,1.0,4608,8192,ENSG00000128710,196608
196608,26,196608,98304,13,12,12,1,103936.0,5632.0,False,True,1.0,4608,8192,ENSG00000128713,196608
196608,26,196608,98304,13,12,12,1,103936.0,5632.0,False,True,1.0,4608,8192,ENSG00000170178,196608
196608,26,196608,98304,13,12,12,1,103936.0,5632.0,False,True,1.0,4608,8192,ENSG00000128714,196608
196608,26,196608,98304,13,12,12,1,103936.0,5632.0,False,True,1.0,4608,8192,ENSG00000125968,196608
196608,26,196608,98304,13,12,12,1,103936.0,5632.0,False,True,1.0,4608,8192,ENSG00000115738,196608
196608,26,196608,98304,13,12,12,1,103936.0,5632.0,False,True,1.0,4608,8192,ENSG00000117318,196608
196608,26,196608,98304,13,12,12,1,103936.0,5632.0,False,True,1.0,4608,8192,ENSG00000172201,196608
196608,26,196608,98304,13,12,12,1,103936.0,5632.0,False,True,1.0,4608,8192,ENSG00000132740,196608
196608,26,196608,98304,13,12,12,1,103936.0,5632.0,False,True,1.0,4608,8192,ENSG00000269335,196608
196608,26,196608,98304,13,12,12,1,103936.0,5632.0,False,True,1.0,4608,8192,ENSG00000185811,196608
196608,26,196608,98304,13,12,12,1,103936.0,5632.0,False,True,1.0,4608,8192,ENSG00000030419,196608
196608,26,196608,98304,13,12,12,1,103936.0,5632.0,False,True,1.0,4608,8192,ENSG00000161405,196608
196608,26,196608,98304,13,12,12,1,103936.0,5632.0,False,True,1.0,4608,8192,ENSG00000123411,196608
196608,26,196608,98304,13,12,12,1,103936.0,5632.0,False,True,1.0,4608,8192,ENSG00000095574,196608
196608,26,196608,98304,13,12,12,1,103936.0,5632.0,False,True,1.0,4608,8192,ENSG00000115274,196608
196608,26,196608,98304,13,12,12,1,103936.0,5632.0,False,True,1.0,4608,8192,ENSG00000173404,196608
196608,26,196608,98304,13,12,12,1,103936.0,5632.0,False,True,1.0,4608,8192,ENSG00000168348,196608
196608,26,196608,98304,13,12,12,1,103936.0,5632.0,False,True,1.0,4608,8192,ENSG00000170549,196608
196608,26,196608,98304,13,12,12,1,103936.0,5632.0,False,True,1.0,4608,8192,ENSG00000170561,196608
196608,26,196608,98304,13,12,12,1,103936.0,5632.0,False,True,1.0,4608,8192,ENSG00000177508,196608
196608,26,196608,98304,13,12,12,1,103936.0,5632.0,False,True,1.0,4608,8192,ENSG00000113430,196608
196608,26,196608,98304,13,12,12,1,103936.0,5632.0,False,True,1.0,4608,8192,ENSG00000176842,196608
196608,26,196608,98304,13,12,12,1,103936.0,5632.0,False,True,1.0,4608,8192,ENSG00000159387,196608
196608,26,196608,98304,13,12,12,1,103936.0,5632.0,False,True,1.0,4608,8192,ENSG00000016082,196608
196608,26,196608,98304,13,12,12,1,103936.0,5632.0,False,True,1.0,4608,8192,ENSG00000159556,196608
196608,26,196608,98304,13,12,12,1,103936.0,5632.0,False,True,1.0,4608,8192,ENSG00000175329,196608
196608,26,196608,98304,13,12,12,1,103936.0,5632.0,False,True,1.0,4608,8192,ENSG00000153814,196608
196608,26,196608,98304,13,12,12,1,103936.0,5632.0,False,True,1.0,4608,8192,ENSG00000177606,196608
196608,26,196608,98304,13,12,12,1,103936.0,5632.0,False,True,1.0,4608,8192,ENSG00000171223,196608
196608,26,196608,98304,13,12,12,1,103936.0,5632.0,False,True,1.0,4608,8192,ENSG00000130522,196608
196608,26,196608,98304,13,12,12,1,103936.0,5632.0,False,True,1.0,4608,8192,ENSG00000172977,196608
196608,26,196608,98304,13,12,12,1,103936.0,5632.0,False,True,1.0,4608,8192,ENSG00000083168,196608
196608,26,196608,98304,13,12,12,1,103936.0,5632.0,False,True,1.0,4608,8192,ENSG00000156650,196608
196608,26,196608,98304,13,12,12,1,103936.0,5632.0,False,True,1.0,4608,8192,ENSG00000136504,196608
196608,26,196608,98304,13,12,12,1,103936.0,5632.0,False,True,1.0,4608,8192,ENSG00000103510,196608
196608,26,196608,98304,13,12,12,1,103936.0,5632.0,False,True,1.0,4608,8192,ENSG00000176407,196608
196608,26,196608,98304,13,12,12,1,103936.0,5632.0,False,True,1.0,4608,8192,ENSG00000165097,196608
196608,26,196608,98304,13,12,12,1,103936.0,5632.0,False,True,1.0,4608,8192,ENSG00000173120,196608
196608,26,196608,98304,13,12,12,1,103936.0,5632.0,False,True,1.0,4608,8192,ENSG00000089094,196608
196608,26,196608,98304,13,12,12,1,103936.0,5632.0,False,True,1.0,4608,8192,ENSG00000105610,196608
196608,26,196608,98304,13,12,12,1,103936.0,5632.0,False,True,1.0,4608,8192,ENSG00000127528,196608
196608,26,196608,98304,13,12,12,1,103936.0,5632.0,False,True,1.0,4608,8192,ENSG00000109787,196608
196608,26,196608,98304,13,12,12,1,103936.0,5632.0,False,True,1.0,4608,8192,ENSG00000136826,196608
196608,26,196608,98304,13,12,12,1,103936.0,5632.0,False,True,1.0,4608,8192,ENSG00000102554,196608
196608,26,196608,98304,13,12,12,1,103936.0,5632.0,False,True,1.0,4608,8192,ENSG00000067082,196608
196608,26,196608,98304,13,12,12,1,103936.0,5632.0,False,True,1.0,4608,8192,ENSG00000118263,196608
196608,26,196608,98304,13,12,12,1,103936.0,5632.0,False,True,1.0,4608,8192,ENSG00000102349,196608
196608,26,196608,98304,13,12,12,1,103936.0,5632.0,False,True,1.0,4608,8192,ENSG00000119138,196608
196608,26,196608,98304,13,12,12,1,103936.0,5632.0,False,True,1.0,4608,8192,ENSG00000155090,196608
196608,26,196608,98304,13,12,12,1,103936.0,5632.0,False,True,1.0,4608,8192,ENSG00000172059,196608
196608,26,196608,98304,13,12,12,1,103936.0,5632.0,False,True,1.0,4608,8192,ENSG00000118922,196608
196608,26,196608,98304,13,12,12,1,103936.0,5632.0,False,True,1.0,4608,8192,ENSG00000169926,196608
196608,26,196608,98304,13,12,12,1,103936.0,5632.0,False,True,1.0,4608,8192,ENSG00000266265,196608
196608,26,196608,98304,13,12,12,1,103936.0,5632.0,False,True,1.0,4608,8192,ENSG00000163884,196608
196608,26,196608,98304,13,12,12,1,103936.0,5632.0,False,True,1.0,4608,8192,ENSG00000129911,196608
196608,26,196608,98304,13,12,12,1,103936.0,5632.0,False,True,1.0,4608,8192,ENSG00000171872,196608
196608,26,196608,98304,13,12,12,1,103936.0,5632.0,False,True,1.0,4608,8192,ENSG00000283039,196608
196608,26,196608,98304,13,12,12,1,103936.0,5632.0,False,True,1.0,4608,8192,ENSG00000118058,196608
196608,26,196608,98304,13,12,12,1,103936.0,5632.0,False,True,1.0,4608,8192,ENSG00000272333,196608
196608,26,196608,98304,13,12,12,1,103936.0,5632.0,False,True,1.0,4608,8192,ENSG00000185513,196608
196608,26,196608,98304,13,12,12,1,103936.0,5632.0,False,True,1.0,4608,8192,ENSG00000198945,196608
196608,26,196608,98304,13,12,12,1,103936.0,5632.0,False,True,1.0,4608,8192,ENSG00000154655,196608
196608,26,196608,98304,13,12,12,1,103936.0,5632.0,False,True,1.0,4608,8192,ENSG00000138136,196608
196608,26,196608,98304,13,12,12,1,103936.0,5632.0,False,True,1.0,4608,8192,ENSG00000179528,196608
196608,26,196608,98304,13,12,12,1,103936.0,5632.0,False,True,1.0,4608,8192,ENSG00000138795,196608
196608,26,196608,98304,13,12,12,1,103936.0,5632.0,False,True,1.0,4608,8192,ENSG00000275183,196608
196608,26,196608,98304,13,12,12,1,103936.0,5632.0,False,True,1.0,4608,8192,ENSG00000213921,196608
196608,26,196608,98304,13,12,12,1,103936.0,5632.0,False,True,1.0,4608,8192,ENSG00000273706,196608
196608,26,196608,98304,13,12,12,1,103936.0,5632.0,False,True,1.0,4608,8192,ENSG00000106689,196608
196608,26,196608,98304,13,12,12,1,103936.0,5632.0,False,True,1.0,4608,8192,ENSG00000107187,196608
196608,26,196608,98304,13,12,12,1,103936.0,5632.0,False,True,1.0,4608,8192,ENSG00000121454,196608
196608,26,196608,98304,13,12,12,1,103936.0,5632.0,False,True,1.0,4608,8192,ENSG00000089116,196608
196608,26,196608,98304,13,12,12,1,103936.0,5632.0,False,True,1.0,4608,8192,ENSG00000106852,196608
196608,26,196608,98304,13,12,12,1,103936.0,5632.0,False,True,1.0,4608,8192,ENSG00000162624,196608
196608,26,196608,98304,13,12,12,1,103936.0,5632.0,False,True,1.0,4608,8192,ENSG00000143355,196608
196608,26,196608,98304,13,12,12,1,103936.0,5632.0,False,True,1.0,4608,8192,ENSG00000005156,196608
196608,26,196608,98304,13,12,12,1,103936.0,5632.0,False,True,1.0,4608,8192,ENSG00000169756,196608
196608,26,196608,98304,13,12,12,1,103936.0,5632.0,False,True,1.0,4608,8192,ENSG00000072163,196608
196608,26,196608,98304,13,12,12,1,103936.0,5632.0,False,True,1.0,4608,8192,ENSG00000256977,196608
196608,26,196608,98304,13,12,12,1,103936.0,5632.0,False,True,1.0,4608,8192,ENSG00000256671,196608
196608,26,196608,98304,13,12,12,1,103936.0,5632.0,False,True,1.0,4608,8192,ENSG00000131914,196608
196608,26,196608,98304,13,12,12,1,103936.0,5632.0,False,True,1.0,4608,8192,ENSG00000187772,196608
196608,26,196608,98304,13,12,12,1,103936.0,5632.0,False,True,1.0,4608,8192,ENSG00000162761,196608
196608,26,196608,98304,13,12,12,1,103936.0,5632.0,False,True,1.0,4608,8192,ENSG00000136944,196608
196608,26,196608,98304,13,12,12,1,103936.0,5632.0,False,True,1.0,4608,8192,ENSG00000180318,196608
196608,26,196608,98304,13,12,12,1,103936.0,5632.0,False,True,1.0,4608,8192,ENSG00000156150,196608
196608,26,196608,98304,13,12,12,1,103936.0,5632.0,False,True,1.0,4608,8192,ENSG00000052850,196608
196608,26,196608,98304,13,12,12,1,103936.0,5632.0,False,True,1.0,4608,8192,ENSG00000185722,196608
196608,26,196608,98304,13,12,12,1,103936.0,5632.0,False,True,1.0,4608,8192,ENSG00000144504,196608
196608,26,196608,98304,13,12,12,1,103936.0,5632.0,False,True,1.0,4608,8192,ENSG00000106524,196608
196608,26,196608,98304,13,12,12,1,103936.0,5632.0,False,True,1.0,4608,8192,ENSG00000163516,196608
196608,26,196608,98304,13,12,12,1,103936.0,5632.0,False,True,1.0,4608,8192,ENSG00000169188,196608
196608,26,196608,98304,13,12,12,1,103936.0,5632.0,False,True,1.0,4608,8192,ENSG00000169621,196608
196608,26,196608,98304,13,12,12,1,103936.0,5632.0,False,True,1.0,4608,8192,ENSG00000137074,196608
196608,26,196608,98304,13,12,12,1,103936.0,5632.0,False,True,1.0,4608,8192,ENSG00000169083,196608
196608,26,196608,98304,13,12,12,1,103936.0,5632.0,False,True,1.0,4608,8192,ENSG00000186103,196608
196608,26,196608,98304,13,12,12,1,103936.0,5632.0,False,True,1.0,4608,8192,ENSG00000143437,196608
196608,26,196608,98304,13,12,12,1,103936.0,5632.0,False,True,1.0,4608,8192,ENSG00000172379,196608
196608,26,196608,98304,13,12,12,1,103936.0,5632.0,False,True,1.0,4608,8192,ENSG00000004848,196608
196608,26,196608,98304,13,12,12,1,103936.0,5632.0,False,True,1.0,4608,8192,ENSG00000139352,196608
196608,26,196608,98304,13,12,12,1,103936.0,5632.0,False,True,1.0,4608,8192,ENSG00000183734,196608
196608,26,196608,98304,13,12,12,1,103936.0,5632.0,False,True,1.0,4608,8192,ENSG00000176009,196608
196608,26,196608,98304,13,12,12,1,103936.0,5632.0,False,True,1.0,4608,8192,ENSG00000187855,196608
196608,26,196608,98304,13,12,12,1,103936.0,5632.0,False,True,1.0,4608,8192,ENSG00000232237,196608
196608,26,196608,98304,13,12,12,1,103936.0,5632.0,False,True,1.0,4608,8192,ENSG00000115966,196608
196608,26,196608,98304,13,12,12,1,103936.0,5632.0,False,True,1.0,4608,8192,ENSG00000170653,196608
196608,26,196608,98304,13,12,12,1,103936.0,5632.0,False,True,1.0,4608,8192,ENSG00000145220,196608
196608,26,196608,98304,13,12,12,1,103936.0,5632.0,False,True,1.0,4608,8192,ENSG00000104903,196608
196608,26,196608,98304,13,12,12,1,103936.0,5632.0,False,True,1.0,4608,8192,ENSG00000178573,196608
196608,26,196608,98304,13,12,12,1,103936.0,5632.0,False,True,1.0,4608,8192,ENSG00000182759,196608
196608,26,196608,98304,13,12,12,1,103936.0,5632.0,False,True,1.0,4608,8192,ENSG00000204103,196608
196608,26,196608,98304,13,12,12,1,103936.0,5632.0,False,True,1.0,4608,8192,ENSG00000185022,196608
196608,26,196608,98304,13,12,12,1,103936.0,5632.0,False,True,1.0,4608,8192,ENSG00000197063,196608
196608,26,196608,98304,13,12,12,1,103936.0,5632.0,False,True,1.0,4608,8192,ENSG00000198517,196608
196608,26,196608,98304,13,12,12,1,103936.0,5632.0,False,True,1.0,4608,8192,ENSG00000015479,196608
196608,26,196608,98304,13,12,12,1,103936.0,5632.0,False,True,1.0,4608,8192,ENSG00000125952,196608
196608,26,196608,98304,13,12,12,1,103936.0,5632.0,False,True,1.0,4608,8192,ENSG00000103495,196608
196608,26,196608,98304,13,12,12,1,103936.0,5632.0,False,True,1.0,4608,8192,ENSG00000141644,196608
196608,26,196608,98304,13,12,12,1,103936.0,5632.0,False,True,1.0,4608,8192,ENSG00000152601,196608
196608,26,196608,98304,13,12,12,1,103936.0,5632.0,False,True,1.0,4608,8192,ENSG00000139793,196608
196608,26,196608,98304,13,12,12,1,103936.0,5632.0,False,True,1.0,4608,8192,ENSG00000076770,196608
196608,26,196608,98304,13,12,12,1,103936.0,5632.0,False,True,1.0,4608,8192,ENSG00000135679,196608
196608,26,196608,98304,13,12,12,1,103936.0,5632.0,False,True,1.0,4608,8192,ENSG00000198625,196608
196608,26,196608,98304,13,12,12,1,103936.0,5632.0,False,True,1.0,4608,8192,ENSG00000085276,196608
196608,26,196608,98304,13,12,12,1,103936.0,5632.0,False,True,1.0,4608,8192,ENSG00000143995,196608
196608,26,196608,98304,13,12,12,1,103936.0,5632.0,False,True,1.0,4608,8192,ENSG00000134138,196608
196608,26,196608,98304,13,12,12,1,103936.0,5632.0,False,True,1.0,4608,8192,ENSG00000105419,196608
196608,26,196608,98304,13,12,12,1,103936.0,5632.0,False,True,1.0,4608,8192,ENSG00000005102,196608
196608,26,196608,98304,13,12,12,1,103936.0,5632.0,False,True,1.0,4608,8192,ENSG00000106511,196608
196608,26,196608,98304,13,12,12,1,103936.0,5632.0,False,True,1.0,4608,8192,ENSG00000166823,196608
196608,26,196608,98304,13,12,12,1,103936.0,5632.0,False,True,1.0,4608,8192,ENSG00000188095,196608
196608,26,196608,98304,13,12,12,1,103936.0,5632.0,False,True,1.0,4608,8192,ENSG00000174197,196608
196608,26,196608,98304,13,12,12,1,103936.0,5632.0,False,True,1.0,4608,8192,ENSG00000101752,196608
196608,26,196608,98304,13,12,12,1,103936.0,5632.0,False,True,1.0,4608,8192,ENSG00000197530,196608
196608,26,196608,98304,13,12,12,1,103936.0,5632.0,False,True,1.0,4608,8192,ENSG00000187098,196608
196608,26,196608,98304,13,12,12,1,103936.0,5632.0,False,True,1.0,4608,8192,ENSG00000185155,196608
196608,26,196608,98304,13,12,12,1,103936.0,5632.0,False,True,1.0,4608,8192,ENSG00000133606,196608
196608,26,196608,98304,13,12,12,1,103936.0,5632.0,False,True,1.0,4608,8192,ENSG00000075975,196608
196608,26,196608,98304,13,12,12,1,103936.0,5632.0,False,True,1.0,4608,8192,ENSG00000179455,196608
196608,26,196608,98304,13,12,12,1,103936.0,5632.0,False,True,1.0,4608,8192,ENSG00000150051,196608
196608,26,196608,98304,13,12,12,1,103936.0,5632.0,False,True,1.0,4608,8192,ENSG00000108788,196608
196608,26,196608,98304,13,12,12,1,103936.0,5632.0,False,True,1.0,4608,8192,ENSG00000175727,196608
196608,26,196608,98304,13,12,12,1,103936.0,5632.0,False,True,1.0,4608,8192,ENSG00000009950,196608
196608,26,196608,98304,13,12,12,1,103936.0,5632.0,False,True,1.0,4608,8192,ENSG00000070444,196608
196608,26,196608,98304,13,12,12,1,103936.0,5632.0,False,True,1.0,4608,8192,ENSG00000130675,196608
196608,26,196608,98304,13,12,12,1,103936.0,5632.0,False,True,1.0,4608,8192,ENSG00000114487,196608
196608,26,196608,98304,13,12,12,1,103936.0,5632.0,False,True,1.0,4608,8192,ENSG00000133422,196608
196608,26,196608,98304,13,12,12,1,103936.0,5632.0,False,True,1.0,4608,8192,ENSG00000159256,196608
196608,26,196608,98304,13,12,12,1,103936.0,5632.0,False,True,1.0,4608,8192,ENSG00000133131,196608
196608,26,196608,98304,13,12,12,1,103936.0,5632.0,False,True,1.0,4608,8192,ENSG00000178860,196608
196608,26,196608,98304,13,12,12,1,103936.0,5632.0,False,True,1.0,4608,8192,ENSG00000166343,196608
196608,26,196608,98304,13,12,12,1,103936.0,5632.0,False,True,1.0,4608,8192,ENSG00000163132,196608
196608,26,196608,98304,13,12,12,1,103936.0,5632.0,False,True,1.0,4608,8192,ENSG00000120149,196608
196608,26,196608,98304,13,12,12,1,103936.0,5632.0,False,True,1.0,4608,8192,ENSG00000182979,196608
196608,26,196608,98304,13,12,12,1,103936.0,5632.0,False,True,1.0,4608,8192,ENSG00000149480,196608
196608,26,196608,98304,13,12,12,1,103936.0,5632.0,False,True,1.0,4608,8192,ENSG00000057935,196608
196608,26,196608,98304,13,12,12,1,103936.0,5632.0,False,True,1.0,4608,8192,ENSG00000188786,196608
196608,26,196608,98304,13,12,12,1,103936.0,5632.0,False,True,1.0,4608,8192,ENSG00000100330,196608
196608,26,196608,98304,13,12,12,1,103936.0,5632.0,False,True,1.0,4608,8192,ENSG00000108389,196608
196608,26,196608,98304,13,12,12,1,103936.0,5632.0,False,True,1.0,4608,8192,ENSG00000059728,196608
196608,26,196608,98304,13,12,12,1,103936.0,5632.0,False,True,1.0,4608,8192,ENSG00000213347,196608
196608,26,196608,98304,13,12,12,1,103936.0,5632.0,False,True,1.0,4608,8192,ENSG00000123933,196608
196608,26,196608,98304,13,12,12,1,103936.0,5632.0,False,True,1.0,4608,8192,ENSG00000119950,196608
196608,26,196608,98304,13,12,12,1,103936.0,5632.0,False,True,1.0,4608,8192,ENSG00000136997,196608
196608,26,196608,98304,13,12,12,1,103936.0,5632.0,False,True,1.0,4608,8192,ENSG00000116990,196608
196608,26,196608,98304,13,12,12,1,103936.0,5632.0,False,True,1.0,4608,8192,ENSG00000134323,196608
196608,26,196608,98304,13,12,12,1,103936.0,5632.0,False,True,1.0,4608,8192,ENSG00000111049,196608
196608,26,196608,98304,13,12,12,1,103936.0,5632.0,False,True,1.0,4608,8192,ENSG00000111046,196608
196608,26,196608,98304,13,12,12,1,103936.0,5632.0,False,True,1.0,4608,8192,ENSG00000085274,196608
196608,26,196608,98304,13,12,12,1,103936.0,5632.0,False,True,1.0,4608,8192,ENSG00000129152,196608
196608,26,196608,98304,13,12,12,1,103936.0,5632.0,False,True,1.0,4608,8192,ENSG00000122180,196608
196608,26,196608,98304,13,12,12,1,103936.0,5632.0,False,True,1.0,4608,8192,ENSG00000196132,196608
196608,26,196608,98304,13,12,12,1,103936.0,5632.0,False,True,1.0,4608,8192,ENSG00000186487,196608
142324,19,142324,98304,9,12,12,-3,73216.0,-25088.0,False,True,1.0,4084,8192,ENSG00000099326,142324
196608,26,196608,98304,13,12,12,1,103936.0,5632.0,False,True,1.0,4608,8192,ENSG00000111704,196608
196608,26,196608,98304,13,12,12,1,103936.0,5632.0,False,True,1.0,4608,8192,ENSG00000255192,196608
196608,26,196608,98304,13,12,12,1,103936.0,5632.0,False,True,1.0,4608,8192,ENSG00000188613,196608
196608,26,196608,98304,13,12,12,1,103936.0,5632.0,False,True,1.0,4608,8192,ENSG00000188425,196608
196608,26,196608,98304,13,12,12,1,103936.0,5632.0,False,True,1.0,4608,8192,ENSG00000187556,196608
196608,26,196608,98304,13,12,12,1,103936.0,5632.0,False,True,1.0,4608,8192,ENSG00000188554,196608
196608,26,196608,98304,13,12,12,1,103936.0,5632.0,False,True,1.0,4608,8192,ENSG00000084676,196608
196608,26,196608,98304,13,12,12,1,103936.0,5632.0,False,True,1.0,4608,8192,ENSG00000140396,196608
196608,26,196608,98304,13,12,12,1,103936.0,5632.0,False,True,1.0,4608,8192,ENSG00000124151,196608
196608,26,196608,98304,13,12,12,1,103936.0,5632.0,False,True,1.0,4608,8192,ENSG00000109674,196608
196608,26,196608,98304,13,12,12,1,103936.0,5632.0,False,True,1.0,4608,8192,ENSG00000162992,196608
196608,26,196608,98304,13,12,12,1,103936.0,5632.0,False,True,1.0,4608,8192,ENSG00000171532,196608
196608,26,196608,98304,13,12,12,1,103936.0,5632.0,False,True,1.0,4608,8192,ENSG00000123307,196608
196608,26,196608,98304,13,12,12,1,103936.0,5632.0,False,True,1.0,4608,8192,ENSG00000164600,196608
196608,26,196608,98304,13,12,12,1,103936.0,5632.0,False,True,1.0,4608,8192,ENSG00000181965,196608
196608,26,196608,98304,13,12,12,1,103936.0,5632.0,False,True,1.0,4608,8192,ENSG00000178403,196608
196608,26,196608,98304,13,12,12,1,103936.0,5632.0,False,True,1.0,4608,8192,ENSG00000122859,196608
196608,26,196608,98304,13,12,12,1,103936.0,5632.0,False,True,1.0,4608,8192,ENSG00000086102,196608
196608,26,196608,98304,13,12,12,1,103936.0,5632.0,False,True,1.0,4608,8192,ENSG00000170448,196608
196608,26,196608,98304,13,12,12,1,103936.0,5632.0,False,True,1.0,4608,8192,ENSG00000001167,196608
196608,26,196608,98304,13,12,12,1,103936.0,5632.0,False,True,1.0,4608,8192,ENSG00000120837,196608
196608,26,196608,98304,13,12,12,1,103936.0,5632.0,False,True,1.0,4608,8192,ENSG00000066136,196608
196608,26,196608,98304,13,12,12,1,103936.0,5632.0,False,True,1.0,4608,8192,ENSG00000171786,196608
196608,26,196608,98304,13,12,12,1,103936.0,5632.0,False,True,1.0,4608,8192,ENSG00000177551,196608
196608,26,196608,98304,13,12,12,1,103936.0,5632.0,False,True,1.0,4608,8192,ENSG00000235608,196608
196608,26,196608,98304,13,12,12,1,103936.0,5632.0,False,True,1.0,4608,8192,ENSG00000229544,196608
196608,26,196608,98304,13,12,12,1,103936.0,5632.0,False,True,1.0,4608,8192,ENSG00000136352,196608
196608,26,196608,98304,13,12,12,1,103936.0,5632.0,False,True,1.0,4608,8192,ENSG00000125820,196608
196608,26,196608,98304,13,12,12,1,103936.0,5632.0,False,True,1.0,4608,8192,ENSG00000119919,196608
196608,26,196608,98304,13,12,12,1,103936.0,5632.0,False,True,1.0,4608,8192,ENSG00000125816,196608
196608,26,196608,98304,13,12,12,1,103936.0,5632.0,False,True,1.0,4608,8192,ENSG00000183072,196608
196608,26,196608,98304,13,12,12,1,103936.0,5632.0,False,True,1.0,4608,8192,ENSG00000180053,196608
196608,26,196608,98304,13,12,12,1,103936.0,5632.0,False,True,1.0,4608,8192,ENSG00000136327,196608
196608,26,196608,98304,13,12,12,1,103936.0,5632.0,False,True,1.0,4608,8192,ENSG00000167034,196608
196608,26,196608,98304,13,12,12,1,103936.0,5632.0,False,True,1.0,4608,8192,ENSG00000109705,196608
196608,26,196608,98304,13,12,12,1,103936.0,5632.0,False,True,1.0,4608,8192,ENSG00000163623,196608
196608,26,196608,98304,13,12,12,1,103936.0,5632.0,False,True,1.0,4608,8192,ENSG00000148826,196608
196608,26,196608,98304,13,12,12,1,103936.0,5632.0,False,True,1.0,4608,8192,ENSG00000165066,196608
196608,26,196608,98304,13,12,12,1,103936.0,5632.0,False,True,1.0,4608,8192,ENSG00000106410,196608
196608,26,196608,98304,13,12,12,1,103936.0,5632.0,False,True,1.0,4608,8192,ENSG00000214513,196608
196608,26,196608,98304,13,12,12,1,103936.0,5632.0,False,True,1.0,4608,8192,ENSG00000130751,196608
196608,26,196608,98304,13,12,12,1,103936.0,5632.0,False,True,1.0,4608,8192,ENSG00000170485,196608
196608,26,196608,98304,13,12,12,1,103936.0,5632.0,False,True,1.0,4608,8192,ENSG00000151322,196608
196608,26,196608,98304,13,12,12,1,103936.0,5632.0,False,True,1.0,4608,8192,ENSG00000174576,196608
196608,26,196608,98304,13,12,12,1,103936.0,5632.0,False,True,1.0,4608,8192,ENSG00000182446,196608
196608,26,196608,98304,13,12,12,1,103936.0,5632.0,False,True,1.0,4608,8192,ENSG00000126368,196608
196608,26,196608,98304,13,12,12,1,103936.0,5632.0,False,True,1.0,4608,8192,ENSG00000174738,196608
196608,26,196608,98304,13,12,12,1,103936.0,5632.0,False,True,1.0,4608,8192,ENSG00000131408,196608
196608,26,196608,98304,13,12,12,1,103936.0,5632.0,False,True,1.0,4608,8192,ENSG00000025434,196608
196608,26,196608,98304,13,12,12,1,103936.0,5632.0,False,True,1.0,4608,8192,ENSG00000012504,196608
196608,26,196608,98304,13,12,12,1,103936.0,5632.0,False,True,1.0,4608,8192,ENSG00000144852,196608
196608,26,196608,98304,13,12,12,1,103936.0,5632.0,False,True,1.0,4608,8192,ENSG00000143257,196608
196608,26,196608,98304,13,12,12,1,103936.0,5632.0,False,True,1.0,4608,8192,ENSG00000120798,196608
196608,26,196608,98304,13,12,12,1,103936.0,5632.0,False,True,1.0,4608,8192,ENSG00000177463,196608
196608,26,196608,98304,13,12,12,1,103936.0,5632.0,False,True,1.0,4608,8192,ENSG00000112333,196608
196608,26,196608,98304,13,12,12,1,103936.0,5632.0,False,True,1.0,4608,8192,ENSG00000278570,196608
196608,26,196608,98304,13,12,12,1,103936.0,5632.0,False,True,1.0,4608,8192,ENSG00000175745,196608
196608,26,196608,98304,13,12,12,1,103936.0,5632.0,False,True,1.0,4608,8192,ENSG00000185551,196608
196608,26,196608,98304,13,12,12,1,103936.0,5632.0,False,True,1.0,4608,8192,ENSG00000160113,196608
196608,26,196608,98304,13,12,12,1,103936.0,5632.0,False,True,1.0,4608,8192,ENSG00000113580,196608
196608,26,196608,98304,13,12,12,1,103936.0,5632.0,False,True,1.0,4608,8192,ENSG00000151623,196608
196608,26,196608,98304,13,12,12,1,103936.0,5632.0,False,True,1.0,4608,8192,ENSG00000123358,196608
196608,26,196608,98304,13,12,12,1,103936.0,5632.0,False,True,1.0,4608,8192,ENSG00000153234,196608
196608,26,196608,98304,13,12,12,1,103936.0,5632.0,False,True,1.0,4608,8192,ENSG00000119508,196608
196608,26,196608,98304,13,12,12,1,103936.0,5632.0,False,True,1.0,4608,8192,ENSG00000136931,196608
196608,26,196608,98304,13,12,12,1,103936.0,5632.0,False,True,1.0,4608,8192,ENSG00000116833,196608
196608,26,196608,98304,13,12,12,1,103936.0,5632.0,False,True,1.0,4608,8192,ENSG00000148200,196608
196608,26,196608,98304,13,12,12,1,103936.0,5632.0,False,True,1.0,4608,8192,ENSG00000169297,196608
196608,26,196608,98304,13,12,12,1,103936.0,5632.0,False,True,1.0,4608,8192,ENSG00000131910,196608
196608,26,196608,98304,13,12,12,1,103936.0,5632.0,False,True,1.0,4608,8192,ENSG00000115216,196608
196608,26,196608,98304,13,12,12,1,103936.0,5632.0,False,True,1.0,4608,8192,ENSG00000185189,196608
196608,26,196608,98304,13,12,12,1,103936.0,5632.0,False,True,1.0,4608,8192,ENSG00000129535,196608
196608,26,196608,98304,13,12,12,1,103936.0,5632.0,False,True,1.0,4608,8192,ENSG00000156831,196608
196608,26,196608,98304,13,12,12,1,103936.0,5632.0,False,True,1.0,4608,8192,ENSG00000083635,196608
196608,26,196608,98304,13,12,12,1,103936.0,5632.0,False,True,1.0,4608,8192,ENSG00000136243,196608
196608,26,196608,98304,13,12,12,1,103936.0,5632.0,False,True,1.0,4608,8192,ENSG00000124789,196608
196608,26,196608,98304,13,12,12,1,103936.0,5632.0,False,True,1.0,4608,8192,ENSG00000184221,196608
196608,26,196608,98304,13,12,12,1,103936.0,5632.0,False,True,1.0,4608,8192,ENSG00000205927,196608
196608,26,196608,98304,13,12,12,1,103936.0,5632.0,False,True,1.0,4608,8192,ENSG00000177468,196608
196608,26,196608,98304,13,12,12,1,103936.0,5632.0,False,True,1.0,4608,8192,ENSG00000169856,196608
196608,26,196608,98304,13,12,12,1,103936.0,5632.0,False,True,1.0,4608,8192,ENSG00000119547,196608
196608,26,196608,98304,13,12,12,1,103936.0,5632.0,False,True,1.0,4608,8192,ENSG00000205922,196608
196608,26,196608,98304,13,12,12,1,103936.0,5632.0,False,True,1.0,4608,8192,ENSG00000123240,196608
196608,26,196608,98304,13,12,12,1,103936.0,5632.0,False,True,1.0,4608,8192,ENSG00000143867,196608
196608,26,196608,98304,13,12,12,1,103936.0,5632.0,False,True,1.0,4608,8192,ENSG00000164920,196608
196608,26,196608,98304,13,12,12,1,103936.0,5632.0,False,True,1.0,4608,8192,ENSG00000171540,196608
196608,26,196608,98304,13,12,12,1,103936.0,5632.0,False,True,1.0,4608,8192,ENSG00000169918,196608
196608,26,196608,98304,13,12,12,1,103936.0,5632.0,False,True,1.0,4608,8192,ENSG00000264522,196608
196608,26,196608,98304,13,12,12,1,103936.0,5632.0,False,True,1.0,4608,8192,ENSG00000115507,196608
196608,26,196608,98304,13,12,12,1,103936.0,5632.0,False,True,1.0,4608,8192,ENSG00000165588,196608
196608,26,196608,98304,13,12,12,1,103936.0,5632.0,False,True,1.0,4608,8192,ENSG00000172818,196608
196608,26,196608,98304,13,12,12,1,103936.0,5632.0,False,True,1.0,4608,8192,ENSG00000125850,196608
196608,26,196608,98304,13,12,12,1,103936.0,5632.0,False,True,1.0,4608,8192,ENSG00000105261,196608
196608,26,196608,98304,13,12,12,1,103936.0,5632.0,False,True,1.0,4608,8192,ENSG00000152520,196608
196608,26,196608,98304,13,12,12,1,103936.0,5632.0,False,True,1.0,4608,8192,ENSG00000143799,196608
196608,26,196608,98304,13,12,12,1,103936.0,5632.0,False,True,1.0,4608,8192,ENSG00000059378,196608
196608,26,196608,98304,13,12,12,1,103936.0,5632.0,False,True,1.0,4608,8192,ENSG00000100105,196608
196608,26,196608,98304,13,12,12,1,103936.0,5632.0,False,True,1.0,4608,8192,ENSG00000075891,196608
196608,26,196608,98304,13,12,12,1,103936.0,5632.0,False,True,1.0,4608,8192,ENSG00000135903,196608
196608,26,196608,98304,13,12,12,1,103936.0,5632.0,False,True,1.0,4608,8192,ENSG00000106331,196608
196608,26,196608,98304,13,12,12,1,103936.0,5632.0,False,True,1.0,4608,8192,ENSG00000196092,196608
196608,26,196608,98304,13,12,12,1,103936.0,5632.0,False,True,1.0,4608,8192,ENSG00000007372,196608
196608,26,196608,98304,13,12,12,1,103936.0,5632.0,False,True,1.0,4608,8192,ENSG00000009709,196608
196608,26,196608,98304,13,12,12,1,103936.0,5632.0,False,True,1.0,4608,8192,ENSG00000125618,196608
196608,26,196608,98304,13,12,12,1,103936.0,5632.0,False,True,1.0,4608,8192,ENSG00000185630,196608
196608,26,196608,98304,13,12,12,1,103936.0,5632.0,False,True,1.0,4608,8192,ENSG00000204304,196608
196608,26,196608,98304,13,12,12,1,103936.0,5632.0,False,True,1.0,4608,8192,ENSG00000167081,196608
196608,26,196608,98304,13,12,12,1,103936.0,5632.0,False,True,1.0,4608,8192,ENSG00000105717,196608
196608,26,196608,98304,13,12,12,1,103936.0,5632.0,False,True,1.0,4608,8192,ENSG00000186472,196608
196608,26,196608,98304,13,12,12,1,103936.0,5632.0,False,True,1.0,4608,8192,ENSG00000071994,196608
196608,26,196608,98304,13,12,12,1,103936.0,5632.0,False,True,1.0,4608,8192,ENSG00000139515,196608
196608,26,196608,98304,13,12,12,1,103936.0,5632.0,False,True,1.0,4608,8192,ENSG00000121440,196608
196608,26,196608,98304,13,12,12,1,103936.0,5632.0,False,True,1.0,4608,8192,ENSG00000198300,196608
196608,26,196608,98304,13,12,12,1,103936.0,5632.0,False,True,1.0,4608,8192,ENSG00000082175,196608
196608,26,196608,98304,13,12,12,1,103936.0,5632.0,False,True,1.0,4608,8192,ENSG00000025293,196608
196608,26,196608,98304,13,12,12,1,103936.0,5632.0,False,True,1.0,4608,8192,ENSG00000165462,196608
196608,26,196608,98304,13,12,12,1,103936.0,5632.0,False,True,1.0,4608,8192,ENSG00000109132,196608
196608,26,196608,98304,13,12,12,1,103936.0,5632.0,False,True,1.0,4608,8192,ENSG00000033800,196608
196608,26,196608,98304,13,12,12,1,103936.0,5632.0,False,True,1.0,4608,8192,ENSG00000078043,196608
196608,26,196608,98304,13,12,12,1,103936.0,5632.0,False,True,1.0,4608,8192,ENSG00000131788,196608
196608,26,196608,98304,13,12,12,1,103936.0,5632.0,False,True,1.0,4608,8192,ENSG00000105229,196608
196608,26,196608,98304,13,12,12,1,103936.0,5632.0,False,True,1.0,4608,8192,ENSG00000115020,196608
196608,26,196608,98304,13,12,12,1,103936.0,5632.0,False,True,1.0,4608,8192,ENSG00000069011,196608
196608,26,196608,98304,13,12,12,1,103936.0,5632.0,False,True,1.0,4608,8192,ENSG00000164093,196608
196608,26,196608,98304,13,12,12,1,103936.0,5632.0,False,True,1.0,4608,8192,ENSG00000107859,196608
196608,26,196608,98304,13,12,12,1,103936.0,5632.0,False,True,1.0,4608,8192,ENSG00000160199,196608
196608,26,196608,98304,13,12,12,1,103936.0,5632.0,False,True,1.0,4608,8192,ENSG00000165495,196608
196608,26,196608,98304,13,12,12,1,103936.0,5632.0,False,True,1.0,4608,8192,ENSG00000181690,196608
196608,26,196608,98304,13,12,12,1,103936.0,5632.0,False,True,1.0,4608,8192,ENSG00000118495,196608
196608,26,196608,98304,13,12,12,1,103936.0,5632.0,False,True,1.0,4608,8192,ENSG00000126003,196608
196608,26,196608,98304,13,12,12,1,103936.0,5632.0,False,True,1.0,4608,8192,ENSG00000166289,196608
196608,26,196608,98304,13,12,12,1,103936.0,5632.0,False,True,1.0,4608,8192,ENSG00000175895,196608
196608,26,196608,98304,13,12,12,1,103936.0,5632.0,False,True,1.0,4608,8192,ENSG00000143442,196608
196608,26,196608,98304,13,12,12,1,103936.0,5632.0,False,True,1.0,4608,8192,ENSG00000170734,196608
196608,26,196608,98304,13,12,12,1,103936.0,5632.0,False,True,1.0,4608,8192,ENSG00000122008,196608
196608,26,196608,98304,13,12,12,1,103936.0,5632.0,False,True,1.0,4608,8192,ENSG00000064835,196608
196608,26,196608,98304,13,12,12,1,103936.0,5632.0,False,True,1.0,4608,8192,ENSG00000143190,196608
196608,26,196608,98304,13,12,12,1,103936.0,5632.0,False,True,1.0,4608,8192,ENSG00000028277,196608
196608,26,196608,98304,13,12,12,1,103936.0,5632.0,False,True,1.0,4608,8192,ENSG00000137709,196608
196608,26,196608,98304,13,12,12,1,103936.0,5632.0,False,True,1.0,4608,8192,ENSG00000185668,196608
196608,26,196608,98304,13,12,12,1,103936.0,5632.0,False,True,1.0,4608,8192,ENSG00000184486,196608
196608,26,196608,98304,13,12,12,1,103936.0,5632.0,False,True,1.0,4608,8192,ENSG00000198914,196608
196608,26,196608,98304,13,12,12,1,103936.0,5632.0,False,True,1.0,4608,8192,ENSG00000196767,196608
196608,26,196608,98304,13,12,12,1,103936.0,5632.0,False,True,1.0,4608,8192,ENSG00000152192,196608
196608,26,196608,98304,13,12,12,1,103936.0,5632.0,False,True,1.0,4608,8192,ENSG00000151615,196608
196608,26,196608,98304,13,12,12,1,103936.0,5632.0,False,True,1.0,4608,8192,ENSG00000091010,196608
196608,26,196608,98304,13,12,12,1,103936.0,5632.0,False,True,1.0,4608,8192,ENSG00000204531,196608
196608,26,196608,98304,13,12,12,1,103936.0,5632.0,False,True,1.0,4608,8192,ENSG00000212993,196608
196608,26,196608,98304,13,12,12,1,103936.0,5632.0,False,True,1.0,4608,8192,ENSG00000248483,196608
196608,26,196608,98304,13,12,12,1,103936.0,5632.0,False,True,1.0,4608,8192,ENSG00000184271,196608
196608,26,196608,98304,13,12,12,1,103936.0,5632.0,False,True,1.0,4608,8192,ENSG00000106536,196608
196608,26,196608,98304,13,12,12,1,103936.0,5632.0,False,True,1.0,4608,8192,ENSG00000204569,196608
196608,26,196608,98304,13,12,12,1,103936.0,5632.0,False,True,1.0,4608,8192,ENSG00000057657,196608
196608,26,196608,98304,13,12,12,1,103936.0,5632.0,False,True,1.0,4608,8192,ENSG00000116731,196608
196608,26,196608,98304,13,12,12,1,103936.0,5632.0,False,True,1.0,4608,8192,ENSG00000110851,196608
196608,26,196608,98304,13,12,12,1,103936.0,5632.0,False,True,1.0,4608,8192,ENSG00000138738,196608
196608,26,196608,98304,13,12,12,1,103936.0,5632.0,False,True,1.0,4608,8192,ENSG00000061455,196608
196608,26,196608,98304,13,12,12,1,103936.0,5632.0,False,True,1.0,4608,8192,ENSG00000126856,196608
196608,26,196608,98304,13,12,12,1,103936.0,5632.0,False,True,1.0,4608,8192,ENSG00000152784,196608
196608,26,196608,98304,13,12,12,1,103936.0,5632.0,False,True,1.0,4608,8192,ENSG00000164256,196608
196608,26,196608,98304,13,12,12,1,103936.0,5632.0,False,True,1.0,4608,8192,ENSG00000170325,196608
196608,26,196608,98304,13,12,12,1,103936.0,5632.0,False,True,1.0,4608,8192,ENSG00000130711,196608
196608,26,196608,98304,13,12,12,1,103936.0,5632.0,False,True,1.0,4608,8192,ENSG00000112238,196608
196608,26,196608,98304,13,12,12,1,103936.0,5632.0,False,True,1.0,4608,8192,ENSG00000147596,196608
196608,26,196608,98304,13,12,12,1,103936.0,5632.0,False,True,1.0,4608,8192,ENSG00000141956,196608
196608,26,196608,98304,13,12,12,1,103936.0,5632.0,False,True,1.0,4608,8192,ENSG00000142611,196608
196608,26,196608,98304,13,12,12,1,103936.0,5632.0,False,True,1.0,4608,8192,ENSG00000185238,196608
196608,26,196608,98304,13,12,12,1,103936.0,5632.0,False,True,1.0,4608,8192,ENSG00000175325,196608
196608,26,196608,98304,13,12,12,1,103936.0,5632.0,False,True,1.0,4608,8192,ENSG00000117707,196608
196608,26,196608,98304,13,12,12,1,103936.0,5632.0,False,True,1.0,4608,8192,ENSG00000119608,196608
196608,26,196608,98304,13,12,12,1,103936.0,5632.0,False,True,1.0,4608,8192,ENSG00000204576,196608
196608,26,196608,98304,13,12,12,1,103936.0,5632.0,False,True,1.0,4608,8192,ENSG00000161992,196608
196608,26,196608,98304,13,12,12,1,103936.0,5632.0,False,True,1.0,4608,8192,ENSG00000116132,196608
196608,26,196608,98304,13,12,12,1,103936.0,5632.0,False,True,1.0,4608,8192,ENSG00000167157,196608
196608,26,196608,98304,13,12,12,1,103936.0,5632.0,False,True,1.0,4608,8192,ENSG00000166454,196608
196608,26,196608,98304,13,12,12,1,103936.0,5632.0,False,True,1.0,4608,8192,ENSG00000172238,196608
196608,26,196608,98304,13,12,12,1,103936.0,5632.0,False,True,1.0,4608,8192,ENSG00000179774,196608
196608,26,196608,98304,13,12,12,1,103936.0,5632.0,False,True,1.0,4608,8192,ENSG00000168874,196608
196608,26,196608,98304,13,12,12,1,103936.0,5632.0,False,True,1.0,4608,8192,ENSG00000125492,196608
196608,26,196608,98304,13,12,12,1,103936.0,5632.0,False,True,1.0,4608,8192,ENSG00000143032,196608
196608,26,196608,98304,13,12,12,1,103936.0,5632.0,False,True,1.0,4608,8192,ENSG00000131668,196608
196608,26,196608,98304,13,12,12,1,103936.0,5632.0,False,True,1.0,4608,8192,ENSG00000043039,196608
196608,26,196608,98304,13,12,12,1,103936.0,5632.0,False,True,1.0,4608,8192,ENSG00000113916,196608
196608,26,196608,98304,13,12,12,1,103936.0,5632.0,False,True,1.0,4608,8192,ENSG00000161940,196608
196608,26,196608,98304,13,12,12,1,103936.0,5632.0,False,True,1.0,4608,8192,ENSG00000119866,196608
196608,26,196608,98304,13,12,12,1,103936.0,5632.0,False,True,1.0,4608,8192,ENSG00000127152,196608
196608,26,196608,98304,13,12,12,1,103936.0,5632.0,False,True,1.0,4608,8192,ENSG00000145734,196608
196608,26,196608,98304,13,12,12,1,103936.0,5632.0,False,True,1.0,4608,8192,ENSG00000205899,196608
196608,26,196608,98304,13,12,12,1,103936.0,5632.0,False,True,1.0,4608,8192,ENSG00000180535,196608
196608,26,196608,98304,13,12,12,1,103936.0,5632.0,False,True,1.0,4608,8192,ENSG00000180828,196608
196608,26,196608,98304,13,12,12,1,103936.0,5632.0,False,True,1.0,4608,8192,ENSG00000125533,196608
196608,26,196608,98304,13,12,12,1,103936.0,5632.0,False,True,1.0,4608,8192,ENSG00000134107,196608
196608,26,196608,98304,13,12,12,1,103936.0,5632.0,False,True,1.0,4608,8192,ENSG00000123095,196608
196608,26,196608,98304,13,12,12,1,103936.0,5632.0,False,True,1.0,4608,8192,ENSG00000029153,196608
196608,26,196608,98304,13,12,12,1,103936.0,5632.0,False,True,1.0,4608,8192,ENSG00000169594,196608
196608,26,196608,98304,13,12,12,1,103936.0,5632.0,False,True,1.0,4608,8192,ENSG00000173068,196608
196608,26,196608,98304,13,12,12,1,103936.0,5632.0,False,True,1.0,4608,8192,ENSG00000185024,196608
196608,26,196608,98304,13,12,12,1,103936.0,5632.0,False,True,1.0,4608,8192,ENSG00000104221,196608
196608,26,196608,98304,13,12,12,1,103936.0,5632.0,False,True,1.0,4608,8192,ENSG00000164061,196608
196608,26,196608,98304,13,12,12,1,103936.0,5632.0,False,True,1.0,4608,8192,ENSG00000188909,196608
196608,26,196608,98304,13,12,12,1,103936.0,5632.0,False,True,1.0,4608,8192,ENSG00000168267,196608
196608,26,196608,98304,13,12,12,1,103936.0,5632.0,False,True,1.0,4608,8192,ENSG00000154710,196608
196608,26,196608,98304,13,12,12,1,103936.0,5632.0,False,True,1.0,4608,8192,ENSG00000070950,196608
196608,26,196608,98304,13,12,12,1,103936.0,5632.0,False,True,1.0,4608,8192,ENSG00000153201,196608
196608,26,196608,98304,13,12,12,1,103936.0,5632.0,False,True,1.0,4608,8192,ENSG00000134438,196608
196608,26,196608,98304,13,12,12,1,103936.0,5632.0,False,True,1.0,4608,8192,ENSG00000173976,196608
196608,26,196608,98304,13,12,12,1,103936.0,5632.0,False,True,1.0,4608,8192,ENSG00000146587,196608
196608,26,196608,98304,13,12,12,1,103936.0,5632.0,False,True,1.0,4608,8192,ENSG00000125826,196608
196608,26,196608,98304,13,12,12,1,103936.0,5632.0,False,True,1.0,4608,8192,ENSG00000173933,196608
196608,26,196608,98304,13,12,12,1,103936.0,5632.0,False,True,1.0,4608,8192,ENSG00000173914,196608
196608,26,196608,98304,13,12,12,1,103936.0,5632.0,False,True,1.0,4608,8192,ENSG00000003756,196608
196608,26,196608,98304,13,12,12,1,103936.0,5632.0,False,True,1.0,4608,8192,ENSG00000182872,196608
196608,26,196608,98304,13,12,12,1,103936.0,5632.0,False,True,1.0,4608,8192,ENSG00000203867,196608
196608,26,196608,98304,13,12,12,1,103936.0,5632.0,False,True,1.0,4608,8192,ENSG00000086589,196608
196608,26,196608,98304,13,12,12,1,103936.0,5632.0,False,True,1.0,4608,8192,ENSG00000139746,196608
196608,26,196608,98304,13,12,12,1,103936.0,5632.0,False,True,1.0,4608,8192,ENSG00000091009,196608
196608,26,196608,98304,13,12,12,1,103936.0,5632.0,False,True,1.0,4608,8192,ENSG00000131381,196608
196608,26,196608,98304,13,12,12,1,103936.0,5632.0,False,True,1.0,4608,8192,ENSG00000135870,196608
196608,26,196608,98304,13,12,12,1,103936.0,5632.0,False,True,1.0,4608,8192,ENSG00000056586,196608
196608,26,196608,98304,13,12,12,1,103936.0,5632.0,False,True,1.0,4608,8192,ENSG00000214022,196608
196608,26,196608,98304,13,12,12,1,103936.0,5632.0,False,True,1.0,4608,8192,ENSG00000142599,196608
196608,26,196608,98304,13,12,12,1,103936.0,5632.0,False,True,1.0,4608,8192,ENSG00000084093,196608
196608,26,196608,98304,13,12,12,1,103936.0,5632.0,False,True,1.0,4608,8192,ENSG00000101883,196608
196608,26,196608,98304,13,12,12,1,103936.0,5632.0,False,True,1.0,4608,8192,ENSG00000131721,196608
196608,26,196608,98304,13,12,12,1,103936.0,5632.0,False,True,1.0,4608,8192,ENSG00000203989,196608
196608,26,196608,98304,13,12,12,1,103936.0,5632.0,False,True,1.0,4608,8192,ENSG00000117000,196608
196608,26,196608,98304,13,12,12,1,103936.0,5632.0,False,True,1.0,4608,8192,ENSG00000092098,196608
196608,26,196608,98304,13,12,12,1,103936.0,5632.0,False,True,1.0,4608,8192,ENSG00000125352,196608
196608,26,196608,98304,13,12,12,1,103936.0,5632.0,False,True,1.0,4608,8192,ENSG00000139797,196608
196608,26,196608,98304,13,12,12,1,103936.0,5632.0,False,True,1.0,4608,8192,ENSG00000179580,196608
196608,26,196608,98304,13,12,12,1,103936.0,5632.0,False,True,1.0,4608,8192,ENSG00000124782,196608
196608,26,196608,98304,13,12,12,1,103936.0,5632.0,False,True,1.0,4608,8192,ENSG00000179300,196608
196608,26,196608,98304,13,12,12,1,103936.0,5632.0,False,True,1.0,4608,8192,ENSG00000187823,196608
196608,26,196608,98304,13,12,12,1,103936.0,5632.0,False,True,1.0,4608,8192,ENSG00000175077,196608
196608,26,196608,98304,13,12,12,1,103936.0,5632.0,False,True,1.0,4608,8192,ENSG00000198471,196608
196608,26,196608,98304,13,12,12,1,103936.0,5632.0,False,True,1.0,4608,8192,ENSG00000163825,196608
196608,26,196608,98304,13,12,12,1,103936.0,5632.0,False,True,1.0,4608,8192,ENSG00000136514,196608
196608,26,196608,98304,13,12,12,1,103936.0,5632.0,False,True,1.0,4608,8192,ENSG00000188011,196608
196608,26,196608,98304,13,12,12,1,103936.0,5632.0,False,True,1.0,4608,8192,ENSG00000176783,196608
196608,26,196608,98304,13,12,12,1,103936.0,5632.0,False,True,1.0,4608,8192,ENSG00000204130,196608
196608,26,196608,98304,13,12,12,1,103936.0,5632.0,False,True,1.0,4608,8192,ENSG00000018189,196608
196608,26,196608,98304,13,12,12,1,103936.0,5632.0,False,True,1.0,4608,8192,ENSG00000188282,196608
196608,26,196608,98304,13,12,12,1,103936.0,5632.0,False,True,1.0,4608,8192,ENSG00000159216,196608
196608,26,196608,98304,13,12,12,1,103936.0,5632.0,False,True,1.0,4608,8192,ENSG00000079102,196608
196608,26,196608,98304,13,12,12,1,103936.0,5632.0,False,True,1.0,4608,8192,ENSG00000124813,196608
196608,26,196608,98304,13,12,12,1,103936.0,5632.0,False,True,1.0,4608,8192,ENSG00000020633,196608
196608,26,196608,98304,13,12,12,1,103936.0,5632.0,False,True,1.0,4608,8192,ENSG00000163602,196608
196608,26,196608,98304,13,12,12,1,103936.0,5632.0,False,True,1.0,4608,8192,ENSG00000103449,196608
196608,26,196608,98304,13,12,12,1,103936.0,5632.0,False,True,1.0,4608,8192,ENSG00000165821,196608
196608,26,196608,98304,13,12,12,1,103936.0,5632.0,False,True,1.0,4608,8192,ENSG00000256463,196608
196608,26,196608,98304,13,12,12,1,103936.0,5632.0,False,True,1.0,4608,8192,ENSG00000101115,196608
196608,26,196608,98304,13,12,12,1,103936.0,5632.0,False,True,1.0,4608,8192,ENSG00000182568,196608
196608,26,196608,98304,13,12,12,1,103936.0,5632.0,False,True,1.0,4608,8192,ENSG00000119042,196608
196608,26,196608,98304,13,12,12,1,103936.0,5632.0,False,True,1.0,4608,8192,ENSG00000140386,196608
196608,26,196608,98304,13,12,12,1,103936.0,5632.0,False,True,1.0,4608,8192,ENSG00000261678,196608
196608,26,196608,98304,13,12,12,1,103936.0,5632.0,False,True,1.0,4608,8192,ENSG00000215397,196608
196608,26,196608,98304,13,12,12,1,103936.0,5632.0,False,True,1.0,4608,8192,ENSG00000260428,196608
196608,26,196608,98304,13,12,12,1,103936.0,5632.0,False,True,1.0,4608,8192,ENSG00000274529,196608
196608,26,196608,98304,13,12,12,1,103936.0,5632.0,False,True,1.0,4608,8192,ENSG00000168066,196608
196608,26,196608,98304,13,12,12,1,103936.0,5632.0,False,True,1.0,4608,8192,ENSG00000104897,196608
196608,26,196608,98304,13,12,12,1,103936.0,5632.0,False,True,1.0,4608,8192,ENSG00000179526,196608
196608,26,196608,98304,13,12,12,1,103936.0,5632.0,False,True,1.0,4608,8192,ENSG00000185960,196608
196608,26,196608,98304,13,12,12,1,103936.0,5632.0,False,True,1.0,4608,8192,ENSG00000168779,196608
196608,26,196608,98304,13,12,12,1,103936.0,5632.0,False,True,1.0,4608,8192,ENSG00000112246,196608
196608,26,196608,98304,13,12,12,1,103936.0,5632.0,False,True,1.0,4608,8192,ENSG00000159263,196608
196608,26,196608,98304,13,12,12,1,103936.0,5632.0,False,True,1.0,4608,8192,ENSG00000126778,196608
196608,26,196608,98304,13,12,12,1,103936.0,5632.0,False,True,1.0,4608,8192,ENSG00000170577,196608
196608,26,196608,98304,13,12,12,1,103936.0,5632.0,False,True,1.0,4608,8192,ENSG00000138083,196608
196608,26,196608,98304,13,12,12,1,103936.0,5632.0,False,True,1.0,4608,8192,ENSG00000100625,196608
196608,26,196608,98304,13,12,12,1,103936.0,5632.0,False,True,1.0,4608,8192,ENSG00000177045,196608
196608,26,196608,98304,13,12,12,1,103936.0,5632.0,False,True,1.0,4608,8192,ENSG00000184302,196608
196608,26,196608,98304,13,12,12,1,103936.0,5632.0,False,True,1.0,4608,8192,ENSG00000125520,196608
196608,26,196608,98304,13,12,12,1,103936.0,5632.0,False,True,1.0,4608,8192,ENSG00000188827,196608
196608,26,196608,98304,13,12,12,1,103936.0,5632.0,False,True,1.0,4608,8192,ENSG00000115593,196608
196608,26,196608,98304,13,12,12,1,103936.0,5632.0,False,True,1.0,4608,8192,ENSG00000143499,196608
196608,26,196608,98304,13,12,12,1,103936.0,5632.0,False,True,1.0,4608,8192,ENSG00000185420,196608
196608,26,196608,98304,13,12,12,1,103936.0,5632.0,False,True,1.0,4608,8192,ENSG00000186532,196608
196608,26,196608,98304,13,12,12,1,103936.0,5632.0,False,True,1.0,4608,8192,ENSG00000135632,196608
196608,26,196608,98304,13,12,12,1,103936.0,5632.0,False,True,1.0,4608,8192,ENSG00000124216,196608
196608,26,196608,98304,13,12,12,1,103936.0,5632.0,False,True,1.0,4608,8192,ENSG00000019549,196608
196608,26,196608,98304,13,12,12,1,103936.0,5632.0,False,True,1.0,4608,8192,ENSG00000185669,196608
196608,26,196608,98304,13,12,12,1,103936.0,5632.0,False,True,1.0,4608,8192,ENSG00000012822,196608
196608,26,196608,98304,13,12,12,1,103936.0,5632.0,False,True,1.0,4608,8192,ENSG00000136436,196608
196608,26,196608,98304,13,12,12,1,103936.0,5632.0,False,True,1.0,4608,8192,ENSG00000103326,196608
196608,26,196608,98304,13,12,12,1,103936.0,5632.0,False,True,1.0,4608,8192,ENSG00000130940,196608
196608,26,196608,98304,13,12,12,1,103936.0,5632.0,False,True,1.0,4608,8192,ENSG00000078699,196608
196608,26,196608,98304,13,12,12,1,103936.0,5632.0,False,True,1.0,4608,8192,ENSG00000168566,196608
196608,26,196608,98304,13,12,12,1,103936.0,5632.0,False,True,1.0,4608,8192,ENSG00000124562,196608
196608,26,196608,98304,13,12,12,1,103936.0,5632.0,False,True,1.0,4608,8192,ENSG00000112320,196608
196608,26,196608,98304,13,12,12,1,103936.0,5632.0,False,True,1.0,4608,8192,ENSG00000165643,196608
196608,26,196608,98304,13,12,12,1,103936.0,5632.0,False,True,1.0,4608,8192,ENSG00000120669,196608
196608,26,196608,98304,13,12,12,1,103936.0,5632.0,False,True,1.0,4608,8192,ENSG00000154556,196608
196608,26,196608,98304,13,12,12,1,103936.0,5632.0,False,True,1.0,4608,8192,ENSG00000182968,196608
196608,26,196608,98304,13,12,12,1,103936.0,5632.0,False,True,1.0,4608,8192,ENSG00000181449,196608
196608,26,196608,98304,13,12,12,1,103936.0,5632.0,False,True,1.0,4608,8192,ENSG00000134595,196608
196608,26,196608,98304,13,12,12,1,103936.0,5632.0,False,True,1.0,4608,8192,ENSG00000124766,196608
196608,26,196608,98304,13,12,12,1,103936.0,5632.0,False,True,1.0,4608,8192,ENSG00000134532,196608
196608,26,196608,98304,13,12,12,1,103936.0,5632.0,False,True,1.0,4608,8192,ENSG00000110693,196608
196608,26,196608,98304,13,12,12,1,103936.0,5632.0,False,True,1.0,4608,8192,ENSG00000171056,196608
196608,26,196608,98304,13,12,12,1,103936.0,5632.0,False,True,1.0,4608,8192,ENSG00000005513,196608
196608,26,196608,98304,13,12,12,1,103936.0,5632.0,False,True,1.0,4608,8192,ENSG00000125398,196608
196608,26,196608,98304,13,12,12,1,103936.0,5632.0,False,True,1.0,4608,8192,ENSG00000100146,196608
196608,26,196608,98304,13,12,12,1,103936.0,5632.0,False,True,1.0,4608,8192,ENSG00000176887,196608
196608,26,196608,98304,13,12,12,1,103936.0,5632.0,False,True,1.0,4608,8192,ENSG00000177732,196608
196608,26,196608,98304,13,12,12,1,103936.0,5632.0,False,True,1.0,4608,8192,ENSG00000143842,196608
196608,26,196608,98304,13,12,12,1,103936.0,5632.0,False,True,1.0,4608,8192,ENSG00000168875,196608
196608,26,196608,98304,13,12,12,1,103936.0,5632.0,False,True,1.0,4608,8192,ENSG00000129194,196608
196608,26,196608,98304,13,12,12,1,103936.0,5632.0,False,True,1.0,4608,8192,ENSG00000164736,196608
196608,26,196608,98304,13,12,12,1,103936.0,5632.0,False,True,1.0,4608,8192,ENSG00000203883,196608
196608,26,196608,98304,13,12,12,1,103936.0,5632.0,False,True,1.0,4608,8192,ENSG00000125285,196608
196608,26,196608,98304,13,12,12,1,103936.0,5632.0,False,True,1.0,4608,8192,ENSG00000039600,196608
196608,26,196608,98304,13,12,12,1,103936.0,5632.0,False,True,1.0,4608,8192,ENSG00000185591,196608
196608,26,196608,98304,13,12,12,1,103936.0,5632.0,False,True,1.0,4608,8192,ENSG00000167182,196608
196608,26,196608,98304,13,12,12,1,103936.0,5632.0,False,True,1.0,4608,8192,ENSG00000172845,196608
196608,26,196608,98304,13,12,12,1,103936.0,5632.0,False,True,1.0,4608,8192,ENSG00000105866,196608
196608,26,196608,98304,13,12,12,1,103936.0,5632.0,False,True,1.0,4608,8192,ENSG00000204335,196608
196608,26,196608,98304,13,12,12,1,103936.0,5632.0,False,True,1.0,4608,8192,ENSG00000189120,196608
196608,26,196608,98304,13,12,12,1,103936.0,5632.0,False,True,1.0,4608,8192,ENSG00000170374,196608
196608,26,196608,98304,13,12,12,1,103936.0,5632.0,False,True,1.0,4608,8192,ENSG00000164651,196608
196608,26,196608,98304,13,12,12,1,103936.0,5632.0,False,True,1.0,4608,8192,ENSG00000217236,196608
196608,26,196608,98304,13,12,12,1,103936.0,5632.0,False,True,1.0,4608,8192,ENSG00000124664,196608
196608,26,196608,98304,13,12,12,1,103936.0,5632.0,False,True,1.0,4608,8192,ENSG00000066336,196608
196608,26,196608,98304,13,12,12,1,103936.0,5632.0,False,True,1.0,4608,8192,ENSG00000269404,196608
196608,26,196608,98304,13,12,12,1,103936.0,5632.0,False,True,1.0,4608,8192,ENSG00000166211,196608
196608,26,196608,98304,13,12,12,1,103936.0,5632.0,False,True,1.0,4608,8192,ENSG00000010072,196608
196608,26,196608,98304,13,12,12,1,103936.0,5632.0,False,True,1.0,4608,8192,ENSG00000161011,196608
196608,26,196608,98304,13,12,12,1,103936.0,5632.0,False,True,1.0,4608,8192,ENSG00000072310,196608
196608,26,196608,98304,13,12,12,1,103936.0,5632.0,False,True,1.0,4608,8192,ENSG00000198911,196608
196608,26,196608,98304,13,12,12,1,103936.0,5632.0,False,True,1.0,4608,8192,ENSG00000153006,196608
196608,26,196608,98304,13,12,12,1,103936.0,5632.0,False,True,1.0,4608,8192,ENSG00000115875,196608
196608,26,196608,98304,13,12,12,1,103936.0,5632.0,False,True,1.0,4608,8192,ENSG00000184895,196608
196608,26,196608,98304,13,12,12,1,103936.0,5632.0,False,True,1.0,4608,8192,ENSG00000147488,196608
196608,26,196608,98304,13,12,12,1,103936.0,5632.0,False,True,1.0,4608,8192,ENSG00000178691,196608
196608,26,196608,98304,13,12,12,1,103936.0,5632.0,False,True,1.0,4608,8192,ENSG00000055208,196608
196608,26,196608,98304,13,12,12,1,103936.0,5632.0,False,True,1.0,4608,8192,ENSG00000157625,196608
196608,26,196608,98304,13,12,12,1,103936.0,5632.0,False,True,1.0,4608,8192,ENSG00000276234,196608
196608,26,196608,98304,13,12,12,1,103936.0,5632.0,False,True,1.0,4608,8192,ENSG00000173011,196608
196608,26,196608,98304,13,12,12,1,103936.0,5632.0,False,True,1.0,4608,8192,ENSG00000147133,196608
196608,26,196608,98304,13,12,12,1,103936.0,5632.0,False,True,1.0,4608,8192,ENSG00000064313,196608
196608,26,196608,98304,13,12,12,1,103936.0,5632.0,False,True,1.0,4608,8192,ENSG00000165632,196608
196608,26,196608,98304,13,12,12,1,103936.0,5632.0,False,True,1.0,4608,8192,ENSG00000130699,196608
196608,26,196608,98304,13,12,12,1,103936.0,5632.0,False,True,1.0,4608,8192,ENSG00000148835,196608
196608,26,196608,98304,13,12,12,1,103936.0,5632.0,False,True,1.0,4608,8192,ENSG00000106290,196608
196608,26,196608,98304,13,12,12,1,103936.0,5632.0,False,True,1.0,4608,8192,ENSG00000178913,196608
196608,26,196608,98304,13,12,12,1,103936.0,5632.0,False,True,1.0,4608,8192,ENSG00000137413,196608
196608,26,196608,98304,13,12,12,1,103936.0,5632.0,False,True,1.0,4608,8192,ENSG00000273841,196608
196608,26,196608,98304,13,12,12,1,103936.0,5632.0,False,True,1.0,4608,8192,ENSG00000166337,196608
196608,26,196608,98304,13,12,12,1,103936.0,5632.0,False,True,1.0,4608,8192,ENSG00000064995,196608
196608,26,196608,98304,13,12,12,1,103936.0,5632.0,False,True,1.0,4608,8192,ENSG00000120656,196608
196608,26,196608,98304,13,12,12,1,103936.0,5632.0,False,True,1.0,4608,8192,ENSG00000197780,196608
196608,26,196608,98304,13,12,12,1,103936.0,5632.0,False,True,1.0,4608,8192,ENSG00000270647,196608
196608,26,196608,98304,13,12,12,1,103936.0,5632.0,False,True,1.0,4608,8192,ENSG00000162367,196608
196608,26,196608,98304,13,12,12,1,103936.0,5632.0,False,True,1.0,4608,8192,ENSG00000186051,196608
196608,26,196608,98304,13,12,12,1,103936.0,5632.0,False,True,1.0,4608,8192,ENSG00000136560,196608
196608,26,196608,98304,13,12,12,1,103936.0,5632.0,False,True,1.0,4608,8192,ENSG00000106052,196608
196608,26,196608,98304,13,12,12,1,103936.0,5632.0,False,True,1.0,4608,8192,ENSG00000198933,196608
196608,26,196608,98304,13,12,12,1,103936.0,5632.0,False,True,1.0,4608,8192,ENSG00000112592,196608
196608,26,196608,98304,13,12,12,1,103936.0,5632.0,False,True,1.0,4608,8192,ENSG00000136535,196608
196608,26,196608,98304,13,12,12,1,103936.0,5632.0,False,True,1.0,4608,8192,ENSG00000184058,196608
196608,26,196608,98304,13,12,12,1,103936.0,5632.0,False,True,1.0,4608,8192,ENSG00000121068,196608
196608,26,196608,98304,13,12,12,1,103936.0,5632.0,False,True,1.0,4608,8192,ENSG00000135111,196608
196608,26,196608,98304,13,12,12,1,103936.0,5632.0,False,True,1.0,4608,8192,ENSG00000121075,196608
196608,26,196608,98304,13,12,12,1,103936.0,5632.0,False,True,1.0,4608,8192,ENSG00000089225,196608
196608,26,196608,98304,13,12,12,1,103936.0,5632.0,False,True,1.0,4608,8192,ENSG00000149922,196608
196608,26,196608,98304,13,12,12,1,103936.0,5632.0,False,True,1.0,4608,8192,ENSG00000167800,196608
196608,26,196608,98304,13,12,12,1,103936.0,5632.0,False,True,1.0,4608,8192,ENSG00000092607,196608
196608,26,196608,98304,13,12,12,1,103936.0,5632.0,False,True,1.0,4608,8192,ENSG00000112837,196608
196608,26,196608,98304,13,12,12,1,103936.0,5632.0,False,True,1.0,4608,8192,ENSG00000143178,196608
196608,26,196608,98304,13,12,12,1,103936.0,5632.0,False,True,1.0,4608,8192,ENSG00000164532,196608
196608,26,196608,98304,13,12,12,1,103936.0,5632.0,False,True,1.0,4608,8192,ENSG00000073861,196608
196608,26,196608,98304,13,12,12,1,103936.0,5632.0,False,True,1.0,4608,8192,ENSG00000122145,196608
196608,26,196608,98304,13,12,12,1,103936.0,5632.0,False,True,1.0,4608,8192,ENSG00000164458,196608
196608,26,196608,98304,13,12,12,1,103936.0,5632.0,False,True,1.0,4608,8192,ENSG00000187735,196608
196608,26,196608,98304,13,12,12,1,103936.0,5632.0,False,True,1.0,4608,8192,ENSG00000071564,196608
196608,26,196608,98304,13,12,12,1,103936.0,5632.0,False,True,1.0,4608,8192,ENSG00000196628,196608
196608,26,196608,98304,13,12,12,1,103936.0,5632.0,False,True,1.0,4608,8192,ENSG00000081059,196608
196608,26,196608,98304,13,12,12,1,103936.0,5632.0,False,True,1.0,4608,8192,ENSG00000152284,196608
196608,26,196608,98304,13,12,12,1,103936.0,5632.0,False,True,1.0,4608,8192,ENSG00000148737,196608
196608,26,196608,98304,13,12,12,1,103936.0,5632.0,False,True,1.0,4608,8192,ENSG00000140262,196608
196608,26,196608,98304,13,12,12,1,103936.0,5632.0,False,True,1.0,4608,8192,ENSG00000125878,196608
196608,26,196608,98304,13,12,12,1,103936.0,5632.0,False,True,1.0,4608,8192,ENSG00000118526,196608
196608,26,196608,98304,13,12,12,1,103936.0,5632.0,False,True,1.0,4608,8192,ENSG00000163792,196608
196608,26,196608,98304,13,12,12,1,103936.0,5632.0,False,True,1.0,4608,8192,ENSG00000261787,196608
196608,26,196608,98304,13,12,12,1,103936.0,5632.0,False,True,1.0,4608,8192,ENSG00000101190,196608
196608,26,196608,98304,13,12,12,1,103936.0,5632.0,False,True,1.0,4608,8192,ENSG00000095627,196608
196608,26,196608,98304,13,12,12,1,103936.0,5632.0,False,True,1.0,4608,8192,ENSG00000187079,196608
196608,26,196608,98304,13,12,12,1,103936.0,5632.0,False,True,1.0,4608,8192,ENSG00000074219,196608
196608,26,196608,98304,13,12,12,1,103936.0,5632.0,False,True,1.0,4608,8192,ENSG00000007866,196608
196608,26,196608,98304,13,12,12,1,103936.0,5632.0,False,True,1.0,4608,8192,ENSG00000197905,196608
196608,26,196608,98304,13,12,12,1,103936.0,5632.0,False,True,1.0,4608,8192,ENSG00000167074,196608
196608,26,196608,98304,13,12,12,1,103936.0,5632.0,False,True,1.0,4608,8192,ENSG00000138336,196608
196608,26,196608,98304,13,12,12,1,103936.0,5632.0,False,True,1.0,4608,8192,ENSG00000187605,196608
196608,26,196608,98304,13,12,12,1,103936.0,5632.0,False,True,1.0,4608,8192,ENSG00000268629,196608
196608,26,196608,98304,13,12,12,1,103936.0,5632.0,False,True,1.0,4608,8192,ENSG00000282815,196608
196608,26,196608,98304,13,12,12,1,103936.0,5632.0,False,True,1.0,4608,8192,ENSG00000282419,196608
196608,26,196608,98304,13,12,12,1,103936.0,5632.0,False,True,1.0,4608,8192,ENSG00000137203,196608
196608,26,196608,98304,13,12,12,1,103936.0,5632.0,False,True,1.0,4608,8192,ENSG00000008196,196608
196608,26,196608,98304,13,12,12,1,103936.0,5632.0,False,True,1.0,4608,8192,ENSG00000087510,196608
196608,26,196608,98304,13,12,12,1,103936.0,5632.0,False,True,1.0,4608,8192,ENSG00000008197,196608
196608,26,196608,98304,13,12,12,1,103936.0,5632.0,False,True,1.0,4608,8192,ENSG00000116819,196608
196608,26,196608,98304,13,12,12,1,103936.0,5632.0,False,True,1.0,4608,8192,ENSG00000090447,196608
196608,26,196608,98304,13,12,12,1,103936.0,5632.0,False,True,1.0,4608,8192,ENSG00000198176,196608
196608,26,196608,98304,13,12,12,1,103936.0,5632.0,False,True,1.0,4608,8192,ENSG00000114126,196608
196608,26,196608,98304,13,12,12,1,103936.0,5632.0,False,True,1.0,4608,8192,ENSG00000183434,196608
196608,26,196608,98304,13,12,12,1,103936.0,5632.0,False,True,1.0,4608,8192,ENSG00000068323,196608
196608,26,196608,98304,13,12,12,1,103936.0,5632.0,False,True,1.0,4608,8192,ENSG00000112561,196608
196608,26,196608,98304,13,12,12,1,103936.0,5632.0,False,True,1.0,4608,8192,ENSG00000105967,196608
196608,26,196608,98304,13,12,12,1,103936.0,5632.0,False,True,1.0,4608,8192,ENSG00000177426,196608
196608,26,196608,98304,13,12,12,1,103936.0,5632.0,False,True,1.0,4608,8192,ENSG00000118707,196608
196608,26,196608,98304,13,12,12,1,103936.0,5632.0,False,True,1.0,4608,8192,ENSG00000153779,196608
196608,26,196608,98304,13,12,12,1,103936.0,5632.0,False,True,1.0,4608,8192,ENSG00000176679,196608
196608,26,196608,98304,13,12,12,1,103936.0,5632.0,False,True,1.0,4608,8192,ENSG00000163659,196608
196608,26,196608,98304,13,12,12,1,103936.0,5632.0,False,True,1.0,4608,8192,ENSG00000107807,196608
196608,26,196608,98304,13,12,12,1,103936.0,5632.0,False,True,1.0,4608,8192,ENSG00000115297,196608
196608,26,196608,98304,13,12,12,1,103936.0,5632.0,False,True,1.0,4608,8192,ENSG00000164438,196608
196608,26,196608,98304,13,12,12,1,103936.0,5632.0,False,True,1.0,4608,8192,ENSG00000118503,196608
196608,26,196608,98304,13,12,12,1,103936.0,5632.0,False,True,1.0,4608,8192,ENSG00000168884,196608
196608,26,196608,98304,13,12,12,1,103936.0,5632.0,False,True,1.0,4608,8192,ENSG00000132773,196608
196608,26,196608,98304,13,12,12,1,103936.0,5632.0,False,True,1.0,4608,8192,ENSG00000177302,196608
196608,26,196608,98304,13,12,12,1,103936.0,5632.0,False,True,1.0,4608,8192,ENSG00000198846,196608
196608,26,196608,98304,13,12,12,1,103936.0,5632.0,False,True,1.0,4608,8192,ENSG00000124191,196608
196608,26,196608,98304,13,12,12,1,103936.0,5632.0,False,True,1.0,4608,8192,ENSG00000103460,196608
196608,26,196608,98304,13,12,12,1,103936.0,5632.0,False,True,1.0,4608,8192,ENSG00000092203,196608
196608,26,196608,98304,13,12,12,1,103936.0,5632.0,False,True,1.0,4608,8192,ENSG00000178928,196608
196608,26,196608,98304,13,12,12,1,103936.0,5632.0,False,True,1.0,4608,8192,ENSG00000127191,196608
196608,26,196608,98304,13,12,12,1,103936.0,5632.0,False,True,1.0,4608,8192,ENSG00000131323,196608
196608,26,196608,98304,13,12,12,1,103936.0,5632.0,False,True,1.0,4608,8192,ENSG00000076604,196608
196608,26,196608,98304,13,12,12,1,103936.0,5632.0,False,True,1.0,4608,8192,ENSG00000082512,196608
196608,26,196608,98304,13,12,12,1,103936.0,5632.0,False,True,1.0,4608,8192,ENSG00000175104,196608
196608,26,196608,98304,13,12,12,1,103936.0,5632.0,False,True,1.0,4608,8192,ENSG00000131653,196608
196608,26,196608,98304,13,12,12,1,103936.0,5632.0,False,True,1.0,4608,8192,ENSG00000135148,196608
196608,26,196608,98304,13,12,12,1,103936.0,5632.0,False,True,1.0,4608,8192,ENSG00000124496,196608
196608,26,196608,98304,13,12,12,1,103936.0,5632.0,False,True,1.0,4608,8192,ENSG00000103671,196608
196608,26,196608,98304,13,12,12,1,103936.0,5632.0,False,True,1.0,4608,8192,ENSG00000043514,196608
196608,26,196608,98304,13,12,12,1,103936.0,5632.0,False,True,1.0,4608,8192,ENSG00000104907,196608
196608,26,196608,98304,13,12,12,1,103936.0,5632.0,False,True,1.0,4608,8192,ENSG00000121486,196608
196608,26,196608,98304,13,12,12,1,103936.0,5632.0,False,True,1.0,4608,8192,ENSG00000122435,196608
196608,26,196608,98304,13,12,12,1,103936.0,5632.0,False,True,1.0,4608,8192,ENSG00000104447,196608
196608,26,196608,98304,13,12,12,1,103936.0,5632.0,False,True,1.0,4608,8192,ENSG00000179981,196608
196608,26,196608,98304,13,12,12,1,103936.0,5632.0,False,True,1.0,4608,8192,ENSG00000182463,196608
196608,26,196608,98304,13,12,12,1,103936.0,5632.0,False,True,1.0,4608,8192,ENSG00000121297,196608
196608,26,196608,98304,13,12,12,1,103936.0,5632.0,False,True,1.0,4608,8192,ENSG00000116830,196608
196608,26,196608,98304,13,12,12,1,103936.0,5632.0,False,True,1.0,4608,8192,ENSG00000134744,196608
196608,26,196608,98304,13,12,12,1,103936.0,5632.0,False,True,1.0,4608,8192,ENSG00000083223,196608
196608,26,196608,98304,13,12,12,1,103936.0,5632.0,False,True,1.0,4608,8192,ENSG00000122691,196608
196608,26,196608,98304,13,12,12,1,103936.0,5632.0,False,True,1.0,4608,8192,ENSG00000233608,196608
196608,26,196608,98304,13,12,12,1,103936.0,5632.0,False,True,1.0,4608,8192,ENSG00000160201,196608
196608,26,196608,98304,13,12,12,1,103936.0,5632.0,False,True,1.0,4608,8192,ENSG00000161265,196608
196608,26,196608,98304,13,12,12,1,103936.0,5632.0,False,True,1.0,4608,8192,ENSG00000087206,196608
196608,26,196608,98304,13,12,12,1,103936.0,5632.0,False,True,1.0,4608,8192,ENSG00000164853,196608
196608,26,196608,98304,13,12,12,1,103936.0,5632.0,False,True,1.0,4608,8192,ENSG00000132478,196608
196608,26,196608,98304,13,12,12,1,103936.0,5632.0,False,True,1.0,4608,8192,ENSG00000059145,196608
196608,26,196608,98304,13,12,12,1,103936.0,5632.0,False,True,1.0,4608,8192,ENSG00000158773,196608
196608,26,196608,98304,13,12,12,1,103936.0,5632.0,False,True,1.0,4608,8192,ENSG00000105698,196608
196608,26,196608,98304,13,12,12,1,103936.0,5632.0,False,True,1.0,4608,8192,ENSG00000172046,196608
196608,26,196608,98304,13,12,12,1,103936.0,5632.0,False,True,1.0,4608,8192,ENSG00000152818,196608
196608,26,196608,98304,13,12,12,1,103936.0,5632.0,False,True,1.0,4608,8192,ENSG00000148704,196608
196608,26,196608,98304,13,12,12,1,103936.0,5632.0,False,True,1.0,4608,8192,ENSG00000116035,196608
196608,26,196608,98304,13,12,12,1,103936.0,5632.0,False,True,1.0,4608,8192,ENSG00000111424,196608
196608,26,196608,98304,13,12,12,1,103936.0,5632.0,False,True,1.0,4608,8192,ENSG00000151650,196608
196608,26,196608,98304,13,12,12,1,103936.0,5632.0,False,True,1.0,4608,8192,ENSG00000136451,196608
196608,26,196608,98304,13,12,12,1,103936.0,5632.0,False,True,1.0,4608,8192,ENSG00000100987,196608
196608,26,196608,98304,13,12,12,1,103936.0,5632.0,False,True,1.0,4608,8192,ENSG00000119614,196608
196608,26,196608,98304,13,12,12,1,103936.0,5632.0,False,True,1.0,4608,8192,ENSG00000120688,196608
196608,26,196608,98304,13,12,12,1,103936.0,5632.0,False,True,1.0,4608,8192,ENSG00000085449,196608
196608,26,196608,98304,13,12,12,1,103936.0,5632.0,False,True,1.0,4608,8192,ENSG00000139668,196608
196608,26,196608,98304,13,12,12,1,103936.0,5632.0,False,True,1.0,4608,8192,ENSG00000163625,196608
196608,26,196608,98304,13,12,12,1,103936.0,5632.0,False,True,1.0,4608,8192,ENSG00000011451,196608
196608,26,196608,98304,13,12,12,1,103936.0,5632.0,False,True,1.0,4608,8192,ENSG00000124535,196608
196608,26,196608,98304,13,12,12,1,103936.0,5632.0,False,True,1.0,4608,8192,ENSG00000184937,196608
196608,26,196608,98304,13,12,12,1,103936.0,5632.0,False,True,1.0,4608,8192,ENSG00000132530,196608
196608,26,196608,98304,13,12,12,1,103936.0,5632.0,False,True,1.0,4608,8192,ENSG00000015153,196608
196608,26,196608,98304,13,12,12,1,103936.0,5632.0,False,True,1.0,4608,8192,ENSG00000180667,196608
196608,26,196608,98304,13,12,12,1,103936.0,5632.0,False,True,1.0,4608,8192,ENSG00000100811,196608
196608,26,196608,98304,13,12,12,1,103936.0,5632.0,False,True,1.0,4608,8192,ENSG00000230797,196608
196608,26,196608,98304,13,12,12,1,103936.0,5632.0,False,True,1.0,4608,8192,ENSG00000182223,196608
196608,26,196608,98304,13,12,12,1,103936.0,5632.0,False,True,1.0,4608,8192,ENSG00000189167,196608
196608,26,196608,98304,13,12,12,1,103936.0,5632.0,False,True,1.0,4608,8192,ENSG00000214717,196608
196608,26,196608,98304,13,12,12,1,103936.0,5632.0,False,True,1.0,4608,8192,ENSG00000177494,196608
196608,26,196608,98304,13,12,12,1,103936.0,5632.0,False,True,1.0,4608,8192,ENSG00000132846,196608
196608,26,196608,98304,13,12,12,1,103936.0,5632.0,False,True,1.0,4608,8192,ENSG00000100426,196608
196608,26,196608,98304,13,12,12,1,103936.0,5632.0,False,True,1.0,4608,8192,ENSG00000236287,196608
196608,26,196608,98304,13,12,12,1,103936.0,5632.0,False,True,1.0,4608,8192,ENSG00000257315,196608
196608,26,196608,98304,13,12,12,1,103936.0,5632.0,False,True,1.0,4608,8192,ENSG00000126804,196608
196608,26,196608,98304,13,12,12,1,103936.0,5632.0,False,True,1.0,4608,8192,ENSG00000181472,196608
196608,26,196608,98304,13,12,12,1,103936.0,5632.0,False,True,1.0,4608,8192,ENSG00000185670,196608
196608,26,196608,98304,13,12,12,1,103936.0,5632.0,False,True,1.0,4608,8192,ENSG00000174282,196608
196608,26,196608,98304,13,12,12,1,103936.0,5632.0,False,True,1.0,4608,8192,ENSG00000168795,196608
196608,26,196608,98304,13,12,12,1,103936.0,5632.0,False,True,1.0,4608,8192,ENSG00000186130,196608
196608,26,196608,98304,13,12,12,1,103936.0,5632.0,False,True,1.0,4608,8192,ENSG00000178951,196608
196608,26,196608,98304,13,12,12,1,103936.0,5632.0,False,True,1.0,4608,8192,ENSG00000160685,196608
196608,26,196608,98304,13,12,12,1,103936.0,5632.0,False,True,1.0,4608,8192,ENSG00000184828,196608
196608,26,196608,98304,13,12,12,1,103936.0,5632.0,False,True,1.0,4608,8192,ENSG00000160062,196608
196608,26,196608,98304,13,12,12,1,103936.0,5632.0,False,True,1.0,4608,8192,ENSG00000273274,196608
196608,26,196608,98304,13,12,12,1,103936.0,5632.0,False,True,1.0,4608,8192,ENSG00000213588,196608
196608,26,196608,98304,13,12,12,1,103936.0,5632.0,False,True,1.0,4608,8192,ENSG00000205189,196608
196608,26,196608,98304,13,12,12,1,103936.0,5632.0,False,True,1.0,4608,8192,ENSG00000066422,196608
196608,26,196608,98304,13,12,12,1,103936.0,5632.0,False,True,1.0,4608,8192,ENSG00000204366,196608
196608,26,196608,98304,13,12,12,1,103936.0,5632.0,False,True,1.0,4608,8192,ENSG00000198081,196608
196608,26,196608,98304,13,12,12,1,103936.0,5632.0,False,True,1.0,4608,8192,ENSG00000109906,196608
196608,26,196608,98304,13,12,12,1,103936.0,5632.0,False,True,1.0,4608,8192,ENSG00000116809,196608
196608,26,196608,98304,13,12,12,1,103936.0,5632.0,False,True,1.0,4608,8192,ENSG00000179456,196608
196608,26,196608,98304,13,12,12,1,103936.0,5632.0,False,True,1.0,4608,8192,ENSG00000181722,196608
196608,26,196608,98304,13,12,12,1,103936.0,5632.0,False,True,1.0,4608,8192,ENSG00000173276,196608
196608,26,196608,98304,13,12,12,1,103936.0,5632.0,False,True,1.0,4608,8192,ENSG00000236104,196608
196608,26,196608,98304,13,12,12,1,103936.0,5632.0,False,True,1.0,4608,8192,ENSG00000112365,196608
196608,26,196608,98304,13,12,12,1,103936.0,5632.0,False,True,1.0,4608,8192,ENSG00000089775,196608
196608,26,196608,98304,13,12,12,1,103936.0,5632.0,False,True,1.0,4608,8192,ENSG00000171448,196608
196608,26,196608,98304,13,12,12,1,103936.0,5632.0,False,True,1.0,4608,8192,ENSG00000011590,196608
196608,26,196608,98304,13,12,12,1,103936.0,5632.0,False,True,1.0,4608,8192,ENSG00000177485,196608
196608,26,196608,98304,13,12,12,1,103936.0,5632.0,False,True,1.0,4608,8192,ENSG00000177125,196608
196608,26,196608,98304,13,12,12,1,103936.0,5632.0,False,True,1.0,4608,8192,ENSG00000185278,196608
196608,26,196608,98304,13,12,12,1,103936.0,5632.0,False,True,1.0,4608,8192,ENSG00000177311,196608
196608,26,196608,98304,13,12,12,1,103936.0,5632.0,False,True,1.0,4608,8192,ENSG00000166860,196608
196608,26,196608,98304,13,12,12,1,103936.0,5632.0,False,True,1.0,4608,8192,ENSG00000184677,196608
196608,26,196608,98304,13,12,12,1,103936.0,5632.0,False,True,1.0,4608,8192,ENSG00000177888,196608
196608,26,196608,98304,13,12,12,1,103936.0,5632.0,False,True,1.0,4608,8192,ENSG00000179627,196608
196608,26,196608,98304,13,12,12,1,103936.0,5632.0,False,True,1.0,4608,8192,ENSG00000169155,196608
196608,26,196608,98304,13,12,12,1,103936.0,5632.0,False,True,1.0,4608,8192,ENSG00000196323,196608
177010,23,177010,98304,11,12,12,-1,88576.0,-9728.0,False,True,1.0,8050,8192,ENSG00000119574,177010
196608,26,196608,98304,13,12,12,1,103936.0,5632.0,False,True,1.0,4608,8192,ENSG00000130584,196608
196608,26,196608,98304,13,12,12,1,103936.0,5632.0,False,True,1.0,4608,8192,ENSG00000114853,196608
196608,26,196608,98304,13,12,12,1,103936.0,5632.0,False,True,1.0,4608,8192,ENSG00000204859,196608
196608,26,196608,98304,13,12,12,1,103936.0,5632.0,False,True,1.0,4608,8192,ENSG00000168826,196608
196608,26,196608,98304,13,12,12,1,103936.0,5632.0,False,True,1.0,4608,8192,ENSG00000104427,196608
196608,26,196608,98304,13,12,12,1,103936.0,5632.0,False,True,1.0,4608,8192,ENSG00000118491,196608
196608,26,196608,98304,13,12,12,1,103936.0,5632.0,False,True,1.0,4608,8192,ENSG00000119703,196608
196608,26,196608,98304,13,12,12,1,103936.0,5632.0,False,True,1.0,4608,8192,ENSG00000014164,196608
196608,26,196608,98304,13,12,12,1,103936.0,5632.0,False,True,1.0,4608,8192,ENSG00000130749,196608
196608,26,196608,98304,13,12,12,1,103936.0,5632.0,False,True,1.0,4608,8192,ENSG00000188177,196608
196608,26,196608,98304,13,12,12,1,103936.0,5632.0,False,True,1.0,4608,8192,ENSG00000122299,196608
196608,26,196608,98304,13,12,12,1,103936.0,5632.0,False,True,1.0,4608,8192,ENSG00000100403,196608
196608,26,196608,98304,13,12,12,1,103936.0,5632.0,False,True,1.0,4608,8192,ENSG00000144161,196608
196608,26,196608,98304,13,12,12,1,103936.0,5632.0,False,True,1.0,4608,8192,ENSG00000135482,196608
196608,26,196608,98304,13,12,12,1,103936.0,5632.0,False,True,1.0,4608,8192,ENSG00000058673,196608
196608,26,196608,98304,13,12,12,1,103936.0,5632.0,False,True,1.0,4608,8192,ENSG00000215817,196608
196608,26,196608,98304,13,12,12,1,103936.0,5632.0,False,True,1.0,4608,8192,ENSG00000163874,196608
196608,26,196608,98304,13,12,12,1,103936.0,5632.0,False,True,1.0,4608,8192,ENSG00000102053,196608
196608,26,196608,98304,13,12,12,1,103936.0,5632.0,False,True,1.0,4608,8192,ENSG00000149289,196608
196608,26,196608,98304,13,12,12,1,103936.0,5632.0,False,True,1.0,4608,8192,ENSG00000178199,196608
196608,26,196608,98304,13,12,12,1,103936.0,5632.0,False,True,1.0,4608,8192,ENSG00000123200,196608
196608,26,196608,98304,13,12,12,1,103936.0,5632.0,False,True,1.0,4608,8192,ENSG00000100722,196608
196608,26,196608,98304,13,12,12,1,103936.0,5632.0,False,True,1.0,4608,8192,ENSG00000065548,196608
196608,26,196608,98304,13,12,12,1,103936.0,5632.0,False,True,1.0,4608,8192,ENSG00000158545,196608
196608,26,196608,98304,13,12,12,1,103936.0,5632.0,False,True,1.0,4608,8192,ENSG00000105939,196608
196608,26,196608,98304,13,12,12,1,103936.0,5632.0,False,True,1.0,4608,8192,ENSG00000091732,196608
196608,26,196608,98304,13,12,12,1,103936.0,5632.0,False,True,1.0,4608,8192,ENSG00000126970,196608
196608,26,196608,98304,13,12,12,1,103936.0,5632.0,False,True,1.0,4608,8192,ENSG00000141664,196608
196608,26,196608,98304,13,12,12,1,103936.0,5632.0,False,True,1.0,4608,8192,ENSG00000247315,196608
196608,26,196608,98304,13,12,12,1,103936.0,5632.0,False,True,1.0,4608,8192,ENSG00000168228,196608
196608,26,196608,98304,13,12,12,1,103936.0,5632.0,False,True,1.0,4608,8192,ENSG00000147905,196608
196608,26,196608,98304,13,12,12,1,103936.0,5632.0,False,True,1.0,4608,8192,ENSG00000033030,196608
196608,26,196608,98304,13,12,12,1,103936.0,5632.0,False,True,1.0,4608,8192,ENSG00000131732,196608
196608,26,196608,98304,13,12,12,1,103936.0,5632.0,False,True,1.0,4608,8192,ENSG00000155329,196608
196608,26,196608,98304,13,12,12,1,103936.0,5632.0,False,True,1.0,4608,8192,ENSG00000174460,196608
196608,26,196608,98304,13,12,12,1,103936.0,5632.0,False,True,1.0,4608,8192,ENSG00000187969,196608
196608,26,196608,98304,13,12,12,1,103936.0,5632.0,False,True,1.0,4608,8192,ENSG00000140948,196608
196608,26,196608,98304,13,12,12,1,103936.0,5632.0,False,True,1.0,4608,8192,ENSG00000121766,196608
196608,26,196608,98304,13,12,12,1,103936.0,5632.0,False,True,1.0,4608,8192,ENSG00000166707,196608
196608,26,196608,98304,13,12,12,1,103936.0,5632.0,False,True,1.0,4608,8192,ENSG00000165424,196608
196608,26,196608,98304,13,12,12,1,103936.0,5632.0,False,True,1.0,4608,8192,ENSG00000139168,196608
196608,26,196608,98304,13,12,12,1,103936.0,5632.0,False,True,1.0,4608,8192,ENSG00000078487,196608
196608,26,196608,98304,13,12,12,1,103936.0,5632.0,False,True,1.0,4608,8192,ENSG00000206559,196608
196608,26,196608,98304,13,12,12,1,103936.0,5632.0,False,True,1.0,4608,8192,ENSG00000204186,196608
196608,26,196608,98304,13,12,12,1,103936.0,5632.0,False,True,1.0,4608,8192,ENSG00000159714,196608
196608,26,196608,98304,13,12,12,1,103936.0,5632.0,False,True,1.0,4608,8192,ENSG00000104219,196608
196608,26,196608,98304,13,12,12,1,103936.0,5632.0,False,True,1.0,4608,8192,ENSG00000163812,196608
196608,26,196608,98304,13,12,12,1,103936.0,5632.0,False,True,1.0,4608,8192,ENSG00000136247,196608
196608,26,196608,98304,13,12,12,1,103936.0,5632.0,False,True,1.0,4608,8192,ENSG00000156599,196608
196608,26,196608,98304,13,12,12,1,103936.0,5632.0,False,True,1.0,4608,8192,ENSG00000023041,196608
196608,26,196608,98304,13,12,12,1,103936.0,5632.0,False,True,1.0,4608,8192,ENSG00000153786,196608
196608,26,196608,98304,13,12,12,1,103936.0,5632.0,False,True,1.0,4608,8192,ENSG00000099904,196608
196608,26,196608,98304,13,12,12,1,103936.0,5632.0,False,True,1.0,4608,8192,ENSG00000188706,196608
196608,26,196608,98304,13,12,12,1,103936.0,5632.0,False,True,1.0,4608,8192,ENSG00000188818,196608
196608,26,196608,98304,13,12,12,1,103936.0,5632.0,False,True,1.0,4608,8192,ENSG00000206077,196608
196608,26,196608,98304,13,12,12,1,103936.0,5632.0,False,True,1.0,4608,8192,ENSG00000160446,196608
196608,26,196608,98304,13,12,12,1,103936.0,5632.0,False,True,1.0,4608,8192,ENSG00000177054,196608
196608,26,196608,98304,13,12,12,1,103936.0,5632.0,False,True,1.0,4608,8192,ENSG00000175048,196608
196608,26,196608,98304,13,12,12,1,103936.0,5632.0,False,True,1.0,4608,8192,ENSG00000102383,196608
196608,26,196608,98304,13,12,12,1,103936.0,5632.0,False,True,1.0,4608,8192,ENSG00000171307,196608
196608,26,196608,98304,13,12,12,1,103936.0,5632.0,False,True,1.0,4608,8192,ENSG00000186908,196608
196608,26,196608,98304,13,12,12,1,103936.0,5632.0,False,True,1.0,4608,8192,ENSG00000204160,196608
196608,26,196608,98304,13,12,12,1,103936.0,5632.0,False,True,1.0,4608,8192,ENSG00000163958,196608
196608,26,196608,98304,13,12,12,1,103936.0,5632.0,False,True,1.0,4608,8192,ENSG00000180776,196608
196608,26,196608,98304,13,12,12,1,103936.0,5632.0,False,True,1.0,4608,8192,ENSG00000175893,196608
196608,26,196608,98304,13,12,12,1,103936.0,5632.0,False,True,1.0,4608,8192,ENSG00000177108,196608
196608,26,196608,98304,13,12,12,1,103936.0,5632.0,False,True,1.0,4608,8192,ENSG00000184307,196608
196608,26,196608,98304,13,12,12,1,103936.0,5632.0,False,True,1.0,4608,8192,ENSG00000174165,196608
196608,26,196608,98304,13,12,12,1,103936.0,5632.0,False,True,1.0,4608,8192,ENSG00000148516,196608
196608,26,196608,98304,13,12,12,1,103936.0,5632.0,False,True,1.0,4608,8192,ENSG00000169554,196608
196608,26,196608,98304,13,12,12,1,103936.0,5632.0,False,True,1.0,4608,8192,ENSG00000104231,196608
196608,26,196608,98304,13,12,12,1,103936.0,5632.0,False,True,1.0,4608,8192,ENSG00000178381,196608
196608,26,196608,98304,13,12,12,1,103936.0,5632.0,False,True,1.0,4608,8192,ENSG00000158552,196608
196608,26,196608,98304,13,12,12,1,103936.0,5632.0,False,True,1.0,4608,8192,ENSG00000156639,196608
196608,26,196608,98304,13,12,12,1,103936.0,5632.0,False,True,1.0,4608,8192,ENSG00000172671,196608
196608,26,196608,98304,13,12,12,1,103936.0,5632.0,False,True,1.0,4608,8192,ENSG00000107372,196608
196608,26,196608,98304,13,12,12,1,103936.0,5632.0,False,True,1.0,4608,8192,ENSG00000086666,196608
196608,26,196608,98304,13,12,12,1,103936.0,5632.0,False,True,1.0,4608,8192,ENSG00000066827,196608
196608,26,196608,98304,13,12,12,1,103936.0,5632.0,False,True,1.0,4608,8192,ENSG00000133858,196608
196608,26,196608,98304,13,12,12,1,103936.0,5632.0,False,True,1.0,4608,8192,ENSG00000136367,196608
196608,26,196608,98304,13,12,12,1,103936.0,5632.0,False,True,1.0,4608,8192,ENSG00000140836,196608
196608,26,196608,98304,13,12,12,1,103936.0,5632.0,False,True,1.0,4608,8192,ENSG00000091656,196608
196608,26,196608,98304,13,12,12,1,103936.0,5632.0,False,True,1.0,4608,8192,ENSG00000184517,196608
196608,26,196608,98304,13,12,12,1,103936.0,5632.0,False,True,1.0,4608,8192,ENSG00000198939,196608
196608,26,196608,98304,13,12,12,1,103936.0,5632.0,False,True,1.0,4608,8192,ENSG00000180787,196608
196608,26,196608,98304,13,12,12,1,103936.0,5632.0,False,True,1.0,4608,8192,ENSG00000142065,196608
196608,26,196608,98304,13,12,12,1,103936.0,5632.0,False,True,1.0,4608,8192,ENSG00000196867,196608
196608,26,196608,98304,13,12,12,1,103936.0,5632.0,False,True,1.0,4608,8192,ENSG00000120784,196608
196608,26,196608,98304,13,12,12,1,103936.0,5632.0,False,True,1.0,4608,8192,ENSG00000128016,196608
196608,26,196608,98304,13,12,12,1,103936.0,5632.0,False,True,1.0,4608,8192,ENSG00000185650,196608
196608,26,196608,98304,13,12,12,1,103936.0,5632.0,False,True,1.0,4608,8192,ENSG00000152518,196608
196608,26,196608,98304,13,12,12,1,103936.0,5632.0,False,True,1.0,4608,8192,ENSG00000136866,196608
196608,26,196608,98304,13,12,12,1,103936.0,5632.0,False,True,1.0,4608,8192,ENSG00000181638,196608
196608,26,196608,98304,13,12,12,1,103936.0,5632.0,False,True,1.0,4608,8192,ENSG00000179059,196608
196608,26,196608,98304,13,12,12,1,103936.0,5632.0,False,True,1.0,4608,8192,ENSG00000204644,196608
196608,26,196608,98304,13,12,12,1,103936.0,5632.0,False,True,1.0,4608,8192,ENSG00000196670,196608
196608,26,196608,98304,13,12,12,1,103936.0,5632.0,False,True,1.0,4608,8192,ENSG00000020256,196608
196608,26,196608,98304,13,12,12,1,103936.0,5632.0,False,True,1.0,4608,8192,ENSG00000187815,196608
196608,26,196608,98304,13,12,12,1,103936.0,5632.0,False,True,1.0,4608,8192,ENSG00000187801,196608
196608,26,196608,98304,13,12,12,1,103936.0,5632.0,False,True,1.0,4608,8192,ENSG00000181007,196608
196608,26,196608,98304,13,12,12,1,103936.0,5632.0,False,True,1.0,4608,8192,ENSG00000184939,196608
196608,26,196608,98304,13,12,12,1,103936.0,5632.0,False,True,1.0,4608,8192,ENSG00000186660,196608
196608,26,196608,98304,13,12,12,1,103936.0,5632.0,False,True,1.0,4608,8192,ENSG00000189420,196608
196608,26,196608,98304,13,12,12,1,103936.0,5632.0,False,True,1.0,4608,8192,ENSG00000162300,196608
196608,26,196608,98304,13,12,12,1,103936.0,5632.0,False,True,1.0,4608,8192,ENSG00000179588,196608
196608,26,196608,98304,13,12,12,1,103936.0,5632.0,False,True,1.0,4608,8192,ENSG00000169946,196608
196608,26,196608,98304,13,12,12,1,103936.0,5632.0,False,True,1.0,4608,8192,ENSG00000056097,196608
196608,26,196608,98304,13,12,12,1,103936.0,5632.0,False,True,1.0,4608,8192,ENSG00000105278,196608
196608,26,196608,98304,13,12,12,1,103936.0,5632.0,False,True,1.0,4608,8192,ENSG00000005889,196608
196608,26,196608,98304,13,12,12,1,103936.0,5632.0,False,True,1.0,4608,8192,ENSG00000067646,196608
196608,26,196608,98304,13,12,12,1,103936.0,5632.0,False,True,1.0,4608,8192,ENSG00000165861,196608
196608,26,196608,98304,13,12,12,1,103936.0,5632.0,False,True,1.0,4608,8192,ENSG00000157077,196608
196608,26,196608,98304,13,12,12,1,103936.0,5632.0,False,True,1.0,4608,8192,ENSG00000039319,196608
196608,26,196608,98304,13,12,12,1,103936.0,5632.0,False,True,1.0,4608,8192,ENSG00000166140,196608
196608,26,196608,98304,13,12,12,1,103936.0,5632.0,False,True,1.0,4608,8192,ENSG00000100711,196608
196608,26,196608,98304,13,12,12,1,103936.0,5632.0,False,True,1.0,4608,8192,ENSG00000072121,196608
196608,26,196608,98304,13,12,12,1,103936.0,5632.0,False,True,1.0,4608,8192,ENSG00000155256,196608
196608,26,196608,98304,13,12,12,1,103936.0,5632.0,False,True,1.0,4608,8192,ENSG00000159733,196608
196608,26,196608,98304,13,12,12,1,103936.0,5632.0,False,True,1.0,4608,8192,ENSG00000220201,196608
196608,26,196608,98304,13,12,12,1,103936.0,5632.0,False,True,1.0,4608,8192,ENSG00000197114,196608
196608,26,196608,98304,13,12,12,1,103936.0,5632.0,False,True,1.0,4608,8192,ENSG00000138658,196608
196608,26,196608,98304,13,12,12,1,103936.0,5632.0,False,True,1.0,4608,8192,ENSG00000165156,196608
196608,26,196608,98304,13,12,12,1,103936.0,5632.0,False,True,1.0,4608,8192,ENSG00000178764,196608
196608,26,196608,98304,13,12,12,1,103936.0,5632.0,False,True,1.0,4608,8192,ENSG00000174306,196608
196608,26,196608,98304,13,12,12,1,103936.0,5632.0,False,True,1.0,4608,8192,ENSG00000152977,196608
196608,26,196608,98304,13,12,12,1,103936.0,5632.0,False,True,1.0,4608,8192,ENSG00000043355,196608
196608,26,196608,98304,13,12,12,1,103936.0,5632.0,False,True,1.0,4608,8192,ENSG00000156925,196608
196608,26,196608,98304,13,12,12,1,103936.0,5632.0,False,True,1.0,4608,8192,ENSG00000174963,196608
196608,26,196608,98304,13,12,12,1,103936.0,5632.0,False,True,1.0,4608,8192,ENSG00000139800,196608
196608,26,196608,98304,13,12,12,1,103936.0,5632.0,False,True,1.0,4608,8192,ENSG00000171649,196608
196608,26,196608,98304,13,12,12,1,103936.0,5632.0,False,True,1.0,4608,8192,ENSG00000269699,196608
196608,26,196608,98304,13,12,12,1,103936.0,5632.0,False,True,1.0,4608,8192,ENSG00000141946,196608
196608,26,196608,98304,13,12,12,1,103936.0,5632.0,False,True,1.0,4608,8192,ENSG00000106261,196608
196608,26,196608,98304,13,12,12,1,103936.0,5632.0,False,True,1.0,4608,8192,ENSG00000155592,196608
196608,26,196608,98304,13,12,12,1,103936.0,5632.0,False,True,1.0,4608,8192,ENSG00000189298,196608
196608,26,196608,98304,13,12,12,1,103936.0,5632.0,False,True,1.0,4608,8192,ENSG00000187626,196608
196608,26,196608,98304,13,12,12,1,103936.0,5632.0,False,True,1.0,4608,8192,ENSG00000196652,196608
196608,26,196608,98304,13,12,12,1,103936.0,5632.0,False,True,1.0,4608,8192,ENSG00000196345,196608
196608,26,196608,98304,13,12,12,1,103936.0,5632.0,False,True,1.0,4608,8192,ENSG00000198315,196608
196608,26,196608,98304,13,12,12,1,103936.0,5632.0,False,True,1.0,4608,8192,ENSG00000166432,196608
196608,26,196608,98304,13,12,12,1,103936.0,5632.0,False,True,1.0,4608,8192,ENSG00000146007,196608
196608,26,196608,98304,13,12,12,1,103936.0,5632.0,False,True,1.0,4608,8192,ENSG00000172667,196608
196608,26,196608,98304,13,12,12,1,103936.0,5632.0,False,True,1.0,4608,8192,ENSG00000165061,196608
196608,26,196608,98304,13,12,12,1,103936.0,5632.0,False,True,1.0,4608,8192,ENSG00000100319,196608
196608,26,196608,98304,13,12,12,1,103936.0,5632.0,False,True,1.0,4608,8192,ENSG00000108175,196608
196608,26,196608,98304,13,12,12,1,103936.0,5632.0,False,True,1.0,4608,8192,ENSG00000122515,196608
196608,26,196608,98304,13,12,12,1,103936.0,5632.0,False,True,1.0,4608,8192,ENSG00000197056,196608
196608,26,196608,98304,13,12,12,1,103936.0,5632.0,False,True,1.0,4608,8192,ENSG00000121741,196608
196608,26,196608,98304,13,12,12,1,103936.0,5632.0,False,True,1.0,4608,8192,ENSG00000147130,196608
196608,26,196608,98304,13,12,12,1,103936.0,5632.0,False,True,1.0,4608,8192,ENSG00000146463,196608
196608,26,196608,98304,13,12,12,1,103936.0,5632.0,False,True,1.0,4608,8192,ENSG00000132950,196608
196608,26,196608,98304,13,12,12,1,103936.0,5632.0,False,True,1.0,4608,8192,ENSG00000163867,196608
196608,26,196608,98304,13,12,12,1,103936.0,5632.0,False,True,1.0,4608,8192,ENSG00000101040,196608
196608,26,196608,98304,13,12,12,1,103936.0,5632.0,False,True,1.0,4608,8192,ENSG00000004838,196608
196608,26,196608,98304,13,12,12,1,103936.0,5632.0,False,True,1.0,4608,8192,ENSG00000015171,196608
196608,26,196608,98304,13,12,12,1,103936.0,5632.0,False,True,1.0,4608,8192,ENSG00000066185,196608
196608,26,196608,98304,13,12,12,1,103936.0,5632.0,False,True,1.0,4608,8192,ENSG00000141497,196608
196608,26,196608,98304,13,12,12,1,103936.0,5632.0,False,True,1.0,4608,8192,ENSG00000165724,196608
196608,26,196608,98304,13,12,12,1,103936.0,5632.0,False,True,1.0,4608,8192,ENSG00000275111,196608
196608,26,196608,98304,13,12,12,1,103936.0,5632.0,False,True,1.0,4608,8192,ENSG00000166526,196608
196608,26,196608,98304,13,12,12,1,103936.0,5632.0,False,True,1.0,4608,8192,ENSG00000147789,196608
196608,26,196608,98304,13,12,12,1,103936.0,5632.0,False,True,1.0,4608,8192,ENSG00000278129,196608
196608,26,196608,98304,13,12,12,1,103936.0,5632.0,False,True,1.0,4608,8192,ENSG00000256223,196608
196608,26,196608,98304,13,12,12,1,103936.0,5632.0,False,True,1.0,4608,8192,ENSG00000164631,196608
196608,26,196608,98304,13,12,12,1,103936.0,5632.0,False,True,1.0,4608,8192,ENSG00000105708,196608
196608,26,196608,98304,13,12,12,1,103936.0,5632.0,False,True,1.0,4608,8192,ENSG00000170631,196608
196608,26,196608,98304,13,12,12,1,103936.0,5632.0,False,True,1.0,4608,8192,ENSG00000186272,196608
196608,26,196608,98304,13,12,12,1,103936.0,5632.0,False,True,1.0,4608,8192,ENSG00000154957,196608
196608,26,196608,98304,13,12,12,1,103936.0,5632.0,False,True,1.0,4608,8192,ENSG00000157429,196608
196608,26,196608,98304,13,12,12,1,103936.0,5632.0,False,True,1.0,4608,8192,ENSG00000132010,196608
196608,26,196608,98304,13,12,12,1,103936.0,5632.0,False,True,1.0,4608,8192,ENSG00000165512,196608
196608,26,196608,98304,13,12,12,1,103936.0,5632.0,False,True,1.0,4608,8192,ENSG00000167377,196608
196608,26,196608,98304,13,12,12,1,103936.0,5632.0,False,True,1.0,4608,8192,ENSG00000172466,196608
196608,26,196608,98304,13,12,12,1,103936.0,5632.0,False,True,1.0,4608,8192,ENSG00000175395,196608
196608,26,196608,98304,13,12,12,1,103936.0,5632.0,False,True,1.0,4608,8192,ENSG00000198393,196608
196608,26,196608,98304,13,12,12,1,103936.0,5632.0,False,True,1.0,4608,8192,ENSG00000198538,196608
196608,26,196608,98304,13,12,12,1,103936.0,5632.0,False,True,1.0,4608,8192,ENSG00000168661,196608
196608,26,196608,98304,13,12,12,1,103936.0,5632.0,False,True,1.0,4608,8192,ENSG00000169740,196608
196608,26,196608,98304,13,12,12,1,103936.0,5632.0,False,True,1.0,4608,8192,ENSG00000189180,196608
196608,26,196608,98304,13,12,12,1,103936.0,5632.0,False,True,1.0,4608,8192,ENSG00000196693,196608
196608,26,196608,98304,13,12,12,1,103936.0,5632.0,False,True,1.0,4608,8192,ENSG00000196378,196608
196608,26,196608,98304,13,12,12,1,103936.0,5632.0,False,True,1.0,4608,8192,ENSG00000169981,196608
196608,26,196608,98304,13,12,12,1,103936.0,5632.0,False,True,1.0,4608,8192,ENSG00000075407,196608
196608,26,196608,98304,13,12,12,1,103936.0,5632.0,False,True,1.0,4608,8192,ENSG00000147124,196608
196608,26,196608,98304,13,12,12,1,103936.0,5632.0,False,True,1.0,4608,8192,ENSG00000198521,196608
196608,26,196608,98304,13,12,12,1,103936.0,5632.0,False,True,1.0,4608,8192,ENSG00000197857,196608
196608,26,196608,98304,13,12,12,1,103936.0,5632.0,False,True,1.0,4608,8192,ENSG00000124459,196608
196608,26,196608,98304,13,12,12,1,103936.0,5632.0,False,True,1.0,4608,8192,ENSG00000180035,196608
196608,26,196608,98304,13,12,12,1,103936.0,5632.0,False,True,1.0,4608,8192,ENSG00000171970,196608
196608,26,196608,98304,13,12,12,1,103936.0,5632.0,False,True,1.0,4608,8192,ENSG00000160229,196608
196608,26,196608,98304,13,12,12,1,103936.0,5632.0,False,True,1.0,4608,8192,ENSG00000198429,196608
196608,26,196608,98304,13,12,12,1,103936.0,5632.0,False,True,1.0,4608,8192,ENSG00000187792,196608
196608,26,196608,98304,13,12,12,1,103936.0,5632.0,False,True,1.0,4608,8192,ENSG00000197951,196608
196608,26,196608,98304,13,12,12,1,103936.0,5632.0,False,True,1.0,4608,8192,ENSG00000185252,196608
196608,26,196608,98304,13,12,12,1,103936.0,5632.0,False,True,1.0,4608,8192,ENSG00000162086,196608
196608,26,196608,98304,13,12,12,1,103936.0,5632.0,False,True,1.0,4608,8192,ENSG00000186376,196608
196608,26,196608,98304,13,12,12,1,103936.0,5632.0,False,True,1.0,4608,8192,ENSG00000065029,196608
196608,26,196608,98304,13,12,12,1,103936.0,5632.0,False,True,1.0,4608,8192,ENSG00000175691,196608
196608,26,196608,98304,13,12,12,1,103936.0,5632.0,False,True,1.0,4608,8192,ENSG00000196152,196608
196608,26,196608,98304,13,12,12,1,103936.0,5632.0,False,True,1.0,4608,8192,ENSG00000174255,196608
196608,26,196608,98304,13,12,12,1,103936.0,5632.0,False,True,1.0,4608,8192,ENSG00000197779,196608
196608,26,196608,98304,13,12,12,1,103936.0,5632.0,False,True,1.0,4608,8192,ENSG00000167766,196608
196608,26,196608,98304,13,12,12,1,103936.0,5632.0,False,True,1.0,4608,8192,ENSG00000198040,196608
196608,26,196608,98304,13,12,12,1,103936.0,5632.0,False,True,1.0,4608,8192,ENSG00000105750,196608
196608,26,196608,98304,13,12,12,1,103936.0,5632.0,False,True,1.0,4608,8192,ENSG00000213988,196608
196608,26,196608,98304,13,12,12,1,103936.0,5632.0,False,True,1.0,4608,8192,ENSG00000167232,196608
196608,26,196608,98304,13,12,12,1,103936.0,5632.0,False,True,1.0,4608,8192,ENSG00000146757,196608
196608,26,196608,98304,13,12,12,1,103936.0,5632.0,False,True,1.0,4608,8192,ENSG00000184635,196608
196608,26,196608,98304,13,12,12,1,103936.0,5632.0,False,True,1.0,4608,8192,ENSG00000197360,196608
196608,26,196608,98304,13,12,12,1,103936.0,5632.0,False,True,1.0,4608,8192,ENSG00000213973,196608
196608,26,196608,98304,13,12,12,1,103936.0,5632.0,False,True,1.0,4608,8192,ENSG00000197020,196608
196608,26,196608,98304,13,12,12,1,103936.0,5632.0,False,True,1.0,4608,8192,ENSG00000181896,196608
196608,26,196608,98304,13,12,12,1,103936.0,5632.0,False,True,1.0,4608,8192,ENSG00000103994,196608
196608,26,196608,98304,13,12,12,1,103936.0,5632.0,False,True,1.0,4608,8192,ENSG00000196247,196608
196608,26,196608,98304,13,12,12,1,103936.0,5632.0,False,True,1.0,4608,8192,ENSG00000062370,196608
196608,26,196608,98304,13,12,12,1,103936.0,5632.0,False,True,1.0,4608,8192,ENSG00000178150,196608
196608,26,196608,98304,13,12,12,1,103936.0,5632.0,False,True,1.0,4608,8192,ENSG00000152926,196608
196608,26,196608,98304,13,12,12,1,103936.0,5632.0,False,True,1.0,4608,8192,ENSG00000197961,196608
196608,26,196608,98304,13,12,12,1,103936.0,5632.0,False,True,1.0,4608,8192,ENSG00000196418,196608
196608,26,196608,98304,13,12,12,1,103936.0,5632.0,False,True,1.0,4608,8192,ENSG00000172262,196608
196608,26,196608,98304,13,12,12,1,103936.0,5632.0,False,True,1.0,4608,8192,ENSG00000131849,196608
196608,26,196608,98304,13,12,12,1,103936.0,5632.0,False,True,1.0,4608,8192,ENSG00000125846,196608
196608,26,196608,98304,13,12,12,1,103936.0,5632.0,False,True,1.0,4608,8192,ENSG00000213762,196608
196608,26,196608,98304,13,12,12,1,103936.0,5632.0,False,True,1.0,4608,8192,ENSG00000176293,196608
196608,26,196608,98304,13,12,12,1,103936.0,5632.0,False,True,1.0,4608,8192,ENSG00000196646,196608
196608,26,196608,98304,13,12,12,1,103936.0,5632.0,False,True,1.0,4608,8192,ENSG00000197008,196608
196608,26,196608,98304,13,12,12,1,103936.0,5632.0,False,True,1.0,4608,8192,ENSG00000196387,196608
196608,26,196608,98304,13,12,12,1,103936.0,5632.0,False,True,1.0,4608,8192,ENSG00000131127,196608
196608,26,196608,98304,13,12,12,1,103936.0,5632.0,False,True,1.0,4608,8192,ENSG00000115568,196608
196608,26,196608,98304,13,12,12,1,103936.0,5632.0,False,True,1.0,4608,8192,ENSG00000166478,196608
196608,26,196608,98304,13,12,12,1,103936.0,5632.0,False,True,1.0,4608,8192,ENSG00000167635,196608
196608,26,196608,98304,13,12,12,1,103936.0,5632.0,False,True,1.0,4608,8192,ENSG00000163848,196608
196608,26,196608,98304,13,12,12,1,103936.0,5632.0,False,True,1.0,4608,8192,ENSG00000179909,196608
196608,26,196608,98304,13,12,12,1,103936.0,5632.0,False,True,1.0,4608,8192,ENSG00000204920,196608
196608,26,196608,98304,13,12,12,1,103936.0,5632.0,False,True,1.0,4608,8192,ENSG00000147117,196608
196608,26,196608,98304,13,12,12,1,103936.0,5632.0,False,True,1.0,4608,8192,ENSG00000170949,196608
196608,26,196608,98304,13,12,12,1,103936.0,5632.0,False,True,1.0,4608,8192,ENSG00000197279,196608
196608,26,196608,98304,13,12,12,1,103936.0,5632.0,False,True,1.0,4608,8192,ENSG00000175787,196608
196608,26,196608,98304,13,12,12,1,103936.0,5632.0,False,True,1.0,4608,8192,ENSG00000103343,196608
196608,26,196608,98304,13,12,12,1,103936.0,5632.0,False,True,1.0,4608,8192,ENSG00000105497,196608
196608,26,196608,98304,13,12,12,1,103936.0,5632.0,False,True,1.0,4608,8192,ENSG00000188629,196608
196608,26,196608,98304,13,12,12,1,103936.0,5632.0,False,True,1.0,4608,8192,ENSG00000167384,196608
196608,26,196608,98304,13,12,12,1,103936.0,5632.0,False,True,1.0,4608,8192,ENSG00000197841,196608
196608,26,196608,98304,13,12,12,1,103936.0,5632.0,False,True,1.0,4608,8192,ENSG00000147118,196608
196608,26,196608,98304,13,12,12,1,103936.0,5632.0,False,True,1.0,4608,8192,ENSG00000096654,196608
196608,26,196608,98304,13,12,12,1,103936.0,5632.0,False,True,1.0,4608,8192,ENSG00000136870,196608
196608,26,196608,98304,13,12,12,1,103936.0,5632.0,False,True,1.0,4608,8192,ENSG00000005801,196608
196608,26,196608,98304,13,12,12,1,103936.0,5632.0,False,True,1.0,4608,8192,ENSG00000186448,196608
196608,26,196608,98304,13,12,12,1,103936.0,5632.0,False,True,1.0,4608,8192,ENSG00000010539,196608
196608,26,196608,98304,13,12,12,1,103936.0,5632.0,False,True,1.0,4608,8192,ENSG00000166261,196608
196608,26,196608,98304,13,12,12,1,103936.0,5632.0,False,True,1.0,4608,8192,ENSG00000122386,196608
196608,26,196608,98304,13,12,12,1,103936.0,5632.0,False,True,1.0,4608,8192,ENSG00000010244,196608
196608,26,196608,98304,13,12,12,1,103936.0,5632.0,False,True,1.0,4608,8192,ENSG00000160321,196608
196608,26,196608,98304,13,12,12,1,103936.0,5632.0,False,True,1.0,4608,8192,ENSG00000121417,196608
196608,26,196608,98304,13,12,12,1,103936.0,5632.0,False,True,1.0,4608,8192,ENSG00000170260,196608
196608,26,196608,98304,13,12,12,1,103936.0,5632.0,False,True,1.0,4608,8192,ENSG00000085644,196608
196608,26,196608,98304,13,12,12,1,103936.0,5632.0,False,True,1.0,4608,8192,ENSG00000149050,196608
196608,26,196608,98304,13,12,12,1,103936.0,5632.0,False,True,1.0,4608,8192,ENSG00000149054,196608
196608,26,196608,98304,13,12,12,1,103936.0,5632.0,False,True,1.0,4608,8192,ENSG00000171940,196608
196608,26,196608,98304,13,12,12,1,103936.0,5632.0,False,True,1.0,4608,8192,ENSG00000165804,196608
196608,26,196608,98304,13,12,12,1,103936.0,5632.0,False,True,1.0,4608,8192,ENSG00000159905,196608
196608,26,196608,98304,13,12,12,1,103936.0,5632.0,False,True,1.0,4608,8192,ENSG00000159885,196608
196608,26,196608,98304,13,12,12,1,103936.0,5632.0,False,True,1.0,4608,8192,ENSG00000178386,196608
196608,26,196608,98304,13,12,12,1,103936.0,5632.0,False,True,1.0,4608,8192,ENSG00000267680,196608
196608,26,196608,98304,13,12,12,1,103936.0,5632.0,False,True,1.0,4608,8192,ENSG00000256294,196608
196608,26,196608,98304,13,12,12,1,103936.0,5632.0,False,True,1.0,4608,8192,ENSG00000167380,196608
196608,26,196608,98304,13,12,12,1,103936.0,5632.0,False,True,1.0,4608,8192,ENSG00000131115,196608
196608,26,196608,98304,13,12,12,1,103936.0,5632.0,False,True,1.0,4608,8192,ENSG00000278318,196608
196608,26,196608,98304,13,12,12,1,103936.0,5632.0,False,True,1.0,4608,8192,ENSG00000159882,196608
196608,26,196608,98304,13,12,12,1,103936.0,5632.0,False,True,1.0,4608,8192,ENSG00000167840,196608
196608,26,196608,98304,13,12,12,1,103936.0,5632.0,False,True,1.0,4608,8192,ENSG00000159915,196608
196608,26,196608,98304,13,12,12,1,103936.0,5632.0,False,True,1.0,4608,8192,ENSG00000263002,196608
196608,26,196608,98304,13,12,12,1,103936.0,5632.0,False,True,1.0,4608,8192,ENSG00000159917,196608
196608,26,196608,98304,13,12,12,1,103936.0,5632.0,False,True,1.0,4608,8192,ENSG00000130856,196608
196608,26,196608,98304,13,12,12,1,103936.0,5632.0,False,True,1.0,4608,8192,ENSG00000196793,196608
196608,26,196608,98304,13,12,12,1,103936.0,5632.0,False,True,1.0,4608,8192,ENSG00000198105,196608
196608,26,196608,98304,13,12,12,1,103936.0,5632.0,False,True,1.0,4608,8192,ENSG00000196150,196608
196608,26,196608,98304,13,12,12,1,103936.0,5632.0,False,True,1.0,4608,8192,ENSG00000198169,196608
196608,26,196608,98304,13,12,12,1,103936.0,5632.0,False,True,1.0,4608,8192,ENSG00000256771,196608
196608,26,196608,98304,13,12,12,1,103936.0,5632.0,False,True,1.0,4608,8192,ENSG00000213096,196608
196608,26,196608,98304,13,12,12,1,103936.0,5632.0,False,True,1.0,4608,8192,ENSG00000152454,196608
196608,26,196608,98304,13,12,12,1,103936.0,5632.0,False,True,1.0,4608,8192,ENSG00000197134,196608
196608,26,196608,98304,13,12,12,1,103936.0,5632.0,False,True,1.0,4608,8192,ENSG00000254004,196608
196608,26,196608,98304,13,12,12,1,103936.0,5632.0,False,True,1.0,4608,8192,ENSG00000006194,196608
196608,26,196608,98304,13,12,12,1,103936.0,5632.0,False,True,1.0,4608,8192,ENSG00000083844,196608
196608,26,196608,98304,13,12,12,1,103936.0,5632.0,False,True,1.0,4608,8192,ENSG00000174652,196608
196608,26,196608,98304,13,12,12,1,103936.0,5632.0,False,True,1.0,4608,8192,ENSG00000185947,196608
192205,25,192205,98304,12,12,12,0,96256.0,-2048.0,True,True,1.0,7885,8192,ENSG00000090612,192205
196608,26,196608,98304,13,12,12,1,103936.0,5632.0,False,True,1.0,4608,8192,ENSG00000198039,196608
196608,26,196608,98304,13,12,12,1,103936.0,5632.0,False,True,1.0,4608,8192,ENSG00000171606,196608
196608,26,196608,98304,13,12,12,1,103936.0,5632.0,False,True,1.0,4608,8192,ENSG00000063587,196608
196608,26,196608,98304,13,12,12,1,103936.0,5632.0,False,True,1.0,4608,8192,ENSG00000158805,196608
196608,26,196608,98304,13,12,12,1,103936.0,5632.0,False,True,1.0,4608,8192,ENSG00000198839,196608
196608,26,196608,98304,13,12,12,1,103936.0,5632.0,False,True,1.0,4608,8192,ENSG00000169548,196608
196608,26,196608,98304,13,12,12,1,103936.0,5632.0,False,True,1.0,4608,8192,ENSG00000275004,196608
196608,26,196608,98304,13,12,12,1,103936.0,5632.0,False,True,1.0,4608,8192,ENSG00000056277,196608
196608,26,196608,98304,13,12,12,1,103936.0,5632.0,False,True,1.0,4608,8192,ENSG00000137871,196608
196608,26,196608,98304,13,12,12,1,103936.0,5632.0,False,True,1.0,4608,8192,ENSG00000162702,196608
196608,26,196608,98304,13,12,12,1,103936.0,5632.0,False,True,1.0,4608,8192,ENSG00000170265,196608
196608,26,196608,98304,13,12,12,1,103936.0,5632.0,False,True,1.0,4608,8192,ENSG00000167637,196608
196608,26,196608,98304,13,12,12,1,103936.0,5632.0,False,True,1.0,4608,8192,ENSG00000186026,196608
196608,26,196608,98304,13,12,12,1,103936.0,5632.0,False,True,1.0,4608,8192,ENSG00000267508,196608
196608,26,196608,98304,13,12,12,1,103936.0,5632.0,False,True,1.0,4608,8192,ENSG00000187607,196608
196608,26,196608,98304,13,12,12,1,103936.0,5632.0,False,True,1.0,4608,8192,ENSG00000141040,196608
196608,26,196608,98304,13,12,12,1,103936.0,5632.0,False,True,1.0,4608,8192,ENSG00000188994,196608
196608,26,196608,98304,13,12,12,1,103936.0,5632.0,False,True,1.0,4608,8192,ENSG00000170684,196608
196608,26,196608,98304,13,12,12,1,103936.0,5632.0,False,True,1.0,4608,8192,ENSG00000145908,196608
196608,26,196608,98304,13,12,12,1,103936.0,5632.0,False,True,1.0,4608,8192,ENSG00000089335,196608
196608,26,196608,98304,13,12,12,1,103936.0,5632.0,False,True,1.0,4608,8192,ENSG00000131845,196608
196608,26,196608,98304,13,12,12,1,103936.0,5632.0,False,True,1.0,4608,8192,ENSG00000197935,196608
196608,26,196608,98304,13,12,12,1,103936.0,5632.0,False,True,1.0,4608,8192,ENSG00000205903,196608
196608,26,196608,98304,13,12,12,1,103936.0,5632.0,False,True,1.0,4608,8192,ENSG00000130803,196608
196608,26,196608,98304,13,12,12,1,103936.0,5632.0,False,True,1.0,4608,8192,ENSG00000171467,196608
196608,26,196608,98304,13,12,12,1,103936.0,5632.0,False,True,1.0,4608,8192,ENSG00000166188,196608
196608,26,196608,98304,13,12,12,1,103936.0,5632.0,False,True,1.0,4608,8192,ENSG00000182986,196608
196608,26,196608,98304,13,12,12,1,103936.0,5632.0,False,True,1.0,4608,8192,ENSG00000181315,196608
196608,26,196608,98304,13,12,12,1,103936.0,5632.0,False,True,1.0,4608,8192,ENSG00000083812,196608
196608,26,196608,98304,13,12,12,1,103936.0,5632.0,False,True,1.0,4608,8192,ENSG00000249471,196608
196608,26,196608,98304,13,12,12,1,103936.0,5632.0,False,True,1.0,4608,8192,ENSG00000162664,196608
196608,26,196608,98304,13,12,12,1,103936.0,5632.0,False,True,1.0,4608,8192,ENSG00000181894,196608
196608,26,196608,98304,13,12,12,1,103936.0,5632.0,False,True,1.0,4608,8192,ENSG00000109445,196608
196608,26,196608,98304,13,12,12,1,103936.0,5632.0,False,True,1.0,4608,8192,ENSG00000130844,196608
196608,26,196608,98304,13,12,12,1,103936.0,5632.0,False,True,1.0,4608,8192,ENSG00000160961,196608
196608,26,196608,98304,13,12,12,1,103936.0,5632.0,False,True,1.0,4608,8192,ENSG00000198185,196608
196608,26,196608,98304,13,12,12,1,103936.0,5632.0,False,True,1.0,4608,8192,ENSG00000198026,196608
196608,26,196608,98304,13,12,12,1,103936.0,5632.0,False,True,1.0,4608,8192,ENSG00000130684,196608
196608,26,196608,98304,13,12,12,1,103936.0,5632.0,False,True,1.0,4608,8192,ENSG00000131061,196608
196608,26,196608,98304,13,12,12,1,103936.0,5632.0,False,True,1.0,4608,8192,ENSG00000088876,196608
196608,26,196608,98304,13,12,12,1,103936.0,5632.0,False,True,1.0,4608,8192,ENSG00000251247,196608
196608,26,196608,98304,13,12,12,1,103936.0,5632.0,False,True,1.0,4608,8192,ENSG00000113761,196608
196608,26,196608,98304,13,12,12,1,103936.0,5632.0,False,True,1.0,4608,8192,ENSG00000197937,196608
196608,26,196608,98304,13,12,12,1,103936.0,5632.0,False,True,1.0,4608,8192,ENSG00000256683,196608
196608,26,196608,98304,13,12,12,1,103936.0,5632.0,False,True,1.0,4608,8192,ENSG00000169131,196608
196608,26,196608,98304,13,12,12,1,103936.0,5632.0,False,True,1.0,4608,8192,ENSG00000178338,196608
196608,26,196608,98304,13,12,12,1,103936.0,5632.0,False,True,1.0,4608,8192,ENSG00000177932,196608
196608,26,196608,98304,13,12,12,1,103936.0,5632.0,False,True,1.0,4608,8192,ENSG00000198816,196608
196608,26,196608,98304,13,12,12,1,103936.0,5632.0,False,True,1.0,4608,8192,ENSG00000160094,196608
196608,26,196608,98304,13,12,12,1,103936.0,5632.0,False,True,1.0,4608,8192,ENSG00000138311,196608
196608,26,196608,98304,13,12,12,1,103936.0,5632.0,False,True,1.0,4608,8192,ENSG00000178175,196608
196608,26,196608,98304,13,12,12,1,103936.0,5632.0,False,True,1.0,4608,8192,ENSG00000165244,196608
196608,26,196608,98304,13,12,12,1,103936.0,5632.0,False,True,1.0,4608,8192,ENSG00000161298,196608
196608,26,196608,98304,13,12,12,1,103936.0,5632.0,False,True,1.0,4608,8192,ENSG00000188283,196608
196608,26,196608,98304,13,12,12,1,103936.0,5632.0,False,True,1.0,4608,8192,ENSG00000126746,196608
196608,26,196608,98304,13,12,12,1,103936.0,5632.0,False,True,1.0,4608,8192,ENSG00000161642,196608
196608,26,196608,98304,13,12,12,1,103936.0,5632.0,False,True,1.0,4608,8192,ENSG00000144331,196608
196608,26,196608,98304,13,12,12,1,103936.0,5632.0,False,True,1.0,4608,8192,ENSG00000187595,196608
196608,26,196608,98304,13,12,12,1,103936.0,5632.0,False,True,1.0,4608,8192,ENSG00000151789,196608
196608,26,196608,98304,13,12,12,1,103936.0,5632.0,False,True,1.0,4608,8192,ENSG00000124613,196608
196608,26,196608,98304,13,12,12,1,103936.0,5632.0,False,True,1.0,4608,8192,ENSG00000160908,196608
196608,26,196608,98304,13,12,12,1,103936.0,5632.0,False,True,1.0,4608,8192,ENSG00000186918,196608
196608,26,196608,98304,13,12,12,1,103936.0,5632.0,False,True,1.0,4608,8192,ENSG00000186496,196608
196608,26,196608,98304,13,12,12,1,103936.0,5632.0,False,True,1.0,4608,8192,ENSG00000186812,196608
196608,26,196608,98304,13,12,12,1,103936.0,5632.0,False,True,1.0,4608,8192,ENSG00000197024,196608
196608,26,196608,98304,13,12,12,1,103936.0,5632.0,False,True,1.0,4608,8192,ENSG00000176222,196608
196608,26,196608,98304,13,12,12,1,103936.0,5632.0,False,True,1.0,4608,8192,ENSG00000215421,196608
196608,26,196608,98304,13,12,12,1,103936.0,5632.0,False,True,1.0,4608,8192,ENSG00000175213,196608
196608,26,196608,98304,13,12,12,1,103936.0,5632.0,False,True,1.0,4608,8192,ENSG00000119725,196608
196608,26,196608,98304,13,12,12,1,103936.0,5632.0,False,True,1.0,4608,8192,ENSG00000133250,196608
196608,26,196608,98304,13,12,12,1,103936.0,5632.0,False,True,1.0,4608,8192,ENSG00000170954,196608
196608,26,196608,98304,13,12,12,1,103936.0,5632.0,False,True,1.0,4608,8192,ENSG00000083817,196608
196608,26,196608,98304,13,12,12,1,103936.0,5632.0,False,True,1.0,4608,8192,ENSG00000173480,196608
196608,26,196608,98304,13,12,12,1,103936.0,5632.0,False,True,1.0,4608,8192,ENSG00000196724,196608
196608,26,196608,98304,13,12,12,1,103936.0,5632.0,False,True,1.0,4608,8192,ENSG00000105136,196608
196608,26,196608,98304,13,12,12,1,103936.0,5632.0,False,True,1.0,4608,8192,ENSG00000197050,196608
196608,26,196608,98304,13,12,12,1,103936.0,5632.0,False,True,1.0,4608,8192,ENSG00000102935,196608
196608,26,196608,98304,13,12,12,1,103936.0,5632.0,False,True,1.0,4608,8192,ENSG00000204947,196608
196608,26,196608,98304,13,12,12,1,103936.0,5632.0,False,True,1.0,4608,8192,ENSG00000130818,196608
196608,26,196608,98304,13,12,12,1,103936.0,5632.0,False,True,1.0,4608,8192,ENSG00000131116,196608
196608,26,196608,98304,13,12,12,1,103936.0,5632.0,False,True,1.0,4608,8192,ENSG00000197013,196608
196608,26,196608,98304,13,12,12,1,103936.0,5632.0,False,True,1.0,4608,8192,ENSG00000118620,196608
196608,26,196608,98304,13,12,12,1,103936.0,5632.0,False,True,1.0,4608,8192,ENSG00000196705,196608
196608,26,196608,98304,13,12,12,1,103936.0,5632.0,False,True,1.0,4608,8192,ENSG00000256087,196608
196608,26,196608,98304,13,12,12,1,103936.0,5632.0,False,True,1.0,4608,8192,ENSG00000197647,196608
196608,26,196608,98304,13,12,12,1,103936.0,5632.0,False,True,1.0,4608,8192,ENSG00000125945,196608
196608,26,196608,98304,13,12,12,1,103936.0,5632.0,False,True,1.0,4608,8192,ENSG00000183621,196608
196608,26,196608,98304,13,12,12,1,103936.0,5632.0,False,True,1.0,4608,8192,ENSG00000171291,196608
196608,26,196608,98304,13,12,12,1,103936.0,5632.0,False,True,1.0,4608,8192,ENSG00000171295,196608
196608,26,196608,98304,13,12,12,1,103936.0,5632.0,False,True,1.0,4608,8192,ENSG00000197044,196608
196608,26,196608,98304,13,12,12,1,103936.0,5632.0,False,True,1.0,4608,8192,ENSG00000198342,196608
196608,26,196608,98304,13,12,12,1,103936.0,5632.0,False,True,1.0,4608,8192,ENSG00000180855,196608
196608,26,196608,98304,13,12,12,1,103936.0,5632.0,False,True,1.0,4608,8192,ENSG00000167685,196608
196608,26,196608,98304,13,12,12,1,103936.0,5632.0,False,True,1.0,4608,8192,ENSG00000185219,196608
196608,26,196608,98304,13,12,12,1,103936.0,5632.0,False,True,1.0,4608,8192,ENSG00000083838,196608
196608,26,196608,98304,13,12,12,1,103936.0,5632.0,False,True,1.0,4608,8192,ENSG00000173275,196608
196608,26,196608,98304,13,12,12,1,103936.0,5632.0,False,True,1.0,4608,8192,ENSG00000112200,196608
196608,26,196608,98304,13,12,12,1,103936.0,5632.0,False,True,1.0,4608,8192,ENSG00000178187,196608
196608,26,196608,98304,13,12,12,1,103936.0,5632.0,False,True,1.0,4608,8192,ENSG00000197714,196608
196608,26,196608,98304,13,12,12,1,103936.0,5632.0,False,True,1.0,4608,8192,ENSG00000197808,196608
196608,26,196608,98304,13,12,12,1,103936.0,5632.0,False,True,1.0,4608,8192,ENSG00000148143,196608
196608,26,196608,98304,13,12,12,1,103936.0,5632.0,False,True,1.0,4608,8192,ENSG00000181444,196608
196608,26,196608,98304,13,12,12,1,103936.0,5632.0,False,True,1.0,4608,8192,ENSG00000204604,196608
196608,26,196608,98304,13,12,12,1,103936.0,5632.0,False,True,1.0,4608,8192,ENSG00000225614,196608
196608,26,196608,98304,13,12,12,1,103936.0,5632.0,False,True,1.0,4608,8192,ENSG00000197016,196608
196608,26,196608,98304,13,12,12,1,103936.0,5632.0,False,True,1.0,4608,8192,ENSG00000196263,196608
196608,26,196608,98304,13,12,12,1,103936.0,5632.0,False,True,1.0,4608,8192,ENSG00000142528,196608
196608,26,196608,98304,13,12,12,1,103936.0,5632.0,False,True,1.0,4608,8192,ENSG00000164185,196608
196608,26,196608,98304,13,12,12,1,103936.0,5632.0,False,True,1.0,4608,8192,ENSG00000250803,196608
196608,26,196608,98304,13,12,12,1,103936.0,5632.0,False,True,1.0,4608,8192,ENSG00000185177,196608
196608,26,196608,98304,13,12,12,1,103936.0,5632.0,False,True,1.0,4608,8192,ENSG00000198464,196608
196608,26,196608,98304,13,12,12,1,103936.0,5632.0,False,True,1.0,4608,8192,ENSG00000173258,196608
196608,26,196608,98304,13,12,12,1,103936.0,5632.0,False,True,1.0,4608,8192,ENSG00000127081,196608
196608,26,196608,98304,13,12,12,1,103936.0,5632.0,False,True,1.0,4608,8192,ENSG00000198298,196608
196608,26,196608,98304,13,12,12,1,103936.0,5632.0,False,True,1.0,4608,8192,ENSG00000256229,196608
196608,26,196608,98304,13,12,12,1,103936.0,5632.0,False,True,1.0,4608,8192,ENSG00000243660,196608
196608,26,196608,98304,13,12,12,1,103936.0,5632.0,False,True,1.0,4608,8192,ENSG00000265763,196608
196608,26,196608,98304,13,12,12,1,103936.0,5632.0,False,True,1.0,4608,8192,ENSG00000188033,196608
196608,26,196608,98304,13,12,12,1,103936.0,5632.0,False,True,1.0,4608,8192,ENSG00000177599,196608
196608,26,196608,98304,13,12,12,1,103936.0,5632.0,False,True,1.0,4608,8192,ENSG00000229676,196608
196608,26,196608,98304,13,12,12,1,103936.0,5632.0,False,True,1.0,4608,8192,ENSG00000196268,196608
196608,26,196608,98304,13,12,12,1,103936.0,5632.0,False,True,1.0,4608,8192,ENSG00000162714,196608
196608,26,196608,98304,13,12,12,1,103936.0,5632.0,False,True,1.0,4608,8192,ENSG00000174586,196608
196608,26,196608,98304,13,12,12,1,103936.0,5632.0,False,True,1.0,4608,8192,ENSG00000103199,196608
196608,26,196608,98304,13,12,12,1,103936.0,5632.0,False,True,1.0,4608,8192,ENSG00000186446,196608
196608,26,196608,98304,13,12,12,1,103936.0,5632.0,False,True,1.0,4608,8192,ENSG00000196653,196608
196608,26,196608,98304,13,12,12,1,103936.0,5632.0,False,True,1.0,4608,8192,ENSG00000165655,196608
196608,26,196608,98304,13,12,12,1,103936.0,5632.0,False,True,1.0,4608,8192,ENSG00000081665,196608
196608,26,196608,98304,13,12,12,1,103936.0,5632.0,False,True,1.0,4608,8192,ENSG00000168813,196608
196608,26,196608,98304,13,12,12,1,103936.0,5632.0,False,True,1.0,4608,8192,ENSG00000081386,196608
196608,26,196608,98304,13,12,12,1,103936.0,5632.0,False,True,1.0,4608,8192,ENSG00000198546,196608
196608,26,196608,98304,13,12,12,1,103936.0,5632.0,False,True,1.0,4608,8192,ENSG00000243943,196608
196608,26,196608,98304,13,12,12,1,103936.0,5632.0,False,True,1.0,4608,8192,ENSG00000196700,196608
196608,26,196608,98304,13,12,12,1,103936.0,5632.0,False,True,1.0,4608,8192,ENSG00000163795,196608
196608,26,196608,98304,13,12,12,1,103936.0,5632.0,False,True,1.0,4608,8192,ENSG00000144026,196608
196608,26,196608,98304,13,12,12,1,103936.0,5632.0,False,True,1.0,4608,8192,ENSG00000101493,196608
196608,26,196608,98304,13,12,12,1,103936.0,5632.0,False,True,1.0,4608,8192,ENSG00000197363,196608
196608,26,196608,98304,13,12,12,1,103936.0,5632.0,False,True,1.0,4608,8192,ENSG00000177853,196608
196608,26,196608,98304,13,12,12,1,103936.0,5632.0,False,True,1.0,4608,8192,ENSG00000178163,196608
196608,26,196608,98304,13,12,12,1,103936.0,5632.0,False,True,1.0,4608,8192,ENSG00000175322,196608
196608,26,196608,98304,13,12,12,1,103936.0,5632.0,False,True,1.0,4608,8192,ENSG00000198795,196608
196608,26,196608,98304,13,12,12,1,103936.0,5632.0,False,True,1.0,4608,8192,ENSG00000171443,196608
196608,26,196608,98304,13,12,12,1,103936.0,5632.0,False,True,1.0,4608,8192,ENSG00000203326,196608
196608,26,196608,98304,13,12,12,1,103936.0,5632.0,False,True,1.0,4608,8192,ENSG00000167625,196608
196608,26,196608,98304,13,12,12,1,103936.0,5632.0,False,True,1.0,4608,8192,ENSG00000189164,196608
196608,26,196608,98304,13,12,12,1,103936.0,5632.0,False,True,1.0,4608,8192,ENSG00000167555,196608
196608,26,196608,98304,13,12,12,1,103936.0,5632.0,False,True,1.0,4608,8192,ENSG00000186020,196608
196608,26,196608,98304,13,12,12,1,103936.0,5632.0,False,True,1.0,4608,8192,ENSG00000183647,196608
196608,26,196608,98304,13,12,12,1,103936.0,5632.0,False,True,1.0,4608,8192,ENSG00000074657,196608
196608,26,196608,98304,13,12,12,1,103936.0,5632.0,False,True,1.0,4608,8192,ENSG00000198633,196608
196608,26,196608,98304,13,12,12,1,103936.0,5632.0,False,True,1.0,4608,8192,ENSG00000198597,196608
196608,26,196608,98304,13,12,12,1,103936.0,5632.0,False,True,1.0,4608,8192,ENSG00000171817,196608
196608,26,196608,98304,13,12,12,1,103936.0,5632.0,False,True,1.0,4608,8192,ENSG00000118156,196608
196608,26,196608,98304,13,12,12,1,103936.0,5632.0,False,True,1.0,4608,8192,ENSG00000178229,196608
196608,26,196608,98304,13,12,12,1,103936.0,5632.0,False,True,1.0,4608,8192,ENSG00000198131,196608
196608,26,196608,98304,13,12,12,1,103936.0,5632.0,False,True,1.0,4608,8192,ENSG00000187187,196608
196608,26,196608,98304,13,12,12,1,103936.0,5632.0,False,True,1.0,4608,8192,ENSG00000152433,196608
196608,26,196608,98304,13,12,12,1,103936.0,5632.0,False,True,1.0,4608,8192,ENSG00000188785,196608
196608,26,196608,98304,13,12,12,1,103936.0,5632.0,False,True,1.0,4608,8192,ENSG00000121406,196608
196608,26,196608,98304,13,12,12,1,103936.0,5632.0,False,True,1.0,4608,8192,ENSG00000251369,196608
196608,26,196608,98304,13,12,12,1,103936.0,5632.0,False,True,1.0,4608,8192,ENSG00000204519,196608
196608,26,196608,98304,13,12,12,1,103936.0,5632.0,False,True,1.0,4608,8192,ENSG00000178935,196608
196608,26,196608,98304,13,12,12,1,103936.0,5632.0,False,True,1.0,4608,8192,ENSG00000172006,196608
196608,26,196608,98304,13,12,12,1,103936.0,5632.0,False,True,1.0,4608,8192,ENSG00000186300,196608
196608,26,196608,98304,13,12,12,1,103936.0,5632.0,False,True,1.0,4608,8192,ENSG00000172000,196608
196608,26,196608,98304,13,12,12,1,103936.0,5632.0,False,True,1.0,4608,8192,ENSG00000130544,196608
196608,26,196608,98304,13,12,12,1,103936.0,5632.0,False,True,1.0,4608,8192,ENSG00000167785,196608
196608,26,196608,98304,13,12,12,1,103936.0,5632.0,False,True,1.0,4608,8192,ENSG00000188321,196608
196608,26,196608,98304,13,12,12,1,103936.0,5632.0,False,True,1.0,4608,8192,ENSG00000198028,196608
196608,26,196608,98304,13,12,12,1,103936.0,5632.0,False,True,1.0,4608,8192,ENSG00000171469,196608
196608,26,196608,98304,13,12,12,1,103936.0,5632.0,False,True,1.0,4608,8192,ENSG00000171466,196608
196608,26,196608,98304,13,12,12,1,103936.0,5632.0,False,True,1.0,4608,8192,ENSG00000188868,196608
196608,26,196608,98304,13,12,12,1,103936.0,5632.0,False,True,1.0,4608,8192,ENSG00000249709,196608
196608,26,196608,98304,13,12,12,1,103936.0,5632.0,False,True,1.0,4608,8192,ENSG00000196357,196608
196608,26,196608,98304,13,12,12,1,103936.0,5632.0,False,True,1.0,4608,8192,ENSG00000186017,196608
196608,26,196608,98304,13,12,12,1,103936.0,5632.0,False,True,1.0,4608,8192,ENSG00000189042,196608
196608,26,196608,98304,13,12,12,1,103936.0,5632.0,False,True,1.0,4608,8192,ENSG00000198453,196608
196608,26,196608,98304,13,12,12,1,103936.0,5632.0,False,True,1.0,4608,8192,ENSG00000196437,196608
196608,26,196608,98304,13,12,12,1,103936.0,5632.0,False,True,1.0,4608,8192,ENSG00000171827,196608
196608,26,196608,98304,13,12,12,1,103936.0,5632.0,False,True,1.0,4608,8192,ENSG00000180479,196608
196608,26,196608,98304,13,12,12,1,103936.0,5632.0,False,True,1.0,4608,8192,ENSG00000180938,196608
196608,26,196608,98304,13,12,12,1,103936.0,5632.0,False,True,1.0,4608,8192,ENSG00000189144,196608
196608,26,196608,98304,13,12,12,1,103936.0,5632.0,False,True,1.0,4608,8192,ENSG00000105732,196608
196608,26,196608,98304,13,12,12,1,103936.0,5632.0,False,True,1.0,4608,8192,ENSG00000176472,196608
196608,26,196608,98304,13,12,12,1,103936.0,5632.0,False,True,1.0,4608,8192,ENSG00000124444,196608
196608,26,196608,98304,13,12,12,1,103936.0,5632.0,False,True,1.0,4608,8192,ENSG00000161551,196608
196608,26,196608,98304,13,12,12,1,103936.0,5632.0,False,True,1.0,4608,8192,ENSG00000258405,196608
196608,26,196608,98304,13,12,12,1,103936.0,5632.0,False,True,1.0,4608,8192,ENSG00000218891,196608
196608,26,196608,98304,13,12,12,1,103936.0,5632.0,False,True,1.0,4608,8192,ENSG00000213015,196608
196608,26,196608,98304,13,12,12,1,103936.0,5632.0,False,True,1.0,4608,8192,ENSG00000171425,196608
196608,26,196608,98304,13,12,12,1,103936.0,5632.0,False,True,1.0,4608,8192,ENSG00000018869,196608
196608,26,196608,98304,13,12,12,1,103936.0,5632.0,False,True,1.0,4608,8192,ENSG00000198440,196608
196608,26,196608,98304,13,12,12,1,103936.0,5632.0,False,True,1.0,4608,8192,ENSG00000171574,196608
196608,26,196608,98304,13,12,12,1,103936.0,5632.0,False,True,1.0,4608,8192,ENSG00000196967,196608
196608,26,196608,98304,13,12,12,1,103936.0,5632.0,False,True,1.0,4608,8192,ENSG00000245680,196608
196608,26,196608,98304,13,12,12,1,103936.0,5632.0,False,True,1.0,4608,8192,ENSG00000083828,196608
196608,26,196608,98304,13,12,12,1,103936.0,5632.0,False,True,1.0,4608,8192,ENSG00000198466,196608
196608,26,196608,98304,13,12,12,1,103936.0,5632.0,False,True,1.0,4608,8192,ENSG00000269343,196608
196608,26,196608,98304,13,12,12,1,103936.0,5632.0,False,True,1.0,4608,8192,ENSG00000164048,196608
196608,26,196608,98304,13,12,12,1,103936.0,5632.0,False,True,1.0,4608,8192,ENSG00000166716,196608
196608,26,196608,98304,13,12,12,1,103936.0,5632.0,False,True,1.0,4608,8192,ENSG00000142684,196608
196608,26,196608,98304,13,12,12,1,103936.0,5632.0,False,True,1.0,4608,8192,ENSG00000180626,196608
196608,26,196608,53285,13,6,6,7,103936.0,50651.0,False,True,1.0,4608,8192,ENSG00000272602,196608
196608,26,196608,98304,13,12,12,1,103936.0,5632.0,False,True,1.0,4608,8192,ENSG00000172748,196608
196608,26,196608,98304,13,12,12,1,103936.0,5632.0,False,True,1.0,4608,8192,ENSG00000167981,196608
196608,26,196608,98304,13,12,12,1,103936.0,5632.0,False,True,1.0,4608,8192,ENSG00000167962,196608
196608,26,196608,98304,13,12,12,1,103936.0,5632.0,False,True,1.0,4608,8192,ENSG00000153896,196608
196608,26,196608,98304,13,12,12,1,103936.0,5632.0,False,True,1.0,4608,8192,ENSG00000189190,196608
196608,26,196608,98304,13,12,12,1,103936.0,5632.0,False,True,1.0,4608,8192,ENSG00000196458,196608
196608,26,196608,98304,13,12,12,1,103936.0,5632.0,False,True,1.0,4608,8192,ENSG00000166704,196608
196608,26,196608,98304,13,12,12,1,103936.0,5632.0,False,True,1.0,4608,8192,ENSG00000198182,196608
196608,26,196608,98304,13,12,12,1,103936.0,5632.0,False,True,1.0,4608,8192,ENSG00000168916,196608
196608,26,196608,98304,13,12,12,1,103936.0,5632.0,False,True,1.0,4608,8192,ENSG00000180357,196608
196608,26,196608,98304,13,12,12,1,103936.0,5632.0,False,True,1.0,4608,8192,ENSG00000167554,196608
196608,26,196608,98304,13,12,12,1,103936.0,5632.0,False,True,1.0,4608,8192,ENSG00000213020,196608
196608,26,196608,98304,13,12,12,1,103936.0,5632.0,False,True,1.0,4608,8192,ENSG00000176024,196608
196608,26,196608,98304,13,12,12,1,103936.0,5632.0,False,True,1.0,4608,8192,ENSG00000142556,196608
196608,26,196608,98304,13,12,12,1,103936.0,5632.0,False,True,1.0,4608,8192,ENSG00000197619,196608
196608,26,196608,98304,13,12,12,1,103936.0,5632.0,False,True,1.0,4608,8192,ENSG00000204611,196608
196608,26,196608,98304,13,12,12,1,103936.0,5632.0,False,True,1.0,4608,8192,ENSG00000157657,196608
196608,26,196608,98304,13,12,12,1,103936.0,5632.0,False,True,1.0,4608,8192,ENSG00000177873,196608
196608,26,196608,98304,13,12,12,1,103936.0,5632.0,False,True,1.0,4608,8192,ENSG00000177842,196608
196608,26,196608,98304,13,12,12,1,103936.0,5632.0,False,True,1.0,4608,8192,ENSG00000172888,196608
196608,26,196608,98304,13,12,12,1,103936.0,5632.0,False,True,1.0,4608,8192,ENSG00000173545,196608
196608,26,196608,98304,13,12,12,1,103936.0,5632.0,False,True,1.0,4608,8192,ENSG00000183309,196608
196608,26,196608,98304,13,12,12,1,103936.0,5632.0,False,True,1.0,4608,8192,ENSG00000197566,196608
196608,26,196608,98304,13,12,12,1,103936.0,5632.0,False,True,1.0,4608,8192,ENSG00000257591,196608
196608,26,196608,98304,13,12,12,1,103936.0,5632.0,False,True,1.0,4608,8192,ENSG00000188171,196608
196608,26,196608,98304,13,12,12,1,103936.0,5632.0,False,True,1.0,4608,8192,ENSG00000198551,196608
196608,26,196608,98304,13,12,12,1,103936.0,5632.0,False,True,1.0,4608,8192,ENSG00000197483,196608
196608,26,196608,98304,13,12,12,1,103936.0,5632.0,False,True,1.0,4608,8192,ENSG00000102870,196608
196608,26,196608,98304,13,12,12,1,103936.0,5632.0,False,True,1.0,4608,8192,ENSG00000221994,196608
196608,26,196608,98304,13,12,12,1,103936.0,5632.0,False,True,1.0,4608,8192,ENSG00000075292,196608
196608,26,196608,98304,13,12,12,1,103936.0,5632.0,False,True,1.0,4608,8192,ENSG00000121864,196608
196608,26,196608,98304,13,12,12,1,103936.0,5632.0,False,True,1.0,4608,8192,ENSG00000167528,196608
196608,26,196608,98304,13,12,12,1,103936.0,5632.0,False,True,1.0,4608,8192,ENSG00000122482,196608
196608,26,196608,98304,13,12,12,1,103936.0,5632.0,False,True,1.0,4608,8192,ENSG00000167395,196608
196608,26,196608,98304,13,12,12,1,103936.0,5632.0,False,True,1.0,4608,8192,ENSG00000179930,196608
196608,26,196608,98304,13,12,12,1,103936.0,5632.0,False,True,1.0,4608,8192,ENSG00000198093,196608
196608,26,196608,98304,13,12,12,1,103936.0,5632.0,False,True,1.0,4608,8192,ENSG00000198740,196608
196608,26,196608,98304,13,12,12,1,103936.0,5632.0,False,True,1.0,4608,8192,ENSG00000161914,196608
196608,26,196608,98304,13,12,12,1,103936.0,5632.0,False,True,1.0,4608,8192,ENSG00000175105,196608
196608,26,196608,98304,13,12,12,1,103936.0,5632.0,False,True,1.0,4608,8192,ENSG00000197343,196608
196608,26,196608,98304,13,12,12,1,103936.0,5632.0,False,True,1.0,4608,8192,ENSG00000274349,196608
196608,26,196608,98304,13,12,12,1,103936.0,5632.0,False,True,1.0,4608,8192,ENSG00000144792,196608
196608,26,196608,98304,13,12,12,1,103936.0,5632.0,False,True,1.0,4608,8192,ENSG00000182983,196608
196608,26,196608,98304,13,12,12,1,103936.0,5632.0,False,True,1.0,4608,8192,ENSG00000179195,196608
196608,26,196608,98304,13,12,12,1,103936.0,5632.0,False,True,1.0,4608,8192,ENSG00000197497,196608
196608,26,196608,98304,13,12,12,1,103936.0,5632.0,False,True,1.0,4608,8192,ENSG00000198046,196608
196608,26,196608,98304,13,12,12,1,103936.0,5632.0,False,True,1.0,4608,8192,ENSG00000167394,196608
196608,26,196608,98304,13,12,12,1,103936.0,5632.0,False,True,1.0,4608,8192,ENSG00000188295,196608
196608,26,196608,98304,13,12,12,1,103936.0,5632.0,False,True,1.0,4608,8192,ENSG00000277462,196608
196608,26,196608,98304,13,12,12,1,103936.0,5632.0,False,True,1.0,4608,8192,ENSG00000083814,196608
196608,26,196608,98304,13,12,12,1,103936.0,5632.0,False,True,1.0,4608,8192,ENSG00000171161,196608
196608,26,196608,98304,13,12,12,1,103936.0,5632.0,False,True,1.0,4608,8192,ENSG00000251192,196608
196608,26,196608,98304,13,12,12,1,103936.0,5632.0,False,True,1.0,4608,8192,ENSG00000197372,196608
196608,26,196608,98304,13,12,12,1,103936.0,5632.0,False,True,1.0,4608,8192,ENSG00000196109,196608
196608,26,196608,98304,13,12,12,1,103936.0,5632.0,False,True,1.0,4608,8192,ENSG00000197928,196608
196608,26,196608,98304,13,12,12,1,103936.0,5632.0,False,True,1.0,4608,8192,ENSG00000181450,196608
196608,26,196608,98304,13,12,12,1,103936.0,5632.0,False,True,1.0,4608,8192,ENSG00000197123,196608
196608,26,196608,98304,13,12,12,1,103936.0,5632.0,False,True,1.0,4608,8192,ENSG00000173041,196608
196608,26,196608,98304,13,12,12,1,103936.0,5632.0,False,True,1.0,4608,8192,ENSG00000196172,196608
196608,26,196608,98304,13,12,12,1,103936.0,5632.0,False,True,1.0,4608,8192,ENSG00000197124,196608
196608,26,196608,98304,13,12,12,1,103936.0,5632.0,False,True,1.0,4608,8192,ENSG00000176083,196608
196608,26,196608,98304,13,12,12,1,103936.0,5632.0,False,True,1.0,4608,8192,ENSG00000117010,196608
196608,26,196608,98304,13,12,12,1,103936.0,5632.0,False,True,1.0,4608,8192,ENSG00000143373,196608
196608,26,196608,98304,13,12,12,1,103936.0,5632.0,False,True,1.0,4608,8192,ENSG00000229809,196608
196608,26,196608,98304,13,12,12,1,103936.0,5632.0,False,True,1.0,4608,8192,ENSG00000156853,196608
196608,26,196608,98304,13,12,12,1,103936.0,5632.0,False,True,1.0,4608,8192,ENSG00000164011,196608
195583,26,195583,98304,13,12,12,1,103936.0,5632.0,False,True,1.0,3583,8192,ENSG00000171163,195583
196608,26,196608,98304,13,12,12,1,103936.0,5632.0,False,True,1.0,4608,8192,ENSG00000197472,196608
196608,26,196608,98304,13,12,12,1,103936.0,5632.0,False,True,1.0,4608,8192,ENSG00000185730,196608
196608,26,196608,98304,13,12,12,1,103936.0,5632.0,False,True,1.0,4608,8192,ENSG00000143067,196608
196608,26,196608,98304,13,12,12,1,103936.0,5632.0,False,True,1.0,4608,8192,ENSG00000196110,196608
196608,26,196608,98304,13,12,12,1,103936.0,5632.0,False,True,1.0,4608,8192,ENSG00000196757,196608
196608,26,196608,98304,13,12,12,1,103936.0,5632.0,False,True,1.0,4608,8192,ENSG00000167562,196608
196608,26,196608,98304,13,12,12,1,103936.0,5632.0,False,True,1.0,4608,8192,ENSG00000183779,196608
196608,26,196608,98304,13,12,12,1,103936.0,5632.0,False,True,1.0,4608,8192,ENSG00000164684,196608
196608,26,196608,98304,13,12,12,1,103936.0,5632.0,False,True,1.0,4608,8192,ENSG00000196946,196608
196608,26,196608,98304,13,12,12,1,103936.0,5632.0,False,True,1.0,4608,8192,ENSG00000215356,196608
196608,26,196608,98304,13,12,12,1,103936.0,5632.0,False,True,1.0,4608,8192,ENSG00000215343,196608
196608,26,196608,98304,13,12,12,1,103936.0,5632.0,False,True,1.0,4608,8192,ENSG00000215372,196608
196608,26,196608,98304,13,12,12,1,103936.0,5632.0,False,True,1.0,4608,8192,ENSG00000120963,196608
196608,26,196608,98304,13,12,12,1,103936.0,5632.0,False,True,1.0,4608,8192,ENSG00000181135,196608
196608,26,196608,98304,13,12,12,1,103936.0,5632.0,False,True,1.0,4608,8192,ENSG00000182141,196608
196608,26,196608,98304,13,12,12,1,103936.0,5632.0,False,True,1.0,4608,8192,ENSG00000242852,196608
196608,26,196608,98304,13,12,12,1,103936.0,5632.0,False,True,1.0,4608,8192,ENSG00000140548,196608
196608,26,196608,98304,13,12,12,1,103936.0,5632.0,False,True,1.0,4608,8192,ENSG00000147180,196608
196608,26,196608,98304,13,12,12,1,103936.0,5632.0,False,True,1.0,4608,8192,ENSG00000178665,196608
196608,26,196608,98304,13,12,12,1,103936.0,5632.0,False,True,1.0,4608,8192,ENSG00000160352,196608
196608,26,196608,98304,13,12,12,1,103936.0,5632.0,False,True,1.0,4608,8192,ENSG00000182111,196608
196608,26,196608,98304,13,12,12,1,103936.0,5632.0,False,True,1.0,4608,8192,ENSG00000227124,196608
196608,26,196608,98304,13,12,12,1,103936.0,5632.0,False,True,1.0,4608,8192,ENSG00000250312,196608
196608,26,196608,98304,13,12,12,1,103936.0,5632.0,False,True,1.0,4608,8192,ENSG00000182903,196608
196608,26,196608,98304,13,12,12,1,103936.0,5632.0,False,True,1.0,4608,8192,ENSG00000268696,196608
196608,26,196608,98304,13,12,12,1,103936.0,5632.0,False,True,1.0,4608,8192,ENSG00000196081,196608
196608,26,196608,98304,13,12,12,1,103936.0,5632.0,False,True,1.0,4608,8192,ENSG00000213967,196608
196608,26,196608,98304,13,12,12,1,103936.0,5632.0,False,True,1.0,4608,8192,ENSG00000214652,196608
196608,26,196608,98304,13,12,12,1,103936.0,5632.0,False,True,1.0,4608,8192,ENSG00000269067,196608
196608,26,196608,98304,13,12,12,1,103936.0,5632.0,False,True,1.0,4608,8192,ENSG00000196350,196608
196608,26,196608,98304,13,12,12,1,103936.0,5632.0,False,True,1.0,4608,8192,ENSG00000183850,196608
196608,26,196608,98304,13,12,12,1,103936.0,5632.0,False,True,1.0,4608,8192,ENSG00000186777,196608
196608,26,196608,98304,13,12,12,1,103936.0,5632.0,False,True,1.0,4608,8192,ENSG00000223614,196608
196608,26,196608,98304,13,12,12,1,103936.0,5632.0,False,True,1.0,4608,8192,ENSG00000234444,196608
196608,26,196608,98304,13,12,12,1,103936.0,5632.0,False,True,1.0,4608,8192,ENSG00000237440,196608
196608,26,196608,98304,13,12,12,1,103936.0,5632.0,False,True,1.0,4608,8192,ENSG00000172687,196608
196608,26,196608,98304,13,12,12,1,103936.0,5632.0,False,True,1.0,4608,8192,ENSG00000139651,196608
196608,26,196608,98304,13,12,12,1,103936.0,5632.0,False,True,1.0,4608,8192,ENSG00000181220,196608
196608,26,196608,98304,13,12,12,1,103936.0,5632.0,False,True,1.0,4608,8192,ENSG00000169955,196608
196608,26,196608,98304,13,12,12,1,103936.0,5632.0,False,True,1.0,4608,8192,ENSG00000186230,196608
196608,26,196608,98304,13,12,12,1,103936.0,5632.0,False,True,1.0,4608,8192,ENSG00000141579,196608
196608,26,196608,98304,13,12,12,1,103936.0,5632.0,False,True,1.0,4608,8192,ENSG00000160336,196608
196608,26,196608,98304,13,12,12,1,103936.0,5632.0,False,True,1.0,4608,8192,ENSG00000197054,196608
196608,26,196608,98304,13,12,12,1,103936.0,5632.0,False,True,1.0,4608,8192,ENSG00000169951,196608
196608,26,196608,98304,13,12,12,1,103936.0,5632.0,False,True,1.0,4608,8192,ENSG00000196417,196608
196608,26,196608,98304,13,12,12,1,103936.0,5632.0,False,True,1.0,4608,8192,ENSG00000196214,196608
196608,26,196608,98304,13,12,12,1,103936.0,5632.0,False,True,1.0,4608,8192,ENSG00000169957,196608
196608,26,196608,98304,13,12,12,1,103936.0,5632.0,False,True,1.0,4608,8192,ENSG00000198146,196608
196608,26,196608,98304,13,12,12,1,103936.0,5632.0,False,True,1.0,4608,8192,ENSG00000179965,196608
196608,26,196608,98304,13,12,12,1,103936.0,5632.0,False,True,1.0,4608,8192,ENSG00000197128,196608
196608,26,196608,98304,13,12,12,1,103936.0,5632.0,False,True,1.0,4608,8192,ENSG00000152439,196608
196608,26,196608,98304,13,12,12,1,103936.0,5632.0,False,True,1.0,4608,8192,ENSG00000196391,196608
196608,26,196608,98304,13,12,12,1,103936.0,5632.0,False,True,1.0,4608,8192,ENSG00000196456,196608
196608,26,196608,98304,13,12,12,1,103936.0,5632.0,False,True,1.0,4608,8192,ENSG00000152443,196608
196608,26,196608,98304,13,12,12,1,103936.0,5632.0,False,True,1.0,4608,8192,ENSG00000196453,196608
196608,26,196608,98304,13,12,12,1,103936.0,5632.0,False,True,1.0,4608,8192,ENSG00000170100,196608
196608,26,196608,98304,13,12,12,1,103936.0,5632.0,False,True,1.0,4608,8192,ENSG00000197782,196608
196608,26,196608,98304,13,12,12,1,103936.0,5632.0,False,True,1.0,4608,8192,ENSG00000128000,196608
196608,26,196608,98304,13,12,12,1,103936.0,5632.0,False,True,1.0,4608,8192,ENSG00000196597,196608
196608,26,196608,98304,13,12,12,1,103936.0,5632.0,False,True,1.0,4608,8192,ENSG00000204946,196608
196608,26,196608,98304,13,12,12,1,103936.0,5632.0,False,True,1.0,4608,8192,ENSG00000179922,196608
196608,26,196608,98304,13,12,12,1,103936.0,5632.0,False,True,1.0,4608,8192,ENSG00000197162,196608
196608,26,196608,98304,13,12,12,1,103936.0,5632.0,False,True,1.0,4608,8192,ENSG00000197362,196608
196608,26,196608,98304,13,12,12,1,103936.0,5632.0,False,True,1.0,4608,8192,ENSG00000142409,196608
196608,26,196608,98304,13,12,12,1,103936.0,5632.0,False,True,1.0,4608,8192,ENSG00000198556,196608
196608,26,196608,98304,13,12,12,1,103936.0,5632.0,False,True,1.0,4608,8192,ENSG00000197863,196608
196608,26,196608,98304,13,12,12,1,103936.0,5632.0,False,True,1.0,4608,8192,ENSG00000173875,196608
196608,26,196608,98304,13,12,12,1,103936.0,5632.0,False,True,1.0,4608,8192,ENSG00000180884,196608
196608,26,196608,98304,13,12,12,1,103936.0,5632.0,False,True,1.0,4608,8192,ENSG00000188227,196608
196608,26,196608,98304,13,12,12,1,103936.0,5632.0,False,True,1.0,4608,8192,ENSG00000196466,196608
196608,26,196608,98304,13,12,12,1,103936.0,5632.0,False,True,1.0,4608,8192,ENSG00000048405,196608
196608,26,196608,98304,13,12,12,1,103936.0,5632.0,False,True,1.0,4608,8192,ENSG00000170396,196608
196608,26,196608,98304,13,12,12,1,103936.0,5632.0,False,True,1.0,4608,8192,ENSG00000182348,196608
196608,26,196608,98304,13,12,12,1,103936.0,5632.0,False,True,1.0,4608,8192,ENSG00000204524,196608
196608,26,196608,98304,13,12,12,1,103936.0,5632.0,False,True,1.0,4608,8192,ENSG00000198482,196608
196608,26,196608,98304,13,12,12,1,103936.0,5632.0,False,True,1.0,4608,8192,ENSG00000198346,196608
196608,26,196608,98304,13,12,12,1,103936.0,5632.0,False,True,1.0,4608,8192,ENSG00000204514,196608
196608,26,196608,98304,13,12,12,1,103936.0,5632.0,False,True,1.0,4608,8192,ENSG00000180257,196608
196608,26,196608,98304,13,12,12,1,103936.0,5632.0,False,True,1.0,4608,8192,ENSG00000102984,196608
196608,26,196608,98304,13,12,12,1,103936.0,5632.0,False,True,1.0,4608,8192,ENSG00000197933,196608
196608,26,196608,98304,13,12,12,1,103936.0,5632.0,False,True,1.0,4608,8192,ENSG00000151612,196608
196608,26,196608,98304,13,12,12,1,103936.0,5632.0,False,True,1.0,4608,8192,ENSG00000185869,196608
196608,26,196608,98304,13,12,12,1,103936.0,5632.0,False,True,1.0,4608,8192,ENSG00000198783,196608
196608,26,196608,98304,13,12,12,1,103936.0,5632.0,False,True,1.0,4608,8192,ENSG00000124203,196608
196608,26,196608,98304,13,12,12,1,103936.0,5632.0,False,True,1.0,4608,8192,ENSG00000127903,196608
196608,26,196608,98304,13,12,12,1,103936.0,5632.0,False,True,1.0,4608,8192,ENSG00000196267,196608
196608,26,196608,98304,13,12,12,1,103936.0,5632.0,False,True,1.0,4608,8192,ENSG00000152475,196608
196608,26,196608,98304,13,12,12,1,103936.0,5632.0,False,True,1.0,4608,8192,ENSG00000022976,196608
196608,26,196608,98304,13,12,12,1,103936.0,5632.0,False,True,1.0,4608,8192,ENSG00000197608,196608
196608,26,196608,98304,13,12,12,1,103936.0,5632.0,False,True,1.0,4608,8192,ENSG00000176723,196608
196608,26,196608,98304,13,12,12,1,103936.0,5632.0,False,True,1.0,4608,8192,ENSG00000223547,196608
196608,26,196608,98304,13,12,12,1,103936.0,5632.0,False,True,1.0,4608,8192,ENSG00000213799,196608
196608,26,196608,98304,13,12,12,1,103936.0,5632.0,False,True,1.0,4608,8192,ENSG00000196605,196608
196608,26,196608,98304,13,12,12,1,103936.0,5632.0,False,True,1.0,4608,8192,ENSG00000267041,196608
196608,26,196608,98304,13,12,12,1,103936.0,5632.0,False,True,1.0,4608,8192,ENSG00000178917,196608
196608,26,196608,98304,13,12,12,1,103936.0,5632.0,False,True,1.0,4608,8192,ENSG00000236609,196608
196608,26,196608,98304,13,12,12,1,103936.0,5632.0,False,True,1.0,4608,8192,ENSG00000197385,196608
196608,26,196608,98304,13,12,12,1,103936.0,5632.0,False,True,1.0,4608,8192,ENSG00000106479,196608
196608,26,196608,98304,13,12,12,1,103936.0,5632.0,False,True,1.0,4608,8192,ENSG00000261221,196608
196608,26,196608,98304,13,12,12,1,103936.0,5632.0,False,True,1.0,4608,8192,ENSG00000181666,196608
196608,26,196608,98304,13,12,12,1,103936.0,5632.0,False,True,1.0,4608,8192,ENSG00000257446,196608
196608,26,196608,98304,13,12,12,1,103936.0,5632.0,False,True,1.0,4608,8192,ENSG00000234284,196608
196608,26,196608,98304,13,12,12,1,103936.0,5632.0,False,True,1.0,4608,8192,ENSG00000221923,196608
196608,26,196608,98304,13,12,12,1,103936.0,5632.0,False,True,1.0,4608,8192,ENSG00000228623,196608
196608,26,196608,98304,13,12,12,1,103936.0,5632.0,False,True,1.0,4608,8192,ENSG00000213793,196608
196608,26,196608,98304,13,12,12,1,103936.0,5632.0,False,True,1.0,4608,8192,ENSG00000214029,196608
196608,26,196608,98304,13,12,12,1,103936.0,5632.0,False,True,1.0,4608,8192,ENSG00000124201,196608
196608,26,196608,98304,13,12,12,1,103936.0,5632.0,False,True,1.0,4608,8192,ENSG00000106400,196608
196608,26,196608,98304,13,12,12,1,103936.0,5632.0,False,True,1.0,4608,8192,ENSG00000174276,196608
196608,26,196608,98304,13,12,12,1,103936.0,5632.0,False,True,1.0,4608,8192,ENSG00000273611,196608
196608,26,196608,98304,13,12,12,1,103936.0,5632.0,False,True,1.0,4608,8192,ENSG00000117174,196608
196608,26,196608,98304,13,12,12,1,103936.0,5632.0,False,True,1.0,4608,8192,ENSG00000109917,196608
196608,26,196608,98304,13,12,12,1,103936.0,5632.0,False,True,1.0,4608,8192,ENSG00000019995,196608
196608,26,196608,98304,13,12,12,1,103936.0,5632.0,False,True,1.0,4608,8192,ENSG00000132485,196608
196608,26,196608,98304,13,12,12,1,103936.0,5632.0,False,True,1.0,4608,8192,ENSG00000121988,196608
196608,26,196608,98304,13,12,12,1,103936.0,5632.0,False,True,1.0,4608,8192,ENSG00000169249,196608
196608,26,196608,98304,13,12,12,1,103936.0,5632.0,False,True,1.0,4608,8192,ENSG00000152467,196608
196608,26,196608,98304,13,12,12,1,103936.0,5632.0,False,True,1.0,4608,8192,ENSG00000176371,196608
196608,26,196608,98304,13,12,12,1,103936.0,5632.0,False,True,1.0,4608,8192,ENSG00000180532,196608
196608,26,196608,98304,13,12,12,1,103936.0,5632.0,False,True,1.0,4608,8192,ENSG00000131848,196608
196608,26,196608,98304,13,12,12,1,103936.0,5632.0,False,True,1.0,4608,8192,ENSG00000197213,196608
196608,26,196608,98304,13,12,12,1,103936.0,5632.0,False,True,1.0,4608,8192,ENSG00000204532,196608
196608,26,196608,98304,13,12,12,1,103936.0,5632.0,False,True,1.0,4608,8192,ENSG00000137185,196608
196608,26,196608,98304,13,12,12,1,103936.0,5632.0,False,True,1.0,4608,8192,ENSG00000130182,196608
196608,26,196608,98304,13,12,12,1,103936.0,5632.0,False,True,1.0,4608,8192,ENSG00000158691,196608
196608,26,196608,98304,13,12,12,1,103936.0,5632.0,False,True,1.0,4608,8192,ENSG00000196812,196608
196608,26,196608,98304,13,12,12,1,103936.0,5632.0,False,True,1.0,4608,8192,ENSG00000121413,196608
196608,26,196608,98304,13,12,12,1,103936.0,5632.0,False,True,1.0,4608,8192,ENSG00000121903,196608
196608,26,196608,98304,13,12,12,1,103936.0,5632.0,False,True,1.0,4608,8192,ENSG00000166529,196608
196608,26,196608,98304,13,12,12,1,103936.0,5632.0,False,True,1.0,4608,8192,ENSG00000182318,196608
196608,26,196608,98304,13,12,12,1,103936.0,5632.0,False,True,1.0,4608,8192,ENSG00000187987,196608
196608,26,196608,98304,13,12,12,1,103936.0,5632.0,False,True,1.0,4608,8192,ENSG00000197037,196608
196608,26,196608,98304,13,12,12,1,103936.0,5632.0,False,True,1.0,4608,8192,ENSG00000197062,196608
196608,26,196608,98304,13,12,12,1,103936.0,5632.0,False,True,1.0,4608,8192,ENSG00000140265,196608
196608,26,196608,98304,13,12,12,1,103936.0,5632.0,False,True,1.0,4608,8192,ENSG00000186814,196608
196608,26,196608,98304,13,12,12,1,103936.0,5632.0,False,True,1.0,4608,8192,ENSG00000235109,196608
196608,26,196608,98304,13,12,12,1,103936.0,5632.0,False,True,1.0,4608,8192,ENSG00000140987,196608
196608,26,196608,98304,13,12,12,1,103936.0,5632.0,False,True,1.0,4608,8192,ENSG00000168612,196608
196608,26,196608,98304,13,12,12,1,103936.0,5632.0,False,True,1.0,4608,8192,ENSG00000163012,196608
196608,26,196608,98304,13,12,12,1,103936.0,5632.0,False,True,1.0,4608,8192,ENSG00000132801,196608
196608,26,196608,98304,13,12,12,1,103936.0,5632.0,False,True,1.0,4608,8192,ENSG00000132003,196608
196608,26,196608,98304,13,12,12,1,103936.0,5632.0,False,True,1.0,4608,8192,ENSG00000162415,196608
196608,26,196608,98304,13,12,12,1,103936.0,5632.0,False,True,1.0,4608,8192,ENSG00000130449,196608
196608,26,196608,98304,13,12,12,1,103936.0,5632.0,False,True,1.0,4608,8192,ENSG00000214941,196608
196608,26,196608,98304,13,12,12,1,103936.0,5632.0,False,True,1.0,4608,8192,ENSG00000214655,196608
196608,26,196608,98304,13,12,12,1,103936.0,5632.0,False,True,1.0,4608,8192,ENSG00000185453,196608
196608,26,196608,98304,13,12,12,1,103936.0,5632.0,False,True,1.0,4608,8192,ENSG00000153975,196608
196608,26,196608,98304,13,12,12,1,103936.0,5632.0,False,True,1.0,4608,8192,ENSG00000198205,196608
196608,26,196608,98304,13,12,12,1,103936.0,5632.0,False,True,1.0,4608,8192,ENSG00000198455,196608
196608,26,196608,98304,13,12,12,1,103936.0,5632.0,False,True,1.0,4608,8192,ENSG00000070476,196608
196608,26,196608,98304,13,12,12,1,103936.0,5632.0,False,True,1.0,4608,8192,ENSG00000074755,196608
196608,26,196608,98304,13,12,12,1,103936.0,5632.0,False,True,1.0,4608,8192,ENSG00000036549,196608
196608,26,196608,98304,13,12,12,1,103936.0,5632.0,False,True,1.0,4608,8192,ENSG00000113722,196608
196608,26,196608,98304,13,12,12,1,103936.0,5632.0,False,True,1.0,4608,8192,ENSG00000165556,196608
196608,26,196608,98304,13,12,12,1,103936.0,5632.0,False,True,1.0,4608,8192,ENSG00000131264,196608
196608,26,196608,98304,13,12,12,1,103936.0,5632.0,False,True,1.0,4608,8192,ENSG00000143418,196608
196608,26,196608,98304,13,12,12,1,103936.0,5632.0,False,True,1.0,4608,8192,ENSG00000154227,196608
196608,26,196608,98304,13,12,12,1,103936.0,5632.0,False,True,1.0,4608,8192,ENSG00000090661,196608
196608,26,196608,98304,13,12,12,1,103936.0,5632.0,False,True,1.0,4608,8192,ENSG00000139624,196608
196608,26,196608,98304,13,12,12,1,103936.0,5632.0,False,True,1.0,4608,8192,ENSG00000172292,196608
148151,20,148151,98304,10,12,12,-2,80896.0,-17408.0,False,True,1.0,2231,8192,ENSG00000198824,148151
196608,26,196608,98304,13,12,12,1,103936.0,5632.0,False,True,1.0,4608,8192,ENSG00000148337,196608
196608,26,196608,98304,13,12,12,1,103936.0,5632.0,False,True,1.0,4608,8192,ENSG00000134852,196608
196608,26,196608,98304,13,12,12,1,103936.0,5632.0,False,True,1.0,4608,8192,ENSG00000169714,196608
196608,26,196608,98304,13,12,12,1,103936.0,5632.0,False,True,1.0,4608,8192,ENSG00000080802,196608
196608,26,196608,98304,13,12,12,1,103936.0,5632.0,False,True,1.0,4608,8192,ENSG00000160917,196608
196608,26,196608,98304,13,12,12,1,103936.0,5632.0,False,True,1.0,4608,8192,ENSG00000187959,196608
196608,26,196608,98304,13,12,12,1,103936.0,5632.0,False,True,1.0,4608,8192,ENSG00000147183,196608
196608,26,196608,98304,13,12,12,1,103936.0,5632.0,False,True,1.0,4608,8192,ENSG00000107175,196608
196608,26,196608,98304,13,12,12,1,103936.0,5632.0,False,True,1.0,4608,8192,ENSG00000157613,196608
196608,26,196608,98304,13,12,12,1,103936.0,5632.0,False,True,1.0,4608,8192,ENSG00000182158,196608
196608,26,196608,98304,13,12,12,1,103936.0,5632.0,False,True,1.0,4608,8192,ENSG00000060566,196608
196608,26,196608,98304,13,12,12,1,103936.0,5632.0,False,True,1.0,4608,8192,ENSG00000143578,196608
196608,26,196608,98304,13,12,12,1,103936.0,5632.0,False,True,1.0,4608,8192,ENSG00000146592,196608
196608,26,196608,98304,13,12,12,1,103936.0,5632.0,False,True,1.0,4608,8192,ENSG00000005339,196608
196608,26,196608,98304,13,12,12,1,103936.0,5632.0,False,True,1.0,4608,8192,ENSG00000105392,196608
196608,26,196608,98304,13,12,12,1,103936.0,5632.0,False,True,1.0,4608,8192,ENSG00000102974,196608
196608,26,196608,98304,13,12,12,1,103936.0,5632.0,False,True,1.0,4608,8192,ENSG00000257923,196608
196608,26,196608,98304,13,12,12,1,103936.0,5632.0,False,True,1.0,4608,8192,ENSG00000111249,196608
196608,26,196608,98304,13,12,12,1,103936.0,5632.0,False,True,1.0,4608,8192,ENSG00000154832,196608
196608,26,196608,98304,13,12,12,1,103936.0,5632.0,False,True,1.0,4608,8192,ENSG00000168772,196608
196608,26,196608,98304,13,12,12,1,103936.0,5632.0,False,True,1.0,4608,8192,ENSG00000171604,196608
196608,26,196608,98304,13,12,12,1,103936.0,5632.0,False,True,1.0,4608,8192,ENSG00000006634,196608
196608,26,196608,98304,13,12,12,1,103936.0,5632.0,False,True,1.0,4608,8192,ENSG00000161692,196608
196608,26,196608,98304,13,12,12,1,103936.0,5632.0,False,True,1.0,4608,8192,ENSG00000105516,196608
196608,26,196608,98304,13,12,12,1,103936.0,5632.0,False,True,1.0,4608,8192,ENSG00000109851,196608
196608,26,196608,98304,13,12,12,1,103936.0,5632.0,False,True,1.0,4608,8192,ENSG00000185610,196608
196608,26,196608,98304,13,12,12,1,103936.0,5632.0,False,True,1.0,4608,8192,ENSG00000198924,196608
196608,26,196608,98304,13,12,12,1,103936.0,5632.0,False,True,1.0,4608,8192,ENSG00000118197,196608
196608,26,196608,98304,13,12,12,1,103936.0,5632.0,False,True,1.0,4608,8192,ENSG00000177030,196608
196608,26,196608,98304,13,12,12,1,103936.0,5632.0,False,True,1.0,4608,8192,ENSG00000163214,196608
196608,26,196608,98304,13,12,12,1,103936.0,5632.0,False,True,1.0,4608,8192,ENSG00000144355,196608
196608,26,196608,98304,13,12,12,1,103936.0,5632.0,False,True,1.0,4608,8192,ENSG00000115844,196608
196608,26,196608,98304,13,12,12,1,103936.0,5632.0,False,True,1.0,4608,8192,ENSG00000064195,196608
196608,26,196608,98304,13,12,12,1,103936.0,5632.0,False,True,1.0,4608,8192,ENSG00000108813,196608
196608,26,196608,98304,13,12,12,1,103936.0,5632.0,False,True,1.0,4608,8192,ENSG00000105880,196608
196608,26,196608,98304,13,12,12,1,103936.0,5632.0,False,True,1.0,4608,8192,ENSG00000006377,196608
196608,26,196608,98304,13,12,12,1,103936.0,5632.0,False,True,1.0,4608,8192,ENSG00000197587,196608
196608,26,196608,98304,13,12,12,1,103936.0,5632.0,False,True,1.0,4608,8192,ENSG00000198947,196608
196608,26,196608,98304,13,12,12,1,103936.0,5632.0,False,True,1.0,4608,8192,ENSG00000168724,196608
196608,26,196608,98304,13,12,12,1,103936.0,5632.0,False,True,1.0,4608,8192,ENSG00000213221,196608
196608,26,196608,98304,13,12,12,1,103936.0,5632.0,False,True,1.0,4608,8192,ENSG00000130816,196608
196608,26,196608,98304,13,12,12,1,103936.0,5632.0,False,True,1.0,4608,8192,ENSG00000011332,196608
196608,26,196608,98304,13,12,12,1,103936.0,5632.0,False,True,1.0,4608,8192,ENSG00000133884,196608
196608,26,196608,98304,13,12,12,1,103936.0,5632.0,False,True,1.0,4608,8192,ENSG00000205683,196608
196608,26,196608,98304,13,12,12,1,103936.0,5632.0,False,True,1.0,4608,8192,ENSG00000204595,196608
196608,26,196608,98304,13,12,12,1,103936.0,5632.0,False,True,1.0,4608,8192,ENSG00000165606,196608
196608,26,196608,98304,13,12,12,1,103936.0,5632.0,False,True,1.0,4608,8192,ENSG00000102385,196608
196608,26,196608,98304,13,12,12,1,103936.0,5632.0,False,True,1.0,4608,8192,ENSG00000134769,196608
196608,26,196608,98304,13,12,12,1,103936.0,5632.0,False,True,1.0,4608,8192,ENSG00000138101,196608
196608,26,196608,98304,13,12,12,1,103936.0,5632.0,False,True,1.0,4608,8192,ENSG00000141994,196608
196608,26,196608,98304,13,12,12,1,103936.0,5632.0,False,True,1.0,4608,8192,ENSG00000081721,196608
196608,26,196608,98304,13,12,12,1,103936.0,5632.0,False,True,1.0,4608,8192,ENSG00000258873,196608
196608,26,196608,98304,13,12,12,1,103936.0,5632.0,False,True,1.0,4608,8192,ENSG00000282757,196608
196608,26,196608,98304,13,12,12,1,103936.0,5632.0,False,True,1.0,4608,8192,ENSG00000232125,196608
196608,26,196608,98304,13,12,12,1,103936.0,5632.0,False,True,1.0,4608,8192,ENSG00000134874,196608
196608,26,196608,98304,13,12,12,1,103936.0,5632.0,False,True,1.0,4608,8192,ENSG00000158163,196608
196608,26,196608,98304,13,12,12,1,103936.0,5632.0,False,True,1.0,4608,8192,ENSG00000101412,196608
196608,26,196608,98304,13,12,12,1,103936.0,5632.0,False,True,1.0,4608,8192,ENSG00000007968,196608
196608,26,196608,98304,13,12,12,1,103936.0,5632.0,False,True,1.0,4608,8192,ENSG00000112242,196608
196608,26,196608,98304,13,12,12,1,103936.0,5632.0,False,True,1.0,4608,8192,ENSG00000205250,196608
196608,26,196608,98304,13,12,12,1,103936.0,5632.0,False,True,1.0,4608,8192,ENSG00000133740,196608
196608,26,196608,98304,13,12,12,1,103936.0,5632.0,False,True,1.0,4608,8192,ENSG00000169016,196608
196608,26,196608,98304,13,12,12,1,103936.0,5632.0,False,True,1.0,4608,8192,ENSG00000165891,196608
196608,26,196608,98304,13,12,12,1,103936.0,5632.0,False,True,1.0,4608,8192,ENSG00000129173,196608
196608,26,196608,98304,13,12,12,1,103936.0,5632.0,False,True,1.0,4608,8192,ENSG00000167967,196608
196608,26,196608,98304,13,12,12,1,103936.0,5632.0,False,True,1.0,4608,8192,ENSG00000164330,196608
196608,26,196608,98304,13,12,12,1,103936.0,5632.0,False,True,1.0,4608,8192,ENSG00000221818,196608
196608,26,196608,98304,13,12,12,1,103936.0,5632.0,False,True,1.0,4608,8192,ENSG00000108001,196608
196608,26,196608,98304,13,12,12,1,103936.0,5632.0,False,True,1.0,4608,8192,ENSG00000088881,196608
196608,26,196608,98304,13,12,12,1,103936.0,5632.0,False,True,1.0,4608,8192,ENSG00000102189,196608
196608,26,196608,98304,13,12,12,1,103936.0,5632.0,False,True,1.0,4608,8192,ENSG00000135766,196608
196608,26,196608,98304,13,12,12,1,103936.0,5632.0,False,True,1.0,4608,8192,ENSG00000120738,196608
196608,26,196608,98304,13,12,12,1,103936.0,5632.0,False,True,1.0,4608,8192,ENSG00000122877,196608
196608,26,196608,98304,13,12,12,1,103936.0,5632.0,False,True,1.0,4608,8192,ENSG00000179388,196608
196608,26,196608,98304,13,12,12,1,103936.0,5632.0,False,True,1.0,4608,8192,ENSG00000135625,196608
196608,26,196608,98304,13,12,12,1,103936.0,5632.0,False,True,1.0,4608,8192,ENSG00000135373,196608
196608,26,196608,98304,13,12,12,1,103936.0,5632.0,False,True,1.0,4608,8192,ENSG00000120690,196608
196608,26,196608,98304,13,12,12,1,103936.0,5632.0,False,True,1.0,4608,8192,ENSG00000109381,196608
196608,26,196608,98304,13,12,12,1,103936.0,5632.0,False,True,1.0,4608,8192,ENSG00000163435,196608
196608,26,196608,98304,13,12,12,1,103936.0,5632.0,False,True,1.0,4608,8192,ENSG00000102034,196608
196608,26,196608,98304,13,12,12,1,103936.0,5632.0,False,True,1.0,4608,8192,ENSG00000135374,196608
196608,26,196608,98304,13,12,12,1,103936.0,5632.0,False,True,1.0,4608,8192,ENSG00000126767,196608
196608,26,196608,98304,13,12,12,1,103936.0,5632.0,False,True,1.0,4608,8192,ENSG00000111145,196608
196608,26,196608,98304,13,12,12,1,103936.0,5632.0,False,True,1.0,4608,8192,ENSG00000158711,196608
196608,26,196608,98304,13,12,12,1,103936.0,5632.0,False,True,1.0,4608,8192,ENSG00000135638,196608
196608,26,196608,98304,13,12,12,1,103936.0,5632.0,False,True,1.0,4608,8192,ENSG00000170370,196608
196608,26,196608,98304,13,12,12,1,103936.0,5632.0,False,True,1.0,4608,8192,ENSG00000163064,196608
196608,26,196608,98304,13,12,12,1,103936.0,5632.0,False,True,1.0,4608,8192,ENSG00000164778,196608
196608,26,196608,98304,13,12,12,1,103936.0,5632.0,False,True,1.0,4608,8192,ENSG00000163508,196608
196608,26,196608,98304,13,12,12,1,103936.0,5632.0,False,True,1.0,4608,8192,ENSG00000100393,196608
196608,26,196608,98304,13,12,12,1,103936.0,5632.0,False,True,1.0,4608,8192,ENSG00000116016,196608
196608,26,196608,98304,13,12,12,1,103936.0,5632.0,False,True,1.0,4608,8192,ENSG00000104884,196608
196608,26,196608,98304,13,12,12,1,103936.0,5632.0,False,True,1.0,4608,8192,ENSG00000163161,196608
196608,26,196608,98304,13,12,12,1,103936.0,5632.0,False,True,1.0,4608,8192,ENSG00000105722,196608
196608,26,196608,98304,13,12,12,1,103936.0,5632.0,False,True,1.0,4608,8192,ENSG00000157554,196608
196608,26,196608,98304,13,12,12,1,103936.0,5632.0,False,True,1.0,4608,8192,ENSG00000196678,196608
196608,26,196608,98304,13,12,12,1,103936.0,5632.0,False,True,1.0,4608,8192,ENSG00000164588,196608
196608,26,196608,98304,13,12,12,1,103936.0,5632.0,False,True,1.0,4608,8192,ENSG00000099822,196608
196608,26,196608,98304,13,12,12,1,103936.0,5632.0,False,True,1.0,4608,8192,ENSG00000143630,196608
196608,26,196608,98304,13,12,12,1,103936.0,5632.0,False,True,1.0,4608,8192,ENSG00000138622,196608
196608,26,196608,98304,13,12,12,1,103936.0,5632.0,False,True,1.0,4608,8192,ENSG00000122986,196608
196608,26,196608,98304,13,12,12,1,103936.0,5632.0,False,True,1.0,4608,8192,ENSG00000111262,196608
196608,26,196608,98304,13,12,12,1,103936.0,5632.0,False,True,1.0,4608,8192,ENSG00000177301,196608
196608,26,196608,98304,13,12,12,1,103936.0,5632.0,False,True,1.0,4608,8192,ENSG00000177272,196608
196608,26,196608,98304,13,12,12,1,103936.0,5632.0,False,True,1.0,4608,8192,ENSG00000182255,196608
196608,26,196608,98304,13,12,12,1,103936.0,5632.0,False,True,1.0,4608,8192,ENSG00000130037,196608
196608,26,196608,98304,13,12,12,1,103936.0,5632.0,False,True,1.0,4608,8192,ENSG00000151079,196608
196608,26,196608,98304,13,12,12,1,103936.0,5632.0,False,True,1.0,4608,8192,ENSG00000104848,196608
196608,26,196608,98304,13,12,12,1,103936.0,5632.0,False,True,1.0,4608,8192,ENSG00000143105,196608
196608,26,196608,98304,13,12,12,1,103936.0,5632.0,False,True,1.0,4608,8192,ENSG00000158445,196608
196608,26,196608,98304,13,12,12,1,103936.0,5632.0,False,True,1.0,4608,8192,ENSG00000182674,196608
196608,26,196608,98304,13,12,12,1,103936.0,5632.0,False,True,1.0,4608,8192,ENSG00000129159,196608
196608,26,196608,98304,13,12,12,1,103936.0,5632.0,False,True,1.0,4608,8192,ENSG00000166006,196608
196608,26,196608,98304,13,12,12,1,103936.0,5632.0,False,True,1.0,4608,8192,ENSG00000131398,196608
196608,26,196608,98304,13,12,12,1,103936.0,5632.0,False,True,1.0,4608,8192,ENSG00000116396,196608
196608,26,196608,98304,13,12,12,1,103936.0,5632.0,False,True,1.0,4608,8192,ENSG00000102057,196608
196608,26,196608,98304,13,12,12,1,103936.0,5632.0,False,True,1.0,4608,8192,ENSG00000184408,196608
196608,26,196608,98304,13,12,12,1,103936.0,5632.0,False,True,1.0,4608,8192,ENSG00000171385,196608
196608,26,196608,98304,13,12,12,1,103936.0,5632.0,False,True,1.0,4608,8192,ENSG00000162975,196608
196608,26,196608,98304,13,12,12,1,103936.0,5632.0,False,True,1.0,4608,8192,ENSG00000026559,196608
196608,26,196608,98304,13,12,12,1,103936.0,5632.0,False,True,1.0,4608,8192,ENSG00000178342,196608
196608,26,196608,98304,13,12,12,1,103936.0,5632.0,False,True,1.0,4608,8192,ENSG00000171126,196608
196608,26,196608,98304,13,12,12,1,103936.0,5632.0,False,True,1.0,4608,8192,ENSG00000168418,196608
196608,26,196608,98304,13,12,12,1,103936.0,5632.0,False,True,1.0,4608,8192,ENSG00000143473,196608
196608,26,196608,98304,13,12,12,1,103936.0,5632.0,False,True,1.0,4608,8192,ENSG00000055118,196608
196608,26,196608,98304,13,12,12,1,103936.0,5632.0,False,True,1.0,4608,8192,ENSG00000135519,196608
196608,26,196608,98304,13,12,12,1,103936.0,5632.0,False,True,1.0,4608,8192,ENSG00000089558,196608
196608,26,196608,98304,13,12,12,1,103936.0,5632.0,False,True,1.0,4608,8192,ENSG00000140015,196608
196608,26,196608,98304,13,12,12,1,103936.0,5632.0,False,True,1.0,4608,8192,ENSG00000173826,196608
196608,26,196608,98304,13,12,12,1,103936.0,5632.0,False,True,1.0,4608,8192,ENSG00000184611,196608
196608,26,196608,98304,13,12,12,1,103936.0,5632.0,False,True,1.0,4608,8192,ENSG00000183960,196608
196608,26,196608,98304,13,12,12,1,103936.0,5632.0,False,True,1.0,4608,8192,ENSG00000151704,196608
196608,26,196608,98304,13,12,12,1,103936.0,5632.0,False,True,1.0,4608,8192,ENSG00000123700,196608
196608,26,196608,98304,13,12,12,1,103936.0,5632.0,False,True,1.0,4608,8192,ENSG00000162989,196608
196608,26,196608,98304,13,12,12,1,103936.0,5632.0,False,True,1.0,4608,8192,ENSG00000168135,196608
196608,26,196608,98304,13,12,12,1,103936.0,5632.0,False,True,1.0,4608,8192,ENSG00000120457,196608
196608,26,196608,98304,13,12,12,1,103936.0,5632.0,False,True,1.0,4608,8192,ENSG00000157542,196608
196608,26,196608,98304,13,12,12,1,103936.0,5632.0,False,True,1.0,4608,8192,ENSG00000121361,196608
196608,26,196608,98304,13,12,12,1,103936.0,5632.0,False,True,1.0,4608,8192,ENSG00000162728,196608
196608,26,196608,98304,13,12,12,1,103936.0,5632.0,False,True,1.0,4608,8192,ENSG00000177807,196608
196608,26,196608,98304,13,12,12,1,103936.0,5632.0,False,True,1.0,4608,8192,ENSG00000187486,196608
196608,26,196608,98304,13,12,12,1,103936.0,5632.0,False,True,1.0,4608,8192,ENSG00000184185,196608
196608,26,196608,98304,13,12,12,1,103936.0,5632.0,False,True,1.0,4608,8192,ENSG00000115474,196608
196608,26,196608,98304,13,12,12,1,103936.0,5632.0,False,True,1.0,4608,8192,ENSG00000182324,196608
196608,26,196608,98304,13,12,12,1,103936.0,5632.0,False,True,1.0,4608,8192,ENSG00000157551,196608
196608,26,196608,98304,13,12,12,1,103936.0,5632.0,False,True,1.0,4608,8192,ENSG00000153822,196608
196608,26,196608,98304,13,12,12,1,103936.0,5632.0,False,True,1.0,4608,8192,ENSG00000260458,196608
196608,26,196608,98304,13,12,12,1,103936.0,5632.0,False,True,1.0,4608,8192,ENSG00000135750,196608
196608,26,196608,98304,13,12,12,1,103936.0,5632.0,False,True,1.0,4608,8192,ENSG00000082482,196608
196608,26,196608,98304,13,12,12,1,103936.0,5632.0,False,True,1.0,4608,8192,ENSG00000171303,196608
196608,26,196608,98304,13,12,12,1,103936.0,5632.0,False,True,1.0,4608,8192,ENSG00000182450,196608
196608,26,196608,98304,13,12,12,1,103936.0,5632.0,False,True,1.0,4608,8192,ENSG00000164626,196608
196608,26,196608,98304,13,12,12,1,103936.0,5632.0,False,True,1.0,4608,8192,ENSG00000099337,196608
196608,26,196608,98304,13,12,12,1,103936.0,5632.0,False,True,1.0,4608,8192,ENSG00000173338,196608
196608,26,196608,98304,13,12,12,1,103936.0,5632.0,False,True,1.0,4608,8192,ENSG00000169427,196608
196608,26,196608,98304,13,12,12,1,103936.0,5632.0,False,True,1.0,4608,8192,ENSG00000100433,196608
196608,26,196608,98304,13,12,12,1,103936.0,5632.0,False,True,1.0,4608,8192,ENSG00000184261,196608
196608,26,196608,98304,13,12,12,1,103936.0,5632.0,False,True,1.0,4608,8192,ENSG00000152315,196608
196608,26,196608,98304,13,12,12,1,103936.0,5632.0,False,True,1.0,4608,8192,ENSG00000124249,196608
196608,26,196608,98304,13,12,12,1,103936.0,5632.0,False,True,1.0,4608,8192,ENSG00000095981,196608
196608,26,196608,98304,13,12,12,1,103936.0,5632.0,False,True,1.0,4608,8192,ENSG00000124780,196608
196608,26,196608,98304,13,12,12,1,103936.0,5632.0,False,True,1.0,4608,8192,ENSG00000186795,196608
196608,26,196608,98304,13,12,12,1,103936.0,5632.0,False,True,1.0,4608,8192,ENSG00000156113,196608
196608,26,196608,98304,13,12,12,1,103936.0,5632.0,False,True,1.0,4608,8192,ENSG00000145936,196608
196608,26,196608,98304,13,12,12,1,103936.0,5632.0,False,True,1.0,4608,8192,ENSG00000197584,196608
196608,26,196608,98304,13,12,12,1,103936.0,5632.0,False,True,1.0,4608,8192,ENSG00000171121,196608
196608,26,196608,98304,13,12,12,1,103936.0,5632.0,False,True,1.0,4608,8192,ENSG00000135643,196608
196608,26,196608,98304,13,12,12,1,103936.0,5632.0,False,True,1.0,4608,8192,ENSG00000105642,196608
196608,26,196608,98304,13,12,12,1,103936.0,5632.0,False,True,1.0,4608,8192,ENSG00000080709,196608
196608,26,196608,98304,13,12,12,1,103936.0,5632.0,False,True,1.0,4608,8192,ENSG00000143603,196608
196608,26,196608,98304,13,12,12,1,103936.0,5632.0,False,True,1.0,4608,8192,ENSG00000104783,196608
196608,26,196608,98304,13,12,12,1,103936.0,5632.0,False,True,1.0,4608,8192,ENSG00000053918,196608
196608,26,196608,98304,13,12,12,1,103936.0,5632.0,False,True,1.0,4608,8192,ENSG00000075043,196608
196608,26,196608,98304,13,12,12,1,103936.0,5632.0,False,True,1.0,4608,8192,ENSG00000184156,196608
196608,26,196608,98304,13,12,12,1,103936.0,5632.0,False,True,1.0,4608,8192,ENSG00000117013,196608
196608,26,196608,98304,13,12,12,1,103936.0,5632.0,False,True,1.0,4608,8192,ENSG00000185760,196608
196608,26,196608,98304,13,12,12,1,103936.0,5632.0,False,True,1.0,4608,8192,ENSG00000124134,196608
196608,26,196608,98304,13,12,12,1,103936.0,5632.0,False,True,1.0,4608,8192,ENSG00000156486,196608
196608,26,196608,98304,13,12,12,1,103936.0,5632.0,False,True,1.0,4608,8192,ENSG00000170745,196608
196608,26,196608,98304,13,12,12,1,103936.0,5632.0,False,True,1.0,4608,8192,ENSG00000107147,196608
196608,26,196608,98304,13,12,12,1,103936.0,5632.0,False,True,1.0,4608,8192,ENSG00000162687,196608
196608,26,196608,98304,13,12,12,1,103936.0,5632.0,False,True,1.0,4608,8192,ENSG00000215262,196608
196608,26,196608,98304,13,12,12,1,103936.0,5632.0,False,True,1.0,4608,8192,ENSG00000164794,196608
196608,26,196608,98304,13,12,12,1,103936.0,5632.0,False,True,1.0,4608,8192,ENSG00000168263,196608
196608,26,196608,98304,13,12,12,1,103936.0,5632.0,False,True,1.0,4608,8192,ENSG00000136802,196608
196608,26,196608,98304,13,12,12,1,103936.0,5632.0,False,True,1.0,4608,8192,ENSG00000197147,196608
196608,26,196608,98304,13,12,12,1,103936.0,5632.0,False,True,1.0,4608,8192,ENSG00000171488,196608
196608,26,196608,98304,13,12,12,1,103936.0,5632.0,False,True,1.0,4608,8192,ENSG00000171492,196608
196608,26,196608,98304,13,12,12,1,103936.0,5632.0,False,True,1.0,4608,8192,ENSG00000171017,196608
196608,26,196608,98304,13,12,12,1,103936.0,5632.0,False,True,1.0,4608,8192,ENSG00000110881,196608
196608,26,196608,98304,13,12,12,1,103936.0,5632.0,False,True,1.0,4608,8192,ENSG00000108684,196608
196608,26,196608,98304,13,12,12,1,103936.0,5632.0,False,True,1.0,4608,8192,ENSG00000213199,196608
196608,26,196608,98304,13,12,12,1,103936.0,5632.0,False,True,1.0,4608,8192,ENSG00000072182,196608
196608,26,196608,98304,13,12,12,1,103936.0,5632.0,False,True,1.0,4608,8192,ENSG00000256394,196608
196608,26,196608,98304,13,12,12,1,103936.0,5632.0,False,True,1.0,4608,8192,ENSG00000090674,196608
196608,26,196608,98304,13,12,12,1,103936.0,5632.0,False,True,1.0,4608,8192,ENSG00000153898,196608
196608,26,196608,98304,13,12,12,1,103936.0,5632.0,False,True,1.0,4608,8192,ENSG00000055732,196608
196608,26,196608,98304,13,12,12,1,103936.0,5632.0,False,True,1.0,4608,8192,ENSG00000102452,196608
196608,26,196608,98304,13,12,12,1,103936.0,5632.0,False,True,1.0,4608,8192,ENSG00000103335,196608
196608,26,196608,98304,13,12,12,1,103936.0,5632.0,False,True,1.0,4608,8192,ENSG00000154864,196608
196608,26,196608,98304,13,12,12,1,103936.0,5632.0,False,True,1.0,4608,8192,ENSG00000118762,196608
196608,26,196608,98304,13,12,12,1,103936.0,5632.0,False,True,1.0,4608,8192,ENSG00000107593,196608
196608,26,196608,98304,13,12,12,1,103936.0,5632.0,False,True,1.0,4608,8192,ENSG00000078795,196608
196608,26,196608,98304,13,12,12,1,103936.0,5632.0,False,True,1.0,4608,8192,ENSG00000144285,196608
196608,26,196608,98304,13,12,12,1,103936.0,5632.0,False,True,1.0,4608,8192,ENSG00000105711,196608
196608,26,196608,98304,13,12,12,1,103936.0,5632.0,False,True,1.0,4608,8192,ENSG00000136531,196608
196608,26,196608,98304,13,12,12,1,103936.0,5632.0,False,True,1.0,4608,8192,ENSG00000149575,196608
196608,26,196608,98304,13,12,12,1,103936.0,5632.0,False,True,1.0,4608,8192,ENSG00000153253,196608
196608,26,196608,98304,13,12,12,1,103936.0,5632.0,False,True,1.0,4608,8192,ENSG00000166257,196608
196608,26,196608,98304,13,12,12,1,103936.0,5632.0,False,True,1.0,4608,8192,ENSG00000007314,196608
196608,26,196608,98304,13,12,12,1,103936.0,5632.0,False,True,1.0,4608,8192,ENSG00000177098,196608
196608,26,196608,98304,13,12,12,1,103936.0,5632.0,False,True,1.0,4608,8192,ENSG00000183873,196608
196608,26,196608,98304,13,12,12,1,103936.0,5632.0,False,True,1.0,4608,8192,ENSG00000196876,196608
196608,26,196608,98304,13,12,12,1,103936.0,5632.0,False,True,1.0,4608,8192,ENSG00000169432,196608
196608,26,196608,98304,13,12,12,1,103936.0,5632.0,False,True,1.0,4608,8192,ENSG00000185313,196608
196608,26,196608,98304,13,12,12,1,103936.0,5632.0,False,True,1.0,4608,8192,ENSG00000168356,196608
196608,26,196608,98304,13,12,12,1,103936.0,5632.0,False,True,1.0,4608,8192,ENSG00000111319,196608
196608,26,196608,98304,13,12,12,1,103936.0,5632.0,False,True,1.0,4608,8192,ENSG00000168447,196608
196608,26,196608,98304,13,12,12,1,103936.0,5632.0,False,True,1.0,4608,8192,ENSG00000162572,196608
196608,26,196608,98304,13,12,12,1,103936.0,5632.0,False,True,1.0,4608,8192,ENSG00000166828,196608
196608,26,196608,98304,13,12,12,1,103936.0,5632.0,False,True,1.0,4608,8192,ENSG00000141837,196608
196608,26,196608,98304,13,12,12,1,103936.0,5632.0,False,True,1.0,4608,8192,ENSG00000148408,196608
196608,26,196608,98304,13,12,12,1,103936.0,5632.0,False,True,1.0,4608,8192,ENSG00000151067,196608
196608,26,196608,98304,13,12,12,1,103936.0,5632.0,False,True,1.0,4608,8192,ENSG00000157388,196608
196608,26,196608,98304,13,12,12,1,103936.0,5632.0,False,True,1.0,4608,8192,ENSG00000198216,196608
196608,26,196608,98304,13,12,12,1,103936.0,5632.0,False,True,1.0,4608,8192,ENSG00000102001,196608
196608,26,196608,98304,13,12,12,1,103936.0,5632.0,False,True,1.0,4608,8192,ENSG00000006283,196608
196608,26,196608,98304,13,12,12,1,103936.0,5632.0,False,True,1.0,4608,8192,ENSG00000196557,196608
196608,26,196608,98304,13,12,12,1,103936.0,5632.0,False,True,1.0,4608,8192,ENSG00000100346,196608
196608,26,196608,98304,13,12,12,1,103936.0,5632.0,False,True,1.0,4608,8192,ENSG00000081248,196608
196608,26,196608,98304,13,12,12,1,103936.0,5632.0,False,True,1.0,4608,8192,ENSG00000175294,196608
196608,26,196608,98304,13,12,12,1,103936.0,5632.0,False,True,1.0,4608,8192,ENSG00000166762,196608
196608,26,196608,98304,13,12,12,1,103936.0,5632.0,False,True,1.0,4608,8192,ENSG00000152705,196608
196608,26,196608,98304,13,12,12,1,103936.0,5632.0,False,True,1.0,4608,8192,ENSG00000188782,196608
196608,26,196608,98304,13,12,12,1,103936.0,5632.0,False,True,1.0,4608,8192,ENSG00000165091,196608
196608,26,196608,98304,13,12,12,1,103936.0,5632.0,False,True,1.0,4608,8192,ENSG00000149488,196608
196608,26,196608,98304,13,12,12,1,103936.0,5632.0,False,True,1.0,4608,8192,ENSG00000188869,196608
196608,26,196608,98304,13,12,12,1,103936.0,5632.0,False,True,1.0,4608,8192,ENSG00000167608,196608
196608,26,196608,98304,13,12,12,1,103936.0,5632.0,False,True,1.0,4608,8192,ENSG00000103534,196608
196608,26,196608,98304,13,12,12,1,103936.0,5632.0,False,True,1.0,4608,8192,ENSG00000141524,196608
196608,26,196608,98304,13,12,12,1,103936.0,5632.0,False,True,1.0,4608,8192,ENSG00000170537,196608
196608,26,196608,98304,13,12,12,1,103936.0,5632.0,False,True,1.0,4608,8192,ENSG00000167895,196608
196608,26,196608,98304,13,12,12,1,103936.0,5632.0,False,True,1.0,4608,8192,ENSG00000186815,196608
196608,26,196608,98304,13,12,12,1,103936.0,5632.0,False,True,1.0,4608,8192,ENSG00000162341,196608
196608,26,196608,98304,13,12,12,1,103936.0,5632.0,False,True,1.0,4608,8192,ENSG00000104321,196608
196608,26,196608,98304,13,12,12,1,103936.0,5632.0,False,True,1.0,4608,8192,ENSG00000144935,196608
196608,26,196608,98304,13,12,12,1,103936.0,5632.0,False,True,1.0,4608,8192,ENSG00000138741,196608
196608,26,196608,98304,13,12,12,1,103936.0,5632.0,False,True,1.0,4608,8192,ENSG00000133107,196608
196608,26,196608,98304,13,12,12,1,103936.0,5632.0,False,True,1.0,4608,8192,ENSG00000072315,196608
196608,26,196608,98304,13,12,12,1,103936.0,5632.0,False,True,1.0,4608,8192,ENSG00000137672,196608
196608,26,196608,98304,13,12,12,1,103936.0,5632.0,False,True,1.0,4608,8192,ENSG00000069018,196608
196608,26,196608,98304,13,12,12,1,103936.0,5632.0,False,True,1.0,4608,8192,ENSG00000134160,196608
196608,26,196608,98304,13,12,12,1,103936.0,5632.0,False,True,1.0,4608,8192,ENSG00000142185,196608
196608,26,196608,98304,13,12,12,1,103936.0,5632.0,False,True,1.0,4608,8192,ENSG00000083067,196608
196608,26,196608,98304,13,12,12,1,103936.0,5632.0,False,True,1.0,4608,8192,ENSG00000130529,196608
196608,26,196608,98304,13,12,12,1,103936.0,5632.0,False,True,1.0,4608,8192,ENSG00000070985,196608
196608,26,196608,98304,13,12,12,1,103936.0,5632.0,False,True,1.0,4608,8192,ENSG00000144481,196608
196608,26,196608,98304,13,12,12,1,103936.0,5632.0,False,True,1.0,4608,8192,ENSG00000196689,196608
196608,26,196608,98304,13,12,12,1,103936.0,5632.0,False,True,1.0,4608,8192,ENSG00000187688,196608
196608,26,196608,98304,13,12,12,1,103936.0,5632.0,False,True,1.0,4608,8192,ENSG00000167723,196608
196608,26,196608,98304,13,12,12,1,103936.0,5632.0,False,True,1.0,4608,8192,ENSG00000111199,196608
196608,26,196608,98304,13,12,12,1,103936.0,5632.0,False,True,1.0,4608,8192,ENSG00000127412,196608
196608,26,196608,98304,13,12,12,1,103936.0,5632.0,False,True,1.0,4608,8192,ENSG00000165125,196608
196608,26,196608,98304,13,12,12,1,103936.0,5632.0,False,True,1.0,4608,8192,ENSG00000133958,196608
196608,26,196608,98304,13,12,12,1,103936.0,5632.0,False,True,1.0,4608,8192,ENSG00000144406,196608
196608,26,196608,98304,13,12,12,1,103936.0,5632.0,False,True,1.0,4608,8192,ENSG00000213585,196608
196608,26,196608,98304,13,12,12,1,103936.0,5632.0,False,True,1.0,4608,8192,ENSG00000165637,196608
196608,26,196608,98304,13,12,12,1,103936.0,5632.0,False,True,1.0,4608,8192,ENSG00000078668,196608
196608,26,196608,98304,13,12,12,1,103936.0,5632.0,False,True,1.0,4608,8192,ENSG00000186919,196608
196608,26,196608,98304,13,12,12,1,103936.0,5632.0,False,True,1.0,4608,8192,ENSG00000001626,196608
196608,26,196608,98304,13,12,12,1,103936.0,5632.0,False,True,1.0,4608,8192,ENSG00000016490,196608
196608,26,196608,98304,13,12,12,1,103936.0,5632.0,False,True,1.0,4608,8192,ENSG00000137975,196608
196608,26,196608,98304,13,12,12,1,103936.0,5632.0,False,True,1.0,4608,8192,ENSG00000016602,196608
196608,26,196608,98304,13,12,12,1,103936.0,5632.0,False,True,1.0,4608,8192,ENSG00000188037,196608
196608,26,196608,98304,13,12,12,1,103936.0,5632.0,False,True,1.0,4608,8192,ENSG00000114859,196608
196608,26,196608,98304,13,12,12,1,103936.0,5632.0,False,True,1.0,4608,8192,ENSG00000109572,196608
196608,26,196608,98304,13,12,12,1,103936.0,5632.0,False,True,1.0,4608,8192,ENSG00000073464,196608
196608,26,196608,98304,13,12,12,1,103936.0,5632.0,False,True,1.0,4608,8192,ENSG00000171365,196608
196608,26,196608,98304,13,12,12,1,103936.0,5632.0,False,True,1.0,4608,8192,ENSG00000011021,196608
196608,26,196608,98304,13,12,12,1,103936.0,5632.0,False,True,1.0,4608,8192,ENSG00000103249,196608
196608,26,196608,98304,13,12,12,1,103936.0,5632.0,False,True,1.0,4608,8192,ENSG00000186510,196608
196608,26,196608,98304,13,12,12,1,103936.0,5632.0,False,True,1.0,4608,8192,ENSG00000184908,196608
196608,26,196608,98304,13,12,12,1,103936.0,5632.0,False,True,1.0,4608,8192,ENSG00000213719,196608
196608,26,196608,98304,13,12,12,1,103936.0,5632.0,False,True,1.0,4608,8192,ENSG00000155962,196608
196608,26,196608,98304,13,12,12,1,103936.0,5632.0,False,True,1.0,4608,8192,ENSG00000169583,196608
196608,26,196608,98304,13,12,12,1,103936.0,5632.0,False,True,1.0,4608,8192,ENSG00000169504,196608
196608,26,196608,98304,13,12,12,1,103936.0,5632.0,False,True,1.0,4608,8192,ENSG00000112782,196608
196608,26,196608,98304,13,12,12,1,103936.0,5632.0,False,True,1.0,4608,8192,ENSG00000159212,196608
196608,26,196608,98304,13,12,12,1,103936.0,5632.0,False,True,1.0,4608,8192,ENSG00000198515,196608
196608,26,196608,98304,13,12,12,1,103936.0,5632.0,False,True,1.0,4608,8192,ENSG00000183862,196608
196608,26,196608,98304,13,12,12,1,103936.0,5632.0,False,True,1.0,4608,8192,ENSG00000144191,196608
196608,26,196608,98304,13,12,12,1,103936.0,5632.0,False,True,1.0,4608,8192,ENSG00000132259,196608
196608,26,196608,98304,13,12,12,1,103936.0,5632.0,False,True,1.0,4608,8192,ENSG00000070729,196608
196608,26,196608,98304,13,12,12,1,103936.0,5632.0,False,True,1.0,4608,8192,ENSG00000170289,196608
196608,26,196608,98304,13,12,12,1,103936.0,5632.0,False,True,1.0,4608,8192,ENSG00000213088,196608
196608,26,196608,98304,13,12,12,1,103936.0,5632.0,False,True,1.0,4608,8192,ENSG00000144648,196608
196608,26,196608,98304,13,12,12,1,103936.0,5632.0,False,True,1.0,4608,8192,ENSG00000144476,196608
196608,26,196608,98304,13,12,12,1,103936.0,5632.0,False,True,1.0,4608,8192,ENSG00000129048,196608
196608,26,196608,98304,13,12,12,1,103936.0,5632.0,False,True,1.0,4608,8192,ENSG00000166856,196608
196608,26,196608,98304,13,12,12,1,103936.0,5632.0,False,True,1.0,4608,8192,ENSG00000197177,196608
196608,26,196608,98304,13,12,12,1,103936.0,5632.0,False,True,1.0,4608,8192,ENSG00000020181,196608
196608,26,196608,98304,13,12,12,1,103936.0,5632.0,False,True,1.0,4608,8192,ENSG00000152990,196608
196608,26,196608,98304,13,12,12,1,103936.0,5632.0,False,True,1.0,4608,8192,ENSG00000181790,196608
196608,26,196608,98304,13,12,12,1,103936.0,5632.0,False,True,1.0,4608,8192,ENSG00000121753,196608
196608,26,196608,98304,13,12,12,1,103936.0,5632.0,False,True,1.0,4608,8192,ENSG00000135298,196608
196608,26,196608,98304,13,12,12,1,103936.0,5632.0,False,True,1.0,4608,8192,ENSG00000111452,196608
196608,26,196608,98304,13,12,12,1,103936.0,5632.0,False,True,1.0,4608,8192,ENSG00000180264,196608
196608,26,196608,98304,13,12,12,1,103936.0,5632.0,False,True,1.0,4608,8192,ENSG00000174837,196608
196608,26,196608,98304,13,12,12,1,103936.0,5632.0,False,True,1.0,4608,8192,ENSG00000127507,196608
196608,26,196608,98304,13,12,12,1,103936.0,5632.0,False,True,1.0,4608,8192,ENSG00000131355,196608
196608,26,196608,98304,13,12,12,1,103936.0,5632.0,False,True,1.0,4608,8192,ENSG00000123146,196608
196608,26,196608,98304,13,12,12,1,103936.0,5632.0,False,True,1.0,4608,8192,ENSG00000153292,196608
196608,26,196608,98304,13,12,12,1,103936.0,5632.0,False,True,1.0,4608,8192,ENSG00000173567,196608
196608,26,196608,98304,13,12,12,1,103936.0,5632.0,False,True,1.0,4608,8192,ENSG00000153294,196608
196608,26,196608,98304,13,12,12,1,103936.0,5632.0,False,True,1.0,4608,8192,ENSG00000069122,196608
196608,26,196608,98304,13,12,12,1,103936.0,5632.0,False,True,1.0,4608,8192,ENSG00000205336,196608
196608,26,196608,98304,13,12,12,1,103936.0,5632.0,False,True,1.0,4608,8192,ENSG00000173698,196608
196608,26,196608,98304,13,12,12,1,103936.0,5632.0,False,True,1.0,4608,8192,ENSG00000182885,196608
196608,26,196608,98304,13,12,12,1,103936.0,5632.0,False,True,1.0,4608,8192,ENSG00000156920,196608
196608,26,196608,98304,13,12,12,1,103936.0,5632.0,False,True,1.0,4608,8192,ENSG00000159618,196608
196608,26,196608,98304,13,12,12,1,103936.0,5632.0,False,True,1.0,4608,8192,ENSG00000112414,196608
196608,26,196608,98304,13,12,12,1,103936.0,5632.0,False,True,1.0,4608,8192,ENSG00000144820,196608
196608,26,196608,98304,13,12,12,1,103936.0,5632.0,False,True,1.0,4608,8192,ENSG00000072071,196608
196608,26,196608,98304,13,12,12,1,103936.0,5632.0,False,True,1.0,4608,8192,ENSG00000117114,196608
196608,26,196608,98304,13,12,12,1,103936.0,5632.0,False,True,1.0,4608,8192,ENSG00000150471,196608
196608,26,196608,98304,13,12,12,1,103936.0,5632.0,False,True,1.0,4608,8192,ENSG00000162618,196608
196608,26,196608,98304,13,12,12,1,103936.0,5632.0,False,True,1.0,4608,8192,ENSG00000164199,196608
196608,26,196608,98304,13,12,12,1,103936.0,5632.0,False,True,1.0,4608,8192,ENSG00000120907,196608
196608,26,196608,98304,13,12,12,1,103936.0,5632.0,False,True,1.0,4608,8192,ENSG00000170214,196608
196608,26,196608,98304,13,12,12,1,103936.0,5632.0,False,True,1.0,4608,8192,ENSG00000171873,196608
196608,26,196608,98304,13,12,12,1,103936.0,5632.0,False,True,1.0,4608,8192,ENSG00000150594,196608
196608,26,196608,98304,13,12,12,1,103936.0,5632.0,False,True,1.0,4608,8192,ENSG00000274286,196608
196608,26,196608,98304,13,12,12,1,103936.0,5632.0,False,True,1.0,4608,8192,ENSG00000184160,196608
196608,26,196608,98304,13,12,12,1,103936.0,5632.0,False,True,1.0,4608,8192,ENSG00000043591,196608
196608,26,196608,98304,13,12,12,1,103936.0,5632.0,False,True,1.0,4608,8192,ENSG00000169252,196608
196608,26,196608,98304,13,12,12,1,103936.0,5632.0,False,True,1.0,4608,8192,ENSG00000188778,196608
196608,26,196608,98304,13,12,12,1,103936.0,5632.0,False,True,1.0,4608,8192,ENSG00000157240,196608
196608,26,196608,98304,13,12,12,1,103936.0,5632.0,False,True,1.0,4608,8192,ENSG00000180340,196608
196608,26,196608,98304,13,12,12,1,103936.0,5632.0,False,True,1.0,4608,8192,ENSG00000104290,196608
196608,26,196608,98304,13,12,12,1,103936.0,5632.0,False,True,1.0,4608,8192,ENSG00000174804,196608
196608,26,196608,98304,13,12,12,1,103936.0,5632.0,False,True,1.0,4608,8192,ENSG00000163251,196608
196608,26,196608,98304,13,12,12,1,103936.0,5632.0,False,True,1.0,4608,8192,ENSG00000164930,196608
196608,26,196608,98304,13,12,12,1,103936.0,5632.0,False,True,1.0,4608,8192,ENSG00000155760,196608
196608,26,196608,98304,13,12,12,1,103936.0,5632.0,False,True,1.0,4608,8192,ENSG00000177283,196608
196608,26,196608,98304,13,12,12,1,103936.0,5632.0,False,True,1.0,4608,8192,ENSG00000188763,196608
196608,26,196608,98304,13,12,12,1,103936.0,5632.0,False,True,1.0,4608,8192,ENSG00000111432,196608
196608,26,196608,98304,13,12,12,1,103936.0,5632.0,False,True,1.0,4608,8192,ENSG00000181773,196608
196608,26,196608,98304,13,12,12,1,103936.0,5632.0,False,True,1.0,4608,8192,ENSG00000177464,196608
196608,26,196608,98304,13,12,12,1,103936.0,5632.0,False,True,1.0,4608,8192,ENSG00000146360,196608
196608,26,196608,98304,13,12,12,1,103936.0,5632.0,False,True,1.0,4608,8192,ENSG00000132975,196608
196608,26,196608,98304,13,12,12,1,103936.0,5632.0,False,True,1.0,4608,8192,ENSG00000154165,196608
196608,26,196608,98304,13,12,12,1,103936.0,5632.0,False,True,1.0,4608,8192,ENSG00000144230,196608
196608,26,196608,98304,13,12,12,1,103936.0,5632.0,False,True,1.0,4608,8192,ENSG00000125245,196608
196608,26,196608,98304,13,12,12,1,103936.0,5632.0,False,True,1.0,4608,8192,ENSG00000183150,196608
196608,26,196608,98304,13,12,12,1,103936.0,5632.0,False,True,1.0,4608,8192,ENSG00000204882,196608
196608,26,196608,98304,13,12,12,1,103936.0,5632.0,False,True,1.0,4608,8192,ENSG00000188394,196608
196608,26,196608,98304,13,12,12,1,103936.0,5632.0,False,True,1.0,4608,8192,ENSG00000172209,196608
196608,26,196608,98304,13,12,12,1,103936.0,5632.0,False,True,1.0,4608,8192,ENSG00000170128,196608
196608,26,196608,98304,13,12,12,1,103936.0,5632.0,False,True,1.0,4608,8192,ENSG00000154478,196608
196608,26,196608,98304,13,12,12,1,103936.0,5632.0,False,True,1.0,4608,8192,ENSG00000170837,196608
196608,26,196608,98304,13,12,12,1,103936.0,5632.0,False,True,1.0,4608,8192,ENSG00000120436,196608
196608,26,196608,98304,13,12,12,1,103936.0,5632.0,False,True,1.0,4608,8192,ENSG00000142511,196608
196608,26,196608,98304,13,12,12,1,103936.0,5632.0,False,True,1.0,4608,8192,ENSG00000214943,196608
196608,26,196608,98304,13,12,12,1,103936.0,5632.0,False,True,1.0,4608,8192,ENSG00000171659,196608
196608,26,196608,98304,13,12,12,1,103936.0,5632.0,False,True,1.0,4608,8192,ENSG00000178623,196608
196608,26,196608,98304,13,12,12,1,103936.0,5632.0,False,True,1.0,4608,8192,ENSG00000170775,196608
196608,26,196608,98304,13,12,12,1,103936.0,5632.0,False,True,1.0,4608,8192,ENSG00000170075,196608
196608,26,196608,98304,13,12,12,1,103936.0,5632.0,False,True,1.0,4608,8192,ENSG00000183840,196608
196608,26,196608,98304,13,12,12,1,103936.0,5632.0,False,True,1.0,4608,8192,ENSG00000126251,196608
196608,26,196608,98304,13,12,12,1,103936.0,5632.0,False,True,1.0,4608,8192,ENSG00000135973,196608
196608,26,196608,98304,13,12,12,1,103936.0,5632.0,False,True,1.0,4608,8192,ENSG00000102195,196608
196608,26,196608,98304,13,12,12,1,103936.0,5632.0,False,True,1.0,4608,8192,ENSG00000203737,196608
196608,26,196608,98304,13,12,12,1,103936.0,5632.0,False,True,1.0,4608,8192,ENSG00000135898,196608
196608,26,196608,98304,13,12,12,1,103936.0,5632.0,False,True,1.0,4608,8192,ENSG00000156097,196608
196608,26,196608,98304,13,12,12,1,103936.0,5632.0,False,True,1.0,4608,8192,ENSG00000180929,196608
196608,26,196608,98304,13,12,12,1,103936.0,5632.0,False,True,1.0,4608,8192,ENSG00000112218,196608
196608,26,196608,98304,13,12,12,1,103936.0,5632.0,False,True,1.0,4608,8192,ENSG00000140030,196608
196608,26,196608,98304,13,12,12,1,103936.0,5632.0,False,True,1.0,4608,8192,ENSG00000119714,196608
196608,26,196608,98304,13,12,12,1,103936.0,5632.0,False,True,1.0,4608,8192,ENSG00000119737,196608
196608,26,196608,98304,13,12,12,1,103936.0,5632.0,False,True,1.0,4608,8192,ENSG00000155269,196608
196608,26,196608,98304,13,12,12,1,103936.0,5632.0,False,True,1.0,4608,8192,ENSG00000171657,196608
196608,26,196608,98304,13,12,12,1,103936.0,5632.0,False,True,1.0,4608,8192,ENSG00000123901,196608
196608,26,196608,98304,13,12,12,1,103936.0,5632.0,False,True,1.0,4608,8192,ENSG00000139572,196608
196608,26,196608,98304,13,12,12,1,103936.0,5632.0,False,True,1.0,4608,8192,ENSG00000164604,196608
196608,26,196608,98304,13,12,12,1,103936.0,5632.0,False,True,1.0,4608,8192,ENSG00000138271,196608
196608,26,196608,98304,13,12,12,1,103936.0,5632.0,False,True,1.0,4608,8192,ENSG00000181656,196608
196608,26,196608,98304,13,12,12,1,103936.0,5632.0,False,True,1.0,4608,8192,ENSG00000165370,196608
196608,26,196608,98304,13,12,12,1,103936.0,5632.0,False,True,1.0,4608,8192,ENSG00000147262,196608
196608,26,196608,98304,13,12,12,1,103936.0,5632.0,False,True,1.0,4608,8192,ENSG00000183484,196608
196608,26,196608,98304,13,12,12,1,103936.0,5632.0,False,True,1.0,4608,8192,ENSG00000181619,196608
196608,26,196608,98304,13,12,12,1,103936.0,5632.0,False,True,1.0,4608,8192,ENSG00000180269,196608
196608,26,196608,98304,13,12,12,1,103936.0,5632.0,False,True,1.0,4608,8192,ENSG00000187037,196608
196608,26,196608,98304,13,12,12,1,103936.0,5632.0,False,True,1.0,4608,8192,ENSG00000257008,196608
196608,26,196608,98304,13,12,12,1,103936.0,5632.0,False,True,1.0,4608,8192,ENSG00000164849,196608
196608,26,196608,98304,13,12,12,1,103936.0,5632.0,False,True,1.0,4608,8192,ENSG00000173302,196608
196608,26,196608,98304,13,12,12,1,103936.0,5632.0,False,True,1.0,4608,8192,ENSG00000174948,196608
196608,26,196608,98304,13,12,12,1,103936.0,5632.0,False,True,1.0,4608,8192,ENSG00000178015,196608
196608,26,196608,98304,13,12,12,1,103936.0,5632.0,False,True,1.0,4608,8192,ENSG00000173250,196608
196608,26,196608,98304,13,12,12,1,103936.0,5632.0,False,True,1.0,4608,8192,ENSG00000175514,196608
196608,26,196608,98304,13,12,12,1,103936.0,5632.0,False,True,1.0,4608,8192,ENSG00000158292,196608
196608,26,196608,98304,13,12,12,1,103936.0,5632.0,False,True,1.0,4608,8192,ENSG00000175697,196608
196608,26,196608,98304,13,12,12,1,103936.0,5632.0,False,True,1.0,4608,8192,ENSG00000151025,196608
196608,26,196608,98304,13,12,12,1,103936.0,5632.0,False,True,1.0,4608,8192,ENSG00000173890,196608
196608,26,196608,98304,13,12,12,1,103936.0,5632.0,False,True,1.0,4608,8192,ENSG00000143147,196608
196608,26,196608,98304,13,12,12,1,103936.0,5632.0,False,True,1.0,4608,8192,ENSG00000250510,196608
196608,26,196608,98304,13,12,12,1,103936.0,5632.0,False,True,1.0,4608,8192,ENSG00000174946,196608
196608,26,196608,98304,13,12,12,1,103936.0,5632.0,False,True,1.0,4608,8192,ENSG00000184194,196608
196608,26,196608,98304,13,12,12,1,103936.0,5632.0,False,True,1.0,4608,8192,ENSG00000147138,196608
196608,26,196608,98304,13,12,12,1,103936.0,5632.0,False,True,1.0,4608,8192,ENSG00000166073,196608
196608,26,196608,98304,13,12,12,1,103936.0,5632.0,False,True,1.0,4608,8192,ENSG00000277399,196608
196608,26,196608,98304,13,12,12,1,103936.0,5632.0,False,True,1.0,4608,8192,ENSG00000169508,196608
196608,26,196608,98304,13,12,12,1,103936.0,5632.0,False,True,1.0,4608,8192,ENSG00000013588,196608
196608,26,196608,98304,13,12,12,1,103936.0,5632.0,False,True,1.0,4608,8192,ENSG00000167191,196608
196608,26,196608,98304,13,12,12,1,103936.0,5632.0,False,True,1.0,4608,8192,ENSG00000170412,196608
196608,26,196608,98304,13,12,12,1,103936.0,5632.0,False,True,1.0,4608,8192,ENSG00000111291,196608
196608,26,196608,98304,13,12,12,1,103936.0,5632.0,False,True,1.0,4608,8192,ENSG00000178394,196608
196608,26,196608,98304,13,12,12,1,103936.0,5632.0,False,True,1.0,4608,8192,ENSG00000135312,196608
196608,26,196608,98304,13,12,12,1,103936.0,5632.0,False,True,1.0,4608,8192,ENSG00000179546,196608
196608,26,196608,98304,13,12,12,1,103936.0,5632.0,False,True,1.0,4608,8192,ENSG00000168830,196608
196608,26,196608,98304,13,12,12,1,103936.0,5632.0,False,True,1.0,4608,8192,ENSG00000179097,196608
196608,26,196608,98304,13,12,12,1,103936.0,5632.0,False,True,1.0,4608,8192,ENSG00000102468,196608
196608,26,196608,98304,13,12,12,1,103936.0,5632.0,False,True,1.0,4608,8192,ENSG00000135914,196608
196608,26,196608,98304,13,12,12,1,103936.0,5632.0,False,True,1.0,4608,8192,ENSG00000147246,196608
196608,26,196608,98304,13,12,12,1,103936.0,5632.0,False,True,1.0,4608,8192,ENSG00000166736,196608
196608,26,196608,98304,13,12,12,1,103936.0,5632.0,False,True,1.0,4608,8192,ENSG00000149305,196608
196608,26,196608,98304,13,12,12,1,103936.0,5632.0,False,True,1.0,4608,8192,ENSG00000178084,196608
196608,26,196608,98304,13,12,12,1,103936.0,5632.0,False,True,1.0,4608,8192,ENSG00000186090,196608
196608,26,196608,98304,13,12,12,1,103936.0,5632.0,False,True,1.0,4608,8192,ENSG00000186038,196608
196608,26,196608,98304,13,12,12,1,103936.0,5632.0,False,True,1.0,4608,8192,ENSG00000164270,196608
196608,26,196608,98304,13,12,12,1,103936.0,5632.0,False,True,1.0,4608,8192,ENSG00000157219,196608
196608,26,196608,98304,13,12,12,1,103936.0,5632.0,False,True,1.0,4608,8192,ENSG00000158748,196608
196608,26,196608,98304,13,12,12,1,103936.0,5632.0,False,True,1.0,4608,8192,ENSG00000148680,196608
196608,26,196608,98304,13,12,12,1,103936.0,5632.0,False,True,1.0,4608,8192,ENSG00000205213,196608
196608,26,196608,98304,13,12,12,1,103936.0,5632.0,False,True,1.0,4608,8192,ENSG00000139292,196608
196608,26,196608,98304,13,12,12,1,103936.0,5632.0,False,True,1.0,4608,8192,ENSG00000133067,196608
196608,26,196608,98304,13,12,12,1,103936.0,5632.0,False,True,1.0,4608,8192,ENSG00000130368,196608
196608,26,196608,98304,13,12,12,1,103936.0,5632.0,False,True,1.0,4608,8192,ENSG00000204687,196608
196608,26,196608,98304,13,12,12,1,103936.0,5632.0,False,True,1.0,4608,8192,ENSG00000172938,196608
196608,26,196608,98304,13,12,12,1,103936.0,5632.0,False,True,1.0,4608,8192,ENSG00000184350,196608
196608,26,196608,98304,13,12,12,1,103936.0,5632.0,False,True,1.0,4608,8192,ENSG00000172935,196608
196608,26,196608,98304,13,12,12,1,103936.0,5632.0,False,True,1.0,4608,8192,ENSG00000182170,196608
196608,26,196608,98304,13,12,12,1,103936.0,5632.0,False,True,1.0,4608,8192,ENSG00000170255,196608
196608,26,196608,98304,13,12,12,1,103936.0,5632.0,False,True,1.0,4608,8192,ENSG00000183695,196608
196608,26,196608,98304,13,12,12,1,103936.0,5632.0,False,True,1.0,4608,8192,ENSG00000179826,196608
196608,26,196608,98304,13,12,12,1,103936.0,5632.0,False,True,1.0,4608,8192,ENSG00000179817,196608
196608,26,196608,98304,13,12,12,1,103936.0,5632.0,False,True,1.0,4608,8192,ENSG00000116329,196608
196608,26,196608,98304,13,12,12,1,103936.0,5632.0,False,True,1.0,4608,8192,ENSG00000082556,196608
196608,26,196608,98304,13,12,12,1,103936.0,5632.0,False,True,1.0,4608,8192,ENSG00000125510,196608
196608,26,196608,98304,13,12,12,1,103936.0,5632.0,False,True,1.0,4608,8192,ENSG00000112038,196608
196608,26,196608,98304,13,12,12,1,103936.0,5632.0,False,True,1.0,4608,8192,ENSG00000172146,196608
196608,26,196608,98304,13,12,12,1,103936.0,5632.0,False,True,1.0,4608,8192,ENSG00000172150,196608
196608,26,196608,98304,13,12,12,1,103936.0,5632.0,False,True,1.0,4608,8192,ENSG00000280094,196608
196608,26,196608,98304,13,12,12,1,103936.0,5632.0,False,True,1.0,4608,8192,ENSG00000221888,196608
196608,26,196608,98304,13,12,12,1,103936.0,5632.0,False,True,1.0,4608,8192,ENSG00000184166,196608
196608,26,196608,98304,13,12,12,1,103936.0,5632.0,False,True,1.0,4608,8192,ENSG00000262628,196608
196608,26,196608,98304,13,12,12,1,103936.0,5632.0,False,True,1.0,4608,8192,ENSG00000180016,196608
196608,26,196608,98304,13,12,12,1,103936.0,5632.0,False,True,1.0,4608,8192,ENSG00000127780,196608
196608,26,196608,98304,13,12,12,1,103936.0,5632.0,False,True,1.0,4608,8192,ENSG00000168124,196608
196608,26,196608,98304,13,12,12,1,103936.0,5632.0,False,True,1.0,4608,8192,ENSG00000183024,196608
196608,26,196608,98304,13,12,12,1,103936.0,5632.0,False,True,1.0,4608,8192,ENSG00000094661,196608
196608,26,196608,98304,13,12,12,1,103936.0,5632.0,False,True,1.0,4608,8192,ENSG00000136834,196608
196608,26,196608,98304,13,12,12,1,103936.0,5632.0,False,True,1.0,4608,8192,ENSG00000197233,196608
196608,26,196608,98304,13,12,12,1,103936.0,5632.0,False,True,1.0,4608,8192,ENSG00000239590,196608
196608,26,196608,98304,13,12,12,1,103936.0,5632.0,False,True,1.0,4608,8192,ENSG00000165204,196608
196608,26,196608,98304,13,12,12,1,103936.0,5632.0,False,True,1.0,4608,8192,ENSG00000173679,196608
196608,26,196608,98304,13,12,12,1,103936.0,5632.0,False,True,1.0,4608,8192,ENSG00000171481,196608
196608,26,196608,98304,13,12,12,1,103936.0,5632.0,False,True,1.0,4608,8192,ENSG00000136939,196608
196608,26,196608,98304,13,12,12,1,103936.0,5632.0,False,True,1.0,4608,8192,ENSG00000171459,196608
196608,26,196608,98304,13,12,12,1,103936.0,5632.0,False,True,1.0,4608,8192,ENSG00000171496,196608
196608,26,196608,98304,13,12,12,1,103936.0,5632.0,False,True,1.0,4608,8192,ENSG00000170929,196608
196608,26,196608,98304,13,12,12,1,103936.0,5632.0,False,True,1.0,4608,8192,ENSG00000171505,196608
196608,26,196608,98304,13,12,12,1,103936.0,5632.0,False,True,1.0,4608,8192,ENSG00000171501,196608
196608,26,196608,98304,13,12,12,1,103936.0,5632.0,False,True,1.0,4608,8192,ENSG00000262085,196608
196608,26,196608,98304,13,12,12,1,103936.0,5632.0,False,True,1.0,4608,8192,ENSG00000165202,196608
196608,26,196608,98304,13,12,12,1,103936.0,5632.0,False,True,1.0,4608,8192,ENSG00000280204,196608
196608,26,196608,98304,13,12,12,1,103936.0,5632.0,False,True,1.0,4608,8192,ENSG00000197887,196608
196608,26,196608,98304,13,12,12,1,103936.0,5632.0,False,True,1.0,4608,8192,ENSG00000221970,196608
196608,26,196608,98304,13,12,12,1,103936.0,5632.0,False,True,1.0,4608,8192,ENSG00000221989,196608
196608,26,196608,98304,13,12,12,1,103936.0,5632.0,False,True,1.0,4608,8192,ENSG00000180658,196608
196608,26,196608,98304,13,12,12,1,103936.0,5632.0,False,True,1.0,4608,8192,ENSG00000221836,196608
196608,26,196608,98304,13,12,12,1,103936.0,5632.0,False,True,1.0,4608,8192,ENSG00000243896,196608
196608,26,196608,98304,13,12,12,1,103936.0,5632.0,False,True,1.0,4608,8192,ENSG00000221858,196608
196608,26,196608,98304,13,12,12,1,103936.0,5632.0,False,True,1.0,4608,8192,ENSG00000221938,196608
196608,26,196608,98304,13,12,12,1,103936.0,5632.0,False,True,1.0,4608,8192,ENSG00000221933,196608
196608,26,196608,98304,13,12,12,1,103936.0,5632.0,False,True,1.0,4608,8192,ENSG00000212807,196608
196608,26,196608,98304,13,12,12,1,103936.0,5632.0,False,True,1.0,4608,8192,ENSG00000244623,196608
196608,26,196608,98304,13,12,12,1,103936.0,5632.0,False,True,1.0,4608,8192,ENSG00000279486,196608
196608,26,196608,98304,13,12,12,1,103936.0,5632.0,False,True,1.0,4608,8192,ENSG00000188124,196608
196608,26,196608,98304,13,12,12,1,103936.0,5632.0,False,True,1.0,4608,8192,ENSG00000177275,196608
196608,26,196608,98304,13,12,12,1,103936.0,5632.0,False,True,1.0,4608,8192,ENSG00000187080,196608
196608,26,196608,98304,13,12,12,1,103936.0,5632.0,False,True,1.0,4608,8192,ENSG00000179615,196608
196608,26,196608,98304,13,12,12,1,103936.0,5632.0,False,True,1.0,4608,8192,ENSG00000171561,196608
196608,26,196608,98304,13,12,12,1,103936.0,5632.0,False,True,1.0,4608,8192,ENSG00000168131,196608
196608,26,196608,98304,13,12,12,1,103936.0,5632.0,False,True,1.0,4608,8192,ENSG00000204703,196608
196608,26,196608,98304,13,12,12,1,103936.0,5632.0,False,True,1.0,4608,8192,ENSG00000124657,196608
196608,26,196608,98304,13,12,12,1,103936.0,5632.0,False,True,1.0,4608,8192,ENSG00000182477,196608
196608,26,196608,98304,13,12,12,1,103936.0,5632.0,False,True,1.0,4608,8192,ENSG00000177535,196608
196608,26,196608,98304,13,12,12,1,103936.0,5632.0,False,True,1.0,4608,8192,ENSG00000168158,196608
196608,26,196608,98304,13,12,12,1,103936.0,5632.0,False,True,1.0,4608,8192,ENSG00000196242,196608
196608,26,196608,98304,13,12,12,1,103936.0,5632.0,False,True,1.0,4608,8192,ENSG00000166368,196608
196608,26,196608,98304,13,12,12,1,103936.0,5632.0,False,True,1.0,4608,8192,ENSG00000178358,196608
196608,26,196608,98304,13,12,12,1,103936.0,5632.0,False,True,1.0,4608,8192,ENSG00000213215,196608
196608,26,196608,98304,13,12,12,1,103936.0,5632.0,False,True,1.0,4608,8192,ENSG00000221910,196608
196608,26,196608,98304,13,12,12,1,103936.0,5632.0,False,True,1.0,4608,8192,ENSG00000177489,196608
196608,26,196608,98304,13,12,12,1,103936.0,5632.0,False,True,1.0,4608,8192,ENSG00000177476,196608
196608,26,196608,98304,13,12,12,1,103936.0,5632.0,False,True,1.0,4608,8192,ENSG00000188558,196608
196608,26,196608,98304,13,12,12,1,103936.0,5632.0,False,True,1.0,4608,8192,ENSG00000204688,196608
196608,26,196608,98304,13,12,12,1,103936.0,5632.0,False,True,1.0,4608,8192,ENSG00000204657,196608
196608,26,196608,98304,13,12,12,1,103936.0,5632.0,False,True,1.0,4608,8192,ENSG00000237988,196608
196608,26,196608,98304,13,12,12,1,103936.0,5632.0,False,True,1.0,4608,8192,ENSG00000204702,196608
196608,26,196608,98304,13,12,12,1,103936.0,5632.0,False,True,1.0,4608,8192,ENSG00000204700,196608
196608,26,196608,98304,13,12,12,1,103936.0,5632.0,False,True,1.0,4608,8192,ENSG00000204701,196608
196608,26,196608,98304,13,12,12,1,103936.0,5632.0,False,True,1.0,4608,8192,ENSG00000171133,196608
196608,26,196608,98304,13,12,12,1,103936.0,5632.0,False,True,1.0,4608,8192,ENSG00000203663,196608
196608,26,196608,98304,13,12,12,1,103936.0,5632.0,False,True,1.0,4608,8192,ENSG00000198128,196608
196608,26,196608,98304,13,12,12,1,103936.0,5632.0,False,True,1.0,4608,8192,ENSG00000197454,196608
196608,26,196608,98304,13,12,12,1,103936.0,5632.0,False,True,1.0,4608,8192,ENSG00000279263,196608
196608,26,196608,98304,13,12,12,1,103936.0,5632.0,False,True,1.0,4608,8192,ENSG00000196071,196608
196608,26,196608,98304,13,12,12,1,103936.0,5632.0,False,True,1.0,4608,8192,ENSG00000198601,196608
196608,26,196608,98304,13,12,12,1,103936.0,5632.0,False,True,1.0,4608,8192,ENSG00000228198,196608
196608,26,196608,98304,13,12,12,1,103936.0,5632.0,False,True,1.0,4608,8192,ENSG00000171180,196608
196608,26,196608,98304,13,12,12,1,103936.0,5632.0,False,True,1.0,4608,8192,ENSG00000162727,196608
196608,26,196608,98304,13,12,12,1,103936.0,5632.0,False,True,1.0,4608,8192,ENSG00000177186,196608
196608,26,196608,98304,13,12,12,1,103936.0,5632.0,False,True,1.0,4608,8192,ENSG00000278889,196608
196608,26,196608,98304,13,12,12,1,103936.0,5632.0,False,True,1.0,4608,8192,ENSG00000175143,196608
196608,26,196608,98304,13,12,12,1,103936.0,5632.0,False,True,1.0,4608,8192,ENSG00000196240,196608
196608,26,196608,98304,13,12,12,1,103936.0,5632.0,False,True,1.0,4608,8192,ENSG00000196539,196608
196608,26,196608,98304,13,12,12,1,103936.0,5632.0,False,True,1.0,4608,8192,ENSG00000196944,196608
196608,26,196608,98304,13,12,12,1,103936.0,5632.0,False,True,1.0,4608,8192,ENSG00000203661,196608
196608,26,196608,98304,13,12,12,1,103936.0,5632.0,False,True,1.0,4608,8192,ENSG00000198104,196608
196608,26,196608,98304,13,12,12,1,103936.0,5632.0,False,True,1.0,4608,8192,ENSG00000227152,196608
196608,26,196608,98304,13,12,12,1,103936.0,5632.0,False,True,1.0,4608,8192,ENSG00000177462,196608
196608,26,196608,98304,13,12,12,1,103936.0,5632.0,False,True,1.0,4608,8192,ENSG00000184022,196608
196608,26,196608,98304,13,12,12,1,103936.0,5632.0,False,True,1.0,4608,8192,ENSG00000279301,196608
196608,26,196608,98304,13,12,12,1,103936.0,5632.0,False,True,1.0,4608,8192,ENSG00000177201,196608
196608,26,196608,98304,13,12,12,1,103936.0,5632.0,False,True,1.0,4608,8192,ENSG00000187701,196608
196608,26,196608,98304,13,12,12,1,103936.0,5632.0,False,True,1.0,4608,8192,ENSG00000182783,196608
196608,26,196608,98304,13,12,12,1,103936.0,5632.0,False,True,1.0,4608,8192,ENSG00000177212,196608
196608,26,196608,98304,13,12,12,1,103936.0,5632.0,False,True,1.0,4608,8192,ENSG00000183310,196608
196608,26,196608,98304,13,12,12,1,103936.0,5632.0,False,True,1.0,4608,8192,ENSG00000177151,196608
196608,26,196608,98304,13,12,12,1,103936.0,5632.0,False,True,1.0,4608,8192,ENSG00000185372,196608
196608,26,196608,98304,13,12,12,1,103936.0,5632.0,False,True,1.0,4608,8192,ENSG00000182613,196608
196608,26,196608,98304,13,12,12,1,103936.0,5632.0,False,True,1.0,4608,8192,ENSG00000204704,196608
196608,26,196608,98304,13,12,12,1,103936.0,5632.0,False,True,1.0,4608,8192,ENSG00000238243,196608
196608,26,196608,98304,13,12,12,1,103936.0,5632.0,False,True,1.0,4608,8192,ENSG00000174339,196608
196608,26,196608,98304,13,12,12,1,103936.0,5632.0,False,True,1.0,4608,8192,ENSG00000181733,196608
196608,26,196608,98304,13,12,12,1,103936.0,5632.0,False,True,1.0,4608,8192,ENSG00000180090,196608
196608,26,196608,98304,13,12,12,1,103936.0,5632.0,False,True,1.0,4608,8192,ENSG00000221882,196608
196608,26,196608,98304,13,12,12,1,103936.0,5632.0,False,True,1.0,4608,8192,ENSG00000159961,196608
196608,26,196608,98304,13,12,12,1,103936.0,5632.0,False,True,1.0,4608,8192,ENSG00000221840,196608
196608,26,196608,98304,13,12,12,1,103936.0,5632.0,False,True,1.0,4608,8192,ENSG00000225997,196608
196608,26,196608,98304,13,12,12,1,103936.0,5632.0,False,True,1.0,4608,8192,ENSG00000181958,196608
196608,26,196608,98304,13,12,12,1,103936.0,5632.0,False,True,1.0,4608,8192,ENSG00000181961,196608
196608,26,196608,98304,13,12,12,1,103936.0,5632.0,False,True,1.0,4608,8192,ENSG00000237388,196608
196608,26,196608,98304,13,12,12,1,103936.0,5632.0,False,True,1.0,4608,8192,ENSG00000175619,196608
196608,26,196608,98304,13,12,12,1,103936.0,5632.0,False,True,1.0,4608,8192,ENSG00000176547,196608
196608,26,196608,98304,13,12,12,1,103936.0,5632.0,False,True,1.0,4608,8192,ENSG00000176540,196608
196608,26,196608,98304,13,12,12,1,103936.0,5632.0,False,True,1.0,4608,8192,ENSG00000181903,196608
196608,26,196608,98304,13,12,12,1,103936.0,5632.0,False,True,1.0,4608,8192,ENSG00000172188,196608
196608,26,196608,98304,13,12,12,1,103936.0,5632.0,False,True,1.0,4608,8192,ENSG00000221954,196608
196608,26,196608,98304,13,12,12,1,103936.0,5632.0,False,True,1.0,4608,8192,ENSG00000258817,196608
196608,26,196608,98304,13,12,12,1,103936.0,5632.0,False,True,1.0,4608,8192,ENSG00000181939,196608
196608,26,196608,98304,13,12,12,1,103936.0,5632.0,False,True,1.0,4608,8192,ENSG00000279514,196608
196608,26,196608,98304,13,12,12,1,103936.0,5632.0,False,True,1.0,4608,8192,ENSG00000260811,196608
196608,26,196608,98304,13,12,12,1,103936.0,5632.0,False,True,1.0,4608,8192,ENSG00000185926,196608
196608,26,196608,98304,13,12,12,1,103936.0,5632.0,False,True,1.0,4608,8192,ENSG00000141194,196608
196608,26,196608,98304,13,12,12,1,103936.0,5632.0,False,True,1.0,4608,8192,ENSG00000255713,196608
196608,26,196608,98304,13,12,12,1,103936.0,5632.0,False,True,1.0,4608,8192,ENSG00000171014,196608
196608,26,196608,98304,13,12,12,1,103936.0,5632.0,False,True,1.0,4608,8192,ENSG00000166884,196608
196608,26,196608,98304,13,12,12,1,103936.0,5632.0,False,True,1.0,4608,8192,ENSG00000172742,196608
196608,26,196608,98304,13,12,12,1,103936.0,5632.0,False,True,1.0,4608,8192,ENSG00000254466,196608
196608,26,196608,98304,13,12,12,1,103936.0,5632.0,False,True,1.0,4608,8192,ENSG00000176200,196608
196608,26,196608,98304,13,12,12,1,103936.0,5632.0,False,True,1.0,4608,8192,ENSG00000276240,196608
196608,26,196608,98304,13,12,12,1,103936.0,5632.0,False,True,1.0,4608,8192,ENSG00000221977,196608
196608,26,196608,98304,13,12,12,1,103936.0,5632.0,False,True,1.0,4608,8192,ENSG00000230178,196608
166381,22,166381,98304,11,12,12,-1,88576.0,-9728.0,False,True,1.0,5101,8192,ENSG00000177693,166381
196608,26,196608,65418,13,8,8,5,103936.0,38518.0,False,True,1.0,4608,8192,ENSG00000186092,196608
196608,26,196608,98304,13,12,12,1,103936.0,5632.0,False,True,1.0,4608,8192,ENSG00000184140,196608
196608,26,196608,98304,13,12,12,1,103936.0,5632.0,False,True,1.0,4608,8192,ENSG00000182854,196608
196608,26,196608,98304,13,12,12,1,103936.0,5632.0,False,True,1.0,4608,8192,ENSG00000284662,196608
196608,26,196608,98304,13,12,12,1,103936.0,5632.0,False,True,1.0,4608,8192,ENSG00000176695,196608
196608,26,196608,98304,13,12,12,1,103936.0,5632.0,False,True,1.0,4608,8192,ENSG00000176269,196608
196608,26,196608,98304,13,12,12,1,103936.0,5632.0,False,True,1.0,4608,8192,ENSG00000284733,196608
196608,26,196608,98304,13,12,12,1,103936.0,5632.0,False,True,1.0,4608,8192,ENSG00000155249,196608
196608,26,196608,98304,13,12,12,1,103936.0,5632.0,False,True,1.0,4608,8192,ENSG00000165762,196608
196608,26,196608,98304,13,12,12,1,103936.0,5632.0,False,True,1.0,4608,8192,ENSG00000176290,196608
196608,26,196608,98304,13,12,12,1,103936.0,5632.0,False,True,1.0,4608,8192,ENSG00000176281,196608
196608,26,196608,98304,13,12,12,1,103936.0,5632.0,False,True,1.0,4608,8192,ENSG00000176253,196608
196608,26,196608,98304,13,12,12,1,103936.0,5632.0,False,True,1.0,4608,8192,ENSG00000169484,196608
196608,26,196608,98304,13,12,12,1,103936.0,5632.0,False,True,1.0,4608,8192,ENSG00000169488,196608
196608,26,196608,98304,13,12,12,1,103936.0,5632.0,False,True,1.0,4608,8192,ENSG00000176230,196608
196608,26,196608,98304,13,12,12,1,103936.0,5632.0,False,True,1.0,4608,8192,ENSG00000176246,196608
196608,26,196608,98304,13,12,12,1,103936.0,5632.0,False,True,1.0,4608,8192,ENSG00000176299,196608
196608,26,196608,98304,13,12,12,1,103936.0,5632.0,False,True,1.0,4608,8192,ENSG00000274102,196608
196608,26,196608,98304,13,12,12,1,103936.0,5632.0,False,True,1.0,4608,8192,ENSG00000182974,196608
196608,26,196608,98304,13,12,12,1,103936.0,5632.0,False,True,1.0,4608,8192,ENSG00000176294,196608
196608,26,196608,98304,13,12,12,1,103936.0,5632.0,False,True,1.0,4608,8192,ENSG00000183706,196608
196608,26,196608,98304,13,12,12,1,103936.0,5632.0,False,True,1.0,4608,8192,ENSG00000279408,196608
196608,26,196608,98304,13,12,12,1,103936.0,5632.0,False,True,1.0,4608,8192,ENSG00000184394,196608
196608,26,196608,98304,13,12,12,1,103936.0,5632.0,False,True,1.0,4608,8192,ENSG00000181927,196608
196608,26,196608,98304,13,12,12,1,103936.0,5632.0,False,True,1.0,4608,8192,ENSG00000182652,196608
196608,26,196608,98304,13,12,12,1,103936.0,5632.0,False,True,1.0,4608,8192,ENSG00000176555,196608
196608,26,196608,98304,13,12,12,1,103936.0,5632.0,False,True,1.0,4608,8192,ENSG00000174982,196608
196608,26,196608,98304,13,12,12,1,103936.0,5632.0,False,True,1.0,4608,8192,ENSG00000176567,196608
196608,26,196608,98304,13,12,12,1,103936.0,5632.0,False,True,1.0,4608,8192,ENSG00000172208,196608
196608,26,196608,98304,13,12,12,1,103936.0,5632.0,False,True,1.0,4608,8192,ENSG00000172320,196608
196608,26,196608,98304,13,12,12,1,103936.0,5632.0,False,True,1.0,4608,8192,ENSG00000172324,196608
196608,26,196608,98304,13,12,12,1,103936.0,5632.0,False,True,1.0,4608,8192,ENSG00000213439,196608
196608,26,196608,98304,13,12,12,1,103936.0,5632.0,False,True,1.0,4608,8192,ENSG00000196578,196608
196608,26,196608,98304,13,12,12,1,103936.0,5632.0,False,True,1.0,4608,8192,ENSG00000181273,196608
196608,26,196608,98304,13,12,12,1,103936.0,5632.0,False,True,1.0,4608,8192,ENSG00000272987,196608
196608,26,196608,98304,13,12,12,1,103936.0,5632.0,False,True,1.0,4608,8192,ENSG00000176495,196608
196608,26,196608,98304,13,12,12,1,103936.0,5632.0,False,True,1.0,4608,8192,ENSG00000172464,196608
196608,26,196608,98304,13,12,12,1,103936.0,5632.0,False,True,1.0,4608,8192,ENSG00000172459,196608
196608,26,196608,98304,13,12,12,1,103936.0,5632.0,False,True,1.0,4608,8192,ENSG00000181785,196608
196608,26,196608,98304,13,12,12,1,103936.0,5632.0,False,True,1.0,4608,8192,ENSG00000169327,196608
196608,26,196608,98304,13,12,12,1,103936.0,5632.0,False,True,1.0,4608,8192,ENSG00000172365,196608
196608,26,196608,98304,13,12,12,1,103936.0,5632.0,False,True,1.0,4608,8192,ENSG00000172769,196608
196608,26,196608,98304,13,12,12,1,103936.0,5632.0,False,True,1.0,4608,8192,ENSG00000172362,196608
196608,26,196608,98304,13,12,12,1,103936.0,5632.0,False,True,1.0,4608,8192,ENSG00000197786,196608
196608,26,196608,98304,13,12,12,1,103936.0,5632.0,False,True,1.0,4608,8192,ENSG00000198283,196608
196608,26,196608,98304,13,12,12,1,103936.0,5632.0,False,True,1.0,4608,8192,ENSG00000198678,196608
196608,26,196608,98304,13,12,12,1,103936.0,5632.0,False,True,1.0,4608,8192,ENSG00000148215,196608
196608,26,196608,98304,13,12,12,1,103936.0,5632.0,False,True,1.0,4608,8192,ENSG00000186886,196608
196608,26,196608,98304,13,12,12,1,103936.0,5632.0,False,True,1.0,4608,8192,ENSG00000279761,196608
196608,26,196608,98304,13,12,12,1,103936.0,5632.0,False,True,1.0,4608,8192,ENSG00000186113,196608
196608,26,196608,98304,13,12,12,1,103936.0,5632.0,False,True,1.0,4608,8192,ENSG00000205029,196608
196608,26,196608,98304,13,12,12,1,103936.0,5632.0,False,True,1.0,4608,8192,ENSG00000186119,196608
196608,26,196608,98304,13,12,12,1,103936.0,5632.0,False,True,1.0,4608,8192,ENSG00000149133,196608
196608,26,196608,98304,13,12,12,1,103936.0,5632.0,False,True,1.0,4608,8192,ENSG00000231192,196608
196608,26,196608,98304,13,12,12,1,103936.0,5632.0,False,True,1.0,4608,8192,ENSG00000197938,196608
196608,26,196608,98304,13,12,12,1,103936.0,5632.0,False,True,1.0,4608,8192,ENSG00000230301,196608
196608,26,196608,98304,13,12,12,1,103936.0,5632.0,False,True,1.0,4608,8192,ENSG00000236032,196608
196608,26,196608,98304,13,12,12,1,103936.0,5632.0,False,True,1.0,4608,8192,ENSG00000233412,196608
196608,26,196608,98304,13,12,12,1,103936.0,5632.0,False,True,1.0,4608,8192,ENSG00000167825,196608
196608,26,196608,98304,13,12,12,1,103936.0,5632.0,False,True,1.0,4608,8192,ENSG00000174957,196608
196608,26,196608,98304,13,12,12,1,103936.0,5632.0,False,True,1.0,4608,8192,ENSG00000232382,196608
196608,26,196608,98304,13,12,12,1,103936.0,5632.0,False,True,1.0,4608,8192,ENSG00000231861,196608
196608,26,196608,98304,13,12,12,1,103936.0,5632.0,False,True,1.0,4608,8192,ENSG00000206536,196608
196608,26,196608,98304,13,12,12,1,103936.0,5632.0,False,True,1.0,4608,8192,ENSG00000196098,196608
196608,26,196608,98304,13,12,12,1,103936.0,5632.0,False,True,1.0,4608,8192,ENSG00000279395,196608
196608,26,196608,98304,13,12,12,1,103936.0,5632.0,False,True,1.0,4608,8192,ENSG00000205030,196608
196608,26,196608,98304,13,12,12,1,103936.0,5632.0,False,True,1.0,4608,8192,ENSG00000255012,196608
196608,26,196608,98304,13,12,12,1,103936.0,5632.0,False,True,1.0,4608,8192,ENSG00000174937,196608
196608,26,196608,98304,13,12,12,1,103936.0,5632.0,False,True,1.0,4608,8192,ENSG00000181371,196608
196608,26,196608,98304,13,12,12,1,103936.0,5632.0,False,True,1.0,4608,8192,ENSG00000150269,196608
196608,26,196608,98304,13,12,12,1,103936.0,5632.0,False,True,1.0,4608,8192,ENSG00000254834,196608
196608,26,196608,98304,13,12,12,1,103936.0,5632.0,False,True,1.0,4608,8192,ENSG00000255223,196608
196608,26,196608,98304,13,12,12,1,103936.0,5632.0,False,True,1.0,4608,8192,ENSG00000183303,196608
196608,26,196608,98304,13,12,12,1,103936.0,5632.0,False,True,1.0,4608,8192,ENSG00000182334,196608
196608,26,196608,98304,13,12,12,1,103936.0,5632.0,False,True,1.0,4608,8192,ENSG00000181698,196608
196608,26,196608,98304,13,12,12,1,103936.0,5632.0,False,True,1.0,4608,8192,ENSG00000181718,196608
196608,26,196608,98304,13,12,12,1,103936.0,5632.0,False,True,1.0,4608,8192,ENSG00000172489,196608
196608,26,196608,98304,13,12,12,1,103936.0,5632.0,False,True,1.0,4608,8192,ENSG00000243729,196608
196608,26,196608,98304,13,12,12,1,103936.0,5632.0,False,True,1.0,4608,8192,ENSG00000187612,196608
196608,26,196608,98304,13,12,12,1,103936.0,5632.0,False,True,1.0,4608,8192,ENSG00000184933,196608
196608,26,196608,98304,13,12,12,1,103936.0,5632.0,False,True,1.0,4608,8192,ENSG00000221813,196608
196608,26,196608,98304,13,12,12,1,103936.0,5632.0,False,True,1.0,4608,8192,ENSG00000182083,196608
196608,26,196608,98304,13,12,12,1,103936.0,5632.0,False,True,1.0,4608,8192,ENSG00000178586,196608
196608,26,196608,98304,13,12,12,1,103936.0,5632.0,False,True,1.0,4608,8192,ENSG00000205330,196608
196608,26,196608,98304,13,12,12,1,103936.0,5632.0,False,True,1.0,4608,8192,ENSG00000179695,196608
196608,26,196608,98304,13,12,12,1,103936.0,5632.0,False,True,1.0,4608,8192,ENSG00000205329,196608
196608,26,196608,98304,13,12,12,1,103936.0,5632.0,False,True,1.0,4608,8192,ENSG00000179626,196608
196608,26,196608,98304,13,12,12,1,103936.0,5632.0,False,True,1.0,4608,8192,ENSG00000188324,196608
196608,26,196608,98304,13,12,12,1,103936.0,5632.0,False,True,1.0,4608,8192,ENSG00000205328,196608
196608,26,196608,98304,13,12,12,1,103936.0,5632.0,False,True,1.0,4608,8192,ENSG00000205327,196608
196608,26,196608,98304,13,12,12,1,103936.0,5632.0,False,True,1.0,4608,8192,ENSG00000184954,196608
196608,26,196608,98304,13,12,12,1,103936.0,5632.0,False,True,1.0,4608,8192,ENSG00000197706,196608
196608,26,196608,98304,13,12,12,1,103936.0,5632.0,False,True,1.0,4608,8192,ENSG00000187857,196608
196608,26,196608,98304,13,12,12,1,103936.0,5632.0,False,True,1.0,4608,8192,ENSG00000185821,196608
196608,26,196608,98304,13,12,12,1,103936.0,5632.0,False,True,1.0,4608,8192,ENSG00000169214,196608
196608,26,196608,98304,13,12,12,1,103936.0,5632.0,False,True,1.0,4608,8192,ENSG00000255804,196608
196608,26,196608,98304,13,12,12,1,103936.0,5632.0,False,True,1.0,4608,8192,ENSG00000196171,196608
196608,26,196608,98304,13,12,12,1,103936.0,5632.0,False,True,1.0,4608,8192,ENSG00000203757,196608
196608,26,196608,98304,13,12,12,1,103936.0,5632.0,False,True,1.0,4608,8192,ENSG00000180433,196608
196608,26,196608,98304,13,12,12,1,103936.0,5632.0,False,True,1.0,4608,8192,ENSG00000196099,196608
196608,26,196608,98304,13,12,12,1,103936.0,5632.0,False,True,1.0,4608,8192,ENSG00000197403,196608
196608,26,196608,98304,13,12,12,1,103936.0,5632.0,False,True,1.0,4608,8192,ENSG00000188340,196608
196608,26,196608,98304,13,12,12,1,103936.0,5632.0,False,True,1.0,4608,8192,ENSG00000186440,196608
196608,26,196608,98304,13,12,12,1,103936.0,5632.0,False,True,1.0,4608,8192,ENSG00000279051,196608
196608,26,196608,98304,13,12,12,1,103936.0,5632.0,False,True,1.0,4608,8192,ENSG00000181803,196608
196608,26,196608,98304,13,12,12,1,103936.0,5632.0,False,True,1.0,4608,8192,ENSG00000181499,196608
196608,26,196608,98304,13,12,12,1,103936.0,5632.0,False,True,1.0,4608,8192,ENSG00000225781,196608
196608,26,196608,98304,13,12,12,1,103936.0,5632.0,False,True,1.0,4608,8192,ENSG00000221931,196608
196608,26,196608,98304,13,12,12,1,103936.0,5632.0,False,True,1.0,4608,8192,ENSG00000197532,196608
196608,26,196608,98304,13,12,12,1,103936.0,5632.0,False,True,1.0,4608,8192,ENSG00000188269,196608
196608,26,196608,98304,13,12,12,1,103936.0,5632.0,False,True,1.0,4608,8192,ENSG00000127515,196608
196608,26,196608,98304,13,12,12,1,103936.0,5632.0,False,True,1.0,4608,8192,ENSG00000185385,196608
196608,26,196608,98304,13,12,12,1,103936.0,5632.0,False,True,1.0,4608,8192,ENSG00000127530,196608
196608,26,196608,98304,13,12,12,1,103936.0,5632.0,False,True,1.0,4608,8192,ENSG00000127529,196608
196608,26,196608,98304,13,12,12,1,103936.0,5632.0,False,True,1.0,4608,8192,ENSG00000188000,196608
196608,26,196608,98304,13,12,12,1,103936.0,5632.0,False,True,1.0,4608,8192,ENSG00000174667,196608
196608,26,196608,98304,13,12,12,1,103936.0,5632.0,False,True,1.0,4608,8192,ENSG00000237521,196608
196608,26,196608,98304,13,12,12,1,103936.0,5632.0,False,True,1.0,4608,8192,ENSG00000161807,196608
196608,26,196608,98304,13,12,12,1,103936.0,5632.0,False,True,1.0,4608,8192,ENSG00000170923,196608
196608,26,196608,98304,13,12,12,1,103936.0,5632.0,False,True,1.0,4608,8192,ENSG00000170920,196608
196608,26,196608,98304,13,12,12,1,103936.0,5632.0,False,True,1.0,4608,8192,ENSG00000196119,196608
196608,26,196608,98304,13,12,12,1,103936.0,5632.0,False,True,1.0,4608,8192,ENSG00000284680,196608
196608,26,196608,98304,13,12,12,1,103936.0,5632.0,False,True,1.0,4608,8192,ENSG00000284609,196608
196608,26,196608,98304,13,12,12,1,103936.0,5632.0,False,True,1.0,4608,8192,ENSG00000280090,196608
196608,26,196608,98304,13,12,12,1,103936.0,5632.0,False,True,1.0,4608,8192,ENSG00000197125,196608
196608,26,196608,98304,13,12,12,1,103936.0,5632.0,False,True,1.0,4608,8192,ENSG00000170953,196608
196608,26,196608,98304,13,12,12,1,103936.0,5632.0,False,True,1.0,4608,8192,ENSG00000196341,196608
196608,26,196608,98304,13,12,12,1,103936.0,5632.0,False,True,1.0,4608,8192,ENSG00000279116,196608
196608,26,196608,98304,13,12,12,1,103936.0,5632.0,False,True,1.0,4608,8192,ENSG00000181518,196608
196608,26,196608,98304,13,12,12,1,103936.0,5632.0,False,True,1.0,4608,8192,ENSG00000197849,196608
196608,26,196608,98304,13,12,12,1,103936.0,5632.0,False,True,1.0,4608,8192,ENSG00000255298,196608
196608,26,196608,98304,13,12,12,1,103936.0,5632.0,False,True,1.0,4608,8192,ENSG00000181693,196608
196608,26,196608,98304,13,12,12,1,103936.0,5632.0,False,True,1.0,4608,8192,ENSG00000181767,196608
196608,26,196608,98304,13,12,12,1,103936.0,5632.0,False,True,1.0,4608,8192,ENSG00000181761,196608
196608,26,196608,98304,13,12,12,1,103936.0,5632.0,False,True,1.0,4608,8192,ENSG00000172154,196608
196608,26,196608,98304,13,12,12,1,103936.0,5632.0,False,True,1.0,4608,8192,ENSG00000172487,196608
196608,26,196608,98304,13,12,12,1,103936.0,5632.0,False,True,1.0,4608,8192,ENSG00000254658,196608
196608,26,196608,98304,13,12,12,1,103936.0,5632.0,False,True,1.0,4608,8192,ENSG00000167822,196608
196608,26,196608,98304,13,12,12,1,103936.0,5632.0,False,True,1.0,4608,8192,ENSG00000150261,196608
196608,26,196608,98304,13,12,12,1,103936.0,5632.0,False,True,1.0,4608,8192,ENSG00000280314,196608
196608,26,196608,98304,13,12,12,1,103936.0,5632.0,False,True,1.0,4608,8192,ENSG00000181752,196608
196608,26,196608,98304,13,12,12,1,103936.0,5632.0,False,True,1.0,4608,8192,ENSG00000284723,196608
196608,26,196608,98304,13,12,12,1,103936.0,5632.0,False,True,1.0,4608,8192,ENSG00000172199,196608
196608,26,196608,98304,13,12,12,1,103936.0,5632.0,False,True,1.0,4608,8192,ENSG00000279961,196608
196608,26,196608,98304,13,12,12,1,103936.0,5632.0,False,True,1.0,4608,8192,ENSG00000179468,196608
196608,26,196608,98304,13,12,12,1,103936.0,5632.0,False,True,1.0,4608,8192,ENSG00000258083,196608
196608,26,196608,98304,13,12,12,1,103936.0,5632.0,False,True,1.0,4608,8192,ENSG00000174914,196608
196608,26,196608,98304,13,12,12,1,103936.0,5632.0,False,True,1.0,4608,8192,ENSG00000172457,196608
196608,26,196608,98304,13,12,12,1,103936.0,5632.0,False,True,1.0,4608,8192,ENSG00000172377,196608
196608,26,196608,98304,13,12,12,1,103936.0,5632.0,False,True,1.0,4608,8192,ENSG00000170605,196608
196608,26,196608,98304,13,12,12,1,103936.0,5632.0,False,True,1.0,4608,8192,ENSG00000186509,196608
196608,26,196608,98304,13,12,12,1,103936.0,5632.0,False,True,1.0,4608,8192,ENSG00000186513,196608
196608,26,196608,98304,13,12,12,1,103936.0,5632.0,False,True,1.0,4608,8192,ENSG00000170790,196608
196608,26,196608,98304,13,12,12,1,103936.0,5632.0,False,True,1.0,4608,8192,ENSG00000170683,196608
196608,26,196608,98304,13,12,12,1,103936.0,5632.0,False,True,1.0,4608,8192,ENSG00000170782,196608
196608,26,196608,98304,13,12,12,1,103936.0,5632.0,False,True,1.0,4608,8192,ENSG00000166363,196608
196608,26,196608,98304,13,12,12,1,103936.0,5632.0,False,True,1.0,4608,8192,ENSG00000279000,196608
196608,26,196608,98304,13,12,12,1,103936.0,5632.0,False,True,1.0,4608,8192,ENSG00000179919,196608
196608,26,196608,98304,13,12,12,1,103936.0,5632.0,False,True,1.0,4608,8192,ENSG00000172640,196608
196608,26,196608,98304,13,12,12,1,103936.0,5632.0,False,True,1.0,4608,8192,ENSG00000174970,196608
196608,26,196608,98304,13,12,12,1,103936.0,5632.0,False,True,1.0,4608,8192,ENSG00000206474,196608
196608,26,196608,98304,13,12,12,1,103936.0,5632.0,False,True,1.0,4608,8192,ENSG00000197309,196608
196608,26,196608,98304,13,12,12,1,103936.0,5632.0,False,True,1.0,4608,8192,ENSG00000255582,196608
196608,26,196608,98304,13,12,12,1,103936.0,5632.0,False,True,1.0,4608,8192,ENSG00000169208,196608
196608,26,196608,98304,13,12,12,1,103936.0,5632.0,False,True,1.0,4608,8192,ENSG00000254737,196608
196608,26,196608,98304,13,12,12,1,103936.0,5632.0,False,True,1.0,4608,8192,ENSG00000198674,196608
196608,26,196608,98304,13,12,12,1,103936.0,5632.0,False,True,1.0,4608,8192,ENSG00000182634,196608
196608,26,196608,98304,13,12,12,1,103936.0,5632.0,False,True,1.0,4608,8192,ENSG00000234560,196608
196608,26,196608,98304,13,12,12,1,103936.0,5632.0,False,True,1.0,4608,8192,ENSG00000236981,196608
196608,26,196608,98304,13,12,12,1,103936.0,5632.0,False,True,1.0,4608,8192,ENSG00000186723,196608
196608,26,196608,98304,13,12,12,1,103936.0,5632.0,False,True,1.0,4608,8192,ENSG00000171942,196608
196608,26,196608,98304,13,12,12,1,103936.0,5632.0,False,True,1.0,4608,8192,ENSG00000171936,196608
196608,26,196608,98304,13,12,12,1,103936.0,5632.0,False,True,1.0,4608,8192,ENSG00000176231,196608
196608,26,196608,98304,13,12,12,1,103936.0,5632.0,False,True,1.0,4608,8192,ENSG00000172519,196608
196608,26,196608,98304,13,12,12,1,103936.0,5632.0,False,True,1.0,4608,8192,ENSG00000196184,196608
196608,26,196608,98304,13,12,12,1,103936.0,5632.0,False,True,1.0,4608,8192,ENSG00000249730,196608
196608,26,196608,98304,13,12,12,1,103936.0,5632.0,False,True,1.0,4608,8192,ENSG00000184155,196608
196608,26,196608,98304,13,12,12,1,103936.0,5632.0,False,True,1.0,4608,8192,ENSG00000173285,196608
196608,26,196608,98304,13,12,12,1,103936.0,5632.0,False,True,1.0,4608,8192,ENSG00000180708,196608
196608,26,196608,98304,13,12,12,1,103936.0,5632.0,False,True,1.0,4608,8192,ENSG00000175398,196608
196608,26,196608,98304,13,12,12,1,103936.0,5632.0,False,True,1.0,4608,8192,ENSG00000180475,196608
196608,26,196608,98304,13,12,12,1,103936.0,5632.0,False,True,1.0,4608,8192,ENSG00000198965,196608
196608,26,196608,98304,13,12,12,1,103936.0,5632.0,False,True,1.0,4608,8192,ENSG00000196248,196608
196608,26,196608,98304,13,12,12,1,103936.0,5632.0,False,True,1.0,4608,8192,ENSG00000186306,196608
196608,26,196608,98304,13,12,12,1,103936.0,5632.0,False,True,1.0,4608,8192,ENSG00000172289,196608
196608,26,196608,98304,13,12,12,1,103936.0,5632.0,False,True,1.0,4608,8192,ENSG00000172772,196608
196608,26,196608,98304,13,12,12,1,103936.0,5632.0,False,True,1.0,4608,8192,ENSG00000279111,196608
196608,26,196608,98304,13,12,12,1,103936.0,5632.0,False,True,1.0,4608,8192,ENSG00000198967,196608
196608,26,196608,98304,13,12,12,1,103936.0,5632.0,False,True,1.0,4608,8192,ENSG00000204694,196608
196608,26,196608,98304,13,12,12,1,103936.0,5632.0,False,True,1.0,4608,8192,ENSG00000196832,196608
196608,26,196608,98304,13,12,12,1,103936.0,5632.0,False,True,1.0,4608,8192,ENSG00000130538,196608
196608,26,196608,98304,13,12,12,1,103936.0,5632.0,False,True,1.0,4608,8192,ENSG00000258453,196608
196608,26,196608,98304,13,12,12,1,103936.0,5632.0,False,True,1.0,4608,8192,ENSG00000176198,196608
196608,26,196608,98304,13,12,12,1,103936.0,5632.0,False,True,1.0,4608,8192,ENSG00000176219,196608
196608,26,196608,98304,13,12,12,1,103936.0,5632.0,False,True,1.0,4608,8192,ENSG00000258806,196608
196608,26,196608,98304,13,12,12,1,103936.0,5632.0,False,True,1.0,4608,8192,ENSG00000257115,196608
196608,26,196608,98304,13,12,12,1,103936.0,5632.0,False,True,1.0,4608,8192,ENSG00000197591,196608
196608,26,196608,98304,13,12,12,1,103936.0,5632.0,False,True,1.0,4608,8192,ENSG00000251608,196608
196608,26,196608,98304,13,12,12,1,103936.0,5632.0,False,True,1.0,4608,8192,ENSG00000280236,196608
196608,26,196608,98304,13,12,12,1,103936.0,5632.0,False,True,1.0,4608,8192,ENSG00000112462,196608
196608,26,196608,98304,13,12,12,1,103936.0,5632.0,False,True,1.0,4608,8192,ENSG00000256574,196608
196608,26,196608,98304,13,12,12,1,103936.0,5632.0,False,True,1.0,4608,8192,ENSG00000276119,196608
196608,26,196608,98304,13,12,12,1,103936.0,5632.0,False,True,1.0,4608,8192,ENSG00000204246,196608
196608,26,196608,98304,13,12,12,1,103936.0,5632.0,False,True,1.0,4608,8192,ENSG00000148136,196608
196608,26,196608,98304,13,12,12,1,103936.0,5632.0,False,True,1.0,4608,8192,ENSG00000277556,196608
196608,26,196608,98304,13,12,12,1,103936.0,5632.0,False,True,1.0,4608,8192,ENSG00000243641,196608
196608,26,196608,98304,13,12,12,1,103936.0,5632.0,False,True,1.0,4608,8192,ENSG00000186943,196608
196608,26,196608,98304,13,12,12,1,103936.0,5632.0,False,True,1.0,4608,8192,ENSG00000136839,196608
196608,26,196608,98304,13,12,12,1,103936.0,5632.0,False,True,1.0,4608,8192,ENSG00000179055,196608
196608,26,196608,98304,13,12,12,1,103936.0,5632.0,False,True,1.0,4608,8192,ENSG00000186881,196608
196608,26,196608,98304,13,12,12,1,103936.0,5632.0,False,True,1.0,4608,8192,ENSG00000197437,196608
196608,26,196608,98304,13,12,12,1,103936.0,5632.0,False,True,1.0,4608,8192,ENSG00000171054,196608
196608,26,196608,98304,13,12,12,1,103936.0,5632.0,False,True,1.0,4608,8192,ENSG00000168828,196608
196608,26,196608,98304,13,12,12,1,103936.0,5632.0,False,True,1.0,4608,8192,ENSG00000241128,196608
196608,26,196608,98304,13,12,12,1,103936.0,5632.0,False,True,1.0,4608,8192,ENSG00000196772,196608
196608,26,196608,98304,13,12,12,1,103936.0,5632.0,False,True,1.0,4608,8192,ENSG00000177174,196608
196608,26,196608,98304,13,12,12,1,103936.0,5632.0,False,True,1.0,4608,8192,ENSG00000189181,196608
196608,26,196608,98304,13,12,12,1,103936.0,5632.0,False,True,1.0,4608,8192,ENSG00000204695,196608
196608,26,196608,98304,13,12,12,1,103936.0,5632.0,False,True,1.0,4608,8192,ENSG00000153230,196608
196608,26,196608,98304,13,12,12,1,103936.0,5632.0,False,True,1.0,4608,8192,ENSG00000205496,196608
196608,26,196608,98304,13,12,12,1,103936.0,5632.0,False,True,1.0,4608,8192,ENSG00000205497,196608
196608,26,196608,98304,13,12,12,1,103936.0,5632.0,False,True,1.0,4608,8192,ENSG00000176895,196608
196608,26,196608,98304,13,12,12,1,103936.0,5632.0,False,True,1.0,4608,8192,ENSG00000279012,196608
196608,26,196608,98304,13,12,12,1,103936.0,5632.0,False,True,1.0,4608,8192,ENSG00000183251,196608
196608,26,196608,98304,13,12,12,1,103936.0,5632.0,False,True,1.0,4608,8192,ENSG00000167355,196608
196608,26,196608,98304,13,12,12,1,103936.0,5632.0,False,True,1.0,4608,8192,ENSG00000176239,196608
196608,26,196608,98304,13,12,12,1,103936.0,5632.0,False,True,1.0,4608,8192,ENSG00000197428,196608
196608,26,196608,98304,13,12,12,1,103936.0,5632.0,False,True,1.0,4608,8192,ENSG00000180785,196608
196608,26,196608,98304,13,12,12,1,103936.0,5632.0,False,True,1.0,4608,8192,ENSG00000167332,196608
196608,26,196608,98304,13,12,12,1,103936.0,5632.0,False,True,1.0,4608,8192,ENSG00000280021,196608
196608,26,196608,98304,13,12,12,1,103936.0,5632.0,False,True,1.0,4608,8192,ENSG00000176925,196608
196608,26,196608,98304,13,12,12,1,103936.0,5632.0,False,True,1.0,4608,8192,ENSG00000278870,196608
196608,26,196608,98304,13,12,12,1,103936.0,5632.0,False,True,1.0,4608,8192,ENSG00000176893,196608
196608,26,196608,98304,13,12,12,1,103936.0,5632.0,False,True,1.0,4608,8192,ENSG00000167359,196608
196608,26,196608,98304,13,12,12,1,103936.0,5632.0,False,True,1.0,4608,8192,ENSG00000187918,196608
196608,26,196608,98304,13,12,12,1,103936.0,5632.0,False,True,1.0,4608,8192,ENSG00000176798,196608
196608,26,196608,98304,13,12,12,1,103936.0,5632.0,False,True,1.0,4608,8192,ENSG00000184698,196608
196608,26,196608,98304,13,12,12,1,103936.0,5632.0,False,True,1.0,4608,8192,ENSG00000167360,196608
196608,26,196608,98304,13,12,12,1,103936.0,5632.0,False,True,1.0,4608,8192,ENSG00000176922,196608
196608,26,196608,98304,13,12,12,1,103936.0,5632.0,False,True,1.0,4608,8192,ENSG00000176900,196608
196608,26,196608,98304,13,12,12,1,103936.0,5632.0,False,True,1.0,4608,8192,ENSG00000176742,196608
196608,26,196608,98304,13,12,12,1,103936.0,5632.0,False,True,1.0,4608,8192,ENSG00000182070,196608
196608,26,196608,98304,13,12,12,1,103936.0,5632.0,False,True,1.0,4608,8192,ENSG00000171944,196608
196608,26,196608,98304,13,12,12,1,103936.0,5632.0,False,True,1.0,4608,8192,ENSG00000255307,196608
196608,26,196608,98304,13,12,12,1,103936.0,5632.0,False,True,1.0,4608,8192,ENSG00000221996,196608
196608,26,196608,98304,13,12,12,1,103936.0,5632.0,False,True,1.0,4608,8192,ENSG00000187747,196608
196608,26,196608,98304,13,12,12,1,103936.0,5632.0,False,True,1.0,4608,8192,ENSG00000181609,196608
196608,26,196608,98304,13,12,12,1,103936.0,5632.0,False,True,1.0,4608,8192,ENSG00000273085,196608
196608,26,196608,98304,13,12,12,1,103936.0,5632.0,False,True,1.0,4608,8192,ENSG00000176787,196608
196608,26,196608,98304,13,12,12,1,103936.0,5632.0,False,True,1.0,4608,8192,ENSG00000180974,196608
196608,26,196608,98304,13,12,12,1,103936.0,5632.0,False,True,1.0,4608,8192,ENSG00000277932,196608
196608,26,196608,98304,13,12,12,1,103936.0,5632.0,False,True,1.0,4608,8192,ENSG00000205409,196608
196608,26,196608,98304,13,12,12,1,103936.0,5632.0,False,True,1.0,4608,8192,ENSG00000183269,196608
196608,26,196608,98304,13,12,12,1,103936.0,5632.0,False,True,1.0,4608,8192,ENSG00000181616,196608
196608,26,196608,98304,13,12,12,1,103936.0,5632.0,False,True,1.0,4608,8192,ENSG00000232268,196608
196608,26,196608,98304,13,12,12,1,103936.0,5632.0,False,True,1.0,4608,8192,ENSG00000226288,196608
196608,26,196608,98304,13,12,12,1,103936.0,5632.0,False,True,1.0,4608,8192,ENSG00000205495,196608
196608,26,196608,98304,13,12,12,1,103936.0,5632.0,False,True,1.0,4608,8192,ENSG00000196778,196608
196608,26,196608,98304,13,12,12,1,103936.0,5632.0,False,True,1.0,4608,8192,ENSG00000181963,196608
196608,26,196608,98304,13,12,12,1,103936.0,5632.0,False,True,1.0,4608,8192,ENSG00000183313,196608
196608,26,196608,98304,13,12,12,1,103936.0,5632.0,False,True,1.0,4608,8192,ENSG00000197790,196608
196608,26,196608,98304,13,12,12,1,103936.0,5632.0,False,True,1.0,4608,8192,ENSG00000181001,196608
196608,26,196608,98304,13,12,12,1,103936.0,5632.0,False,True,1.0,4608,8192,ENSG00000180988,196608
196608,26,196608,98304,13,12,12,1,103936.0,5632.0,False,True,1.0,4608,8192,ENSG00000181074,196608
196608,26,196608,98304,13,12,12,1,103936.0,5632.0,False,True,1.0,4608,8192,ENSG00000181009,196608
196608,26,196608,98304,13,12,12,1,103936.0,5632.0,False,True,1.0,4608,8192,ENSG00000279270,196608
196608,26,196608,98304,13,12,12,1,103936.0,5632.0,False,True,1.0,4608,8192,ENSG00000175485,196608
196608,26,196608,98304,13,12,12,1,103936.0,5632.0,False,True,1.0,4608,8192,ENSG00000180934,196608
196608,26,196608,98304,13,12,12,1,103936.0,5632.0,False,True,1.0,4608,8192,ENSG00000184478,196608
196608,26,196608,98304,13,12,12,1,103936.0,5632.0,False,True,1.0,4608,8192,ENSG00000183389,196608
196608,26,196608,98304,13,12,12,1,103936.0,5632.0,False,True,1.0,4608,8192,ENSG00000188691,196608
196608,26,196608,98304,13,12,12,1,103936.0,5632.0,False,True,1.0,4608,8192,ENSG00000181023,196608
196608,26,196608,98304,13,12,12,1,103936.0,5632.0,False,True,1.0,4608,8192,ENSG00000181017,196608
196608,26,196608,98304,13,12,12,1,103936.0,5632.0,False,True,1.0,4608,8192,ENSG00000180919,196608
196608,26,196608,98304,13,12,12,1,103936.0,5632.0,False,True,1.0,4608,8192,ENSG00000182162,196608
196608,26,196608,98304,13,12,12,1,103936.0,5632.0,False,True,1.0,4608,8192,ENSG00000078589,196608
196608,26,196608,98304,13,12,12,1,103936.0,5632.0,False,True,1.0,4608,8192,ENSG00000091622,196608
196608,26,196608,98304,13,12,12,1,103936.0,5632.0,False,True,1.0,4608,8192,ENSG00000128602,196608
196608,26,196608,98304,13,12,12,1,103936.0,5632.0,False,True,1.0,4608,8192,ENSG00000173578,196608
196608,26,196608,98304,13,12,12,1,103936.0,5632.0,False,True,1.0,4608,8192,ENSG00000163823,196608
196608,26,196608,98304,13,12,12,1,103936.0,5632.0,False,True,1.0,4608,8192,ENSG00000121807,196608
196608,26,196608,98304,13,12,12,1,103936.0,5632.0,False,True,1.0,4608,8192,ENSG00000183625,196608
196608,26,196608,98304,13,12,12,1,103936.0,5632.0,False,True,1.0,4608,8192,ENSG00000183813,196608
196608,26,196608,98304,13,12,12,1,103936.0,5632.0,False,True,1.0,4608,8192,ENSG00000160791,196608
196608,26,196608,98304,13,12,12,1,103936.0,5632.0,False,True,1.0,4608,8192,ENSG00000112486,196608
196608,26,196608,98304,13,12,12,1,103936.0,5632.0,False,True,1.0,4608,8192,ENSG00000126353,196608
196608,26,196608,98304,13,12,12,1,103936.0,5632.0,False,True,1.0,4608,8192,ENSG00000179934,196608
196608,26,196608,98304,13,12,12,1,103936.0,5632.0,False,True,1.0,4608,8192,ENSG00000173585,196608
196608,26,196608,98304,13,12,12,1,103936.0,5632.0,False,True,1.0,4608,8192,ENSG00000184451,196608
196608,26,196608,98304,13,12,12,1,103936.0,5632.0,False,True,1.0,4608,8192,ENSG00000121797,196608
196608,26,196608,98304,13,12,12,1,103936.0,5632.0,False,True,1.0,4608,8192,ENSG00000075275,196608
196608,26,196608,98304,13,12,12,1,103936.0,5632.0,False,True,1.0,4608,8192,ENSG00000143126,196608
196608,26,196608,98304,13,12,12,1,103936.0,5632.0,False,True,1.0,4608,8192,ENSG00000008300,196608
196608,26,196608,98304,13,12,12,1,103936.0,5632.0,False,True,1.0,4608,8192,ENSG00000168539,196608
196608,26,196608,98304,13,12,12,1,103936.0,5632.0,False,True,1.0,4608,8192,ENSG00000181072,196608
196608,26,196608,98304,13,12,12,1,103936.0,5632.0,False,True,1.0,4608,8192,ENSG00000133019,196608
196608,26,196608,98304,13,12,12,1,103936.0,5632.0,False,True,1.0,4608,8192,ENSG00000180720,196608
196608,26,196608,98304,13,12,12,1,103936.0,5632.0,False,True,1.0,4608,8192,ENSG00000184984,196608
196608,26,196608,98304,13,12,12,1,103936.0,5632.0,False,True,1.0,4608,8192,ENSG00000168329,196608
196608,26,196608,98304,13,12,12,1,103936.0,5632.0,False,True,1.0,4608,8192,ENSG00000163464,196608
196608,26,196608,98304,13,12,12,1,103936.0,5632.0,False,True,1.0,4608,8192,ENSG00000180871,196608
196608,26,196608,98304,13,12,12,1,103936.0,5632.0,False,True,1.0,4608,8192,ENSG00000186810,196608
196608,26,196608,98304,13,12,12,1,103936.0,5632.0,False,True,1.0,4608,8192,ENSG00000121966,196608
196608,26,196608,98304,13,12,12,1,103936.0,5632.0,False,True,1.0,4608,8192,ENSG00000160683,196608
196608,26,196608,98304,13,12,12,1,103936.0,5632.0,False,True,1.0,4608,8192,ENSG00000184845,196608
196608,26,196608,98304,13,12,12,1,103936.0,5632.0,False,True,1.0,4608,8192,ENSG00000149295,196608
196608,26,196608,98304,13,12,12,1,103936.0,5632.0,False,True,1.0,4608,8192,ENSG00000151577,196608
196608,26,196608,98304,13,12,12,1,103936.0,5632.0,False,True,1.0,4608,8192,ENSG00000069696,196608
196608,26,196608,98304,13,12,12,1,103936.0,5632.0,False,True,1.0,4608,8192,ENSG00000169676,196608
196608,26,196608,98304,13,12,12,1,103936.0,5632.0,False,True,1.0,4608,8192,ENSG00000157766,196608
196608,26,196608,98304,13,12,12,1,103936.0,5632.0,False,True,1.0,4608,8192,ENSG00000162897,196608
196608,26,196608,98304,13,12,12,1,103936.0,5632.0,False,True,1.0,4608,8192,ENSG00000186431,196608
196608,26,196608,98304,13,12,12,1,103936.0,5632.0,False,True,1.0,4608,8192,ENSG00000179639,196608
196608,26,196608,98304,13,12,12,1,103936.0,5632.0,False,True,1.0,4608,8192,ENSG00000158869,196608
196608,26,196608,98304,13,12,12,1,103936.0,5632.0,False,True,1.0,4608,8192,ENSG00000104921,196608
196608,26,196608,98304,13,12,12,1,103936.0,5632.0,False,True,1.0,4608,8192,ENSG00000150337,196608
196608,26,196608,98304,13,12,12,1,103936.0,5632.0,False,True,1.0,4608,8192,ENSG00000143226,196608
196608,26,196608,98304,13,12,12,1,103936.0,5632.0,False,True,1.0,4608,8192,ENSG00000072694,196608
196608,26,196608,98304,13,12,12,1,103936.0,5632.0,False,True,1.0,4608,8192,ENSG00000244682,196608
196608,26,196608,98304,13,12,12,1,103936.0,5632.0,False,True,1.0,4608,8192,ENSG00000203747,196608
196608,26,196608,98304,13,12,12,1,103936.0,5632.0,False,True,1.0,4608,8192,ENSG00000162747,196608
196608,26,196608,98304,13,12,12,1,103936.0,5632.0,False,True,1.0,4608,8192,ENSG00000162894,196608
196608,26,196608,98304,13,12,12,1,103936.0,5632.0,False,True,1.0,4608,8192,ENSG00000163534,196608
196608,26,196608,98304,13,12,12,1,103936.0,5632.0,False,True,1.0,4608,8192,ENSG00000132704,196608
196608,26,196608,98304,13,12,12,1,103936.0,5632.0,False,True,1.0,4608,8192,ENSG00000160856,196608
196608,26,196608,98304,13,12,12,1,103936.0,5632.0,False,True,1.0,4608,8192,ENSG00000163518,196608
196608,26,196608,98304,13,12,12,1,103936.0,5632.0,False,True,1.0,4608,8192,ENSG00000143297,196608
196608,26,196608,98304,13,12,12,1,103936.0,5632.0,False,True,1.0,4608,8192,ENSG00000181036,196608
196608,26,196608,98304,13,12,12,1,103936.0,5632.0,False,True,1.0,4608,8192,ENSG00000132185,196608
196608,26,196608,98304,13,12,12,1,103936.0,5632.0,False,True,1.0,4608,8192,ENSG00000162746,196608
196608,26,196608,98304,13,12,12,1,103936.0,5632.0,False,True,1.0,4608,8192,ENSG00000164946,196608
196608,26,196608,98304,13,12,12,1,103936.0,5632.0,False,True,1.0,4608,8192,ENSG00000125498,196608
196608,26,196608,98304,13,12,12,1,103936.0,5632.0,False,True,1.0,4608,8192,ENSG00000243772,196608
196608,26,196608,98304,13,12,12,1,103936.0,5632.0,False,True,1.0,4608,8192,ENSG00000189013,196608
196608,26,196608,98304,13,12,12,1,103936.0,5632.0,False,True,1.0,4608,8192,ENSG00000221957,196608
196608,26,196608,98304,13,12,12,1,103936.0,5632.0,False,True,1.0,4608,8192,ENSG00000167633,196608
196608,26,196608,98304,13,12,12,1,103936.0,5632.0,False,True,1.0,4608,8192,ENSG00000240403,196608
196608,26,196608,98304,13,12,12,1,103936.0,5632.0,False,True,1.0,4608,8192,ENSG00000242019,196608
196608,26,196608,98304,13,12,12,1,103936.0,5632.0,False,True,1.0,4608,8192,ENSG00000111796,196608
196608,26,196608,98304,13,12,12,1,103936.0,5632.0,False,True,1.0,4608,8192,ENSG00000134545,196608
196608,26,196608,98304,13,12,12,1,103936.0,5632.0,False,True,1.0,4608,8192,ENSG00000205809,196608
196608,26,196608,98304,13,12,12,1,103936.0,5632.0,False,True,1.0,4608,8192,ENSG00000205810,196608
196608,26,196608,98304,13,12,12,1,103936.0,5632.0,False,True,1.0,4608,8192,ENSG00000134539,196608
196608,26,196608,98304,13,12,12,1,103936.0,5632.0,False,True,1.0,4608,8192,ENSG00000150045,196608
196608,26,196608,98304,13,12,12,1,103936.0,5632.0,False,True,1.0,4608,8192,ENSG00000256797,196608
196608,26,196608,98304,13,12,12,1,103936.0,5632.0,False,True,1.0,4608,8192,ENSG00000139187,196608
196608,26,196608,98304,13,12,12,1,103936.0,5632.0,False,True,1.0,4608,8192,ENSG00000188883,196608
196608,26,196608,98304,13,12,12,1,103936.0,5632.0,False,True,1.0,4608,8192,ENSG00000213809,196608
196608,26,196608,98304,13,12,12,1,103936.0,5632.0,False,True,1.0,4608,8192,ENSG00000204381,196608
196608,26,196608,98304,13,12,12,1,103936.0,5632.0,False,True,1.0,4608,8192,ENSG00000104974,196608
196608,26,196608,98304,13,12,12,1,103936.0,5632.0,False,True,1.0,4608,8192,ENSG00000239998,196608
196608,26,196608,98304,13,12,12,1,103936.0,5632.0,False,True,1.0,4608,8192,ENSG00000239961,196608
196608,26,196608,98304,13,12,12,1,103936.0,5632.0,False,True,1.0,4608,8192,ENSG00000187116,196608
196608,26,196608,98304,13,12,12,1,103936.0,5632.0,False,True,1.0,4608,8192,ENSG00000244482,196608
196608,26,196608,98304,13,12,12,1,103936.0,5632.0,False,True,1.0,4608,8192,ENSG00000104972,196608
196608,26,196608,98304,13,12,12,1,103936.0,5632.0,False,True,1.0,4608,8192,ENSG00000131042,196608
196608,26,196608,98304,13,12,12,1,103936.0,5632.0,False,True,1.0,4608,8192,ENSG00000204577,196608
196608,26,196608,98304,13,12,12,1,103936.0,5632.0,False,True,1.0,4608,8192,ENSG00000186818,196608
196608,26,196608,98304,13,12,12,1,103936.0,5632.0,False,True,1.0,4608,8192,ENSG00000105609,196608
196608,26,196608,98304,13,12,12,1,103936.0,5632.0,False,True,1.0,4608,8192,ENSG00000141505,196608
196608,26,196608,98304,13,12,12,1,103936.0,5632.0,False,True,1.0,4608,8192,ENSG00000161944,196608
196608,26,196608,98304,13,12,12,1,103936.0,5632.0,False,True,1.0,4608,8192,ENSG00000054219,196608
196608,26,196608,98304,13,12,12,1,103936.0,5632.0,False,True,1.0,4608,8192,ENSG00000260314,196608
196608,26,196608,98304,13,12,12,1,103936.0,5632.0,False,True,1.0,4608,8192,ENSG00000011028,196608
196608,26,196608,98304,13,12,12,1,103936.0,5632.0,False,True,1.0,4608,8192,ENSG00000249437,196608
196608,26,196608,98304,13,12,12,1,103936.0,5632.0,False,True,1.0,4608,8192,ENSG00000130287,196608
196608,26,196608,98304,13,12,12,1,103936.0,5632.0,False,True,1.0,4608,8192,ENSG00000167984,196608
196608,26,196608,98304,13,12,12,1,103936.0,5632.0,False,True,1.0,4608,8192,ENSG00000091106,196608
196608,26,196608,98304,13,12,12,1,103936.0,5632.0,False,True,1.0,4608,8192,ENSG00000140853,196608
196608,26,196608,98304,13,12,12,1,103936.0,5632.0,False,True,1.0,4608,8192,ENSG00000091592,196608
196608,26,196608,98304,13,12,12,1,103936.0,5632.0,False,True,1.0,4608,8192,ENSG00000022556,196608
196608,26,196608,98304,13,12,12,1,103936.0,5632.0,False,True,1.0,4608,8192,ENSG00000215174,196608
196608,26,196608,98304,13,12,12,1,103936.0,5632.0,False,True,1.0,4608,8192,ENSG00000162711,196608
196608,26,196608,98304,13,12,12,1,103936.0,5632.0,False,True,1.0,4608,8192,ENSG00000160505,196608
196608,26,196608,98304,13,12,12,1,103936.0,5632.0,False,True,1.0,4608,8192,ENSG00000171487,196608
196608,26,196608,98304,13,12,12,1,103936.0,5632.0,False,True,1.0,4608,8192,ENSG00000174885,196608
196608,26,196608,98304,13,12,12,1,103936.0,5632.0,False,True,1.0,4608,8192,ENSG00000167634,196608
196608,26,196608,98304,13,12,12,1,103936.0,5632.0,False,True,1.0,4608,8192,ENSG00000179709,196608
196608,26,196608,98304,13,12,12,1,103936.0,5632.0,False,True,1.0,4608,8192,ENSG00000185792,196608
196608,26,196608,98304,13,12,12,1,103936.0,5632.0,False,True,1.0,4608,8192,ENSG00000182261,196608
196608,26,196608,98304,13,12,12,1,103936.0,5632.0,False,True,1.0,4608,8192,ENSG00000179873,196608
196608,26,196608,98304,13,12,12,1,103936.0,5632.0,False,True,1.0,4608,8192,ENSG00000142405,196608
196608,26,196608,98304,13,12,12,1,103936.0,5632.0,False,True,1.0,4608,8192,ENSG00000173572,196608
196608,26,196608,98304,13,12,12,1,103936.0,5632.0,False,True,1.0,4608,8192,ENSG00000158077,196608
196608,26,196608,98304,13,12,12,1,103936.0,5632.0,False,True,1.0,4608,8192,ENSG00000160703,196608
196608,26,196608,98304,13,12,12,1,103936.0,5632.0,False,True,1.0,4608,8192,ENSG00000106100,196608
196608,26,196608,98304,13,12,12,1,103936.0,5632.0,False,True,1.0,4608,8192,ENSG00000167207,196608
196608,26,196608,98304,13,12,12,1,103936.0,5632.0,False,True,1.0,4608,8192,ENSG00000173391,196608
196608,26,196608,98304,13,12,12,1,103936.0,5632.0,False,True,1.0,4608,8192,ENSG00000008710,196608
196608,26,196608,98304,13,12,12,1,103936.0,5632.0,False,True,1.0,4608,8192,ENSG00000166473,196608
196608,26,196608,98304,13,12,12,1,103936.0,5632.0,False,True,1.0,4608,8192,ENSG00000277481,196608
196608,26,196608,98304,13,12,12,1,103936.0,5632.0,False,True,1.0,4608,8192,ENSG00000153246,196608
196608,26,196608,98304,13,12,12,1,103936.0,5632.0,False,True,1.0,4608,8192,ENSG00000186652,196608
196608,26,196608,98304,13,12,12,1,103936.0,5632.0,False,True,1.0,4608,8192,ENSG00000156575,196608
196608,26,196608,98304,13,12,12,1,103936.0,5632.0,False,True,1.0,4608,8192,ENSG00000088812,196608
196608,26,196608,98304,13,12,12,1,103936.0,5632.0,False,True,1.0,4608,8192,ENSG00000107518,196608
196608,26,196608,98304,13,12,12,1,103936.0,5632.0,False,True,1.0,4608,8192,ENSG00000132692,196608
196608,26,196608,98304,13,12,12,1,103936.0,5632.0,False,True,1.0,4608,8192,ENSG00000115386,196608
196608,26,196608,98304,13,12,12,1,103936.0,5632.0,False,True,1.0,4608,8192,ENSG00000172023,196608
196608,26,196608,98304,13,12,12,1,103936.0,5632.0,False,True,1.0,4608,8192,ENSG00000172016,196608
196608,26,196608,98304,13,12,12,1,103936.0,5632.0,False,True,1.0,4608,8192,ENSG00000143954,196608
196608,26,196608,98304,13,12,12,1,103936.0,5632.0,False,True,1.0,4608,8192,ENSG00000134193,196608
196608,26,196608,98304,13,12,12,1,103936.0,5632.0,False,True,1.0,4608,8192,ENSG00000007908,196608
196608,26,196608,98304,13,12,12,1,103936.0,5632.0,False,True,1.0,4608,8192,ENSG00000188404,196608
196608,26,196608,98304,13,12,12,1,103936.0,5632.0,False,True,1.0,4608,8192,ENSG00000174175,196608
196608,26,196608,98304,13,12,12,1,103936.0,5632.0,False,True,1.0,4608,8192,ENSG00000122852,196608
196608,26,196608,98304,13,12,12,1,103936.0,5632.0,False,True,1.0,4608,8192,ENSG00000185303,196608
196608,26,196608,98304,13,12,12,1,103936.0,5632.0,False,True,1.0,4608,8192,ENSG00000133661,196608
196608,26,196608,98304,13,12,12,1,103936.0,5632.0,False,True,1.0,4608,8192,ENSG00000178726,196608
196608,26,196608,98304,13,12,12,1,103936.0,5632.0,False,True,1.0,4608,8192,ENSG00000174125,196608
196608,26,196608,98304,13,12,12,1,103936.0,5632.0,False,True,1.0,4608,8192,ENSG00000137462,196608
196608,26,196608,98304,13,12,12,1,103936.0,5632.0,False,True,1.0,4608,8192,ENSG00000164342,196608
196608,26,196608,98304,13,12,12,1,103936.0,5632.0,False,True,1.0,4608,8192,ENSG00000136869,196608
196608,26,196608,98304,13,12,12,1,103936.0,5632.0,False,True,1.0,4608,8192,ENSG00000187554,196608
196608,26,196608,98304,13,12,12,1,103936.0,5632.0,False,True,1.0,4608,8192,ENSG00000174130,196608
196608,26,196608,98304,13,12,12,1,103936.0,5632.0,False,True,1.0,4608,8192,ENSG00000196664,196608
196608,26,196608,98304,13,12,12,1,103936.0,5632.0,False,True,1.0,4608,8192,ENSG00000101916,196608
196608,26,196608,98304,13,12,12,1,103936.0,5632.0,False,True,1.0,4608,8192,ENSG00000239732,196608
196608,26,196608,98304,13,12,12,1,103936.0,5632.0,False,True,1.0,4608,8192,ENSG00000174123,196608
196608,26,196608,98304,13,12,12,1,103936.0,5632.0,False,True,1.0,4608,8192,ENSG00000038427,196608
196608,26,196608,98304,13,12,12,1,103936.0,5632.0,False,True,1.0,4608,8192,ENSG00000110848,196608
196608,26,196608,98304,13,12,12,1,103936.0,5632.0,False,True,1.0,4608,8192,ENSG00000137101,196608
196608,26,196608,98304,13,12,12,1,103936.0,5632.0,False,True,1.0,4608,8192,ENSG00000125810,196608
196608,26,196608,98304,13,12,12,1,103936.0,5632.0,False,True,1.0,4608,8192,ENSG00000116031,196608
196608,26,196608,98304,13,12,12,1,103936.0,5632.0,False,True,1.0,4608,8192,ENSG00000090659,196608
196608,26,196608,98304,13,12,12,1,103936.0,5632.0,False,True,1.0,4608,8192,ENSG00000174807,196608
196608,26,196608,98304,13,12,12,1,103936.0,5632.0,False,True,1.0,4608,8192,ENSG00000241399,196608
196608,26,196608,98304,13,12,12,1,103936.0,5632.0,False,True,1.0,4608,8192,ENSG00000154645,196608
196608,26,196608,98304,13,12,12,1,103936.0,5632.0,False,True,1.0,4608,8192,ENSG00000179583,196608
196608,26,196608,98304,13,12,12,1,103936.0,5632.0,False,True,1.0,4608,8192,ENSG00000150048,196608
196608,26,196608,98304,13,12,12,1,103936.0,5632.0,False,True,1.0,4608,8192,ENSG00000165682,196608
196608,26,196608,98304,13,12,12,1,103936.0,5632.0,False,True,1.0,4608,8192,ENSG00000188393,196608
196608,26,196608,98304,13,12,12,1,103936.0,5632.0,False,True,1.0,4608,8192,ENSG00000110852,196608
196608,26,196608,98304,13,12,12,1,103936.0,5632.0,False,True,1.0,4608,8192,ENSG00000069493,196608
196608,26,196608,98304,13,12,12,1,103936.0,5632.0,False,True,1.0,4608,8192,ENSG00000236279,196608
196608,26,196608,98304,13,12,12,1,103936.0,5632.0,False,True,1.0,4608,8192,ENSG00000166509,196608
196608,26,196608,98304,13,12,12,1,103936.0,5632.0,False,True,1.0,4608,8192,ENSG00000163815,196608
196608,26,196608,98304,13,12,12,1,103936.0,5632.0,False,True,1.0,4608,8192,ENSG00000111729,196608
196608,26,196608,98304,13,12,12,1,103936.0,5632.0,False,True,1.0,4608,8192,ENSG00000198178,196608
196608,26,196608,98304,13,12,12,1,103936.0,5632.0,False,True,1.0,4608,8192,ENSG00000166527,196608
196608,26,196608,98304,13,12,12,1,103936.0,5632.0,False,True,1.0,4608,8192,ENSG00000166523,196608
196608,26,196608,98304,13,12,12,1,103936.0,5632.0,False,True,1.0,4608,8192,ENSG00000152672,196608
196608,26,196608,98304,13,12,12,1,103936.0,5632.0,False,True,1.0,4608,8192,ENSG00000182566,196608
196608,26,196608,98304,13,12,12,1,103936.0,5632.0,False,True,1.0,4608,8192,ENSG00000258227,196608
196608,26,196608,98304,13,12,12,1,103936.0,5632.0,False,True,1.0,4608,8192,ENSG00000205846,196608
196608,26,196608,98304,13,12,12,1,103936.0,5632.0,False,True,1.0,4608,8192,ENSG00000172243,196608
196608,26,196608,98304,13,12,12,1,103936.0,5632.0,False,True,1.0,4608,8192,ENSG00000197992,196608
196608,26,196608,98304,13,12,12,1,103936.0,5632.0,False,True,1.0,4608,8192,ENSG00000132514,196608
196608,26,196608,98304,13,12,12,1,103936.0,5632.0,False,True,1.0,4608,8192,ENSG00000105472,196608
196608,26,196608,98304,13,12,12,1,103936.0,5632.0,False,True,1.0,4608,8192,ENSG00000172322,196608
196608,26,196608,98304,13,12,12,1,103936.0,5632.0,False,True,1.0,4608,8192,ENSG00000256660,196608
196608,26,196608,98304,13,12,12,1,103936.0,5632.0,False,True,1.0,4608,8192,ENSG00000176435,196608
196608,26,196608,98304,13,12,12,1,103936.0,5632.0,False,True,1.0,4608,8192,ENSG00000038532,196608
196608,26,196608,98304,13,12,12,1,103936.0,5632.0,False,True,1.0,4608,8192,ENSG00000187912,196608
196608,26,196608,98304,13,12,12,1,103936.0,5632.0,False,True,1.0,4608,8192,ENSG00000157322,196608
196608,26,196608,98304,13,12,12,1,103936.0,5632.0,False,True,1.0,4608,8192,ENSG00000140839,196608
196608,26,196608,98304,13,12,12,1,103936.0,5632.0,False,True,1.0,4608,8192,ENSG00000157335,196608
196608,26,196608,98304,13,12,12,1,103936.0,5632.0,False,True,1.0,4608,8192,ENSG00000261210,196608
196608,26,196608,98304,13,12,12,1,103936.0,5632.0,False,True,1.0,4608,8192,ENSG00000188585,196608
196608,26,196608,98304,13,12,12,1,103936.0,5632.0,False,True,1.0,4608,8192,ENSG00000184374,196608
196608,26,196608,98304,13,12,12,1,103936.0,5632.0,False,True,1.0,4608,8192,ENSG00000118004,196608
196608,26,196608,98304,13,12,12,1,103936.0,5632.0,False,True,1.0,4608,8192,ENSG00000158270,196608
196608,26,196608,98304,13,12,12,1,103936.0,5632.0,False,True,1.0,4608,8192,ENSG00000070413,196608
