n_tokens,n_chunks,total_bp,tss_bp,center_idx,tss_chunk_idx,tss_contain_chunk_idx,delta_chunks,center_chunk_bp_center,delta_bp,center_contains_tss,anchor_contains_tss,bp_per_token,chunk_bp_min,chunk_bp_max,ensembl_id,seq_len,window_sha256,tokenizer_revision
32768,36,196608,98304,18,17,17,1,103866.0,5562.0,False,True,6.0,468,5988,ENSG00000181409,196608,9dea96e67e605f010fa4000d5bdb9bff8e6684583fb6c1f6fa16e1dba760442a,f34324c6fde36a4f635f0f1f06cac5d25acd6798
32768,36,196608,98304,18,17,17,1,103866.0,5562.0,False,True,6.0,468,5988,ENSG00000097007,196608,78d4d51cb276f4180096712d515c5a788ea3cc7f9be7ee2dee8da67eb0935881,f34324c6fde36a4f635f0f1f06cac5d25acd6798
32768,36,196608,98304,18,17,17,1,103866.0,5562.0,False,True,6.0,468,5988,ENSG00000143322,196608,f79a9ca7eeec44b469c57ede4fe0c56865b77246a39d0decd1984dc0aa5b424e,f34324c6fde36a4f635f0f1f06cac5d25acd6798
32768,36,196608,98304,18,17,17,1,103866.0,5562.0,False,True,6.0,468,5988,ENSG00000182827,196608,f0f8459502bf968cbba3dc694b96b34ec412e9902485ab7acd5d03ff6be2e29a,f34324c6fde36a4f635f0f1f06cac5d25acd6798
32768,36,196608,98304,18,17,17,1,103866.0,5562.0,False,True,6.0,468,5988,ENSG00000115170,196608,9e521403c5650ba0d8ce0ac3a1a2dc3d96c11cdb7ca3e118a5acefcb43c940a3,f34324c6fde36a4f635f0f1f06cac5d25acd6798
32768,36,196608,98304,18,17,17,1,103866.0,5562.0,False,True,6.0,468,5988,ENSG00000135503,196608,86970ff3f90968328be37fd8d6d42c4c81b28feaa61f128dc67e7ca39c966a37,f34324c6fde36a4f635f0f1f06cac5d25acd6798
32768,36,196608,98304,18,17,17,1,103866.0,5562.0,False,True,6.0,468,5988,ENSG00000123612,196608,dcf8bfb4dd83e502e5c18a665b5dafff8682a9843734cc4f2cc27b515326bd77,f34324c6fde36a4f635f0f1f06cac5d25acd6798
32768,36,196608,98304,18,17,17,1,103866.0,5562.0,False,True,6.0,468,5988,ENSG00000121989,196608,484e003b90bfd083e5076e2d4b45e84fba891288e0c3c448c19d418688dd9eec,f34324c6fde36a4f635f0f1f06cac5d25acd6798
32768,36,196608,98304,18,17,17,1,103866.0,5562.0,False,True,6.0,468,5988,ENSG00000114739,196608,4b1c0200814fed5fc9a9958008f7d0989f31f6a293d6f00c11e638eb2fb1bdba,f34324c6fde36a4f635f0f1f06cac5d25acd6798
32768,36,196608,98304,18,17,17,1,103866.0,5562.0,False,True,6.0,468,5988,ENSG00000139567,196608,4f30d325d7275aafb01cd4ddfec75e819aa7b533d5269f65655026e79a9c6748,f34324c6fde36a4f635f0f1f06cac5d25acd6798
32768,36,196608,98304,18,17,17,1,103866.0,5562.0,False,True,6.0,468,5988,ENSG00000106992,196608,7894bf85d6d9f1b18f68bd46599b84ea25b638d54257baf3c70e139e11748b0c,f34324c6fde36a4f635f0f1f06cac5d25acd6798
32768,36,196608,98304,18,17,17,1,103866.0,5562.0,False,True,6.0,468,5988,ENSG00000004455,196608,d73218974492382d0c0211d26fa420a06807f846f202686d3b402d1cf9ad0b34,f34324c6fde36a4f635f0f1f06cac5d25acd6798
32768,36,196608,98304,18,17,17,1,103866.0,5562.0,False,True,6.0,468,5988,ENSG00000147853,196608,7622a9ca3df697f2667b3ed3cd4485f053d445bb490b137794262edb37133ccf,f34324c6fde36a4f635f0f1f06cac5d25acd6798
32768,36,196608,98304,18,17,17,1,103866.0,5562.0,False,True,6.0,468,5988,ENSG00000162433,196608,b32ef0457b72d0df5d4f215c8d92a6b07cbd4c9a61c046d9f9ebbbd14c3c3111,f34324c6fde36a4f635f0f1f06cac5d25acd6798
32768,36,196608,98304,18,17,17,1,103866.0,5562.0,False,True,6.0,468,5988,ENSG00000154027,196608,214e8730e07867e88efcd06a5cc71e27a6d72e1fa151c400d7e349e71ee38323,f34324c6fde36a4f635f0f1f06cac5d25acd6798
32768,36,196608,98304,18,17,17,1,103866.0,5562.0,False,True,6.0,468,5988,ENSG00000085231,196608,a88b1e711967bb5df30b4e2abe6a993578b1427f392818518cc3c3232c602aca,f34324c6fde36a4f635f0f1f06cac5d25acd6798
32768,36,196608,98304,18,17,17,1,103866.0,5562.0,False,True,6.0,468,5988,ENSG00000140057,196608,36e47b19797fb1399112a4d7af3c7ac4422fceaa9cce6ed0208bc5a786f4cc4f,f34324c6fde36a4f635f0f1f06cac5d25acd6798
32768,36,196608,98304,18,17,17,1,103866.0,5562.0,False,True,6.0,468,5988,ENSG00000165695,196608,b8e6c109c67760e8aa5cd4fd894cfee9eb27188231e7dc92d238a6913cf099ea,f34324c6fde36a4f635f0f1f06cac5d25acd6798
32768,36,196608,98304,18,17,17,1,103866.0,5562.0,False,True,6.0,468,5988,ENSG00000155085,196608,08e9e386703027cbae0fbefb7cd74b5b247695bf309716abd55ffe1722766261,f34324c6fde36a4f635f0f1f06cac5d25acd6798
32768,36,196608,98304,18,17,17,1,103866.0,5562.0,False,True,6.0,468,5988,ENSG00000121057,196608,80ab5511e9090f37c5ead06ad711694b93340131dd6d6e2784048a0cd8a62ecf,f34324c6fde36a4f635f0f1f06cac5d25acd6798
32768,36,196608,98304,18,17,17,1,103866.0,5562.0,False,True,6.0,468,5988,ENSG00000111254,196608,dcc04e51fab5d7f56e9d0869acdc3bd28077d272bf4ceffac2c45a538e28ea37,f34324c6fde36a4f635f0f1f06cac5d25acd6798
74438,80,196608,98304,40,62,62,-22,54814.0,-43490.0,False,True,2.64123162900669,998,5988,ENSG00000147081,196608,d105d9c231c154d0df77fa87c106d78f980e4127b604539276d4dcb4612c490e,f34324c6fde36a4f635f0f1f06cac5d25acd6798
32768,36,196608,98304,18,17,17,1,103866.0,5562.0,False,True,6.0,468,5988,ENSG00000179841,196608,020237338a498a09795cc4bfcedf93bf27d2e30807be69783de0a9080fd32260,f34324c6fde36a4f635f0f1f06cac5d25acd6798
32768,36,196608,98304,18,17,17,1,103866.0,5562.0,False,True,6.0,468,5988,ENSG00000151320,196608,d36098e7f934ff6b27d73b6c44329e23d6d95f6b84207244b9c5713c9196c3a1,f34324c6fde36a4f635f0f1f06cac5d25acd6798
32768,36,196608,98304,18,17,17,1,103866.0,5562.0,False,True,6.0,468,5988,ENSG00000118507,196608,c4bbac0dc64f25c92166f5cbe8a50d9fc6ed8702260c15690b5c765dce8a88f2,f34324c6fde36a4f635f0f1f06cac5d25acd6798
32768,36,196608,98304,18,17,17,1,103866.0,5562.0,False,True,6.0,468,5988,ENSG00000105127,196608,5c255a8010b16e531fca1941c46a67769aec6ebdd999a7c24c35c725a86a5c51,f34324c6fde36a4f635f0f1f06cac5d25acd6798
32768,36,196608,98304,18,17,17,1,103866.0,5562.0,False,True,6.0,468,5988,ENSG00000127914,196608,b70185c22ee267a9ce3964556df7c8c2e54c4bb3163137bc5ee35b1863613ebb,f34324c6fde36a4f635f0f1f06cac5d25acd6798
32768,36,196608,98304,18,17,17,1,103866.0,5562.0,False,True,6.0,468,5988,ENSG00000108599,196608,8d91e89fade2c22a6f66a6f5a76ac16e6d7c60db1d6ebf888408eb5a8c066f85,f34324c6fde36a4f635f0f1f06cac5d25acd6798
32768,36,196608,98304,18,17,17,1,103866.0,5562.0,False,True,6.0,468,5988,ENSG00000023516,196608,d873db0a7296fe08c754cd55ad25fd93802169b1789e6f9d027ac0b8928c4f41,f34324c6fde36a4f635f0f1f06cac5d25acd6798
32768,36,196608,98304,18,17,17,1,103866.0,5562.0,False,True,6.0,468,5988,ENSG00000131016,196608,9a3f79d7cfd74508e33691816ba5d671c1cd66fff41efb1fbaf9caa09aa438dd,f34324c6fde36a4f635f0f1f06cac5d25acd6798
32768,36,196608,98304,18,17,17,1,103866.0,5562.0,False,True,6.0,468,5988,ENSG00000170776,196608,27ab0580ea807b0e1a08403d2bc11e5207fb9ab54c6ee045c5d642c429a19b92,f34324c6fde36a4f635f0f1f06cac5d25acd6798
32768,36,196608,98304,18,17,17,1,103866.0,5562.0,False,True,6.0,468,5988,ENSG00000186471,196608,ae04b7643b4f3e72f0d84efa398a8d73b1518e3b03ffa3e1d8ab11b3e2b27162,f34324c6fde36a4f635f0f1f06cac5d25acd6798
32768,36,196608,98304,18,17,17,1,103866.0,5562.0,False,True,6.0,468,5988,ENSG00000197976,196608,ff3e1327fcdbb745bba258eb0e64499c00410632a8f12f8bcb717c63a5d77140,f34324c6fde36a4f635f0f1f06cac5d25acd6798
32768,36,196608,98304,18,17,17,1,103866.0,5562.0,False,True,6.0,468,5988,ENSG00000142208,196608,f79c7a9f2597f82294f5a620bd0934f164874c6cc3d72a0cbae016bb2f5bc759,f34324c6fde36a4f635f0f1f06cac5d25acd6798
32768,36,196608,98304,18,17,17,1,103866.0,5562.0,False,True,6.0,468,5988,ENSG00000105221,196608,bdb6ae18748a31a27edb7051216364c70bace18692c33d5f9bfa2ceeb6a91bba,f34324c6fde36a4f635f0f1f06cac5d25acd6798
32768,36,196608,98304,18,17,17,1,103866.0,5562.0,False,True,6.0,468,5988,ENSG00000117020,196608,c1a5d38b3748407293df6f40743946f95405995491098241b5636c324d3080be,f34324c6fde36a4f635f0f1f06cac5d25acd6798
32768,36,196608,98304,18,17,17,1,103866.0,5562.0,False,True,6.0,468,5988,ENSG00000171094,196608,277cf61367b6410b92c3dcf1413f4d88091b7df221826106131fca8482a37c8f,f34324c6fde36a4f635f0f1f06cac5d25acd6798
32768,36,196608,98304,18,17,17,1,103866.0,5562.0,False,True,6.0,468,5988,ENSG00000139163,196608,d0365029a15a959fc474bcf7f693a89b52fd8baa2208305fae9ad05280e815ea,f34324c6fde36a4f635f0f1f06cac5d25acd6798
32768,36,196608,98304,18,17,17,1,103866.0,5562.0,False,True,6.0,468,5988,ENSG00000143845,196608,fb8c86aa2f8ba987e1bb59f19b8c77c45fc7c20c8e659619e2b884abd13fbe2b,f34324c6fde36a4f635f0f1f06cac5d25acd6798
32768,36,196608,98304,18,17,17,1,103866.0,5562.0,False,True,6.0,468,5988,ENSG00000092820,196608,ec3942d253cdb1c0b3932c583332e27e42406ab8ecce1cb35a37a18f944db809,f34324c6fde36a4f635f0f1f06cac5d25acd6798
32768,36,196608,98304,18,17,17,1,103866.0,5562.0,False,True,6.0,468,5988,ENSG00000108950,196608,22e39a5bc57ac02ba0285e95a8c9366dd29c39494f3a755de5ff060ce9b341ee,f34324c6fde36a4f635f0f1f06cac5d25acd6798
32768,36,196608,98304,18,17,17,1,103866.0,5562.0,False,True,6.0,468,5988,ENSG00000116199,196608,680c8d22d119cc9c840cf30d63c4970f98b1968333a84376544c6a703a786560,f34324c6fde36a4f635f0f1f06cac5d25acd6798
34768,38,196608,98304,19,17,17,2,109470.0,11166.0,False,True,5.654855039116429,998,5988,ENSG00000177706,196608,cfdcfd021a34f66bc87261409540899e5babf0fd7521542bf2a6ac3e3e4d555b,f34324c6fde36a4f635f0f1f06cac5d25acd6798
32768,36,196608,98304,18,17,17,1,103866.0,5562.0,False,True,6.0,468,5988,ENSG00000151422,196608,6f6730affa03da82c1fc207aa97835ae083fcfa97b7151277b64c2a1f97db65f,f34324c6fde36a4f635f0f1f06cac5d25acd6798
32768,36,196608,98304,18,17,17,1,103866.0,5562.0,False,True,6.0,468,5988,ENSG00000182511,196608,3ee6482f6d3d643534a5d968a3892c7834b9b1a71d854361f8500d3ee36efe39,f34324c6fde36a4f635f0f1f06cac5d25acd6798
32768,36,196608,98304,18,17,17,1,103866.0,5562.0,False,True,6.0,468,5988,ENSG00000077782,196608,d5f7a010ad17cb2c0fc3e4ed379030078d5ab24362c8673fb5e1465f44d03060,f34324c6fde36a4f635f0f1f06cac5d25acd6798
32768,36,196608,98304,18,17,17,1,103866.0,5562.0,False,True,6.0,468,5988,ENSG00000066468,196608,d50a5a6b0f706d6c458a0abffc2a00eca66b98bd86a5dc3fa7dfd3752421b2c2,f34324c6fde36a4f635f0f1f06cac5d25acd6798
32768,36,196608,98304,18,17,17,1,103866.0,5562.0,False,True,6.0,468,5988,ENSG00000068078,196608,029b22450924625071677ba266f1b9ec0ebda8f987aa7b27409271b0b3938b8c,f34324c6fde36a4f635f0f1f06cac5d25acd6798
32768,36,196608,98304,18,17,17,1,103866.0,5562.0,False,True,6.0,468,5988,ENSG00000160867,196608,2ca4c1bd170dbcc4404d8413dd2da35a0730afd16e599528712a13fe93c84161,f34324c6fde36a4f635f0f1f06cac5d25acd6798
32768,36,196608,98304,18,17,17,1,103866.0,5562.0,False,True,6.0,468,5988,ENSG00000000938,196608,9fcb9b14629bdf20263134795e5420204be861137df1fb0f1330d1f44d7af510,f34324c6fde36a4f635f0f1f06cac5d25acd6798
32768,36,196608,98304,18,17,17,1,103866.0,5562.0,False,True,6.0,468,5988,ENSG00000179431,196608,ea535029a5efd7c04cb61335650ff754711a4e6b5eccb0772b0e630542c41c48,f34324c6fde36a4f635f0f1f06cac5d25acd6798
32768,36,196608,98304,18,17,17,1,103866.0,5562.0,False,True,6.0,468,5988,ENSG00000102755,196608,8cd2d71065aecd1183912021d57b984b346d3b9b3a272beaad61bf08f9fda3b7,f34324c6fde36a4f635f0f1f06cac5d25acd6798
32768,36,196608,98304,18,17,17,1,103866.0,5562.0,False,True,6.0,468,5988,ENSG00000122025,196608,8ad8d1e6873d163ecf7d375d78a7cc8ec17b0e392b4e92ff26104c4cf6210147,f34324c6fde36a4f635f0f1f06cac5d25acd6798
32768,36,196608,98304,18,17,17,1,103866.0,5562.0,False,True,6.0,468,5988,ENSG00000037280,196608,bc0eed47fa572fea4c4a4abfcef53118bc97950f9d5a5d182ff7026b616f4364,f34324c6fde36a4f635f0f1f06cac5d25acd6798
32768,36,196608,98304,18,17,17,1,103866.0,5562.0,False,True,6.0,468,5988,ENSG00000111816,196608,99e756307132bbddff4528d883125a6fbc260ae3d47c2eb4b69fd0ae4db36d48,f34324c6fde36a4f635f0f1f06cac5d25acd6798
32768,36,196608,98304,18,17,17,1,103866.0,5562.0,False,True,6.0,468,5988,ENSG00000010810,196608,964bdc0277918500f16e4b2d539d71757b19e991388eddd0ee46265588edebce,f34324c6fde36a4f635f0f1f06cac5d25acd6798
32768,36,196608,98304,18,17,17,1,103866.0,5562.0,False,True,6.0,468,5988,ENSG00000144649,196608,ddb72ecad4e6494af24476ec967ff9cc5871654afd381d4acfe2e25f2f51ad01,f34324c6fde36a4f635f0f1f06cac5d25acd6798
32768,36,196608,98304,18,17,17,1,103866.0,5562.0,False,True,6.0,468,5988,ENSG00000164125,196608,38fcfce251726a1140ee7f10c6e63844d7e2ad2b313d7601088d4cb45e57fa47,f34324c6fde36a4f635f0f1f06cac5d25acd6798
32768,36,196608,98304,18,17,17,1,103866.0,5562.0,False,True,6.0,468,5988,ENSG00000198814,196608,464830e0489b057e85d99a183ab2e537b1a25ee20bb7e162dacfe223f9e58304,f34324c6fde36a4f635f0f1f06cac5d25acd6798
32768,36,196608,98304,18,17,17,1,103866.0,5562.0,False,True,6.0,468,5988,ENSG00000196475,196608,9d56bc5dffa3f84d81165930b27d3e2905183252f40396ee387824e68155df12,f34324c6fde36a4f635f0f1f06cac5d25acd6798
32768,36,196608,98304,18,17,17,1,103866.0,5562.0,False,True,6.0,468,5988,ENSG00000175066,196608,d3cf25ec5b458088879eff73db9899f78b61d542b6266d7eec910cd42021dd63,f34324c6fde36a4f635f0f1f06cac5d25acd6798
74438,80,196608,98304,40,17,17,23,124614.0,26310.0,False,True,2.64123162900669,998,5988,ENSG00000185974,196608,624615c381284ee3883c4c813b487db209e36d302ac33ba292e6482bb11a942b,f34324c6fde36a4f635f0f1f06cac5d25acd6798
32768,36,196608,98304,18,17,17,1,103866.0,5562.0,False,True,6.0,468,5988,ENSG00000173020,196608,1d95a005fc4bac57a11d6ee50903887f7f80a537acc068fb0bb09dd1ae85f6d2,f34324c6fde36a4f635f0f1f06cac5d25acd6798
32768,36,196608,98304,18,17,17,1,103866.0,5562.0,False,True,6.0,468,5988,ENSG00000100077,196608,679b93f387491a4dd8628d3a25d5e1859f865cdd7d03061c03ef5449768c402f,f34324c6fde36a4f635f0f1f06cac5d25acd6798
32768,36,196608,98304,18,17,17,1,103866.0,5562.0,False,True,6.0,468,5988,ENSG00000125388,196608,31152e66e42f2f538b3a9dfd81b24dd9ecdbabd18e0bd8791b24c2c8403883dc,f34324c6fde36a4f635f0f1f06cac5d25acd6798
32768,36,196608,98304,18,17,17,1,103866.0,5562.0,False,True,6.0,468,5988,ENSG00000198873,196608,b0a3863a4873b699177744a9f0c0d494e77303397a70e677f5856efdb16cde66,f34324c6fde36a4f635f0f1f06cac5d25acd6798
32768,36,196608,98304,18,17,17,1,103866.0,5562.0,False,True,6.0,468,5988,ENSG00000198055,196608,a1e776c8889f5b062a24700c9fa1f51893cf7aa2c83940ffcafa397453464dfc,f34324c6fde36a4f635f0f1f06cac5d25acd6798
32768,36,196608,98304,18,17,17,1,103866.0,5562.0,False,True,6.0,468,5988,ENSG00000114124,196608,f35fd71a18929af7b1d14050e83c6a6e5e8e2a3492b863ce2bcec2b3a5ca041d,f34324c6fde36a4f635f0f1f06cac5d25acd6798
32768,36,196608,98304,18,17,17,1,103866.0,5562.0,False,True,6.0,468,5988,ENSG00000105723,196608,17319e7b574c2af4cd98fb577f8c5023d6cf358ebbb130701495e2921b7f2f90,f34324c6fde36a4f635f0f1f06cac5d25acd6798
32768,36,196608,98304,18,17,17,1,103866.0,5562.0,False,True,6.0,468,5988,ENSG00000082701,196608,8ff954fb6b0bbd6de154d9aca8977a961744cfae582033a9707f28aa6fa552e6,f34324c6fde36a4f635f0f1f06cac5d25acd6798
32768,36,196608,98304,18,17,17,1,103866.0,5562.0,False,True,6.0,468,5988,ENSG00000101336,196608,07bc0a9846618fc3ce9ac81c36734b17ce0bd257be500fc0f93f9bbfe3586e19,f34324c6fde36a4f635f0f1f06cac5d25acd6798
32768,36,196608,98304,18,17,17,1,103866.0,5562.0,False,True,6.0,468,5988,ENSG00000163349,196608,3ced3cfeff07fb872a2f45ca7aa3ed369be0928a2e1c7e866ffd8589139b4d39,f34324c6fde36a4f635f0f1f06cac5d25acd6798
32768,36,196608,98304,18,17,17,1,103866.0,5562.0,False,True,6.0,468,5988,ENSG00000064393,196608,1870cd021b276499c1b6a70e65c937f5180257d1948f95aec94a2061363a8982,f34324c6fde36a4f635f0f1f06cac5d25acd6798
32768,36,196608,98304,18,17,17,1,103866.0,5562.0,False,True,6.0,468,5988,ENSG00000110422,196608,ed033837b5b82ba0fe08ffecf865fb3627b12bd4abcb9096dfa536705adca52b,f34324c6fde36a4f635f0f1f06cac5d25acd6798
32768,36,196608,98304,18,17,17,1,103866.0,5562.0,False,True,6.0,468,5988,ENSG00000160396,196608,6b91efd59a27c914ffeadd9264f9eb9e43e7b017ba3a238c843ad79e42a927a8,f34324c6fde36a4f635f0f1f06cac5d25acd6798
32798,36,196608,98304,18,17,17,1,103691.0,5387.0,False,True,5.994511860479298,643,5988,ENSG00000142149,196608,e3f6bd3f271273b37336aa139995391482a4f8c40b85067c910af3b43ab8e9bf,f34324c6fde36a4f635f0f1f06cac5d25acd6798
32768,36,196608,98304,18,17,17,1,103866.0,5562.0,False,True,6.0,468,5988,ENSG00000104365,196608,e48808091ee3288c62f4c8bcdf5bd50dac551d7d488e14e75dbc963422d19bcf,f34324c6fde36a4f635f0f1f06cac5d25acd6798
32768,36,196608,98304,18,17,17,1,103866.0,5562.0,False,True,6.0,468,5988,ENSG00000263528,196608,7e095298301341f45484887f2c6bab7c8a80abad47ad48315ea31ce28bd0d549,f34324c6fde36a4f635f0f1f06cac5d25acd6798
32768,36,196608,98304,18,17,17,1,103866.0,5562.0,False,True,6.0,468,5988,ENSG00000166333,196608,038f2de9421244116db90216ba8597ab77a5a733a5945096bc83c651f71639d3,f34324c6fde36a4f635f0f1f06cac5d25acd6798
32768,36,196608,98304,18,17,17,1,103866.0,5562.0,False,True,6.0,468,5988,ENSG00000184216,196608,3b3a6fcd7227e75b3eebef7b320174787857737746eadd26511b32480cdb7ade,f34324c6fde36a4f635f0f1f06cac5d25acd6798
32768,36,196608,98304,18,17,17,1,103866.0,5562.0,False,True,6.0,468,5988,ENSG00000134070,196608,d2d79e7105f17df0206829059d699f573edfdddbcd74acd0bb0e1677ca9d7371,f34324c6fde36a4f635f0f1f06cac5d25acd6798
32768,36,196608,98304,18,17,17,1,103866.0,5562.0,False,True,6.0,468,5988,ENSG00000090376,196608,e52c52e74e11e3299be2cb639072763ba7be5d3d5321b11f5924da614d362740,f34324c6fde36a4f635f0f1f06cac5d25acd6798
32768,36,196608,98304,18,17,17,1,103866.0,5562.0,False,True,6.0,468,5988,ENSG00000198001,196608,de70f28b6b1fefa05694cc565fe92708b590cdee666c6de9fcab860b531b486b,f34324c6fde36a4f635f0f1f06cac5d25acd6798
32768,36,196608,98304,18,17,17,1,103866.0,5562.0,False,True,6.0,468,5988,ENSG00000113263,196608,d2dc12dfb3b21c87ae6a1d7640693f18ff0f2104f453c4a5e8aeab5f3d1f7a7a,f34324c6fde36a4f635f0f1f06cac5d25acd6798
32768,36,196608,98304,18,17,17,1,103866.0,5562.0,False,True,6.0,468,5988,ENSG00000162434,196608,64e57f9434d249468e77b9fd6fe875b5b316ec5576a351ea4935f3d78ea2e6b2,f34324c6fde36a4f635f0f1f06cac5d25acd6798
32768,36,196608,98304,18,17,17,1,103866.0,5562.0,False,True,6.0,468,5988,ENSG00000096968,196608,501048c3183d5b718fb048e11d8d7a0f78e6e0a1179e11ca4c8e3d957ba1b030,f34324c6fde36a4f635f0f1f06cac5d25acd6798
32768,36,196608,98304,18,17,17,1,103866.0,5562.0,False,True,6.0,468,5988,ENSG00000105639,196608,01a45a2157d6b6a5af972c6f133d18ebe29a3bd7d80b8d4cc02025c359c9b3a4,f34324c6fde36a4f635f0f1f06cac5d25acd6798
32768,36,196608,98304,18,17,17,1,103866.0,5562.0,False,True,6.0,468,5988,ENSG00000128052,196608,e603c254fcac0a81bd83341555d501d5f73451ac1568aafd8ad0be2b76e3c35a,f34324c6fde36a4f635f0f1f06cac5d25acd6798
32768,36,196608,98304,18,17,17,1,103866.0,5562.0,False,True,6.0,468,5988,ENSG00000157404,196608,d2e2e0197198bee02f0d5b741654d653ff98a1aae9599a72e2725f1b78f204ad,f34324c6fde36a4f635f0f1f06cac5d25acd6798
32768,36,196608,98304,18,17,17,1,103866.0,5562.0,False,True,6.0,468,5988,ENSG00000131023,196608,88eaedfbcd35a3e3e038d19ea9290788c1d808f2a691aabdce7b8408337277fc,f34324c6fde36a4f635f0f1f06cac5d25acd6798
32768,36,196608,98304,18,17,17,1,103866.0,5562.0,False,True,6.0,468,5988,ENSG00000150457,196608,cc3d4e9c7509cc601a43e36c26221d49c571a46ec16af6ea8b4ca218beb5fde4,f34324c6fde36a4f635f0f1f06cac5d25acd6798
32768,36,196608,98304,18,17,17,1,103866.0,5562.0,False,True,6.0,468,5988,ENSG00000182866,196608,5cd404957012fa8db2cbae903dadc396327f51655f602378a04f387072c39e22,f34324c6fde36a4f635f0f1f06cac5d25acd6798
32768,36,196608,98304,18,17,17,1,103866.0,5562.0,False,True,6.0,468,5988,ENSG00000106683,196608,a5a519e830f6e21a50720e341ddc33dd8da71bbc818f68cc2f97643089783e73,f34324c6fde36a4f635f0f1f06cac5d25acd6798
32768,36,196608,98304,18,17,17,1,103866.0,5562.0,False,True,6.0,468,5988,ENSG00000182541,196608,a43e5fc6a87b95e426f3e6dec33da8a9816870816c97c4d4d53387c5c02464ca,f34324c6fde36a4f635f0f1f06cac5d25acd6798
32768,36,196608,98304,18,17,17,1,103866.0,5562.0,False,True,6.0,468,5988,ENSG00000164715,196608,9c06700dc4bf129c3ba4b0c95a7b1dea641da8e860154eb0ebd8e7eae320a6b1,f34324c6fde36a4f635f0f1f06cac5d25acd6798
32768,36,196608,98304,18,17,17,1,103866.0,5562.0,False,True,6.0,468,5988,ENSG00000142235,196608,fe7a39c4eab3a430c3f27a251550096ebf3491d7fff2a124457f33fd4700dd9a,f34324c6fde36a4f635f0f1f06cac5d25acd6798
32768,36,196608,98304,18,17,17,1,103866.0,5562.0,False,True,6.0,468,5988,ENSG00000154237,196608,fd5d7b2f7f1e308dbe246f3918fd1676a2ee04eda05c264178e18e1a49077af1,f34324c6fde36a4f635f0f1f06cac5d25acd6798
32768,36,196608,98304,18,17,17,1,103866.0,5562.0,False,True,6.0,468,5988,ENSG00000188906,196608,5fa63d61fa85ffa4396defb6b8e6d87636d2c1c04e3a6461192cf9079628ca98,f34324c6fde36a4f635f0f1f06cac5d25acd6798
32768,36,196608,98304,18,17,17,1,103866.0,5562.0,False,True,6.0,468,5988,ENSG00000073331,196608,ef7db86e86b66fc05ca8eccbb349b98850a06b8f8a234d712c55cf05829f294a,f34324c6fde36a4f635f0f1f06cac5d25acd6798
32768,36,196608,98304,18,17,17,1,103866.0,5562.0,False,True,6.0,468,5988,ENSG00000198796,196608,117446b27ff8a81a40ad815661244a54d1438773c91acefafe2b4b05a9cf8e8a,f34324c6fde36a4f635f0f1f06cac5d25acd6798
32768,36,196608,98304,18,17,17,1,103866.0,5562.0,False,True,6.0,468,5988,ENSG00000136383,196608,9bcbdc76e2c37df14b821c200cb677ca610c81830baee8b65f2df642c18e6a9e,f34324c6fde36a4f635f0f1f06cac5d25acd6798
32768,36,196608,98304,18,17,17,1,103866.0,5562.0,False,True,6.0,468,5988,ENSG00000135409,196608,b9b5941382e242b69db4a1a264e8cffd949ae87064da065c1f726e0e82479c2e,f34324c6fde36a4f635f0f1f06cac5d25acd6798
32768,36,196608,98304,18,17,17,1,103866.0,5562.0,False,True,6.0,468,5988,ENSG00000170209,196608,f0fbea8a0b0d5ae6ed8c9e559a80777b92748eb6a6379751646a4ae44d6a2f2d,f34324c6fde36a4f635f0f1f06cac5d25acd6798
32768,36,196608,98304,18,17,17,1,103866.0,5562.0,False,True,6.0,468,5988,ENSG00000078061,196608,30709f74644729795fcc724f4d70b506540229316c371a57dbbc1732e0d30a0c,f34324c6fde36a4f635f0f1f06cac5d25acd6798
32768,36,196608,98304,18,17,17,1,103866.0,5562.0,False,True,6.0,468,5988,ENSG00000124198,196608,7b74bcd26997ff575930886ba064b071167fef620ffa281b48f3d74e1c1ccb99,f34324c6fde36a4f635f0f1f06cac5d25acd6798
32768,36,196608,98304,18,17,17,1,103866.0,5562.0,False,True,6.0,468,5988,ENSG00000062524,196608,e8c7b1e53beb61a326f4a121ba04c0a58aa5803fcab5b87bd524a92f319926a8,f34324c6fde36a4f635f0f1f06cac5d25acd6798
32768,36,196608,98304,18,17,17,1,103866.0,5562.0,False,True,6.0,468,5988,ENSG00000254087,196608,c3725c69e522772dbf9b2ca0cc80c426f6d027d6658e860c8183f317a1bd4b24,f34324c6fde36a4f635f0f1f06cac5d25acd6798
32768,36,196608,98304,18,17,17,1,103866.0,5562.0,False,True,6.0,468,5988,ENSG00000151276,196608,e55acf3729e393667d38e1810f3e78456f95305a814f3f9072bb62e8a5e98edf,f34324c6fde36a4f635f0f1f06cac5d25acd6798
32768,36,196608,98304,18,17,17,1,103866.0,5562.0,False,True,6.0,468,5988,ENSG00000187391,196608,66a84f9760b4633415e6d767ab9b0c99130bb8c3d810ed09c57d2f5d6d9e52d3,f34324c6fde36a4f635f0f1f06cac5d25acd6798
32768,36,196608,98304,18,17,17,1,103866.0,5562.0,False,True,6.0,468,5988,ENSG00000081026,196608,36cfccc7e17f36876966d1200c465f6ab15358e9241c2601df08bff9255a8e7f,f34324c6fde36a4f635f0f1f06cac5d25acd6798
32768,36,196608,98304,18,17,17,1,103866.0,5562.0,False,True,6.0,468,5988,ENSG00000111837,196608,7a83e965053be2ee0f36dc0b123ad6ae0253a866b60ef28c1dbfa3605902cd4a,f34324c6fde36a4f635f0f1f06cac5d25acd6798
32768,36,196608,98304,18,17,17,1,103866.0,5562.0,False,True,6.0,468,5988,ENSG00000078018,196608,9fdd0838eec028ccccecf5ec7949483f636bb06d87ec800f75bc2ff22b4a8196,f34324c6fde36a4f635f0f1f06cac5d25acd6798
32768,36,196608,98304,18,17,17,1,103866.0,5562.0,False,True,6.0,468,5988,ENSG00000169032,196608,277eefd3753584f0bceeb1e7d8e6f6ad7bccea40bc0d2c4cc463245973c8b6e4,f34324c6fde36a4f635f0f1f06cac5d25acd6798
32768,36,196608,98304,18,17,17,1,103866.0,5562.0,False,True,6.0,468,5988,ENSG00000126934,196608,5299bc37d73305c67a3c1cc645efa766cea9a0b5dd008642e263227d3c7fe08c,f34324c6fde36a4f635f0f1f06cac5d25acd6798
32768,36,196608,98304,18,17,17,1,103866.0,5562.0,False,True,6.0,468,5988,ENSG00000034152,196608,595fe7b51fb4b07bdbf8ff61c30175b2b5f22e9392576dae2f78127691936835,f34324c6fde36a4f635f0f1f06cac5d25acd6798
32768,36,196608,98304,18,17,17,1,103866.0,5562.0,False,True,6.0,468,5988,ENSG00000065559,196608,7a2c74a980fe989490af9cb612c66f9c7bc18cceea8a729c6d309c58d9f70c69,f34324c6fde36a4f635f0f1f06cac5d25acd6798
32768,36,196608,98304,18,17,17,1,103866.0,5562.0,False,True,6.0,468,5988,ENSG00000137764,196608,cd2a6b45be50674fea99fec7110916e2835e3f23b828708f3f6ad225eca25d9a,f34324c6fde36a4f635f0f1f06cac5d25acd6798
32768,36,196608,98304,18,17,17,1,103866.0,5562.0,False,True,6.0,468,5988,ENSG00000108984,196608,b7dbc748327938e2373597d94f8d34cc57cdc0ef403dbf8c8b1cf8b86e95b8ac,f34324c6fde36a4f635f0f1f06cac5d25acd6798
32768,36,196608,98304,18,17,17,1,103866.0,5562.0,False,True,6.0,468,5988,ENSG00000076984,196608,ce62132df0a062d9eff88ea2dc77f8b32a0bbe9b469a656b36793ecbfe27f3b9,f34324c6fde36a4f635f0f1f06cac5d25acd6798
32768,36,196608,98304,18,17,17,1,103866.0,5562.0,False,True,6.0,468,5988,ENSG00000095015,196608,48d6f5677be5d278f23cdfa27cd73b79eaa8304d4042bc181320ccaf8667e923,f34324c6fde36a4f635f0f1f06cac5d25acd6798
32768,36,196608,98304,18,17,17,1,103866.0,5562.0,False,True,6.0,468,5988,ENSG00000169967,196608,af2476e34bb2032c757754f210f061e5ca29a56bd857ab727c17d69dbd837978,f34324c6fde36a4f635f0f1f06cac5d25acd6798
32768,36,196608,98304,18,17,17,1,103866.0,5562.0,False,True,6.0,468,5988,ENSG00000198909,196608,cef5279e07253cf455ca47f03406b7311969b01b3d57271493ae8577322bcaac,f34324c6fde36a4f635f0f1f06cac5d25acd6798
32768,36,196608,98304,18,17,17,1,103866.0,5562.0,False,True,6.0,468,5988,ENSG00000085511,196608,1a9e85bbffde26ff8902d3e6655980df8034dd283de5b3c9fbfb6851a183ed07,f34324c6fde36a4f635f0f1f06cac5d25acd6798
32768,36,196608,98304,18,17,17,1,103866.0,5562.0,False,True,6.0,468,5988,ENSG00000197442,196608,387a1273899576e980763305cfbd99d47d16fbdb89d26712b0de7d1bf6577b0a,f34324c6fde36a4f635f0f1f06cac5d25acd6798
32768,36,196608,98304,18,17,17,1,103866.0,5562.0,False,True,6.0,468,5988,ENSG00000142733,196608,0fea82479172241c04c6747886d1cfe67e14f24d3b874f076739a107bb5cbbd1,f34324c6fde36a4f635f0f1f06cac5d25acd6798
32768,36,196608,98304,18,17,17,1,103866.0,5562.0,False,True,6.0,468,5988,ENSG00000135341,196608,783d4d816d5dc4cdde2e6570a0981b73ee2eed18375b3892befd76c5a46d5d85,f34324c6fde36a4f635f0f1f06cac5d25acd6798
32768,36,196608,98304,18,17,17,1,103866.0,5562.0,False,True,6.0,468,5988,ENSG00000107968,196608,e8be186001fc2e24c61ff27c35f92fbc36e141d6978da4577185ce7b910cce2e,f34324c6fde36a4f635f0f1f06cac5d25acd6798
32768,36,196608,98304,18,17,17,1,103866.0,5562.0,False,True,6.0,468,5988,ENSG00000006432,196608,69ff5e52f26f586d703cb95350e5ca8405d8cc6782c9feb63776ed3c64e3ab67,f34324c6fde36a4f635f0f1f06cac5d25acd6798
32768,36,196608,98304,18,17,17,1,103866.0,5562.0,False,True,6.0,468,5988,ENSG00000130758,196608,370a2a1b5849199453e8ffc6dd0a64681564fb22466c0a66b5da26442826c607,f34324c6fde36a4f635f0f1f06cac5d25acd6798
32768,36,196608,98304,18,17,17,1,103866.0,5562.0,False,True,6.0,468,5988,ENSG00000173327,196608,fb461c60a9696902bead693e1e689e90916c026015bb82d60fd9313a99553b27,f34324c6fde36a4f635f0f1f06cac5d25acd6798
32768,36,196608,98304,18,17,17,1,103866.0,5562.0,False,True,6.0,468,5988,ENSG00000139625,196608,47e3e7b91a9ed532f801f6b06f113b79ca92c6d489ee879fa35e5475441bd990,f34324c6fde36a4f635f0f1f06cac5d25acd6798
32768,36,196608,98304,18,17,17,1,103866.0,5562.0,False,True,6.0,468,5988,ENSG00000073803,196608,5f7cf67e24487f72b5e348f8d74351699a90a72f628e926d4a1a6b340005e42a,f34324c6fde36a4f635f0f1f06cac5d25acd6798
32768,36,196608,98304,18,17,17,1,103866.0,5562.0,False,True,6.0,468,5988,ENSG00000006062,196608,bbd28f4e5cbe662f7d7403b7abf8f3b2ff6ca13271f98ede3b7f7cc6de80bd35,f34324c6fde36a4f635f0f1f06cac5d25acd6798
32768,36,196608,98304,18,17,17,1,103866.0,5562.0,False,True,6.0,468,5988,ENSG00000180815,196608,0e1c529b8f4bab495e146ad23ec34501e535410cda3c6c7e606edf819807debd,f34324c6fde36a4f635f0f1f06cac5d25acd6798
32768,36,196608,98304,18,17,17,1,103866.0,5562.0,False,True,6.0,468,5988,ENSG00000176601,196608,93a97d3ceb3080950d0d1a1ec0d38f96c8b60f077c6630824fb7197e676ec7dd,f34324c6fde36a4f635f0f1f06cac5d25acd6798
32768,36,196608,98304,18,17,17,1,103866.0,5562.0,False,True,6.0,468,5988,ENSG00000091436,196608,04966bc0062f9d21a87c408ff1c0eab09f927fcb642535404144d7d5bf36ddbb,f34324c6fde36a4f635f0f1f06cac5d25acd6798
32768,36,196608,98304,18,17,17,1,103866.0,5562.0,False,True,6.0,468,5988,ENSG00000143674,196608,cd4bbb819445e59766347d45909282d94452808eb83f24d780f87e016ec3c7cb,f34324c6fde36a4f635f0f1f06cac5d25acd6798
32768,36,196608,98304,18,17,17,1,103866.0,5562.0,False,True,6.0,468,5988,ENSG00000100030,196608,15870cef4a987384c6a2eed3d3e4f7f2f414cae7606b9cbd4123b5410a5d8262,f34324c6fde36a4f635f0f1f06cac5d25acd6798
32768,36,196608,98304,18,17,17,1,103866.0,5562.0,False,True,6.0,468,5988,ENSG00000102882,196608,a0941995bac107b5c3fc9d2d0124923c0ace1b25af1eaa878f6724c2082b63ba,f34324c6fde36a4f635f0f1f06cac5d25acd6798
32768,36,196608,98304,18,17,17,1,103866.0,5562.0,False,True,6.0,468,5988,ENSG00000141639,196608,9e88150cb1741f2d06687538b9e0c567e15448061c12c5d418aed9970bc50a00,f34324c6fde36a4f635f0f1f06cac5d25acd6798
32768,36,196608,98304,18,17,17,1,103866.0,5562.0,False,True,6.0,468,5988,ENSG00000069956,196608,73a995354efca4091815bb0a71a31ce9a0fc034874313d343e8a134875d48cb3,f34324c6fde36a4f635f0f1f06cac5d25acd6798
32768,36,196608,98304,18,17,17,1,103866.0,5562.0,False,True,6.0,468,5988,ENSG00000166484,196608,cbe80d58c1aa69f7604d781991e3e6a30bd6dfd7bf4a62e8482f28d17fd08bb3,f34324c6fde36a4f635f0f1f06cac5d25acd6798
32768,36,196608,98304,18,17,17,1,103866.0,5562.0,False,True,6.0,468,5988,ENSG00000107643,196608,7349ae7cafc2fbdba9e3158073b1a257c5e09821894e1031dffe7c20bdb86b6b,f34324c6fde36a4f635f0f1f06cac5d25acd6798
32768,36,196608,98304,18,17,17,1,103866.0,5562.0,False,True,6.0,468,5988,ENSG00000050748,196608,a6531ee1365745b60583587a43a95489a6e2b9999a934bb0a764bf827524a79b,f34324c6fde36a4f635f0f1f06cac5d25acd6798
32768,36,196608,98304,18,17,17,1,103866.0,5562.0,False,True,6.0,468,5988,ENSG00000109339,196608,bd528fb721ea7c1ebb8f06181bf2455dbbc41048455455061ba79ca497797f98,f34324c6fde36a4f635f0f1f06cac5d25acd6798
32768,36,196608,98304,18,17,17,1,103866.0,5562.0,False,True,6.0,468,5988,ENSG00000185386,196608,8e506f1d0d022d59f17242c6f50320c24c59b2df1bcc0e8c0a2b4d754958a4d4,f34324c6fde36a4f635f0f1f06cac5d25acd6798
32768,36,196608,98304,18,17,17,1,103866.0,5562.0,False,True,6.0,468,5988,ENSG00000188130,196608,d9ba5c9e1b1e78b21194fa07f658126f6a49c7460830fb6cfba00940dc7caef1,f34324c6fde36a4f635f0f1f06cac5d25acd6798
32768,36,196608,98304,18,17,17,1,103866.0,5562.0,False,True,6.0,468,5988,ENSG00000156711,196608,61ffd1b4d38d6172530f0e3cde06adee6fad641f6238d94bb5dd655d65115c89,f34324c6fde36a4f635f0f1f06cac5d25acd6798
32768,36,196608,98304,18,17,17,1,103866.0,5562.0,False,True,6.0,468,5988,ENSG00000112062,196608,7981af5ec7f79957ddfca14d0d22ea7e0d52997f9894b9f12e8bbdc03460e145,f34324c6fde36a4f635f0f1f06cac5d25acd6798
32768,36,196608,98304,18,17,17,1,103866.0,5562.0,False,True,6.0,468,5988,ENSG00000181085,196608,02710c646f803ec7055b63e6bdc8f275a2011adf72f1282312c027159afb359f,f34324c6fde36a4f635f0f1f06cac5d25acd6798
32768,36,196608,98304,18,17,17,1,103866.0,5562.0,False,True,6.0,468,5988,ENSG00000162889,196608,ed3562cda4becc1ccb599de1241ce38655da519b87c1dbae12abf166f33f61bf,f34324c6fde36a4f635f0f1f06cac5d25acd6798
32768,36,196608,98304,18,17,17,1,103866.0,5562.0,False,True,6.0,468,5988,ENSG00000114738,196608,1e0fb4250702567764456974aacda01ef2f669b48feeb13d6bcbcb00bc507c2e,f34324c6fde36a4f635f0f1f06cac5d25acd6798
32768,36,196608,98304,18,17,17,1,103866.0,5562.0,False,True,6.0,468,5988,ENSG00000089022,196608,e4f1d2852242fc9a7158ca79e95d6c370c718535ca9f49958c0c65404379e105,f34324c6fde36a4f635f0f1f06cac5d25acd6798
32768,36,196608,98304,18,17,17,1,103866.0,5562.0,False,True,6.0,468,5988,ENSG00000116141,196608,e6f7620367fbd9fa5ca5e6fdd0fc249e6766356a33708cab4238443330f02c63,f34324c6fde36a4f635f0f1f06cac5d25acd6798
32768,36,196608,98304,18,17,17,1,103866.0,5562.0,False,True,6.0,468,5988,ENSG00000072518,196608,0513b252dbe7b0f0c10699ccce2d04caf1a6318b4ff2fc5d7da54a85d96ae92c,f34324c6fde36a4f635f0f1f06cac5d25acd6798
32768,36,196608,98304,18,17,17,1,103866.0,5562.0,False,True,6.0,468,5988,ENSG00000075413,196608,fe2a0e30b4647c50f4e360138aa5080f72424bb8273249428b1f8f3502332652,f34324c6fde36a4f635f0f1f06cac5d25acd6798
32768,36,196608,98304,18,17,17,1,103866.0,5562.0,False,True,6.0,468,5988,ENSG00000007047,196608,1557a5857c885b89d155b191e40e90a4e0edc82604ffb8589dc9d1b4efb9318a,f34324c6fde36a4f635f0f1f06cac5d25acd6798
32768,36,196608,98304,18,17,17,1,103866.0,5562.0,False,True,6.0,468,5988,ENSG00000105613,196608,49dbdf98f659ce626a6b8fb23eb4a67028095f8a08e57216b586a06ba31c177e,f34324c6fde36a4f635f0f1f06cac5d25acd6798
32768,36,196608,98304,18,17,17,1,103866.0,5562.0,False,True,6.0,468,5988,ENSG00000086015,196608,fc3e4fb3ac929b4fa6afa357dfd8432c6cbf867db2b015c433e2a58ba8f63e50,f34324c6fde36a4f635f0f1f06cac5d25acd6798
32768,36,196608,98304,18,17,17,1,103866.0,5562.0,False,True,6.0,468,5988,ENSG00000099308,196608,4b6cc83a3df3489be7ee10f916892ef0f161308567d7b6e672cc768a86a60d4a,f34324c6fde36a4f635f0f1f06cac5d25acd6798
32768,36,196608,98304,18,17,17,1,103866.0,5562.0,False,True,6.0,468,5988,ENSG00000069020,196608,69d7012ea0dad0d8027fc645d075da15a4b354452612671d2491bb7a502bd0d8,f34324c6fde36a4f635f0f1f06cac5d25acd6798
32768,36,196608,98304,18,17,17,1,103866.0,5562.0,False,True,6.0,468,5988,ENSG00000120539,196608,24e318582480b5eb6f58fe6eeb3e501afe9c0d076d90071f9f3dfc3c999120dc,f34324c6fde36a4f635f0f1f06cac5d25acd6798
32768,36,196608,98304,18,17,17,1,103866.0,5562.0,False,True,6.0,468,5988,ENSG00000007264,196608,0a0dac17c147ca8ce1c13b500615cf5746f257523a9f8a2a4e9c925280f937df,f34324c6fde36a4f635f0f1f06cac5d25acd6798
32768,36,196608,98304,18,17,17,1,103866.0,5562.0,False,True,6.0,468,5988,ENSG00000165304,196608,1fd804c45e962f34d85d017d3b9d5e7f1a70f2cafcbfb2afa9c7bcf11be0c01c,f34324c6fde36a4f635f0f1f06cac5d25acd6798
32768,36,196608,98304,18,17,17,1,103866.0,5562.0,False,True,6.0,468,5988,ENSG00000153208,196608,6f06e0dbd2e3dd53af350fd2e4e0cb6a72fc43d19bdf13a07bc43123df70fc89,f34324c6fde36a4f635f0f1f06cac5d25acd6798
32768,36,196608,98304,18,17,17,1,103866.0,5562.0,False,True,6.0,468,5988,ENSG00000105976,196608,b70d3dee36a64989af1b8992aea492ac13934fbd7f6fb06483d5826f3860b6a3,f34324c6fde36a4f635f0f1f06cac5d25acd6798
32768,36,196608,98304,18,17,17,1,103866.0,5562.0,False,True,6.0,468,5988,ENSG00000079277,196608,9b90dd8424154b58c109de3de78332a00f2ac20a66086936d5ef9198c13fe979,f34324c6fde36a4f635f0f1f06cac5d25acd6798
32768,36,196608,98304,18,17,17,1,103866.0,5562.0,False,True,6.0,468,5988,ENSG00000099875,196608,34f1c2db7de92303e5754426449972cd9001b9d3e7aa5dd5c08d1f9513d11322,f34324c6fde36a4f635f0f1f06cac5d25acd6798
32768,36,196608,98304,18,17,17,1,103866.0,5562.0,False,True,6.0,468,5988,ENSG00000020426,196608,1f7501cd04c51acceb92c5293e7f87f37bf89a27e14e5c85823acc6a0a0401a7,f34324c6fde36a4f635f0f1f06cac5d25acd6798
32768,36,196608,98304,18,17,17,1,103866.0,5562.0,False,True,6.0,468,5988,ENSG00000114978,196608,e038221486213a5b70c161a335888a6dbdffea13ad7a7e8632e939056229cf63,f34324c6fde36a4f635f0f1f06cac5d25acd6798
32768,36,196608,98304,18,17,17,1,103866.0,5562.0,False,True,6.0,468,5988,ENSG00000173542,196608,e75971da63cd5abbb4e6849912afb2b22309e2c0dc0d070c9804daf2fd22c44a,f34324c6fde36a4f635f0f1f06cac5d25acd6798
32768,36,196608,98304,18,17,17,1,103866.0,5562.0,False,True,6.0,468,5988,ENSG00000182208,196608,57f3e948a2eb7029f7bce5663a072cf1733c9dd2297e0381d0a63ced5b7636db,f34324c6fde36a4f635f0f1f06cac5d25acd6798
32768,36,196608,98304,18,17,17,1,103866.0,5562.0,False,True,6.0,468,5988,ENSG00000172081,196608,87876b74cb0a45e4b6bf2a0f1ba5425276453ad5d76eaa179a71aa0a6e020963,f34324c6fde36a4f635f0f1f06cac5d25acd6798
32768,36,196608,98304,18,17,17,1,103866.0,5562.0,False,True,6.0,468,5988,ENSG00000120162,196608,8be3523dcfd25ab8e259960b1a8d7972dbe2419713924130fe4bd66242f268ff,f34324c6fde36a4f635f0f1f06cac5d25acd6798
32768,36,196608,98304,18,17,17,1,103866.0,5562.0,False,True,6.0,468,5988,ENSG00000142961,196608,acf627a3f5dec1d6fb099417e56c4979d46f399d10688f26ecb1a01da11d4415,f34324c6fde36a4f635f0f1f06cac5d25acd6798
32768,36,196608,98304,18,17,17,1,103866.0,5562.0,False,True,6.0,468,5988,ENSG00000115540,196608,782c41f107637c6e1f7c171a0ca0bfdc54861af080994080530918cd322c98c3,f34324c6fde36a4f635f0f1f06cac5d25acd6798
32768,36,196608,98304,18,17,17,1,103866.0,5562.0,False,True,6.0,468,5988,ENSG00000080823,196608,0bf2bde5dd15aa9bcd4dc5ee2e938295c1bbb6aae7b9f969fc39543bf203e299,f34324c6fde36a4f635f0f1f06cac5d25acd6798
32768,36,196608,98304,18,17,17,1,103866.0,5562.0,False,True,6.0,468,5988,ENSG00000130830,196608,38163c896e51b8f45c602ba19cd316079498486534f1944c208808aa90d11fbf,f34324c6fde36a4f635f0f1f06cac5d25acd6798
32768,36,196608,98304,18,17,17,1,103866.0,5562.0,False,True,6.0,468,5988,ENSG00000108852,196608,d8535a7918e929d8ac9e0954c751512eac1f6dabca24cd6e36ef51ff7c15d5de,f34324c6fde36a4f635f0f1f06cac5d25acd6798
32768,36,196608,98304,18,17,17,1,103866.0,5562.0,False,True,6.0,468,5988,ENSG00000161647,196608,84d2b3a7963ec17a05598b37334379afb21df65b252a48232b3acb9c54cfe380,f34324c6fde36a4f635f0f1f06cac5d25acd6798
32768,36,196608,98304,18,17,17,1,103866.0,5562.0,False,True,6.0,468,5988,ENSG00000082126,196608,8a51789b5df73c38960a2640f697be0a0fa63670a3277a810fc89918e5157a46,f34324c6fde36a4f635f0f1f06cac5d25acd6798
32768,36,196608,98304,18,17,17,1,103866.0,5562.0,False,True,6.0,468,5988,ENSG00000150054,196608,111b51cd917a85f9380b2c2174c59d2291f238f1f3f0ee125b5714ef7f1cc024,f34324c6fde36a4f635f0f1f06cac5d25acd6798
32768,36,196608,98304,18,17,17,1,103866.0,5562.0,False,True,6.0,468,5988,ENSG00000164078,196608,1f8db6c0c0127e8617b936fdc66889df52ab9c8bbdfcc9b200ef4f48e714a8c0,f34324c6fde36a4f635f0f1f06cac5d25acd6798
32768,36,196608,98304,18,17,17,1,103866.0,5562.0,False,True,6.0,468,5988,ENSG00000198793,196608,7e2e6b4b692e31d8f87973b8e42577e87f722b3e85bf940e9728b7de86705f21,f34324c6fde36a4f635f0f1f06cac5d25acd6798
32768,36,196608,98304,18,17,17,1,103866.0,5562.0,False,True,6.0,468,5988,ENSG00000030304,196608,6f4bb09a17b3b697eafa8ea53ae4ddb7309d6cf8a672dd16bea7d781dc38115f,f34324c6fde36a4f635f0f1f06cac5d25acd6798
32768,36,196608,98304,18,17,17,1,103866.0,5562.0,False,True,6.0,468,5988,ENSG00000065534,196608,93c40b7120609f0de635bbc4f9ce50a1114ebbc5e450dde9395ac87b1c01d4c8,f34324c6fde36a4f635f0f1f06cac5d25acd6798
32768,36,196608,98304,18,17,17,1,103866.0,5562.0,False,True,6.0,468,5988,ENSG00000101306,196608,6f2eda1895c7ab44eb073f57c4fef4366c4e5d329e1c8832e086b378deb90a92,f34324c6fde36a4f635f0f1f06cac5d25acd6798
32768,36,196608,98304,18,17,17,1,103866.0,5562.0,False,True,6.0,468,5988,ENSG00000140795,196608,7bac824ef6a302dfb8017bb1fe8bbe93c0e65326c053b76714fd2133ce6cd09a,f34324c6fde36a4f635f0f1f06cac5d25acd6798
32768,36,196608,98304,18,17,17,1,103866.0,5562.0,False,True,6.0,468,5988,ENSG00000145949,196608,10e87d08536b61f6c0f252783dc9494fa01bc8f89aba2f07746fc22271bba9a9,f34324c6fde36a4f635f0f1f06cac5d25acd6798
32768,36,196608,98304,18,17,17,1,103866.0,5562.0,False,True,6.0,468,5988,ENSG00000137474,196608,b3a16adee44031a1f2b47c3e9c74dfcdd1b446a17dbbd078942b00630c2278c5,f34324c6fde36a4f635f0f1f06cac5d25acd6798
32768,36,196608,98304,18,17,17,1,103866.0,5562.0,False,True,6.0,468,5988,ENSG00000170011,196608,415d18696f44248b75dd77a85aa30a54b0093e711ff9af93b16cf387888ffb01,f34324c6fde36a4f635f0f1f06cac5d25acd6798
32768,36,196608,98304,18,17,17,1,103866.0,5562.0,False,True,6.0,468,5988,ENSG00000172915,196608,e7720937e7650fa59286656efe3358f9c4ef9683fd214c8e325931db352b9310,f34324c6fde36a4f635f0f1f06cac5d25acd6798
32768,36,196608,98304,18,17,17,1,103866.0,5562.0,False,True,6.0,468,5988,ENSG00000137601,196608,9e5ec43d71ecc89bd5ba4d6bc90ea579b8dd9855a02ba4ede98e8879acc5e0a5,f34324c6fde36a4f635f0f1f06cac5d25acd6798
32768,36,196608,98304,18,17,17,1,103866.0,5562.0,False,True,6.0,468,5988,ENSG00000117650,196608,deeb6132bba1fbef347173d369e6704c2d35491ea1a0a23b01f560e9d96edef1,f34324c6fde36a4f635f0f1f06cac5d25acd6798
32768,36,196608,98304,18,17,17,1,103866.0,5562.0,False,True,6.0,468,5988,ENSG00000136098,196608,dbe7c3b9b85bdd6339db1578434cc57c3b36a0b30eed806928d5ebea3ab3e8c8,f34324c6fde36a4f635f0f1f06cac5d25acd6798
32768,36,196608,98304,18,17,17,1,103866.0,5562.0,False,True,6.0,468,5988,ENSG00000114904,196608,63f05f6517b174b2c59df4099e94ba6dee78ea013ad03128ca96b773a3a67f92,f34324c6fde36a4f635f0f1f06cac5d25acd6798
32768,36,196608,98304,18,17,17,1,103866.0,5562.0,False,True,6.0,468,5988,ENSG00000197168,196608,4d5038c4dffbf950a5371e17fcf18d16009c2ed2fc9a7854c8194dbd8a517256,f34324c6fde36a4f635f0f1f06cac5d25acd6798
32768,36,196608,98304,18,17,17,1,103866.0,5562.0,False,True,6.0,468,5988,ENSG00000119408,196608,08b4d913dcfe6bd459913f61f1f4a5d888ef360f829c74fab04f98f153639197,f34324c6fde36a4f635f0f1f06cac5d25acd6798
32768,36,196608,98304,18,17,17,1,103866.0,5562.0,False,True,6.0,468,5988,ENSG00000151414,196608,f6a4bb4182e08811cfa337bf24061468c37479b7a3345d1209da28d944888eec,f34324c6fde36a4f635f0f1f06cac5d25acd6798
32768,36,196608,98304,18,17,17,1,103866.0,5562.0,False,True,6.0,468,5988,ENSG00000160602,196608,de1e3170a36556d812619cca9799bc84e232c662edc86fe5a07ac0e510dce350,f34324c6fde36a4f635f0f1f06cac5d25acd6798
32768,36,196608,98304,18,17,17,1,103866.0,5562.0,False,True,6.0,468,5988,ENSG00000119638,196608,4430562db8a913625a9542dbe5e210c91a0ee30ce3965bba859f2d9835312591,f34324c6fde36a4f635f0f1f06cac5d25acd6798
32768,36,196608,98304,18,17,17,1,103866.0,5562.0,False,True,6.0,468,5988,ENSG00000163491,196608,85f8a3475cfa2954ec77d7706d437a34ce36228ecbb5302423aa81c346246cb2,f34324c6fde36a4f635f0f1f06cac5d25acd6798
32768,36,196608,98304,18,17,17,1,103866.0,5562.0,False,True,6.0,468,5988,ENSG00000114670,196608,f3d755b9249dbf477e32b359b9525c53651243a4d1718926a8224c584bca544d,f34324c6fde36a4f635f0f1f06cac5d25acd6798
32768,36,196608,98304,18,17,17,1,103866.0,5562.0,False,True,6.0,468,5988,ENSG00000186575,196608,2bb82ee1bf1b0e06a31d02dc0d862580da6d909160c81a267040b8899fba4a30,f34324c6fde36a4f635f0f1f06cac5d25acd6798
32768,36,196608,98304,18,17,17,1,103866.0,5562.0,False,True,6.0,468,5988,ENSG00000177453,196608,5ce2ecb0b41fb34a7acdea61747350f8e36c8323edcc72830eb7628ef9257224,f34324c6fde36a4f635f0f1f06cac5d25acd6798
32768,36,196608,98304,18,17,17,1,103866.0,5562.0,False,True,6.0,468,5988,ENSG00000087095,196608,80cd4d557b830d9d5e97adf5c6915eee47adae16dc029fb49786a904ce916cb8,f34324c6fde36a4f635f0f1f06cac5d25acd6798
32768,36,196608,98304,18,17,17,1,103866.0,5562.0,False,True,6.0,468,5988,ENSG00000198400,196608,1a93976fbf5e5c4f6a283255e7e667832afc71ca122fdda908b87931a1fd9011,f34324c6fde36a4f635f0f1f06cac5d25acd6798
32768,36,196608,98304,18,17,17,1,103866.0,5562.0,False,True,6.0,468,5988,ENSG00000148053,196608,0b76df5c619486689d91c7e9171a2ca15754aed0bdb32829f39642e397cb75f5,f34324c6fde36a4f635f0f1f06cac5d25acd6798
32768,36,196608,98304,18,17,17,1,103866.0,5562.0,False,True,6.0,468,5988,ENSG00000140538,196608,a84de5cd6947e68e71d6bd1146f17ff77e0d63bed8ce3a11c2e364de5e512a0b,f34324c6fde36a4f635f0f1f06cac5d25acd6798
32768,36,196608,98304,18,17,17,1,103866.0,5562.0,False,True,6.0,468,5988,ENSG00000074590,196608,201b1bb43eaddaf2a952e2079a8bb399bae434ffcf2181538862cd6b2576d740,f34324c6fde36a4f635f0f1f06cac5d25acd6798
32768,36,196608,98304,18,17,17,1,103866.0,5562.0,False,True,6.0,468,5988,ENSG00000163545,196608,aeedad7f838d8c34d8f9f89e4ac343ec7f4812da7dd8b838e96cb53ce9131e0b,f34324c6fde36a4f635f0f1f06cac5d25acd6798
32768,36,196608,98304,18,17,17,1,103866.0,5562.0,False,True,6.0,468,5988,ENSG00000154358,196608,89210d041af3f18d7bb763c2961a1a14b06f2bac61fafcce6b2fe3cce4087ff4,f34324c6fde36a4f635f0f1f06cac5d25acd6798
32768,36,196608,98304,18,17,17,1,103866.0,5562.0,False,True,6.0,468,5988,ENSG00000172939,196608,26552bb99b0bd9bca9ffd6e9f3c29286c4a1277bc1d9e9d38c0915a547803b50,f34324c6fde36a4f635f0f1f06cac5d25acd6798
32768,36,196608,98304,18,17,17,1,103866.0,5562.0,False,True,6.0,468,5988,ENSG00000149269,196608,875d5338dfd3cf012b993f6b33709bd76f82a7d13be6fe0503575dd11fab88ba,f34324c6fde36a4f635f0f1f06cac5d25acd6798
32768,36,196608,98304,18,17,17,1,103866.0,5562.0,False,True,6.0,468,5988,ENSG00000180370,196608,be28be2c6982b95114512f8acc13a0258831e55faac96acd7a13c868ba61fe2a,f34324c6fde36a4f635f0f1f06cac5d25acd6798
32768,36,196608,98304,18,17,17,1,103866.0,5562.0,False,True,6.0,468,5988,ENSG00000077264,196608,aaab72f5f4c36a42fdf7d4f598e2fd1a3f3181470b73c178f679d4160305b599,f34324c6fde36a4f635f0f1f06cac5d25acd6798
32768,36,196608,98304,18,17,17,1,103866.0,5562.0,False,True,6.0,468,5988,ENSG00000130669,196608,4de4bec7e8a82e753db2f38971809b3308a10616a209e83b141947c974cd5fb7,f34324c6fde36a4f635f0f1f06cac5d25acd6798
32768,36,196608,98304,18,17,17,1,103866.0,5562.0,False,True,6.0,468,5988,ENSG00000101349,196608,0a654e026369f2695620c39f4b9db79047674421e1f2e09d4f526f2727dbbfc0,f34324c6fde36a4f635f0f1f06cac5d25acd6798
32768,36,196608,98304,18,17,17,1,103866.0,5562.0,False,True,6.0,468,5988,ENSG00000137843,196608,b9db454ec9f0f161fafcc6e93ab7760e65859c99fe4bf07275d7db1ce281e155,f34324c6fde36a4f635f0f1f06cac5d25acd6798
32768,36,196608,98304,18,17,17,1,103866.0,5562.0,False,True,6.0,468,5988,ENSG00000072415,196608,a04c486eb440c3b2ba6b5e45a6b19d19f2faccf891d160e897634a919e9dab6b,f34324c6fde36a4f635f0f1f06cac5d25acd6798
32768,36,196608,98304,18,17,17,1,103866.0,5562.0,False,True,6.0,468,5988,ENSG00000152782,196608,ecaaa39a8bb044e29c1dd0eb38504780756002a0a88adda97182b1cb8a05e13b,f34324c6fde36a4f635f0f1f06cac5d25acd6798
32768,36,196608,98304,18,17,17,1,103866.0,5562.0,False,True,6.0,468,5988,ENSG00000125779,196608,938de6baf556dd966517a434c3ed7d1814690271cddd59e60364c6450e3df5eb,f34324c6fde36a4f635f0f1f06cac5d25acd6798
32768,36,196608,98304,18,17,17,1,103866.0,5562.0,False,True,6.0,468,5988,ENSG00000120137,196608,1f2db634e12d2f3d88465cbbaf72da69033f84c43de5e86374da48cf79b13342,f34324c6fde36a4f635f0f1f06cac5d25acd6798
32768,36,196608,98304,18,17,17,1,103866.0,5562.0,False,True,6.0,468,5988,ENSG00000157881,196608,d00271c85dd6619747358921219055c81f3e636511ab6f852831ce18f018728a,f34324c6fde36a4f635f0f1f06cac5d25acd6798
32768,36,196608,98304,18,17,17,1,103866.0,5562.0,False,True,6.0,468,5988,ENSG00000115687,196608,5f592449993843b726a8f1ccb005ed0b8ff557e8ca5b753eeb9ffc3d6536f049,f34324c6fde36a4f635f0f1f06cac5d25acd6798
32768,36,196608,98304,18,17,17,1,103866.0,5562.0,False,True,6.0,468,5988,ENSG00000178104,196608,25dd4813683e8ec6ac302a496c75a624c304f80625004bb17b7ac5c8633f1ad6,f34324c6fde36a4f635f0f1f06cac5d25acd6798
32768,36,196608,98304,18,17,17,1,103866.0,5562.0,False,True,6.0,468,5988,ENSG00000134853,196608,a922d429f52136fe7fbb16abe635189ecfd4d8ef3e995370b085704a8527f086,f34324c6fde36a4f635f0f1f06cac5d25acd6798
32768,36,196608,98304,18,17,17,1,103866.0,5562.0,False,True,6.0,468,5988,ENSG00000113721,196608,eac9dca5c8732e895dd432ff6c79d5c304ea6fbca531c923d02846fd70cb4186,f34324c6fde36a4f635f0f1f06cac5d25acd6798
32768,36,196608,98304,18,17,17,1,103866.0,5562.0,False,True,6.0,468,5988,ENSG00000175087,196608,8e21b620564f636b8bd5ec76f52c47c6fe65b23502a2a2389a5c98104668264a,f34324c6fde36a4f635f0f1f06cac5d25acd6798
32768,36,196608,98304,18,17,17,1,103866.0,5562.0,False,True,6.0,468,5988,ENSG00000152256,196608,2b16f458bc47ee2f7ff826ca333ae1db7bdbff491098495855ad29354e1f7404,f34324c6fde36a4f635f0f1f06cac5d25acd6798
32768,36,196608,98304,18,17,17,1,103866.0,5562.0,False,True,6.0,468,5988,ENSG00000005882,196608,314d05905c683f58d347817606bbdfbf38a70433461c616ab41c6321715cff15,f34324c6fde36a4f635f0f1f06cac5d25acd6798
32768,36,196608,98304,18,17,17,1,103866.0,5562.0,False,True,6.0,468,5988,ENSG00000067992,196608,1437816029a93cad2e00c17af820789d2e58dc78b5777a23a534e25efb353655,f34324c6fde36a4f635f0f1f06cac5d25acd6798
32768,36,196608,98304,18,17,17,1,103866.0,5562.0,False,True,6.0,468,5988,ENSG00000004799,196608,7ee9fa545c3d8c8cac1dc44989128b19d827b41126aa198b801d66792a918d9d,f34324c6fde36a4f635f0f1f06cac5d25acd6798
32768,36,196608,98304,18,17,17,1,103866.0,5562.0,False,True,6.0,468,5988,ENSG00000140992,196608,7f321668f01b5b3519bb91ad8159bf54022bf9f473dc0958e9ce136f4a1db6c0,f34324c6fde36a4f635f0f1f06cac5d25acd6798
32768,36,196608,98304,18,17,17,1,103866.0,5562.0,False,True,6.0,468,5988,ENSG00000158571,196608,42322810ee98fef4a8e6f41c25c2d617df5231c0c48361ee4aa404fd7634dfb3,f34324c6fde36a4f635f0f1f06cac5d25acd6798
32768,36,196608,98304,18,17,17,1,103866.0,5562.0,False,True,6.0,468,5988,ENSG00000123836,196608,51e8a97e63e81f28b5f3f02ec0e05a75668d6402e083dd78b9facddbc753ffb3,f34324c6fde36a4f635f0f1f06cac5d25acd6798
32768,36,196608,98304,18,17,17,1,103866.0,5562.0,False,True,6.0,468,5988,ENSG00000170525,196608,550cb167feb65b692e58f43e9549f77b7a327160179e05a8373683b9c1774865,f34324c6fde36a4f635f0f1f06cac5d25acd6798
32768,36,196608,98304,18,17,17,1,103866.0,5562.0,False,True,6.0,468,5988,ENSG00000114268,196608,d4c7830309b5ac0efa5b5bfad033b2daa9766c33cb3d2072165e196d207ef8e0,f34324c6fde36a4f635f0f1f06cac5d25acd6798
32768,36,196608,98304,18,17,17,1,103866.0,5562.0,False,True,6.0,468,5988,ENSG00000067177,196608,afb1409e2029c36de12fa9f7abf51ba742e26eba09fe11f662a5a56bf4dbb0af,f34324c6fde36a4f635f0f1f06cac5d25acd6798
32768,36,196608,98304,18,17,17,1,103866.0,5562.0,False,True,6.0,468,5988,ENSG00000044446,196608,83dcddabf78d5e470220953cca62477da757c9d75a99c4a7eb416183cf18ce14,f34324c6fde36a4f635f0f1f06cac5d25acd6798
32768,36,196608,98304,18,17,17,1,103866.0,5562.0,False,True,6.0,468,5988,ENSG00000102893,196608,ad5d0871145965505c3fa25e7b319c1e4591b9eaa706c5c1ef9b515f1d34cf9d,f34324c6fde36a4f635f0f1f06cac5d25acd6798
32768,36,196608,98304,18,17,17,1,103866.0,5562.0,False,True,6.0,468,5988,ENSG00000164776,196608,3df231534edba28702bdce96f0efa2a8ecfe4e2bc900daa2c2f613d31bea6d30,f34324c6fde36a4f635f0f1f06cac5d25acd6798
32768,36,196608,98304,18,17,17,1,103866.0,5562.0,False,True,6.0,468,5988,ENSG00000156873,196608,1bac73a77c3ddbd0e8c291b38857552b03d33234cf5b92deb6a43d4045812592,f34324c6fde36a4f635f0f1f06cac5d25acd6798
32768,36,196608,98304,18,17,17,1,103866.0,5562.0,False,True,6.0,468,5988,ENSG00000241973,196608,31b17d9c865546994674a33e81b2678d5f3e298351498bfd5ca011560bc1e8a6,f34324c6fde36a4f635f0f1f06cac5d25acd6798
32768,36,196608,98304,18,17,17,1,103866.0,5562.0,False,True,6.0,468,5988,ENSG00000011405,196608,59f329a25e18d2425ad0805f00a14c40ae83bca89254be8cc84cba5995bb907b,f34324c6fde36a4f635f0f1f06cac5d25acd6798
32768,36,196608,98304,18,17,17,1,103866.0,5562.0,False,True,6.0,468,5988,ENSG00000133056,196608,8733a5693f1c939910c6867c6f9040f95ea751bfdab40c0b90c22b244341d544,f34324c6fde36a4f635f0f1f06cac5d25acd6798
32768,36,196608,98304,18,17,17,1,103866.0,5562.0,False,True,6.0,468,5988,ENSG00000139144,196608,17091ef32d04d11d0e34f106e91fafb37c3ac7aec6b85c8860e35d95841cdc4a,f34324c6fde36a4f635f0f1f06cac5d25acd6798
32768,36,196608,98304,18,17,17,1,103866.0,5562.0,False,True,6.0,468,5988,ENSG00000078142,196608,2daf86678c9c623aebf5548caa431a7e78951a956d0367d92e5887aa8131bcda,f34324c6fde36a4f635f0f1f06cac5d25acd6798
32768,36,196608,98304,18,17,17,1,103866.0,5562.0,False,True,6.0,468,5988,ENSG00000121879,196608,c3bc1ba3d71631e6086ed1d5b88b5ae515bb6fe03448fafc208708cf7f579732,f34324c6fde36a4f635f0f1f06cac5d25acd6798
32768,36,196608,98304,18,17,17,1,103866.0,5562.0,False,True,6.0,468,5988,ENSG00000051382,196608,6be18903c0049bf16c435ddab8171425af64945db201052dd0786833dfadaa39,f34324c6fde36a4f635f0f1f06cac5d25acd6798
32768,36,196608,98304,18,17,17,1,103866.0,5562.0,False,True,6.0,468,5988,ENSG00000171608,196608,64768b92695d992c2415cee95ab73ddf6a9ab82996e36c805c4ecf7a13741043,f34324c6fde36a4f635f0f1f06cac5d25acd6798
32768,36,196608,98304,18,17,17,1,103866.0,5562.0,False,True,6.0,468,5988,ENSG00000105851,196608,1c53dc209cfcec13e9d5bb3900eda77edefc8f1142f69baef0033e778bf49ab3,f34324c6fde36a4f635f0f1f06cac5d25acd6798
32768,36,196608,98304,18,17,17,1,103866.0,5562.0,False,True,6.0,468,5988,ENSG00000137193,196608,310c603d3a579555caeda49634496db85f83f83eb1c2ab2830ceec4075fb7edc,f34324c6fde36a4f635f0f1f06cac5d25acd6798
32768,36,196608,98304,18,17,17,1,103866.0,5562.0,False,True,6.0,468,5988,ENSG00000102096,196608,00db22f2457b045b57655c28a9ee135876b4f666137d38e49e5b9b796fd422dc,f34324c6fde36a4f635f0f1f06cac5d25acd6798
34023,37,196608,98304,18,17,17,1,103866.0,5562.0,False,True,5.778679128824619,998,5988,ENSG00000198355,196608,b6b56f51e398057fb3fd7cb7a4378e9b9ab937b605644ba92e3ea6e4d44633a3,f34324c6fde36a4f635f0f1f06cac5d25acd6798
32768,36,196608,98304,18,17,17,1,103866.0,5562.0,False,True,6.0,468,5988,ENSG00000162878,196608,6bae74cab14f93fc8b3ca40b872b273e444b935f302a963b9893d98818757450,f34324c6fde36a4f635f0f1f06cac5d25acd6798
32768,36,196608,98304,18,17,17,1,103866.0,5562.0,False,True,6.0,468,5988,ENSG00000143627,196608,79e1229876bc80a8a9417e02f8d56615542f64bcca30eb4e06b3aa5a232a9979,f34324c6fde36a4f635f0f1f06cac5d25acd6798
32768,36,196608,98304,18,17,17,1,103866.0,5562.0,False,True,6.0,468,5988,ENSG00000067225,196608,4c6bdcf1cdf2fcb024b022ffaccff742d0caa6358d73be7642992ec1e84c730b,f34324c6fde36a4f635f0f1f06cac5d25acd6798
32768,36,196608,98304,18,17,17,1,103866.0,5562.0,False,True,6.0,468,5988,ENSG00000123143,196608,b579f0b15795b7693114892b3264cbd5badea5aa8a679e220870ba8f267cf60a,f34324c6fde36a4f635f0f1f06cac5d25acd6798
32768,36,196608,98304,18,17,17,1,103866.0,5562.0,False,True,6.0,468,5988,ENSG00000065243,196608,12f101a0f3922f994a76e3a8def2e846fb6d4f05040e7ce42d582cbdb14e8c3a,f34324c6fde36a4f635f0f1f06cac5d25acd6798
32768,36,196608,98304,18,17,17,1,103866.0,5562.0,False,True,6.0,468,5988,ENSG00000160447,196608,0e61d24c267debaf0c7e17fa853516468d65e0aefea39ad727c58f2bddc0c91e,f34324c6fde36a4f635f0f1f06cac5d25acd6798
32768,36,196608,98304,18,17,17,1,103866.0,5562.0,False,True,6.0,468,5988,ENSG00000166851,196608,c4c08b230ec7d1a51dc4a2b6f868b34b0600d3999be3297369509b9f2340faff,f34324c6fde36a4f635f0f1f06cac5d25acd6798
32768,36,196608,98304,18,17,17,1,103866.0,5562.0,False,True,6.0,468,5988,ENSG00000145632,196608,f36762130eb9a7043e3176631253ca11e082e93d165a0c88fe34c9cec4fb7da9,f34324c6fde36a4f635f0f1f06cac5d25acd6798
32768,36,196608,98304,18,17,17,1,103866.0,5562.0,False,True,6.0,468,5988,ENSG00000173846,196608,95719f6baba567903cec32038ad7fd274714ca965106e429e30ba92c8c100714,f34324c6fde36a4f635f0f1f06cac5d25acd6798
32768,36,196608,98304,18,17,17,1,103866.0,5562.0,False,True,6.0,468,5988,ENSG00000142731,196608,1ed536b2df3f8b61df0c40244a9005a436ca9010b3ee5dbeb512fa17849110bc,f34324c6fde36a4f635f0f1f06cac5d25acd6798
32768,36,196608,98304,18,17,17,1,103866.0,5562.0,False,True,6.0,468,5988,ENSG00000185988,196608,caf85ba5daca2252f12b92ca45bb103daa32fcfa3a1a9b4fa15abb95b1543490,f34324c6fde36a4f635f0f1f06cac5d25acd6798
32768,36,196608,98304,18,17,17,1,103866.0,5562.0,False,True,6.0,468,5988,ENSG00000132356,196608,8d4aa03f4d4cccde56b5e8aad2d95c1358222797814d1369ef01abbb7b2ee17d,f34324c6fde36a4f635f0f1f06cac5d25acd6798
32768,36,196608,98304,18,17,17,1,103866.0,5562.0,False,True,6.0,468,5988,ENSG00000162409,196608,f49f5615648392053c934278ef7e0a8eb237c62ade1574ce99ca6d51a9a2dc45,f34324c6fde36a4f635f0f1f06cac5d25acd6798
32768,36,196608,98304,18,17,17,1,103866.0,5562.0,False,True,6.0,468,5988,ENSG00000111725,196608,754cfda65aab65640c93f6ba62e9765fd52a729d9f26c9a46fe18886f27de115,f34324c6fde36a4f635f0f1f06cac5d25acd6798
32768,36,196608,98304,18,17,17,1,103866.0,5562.0,False,True,6.0,468,5988,ENSG00000131791,196608,28230250201250837f0b5ddead2983021820aa358f3e5bc312f0611aaead6aef,f34324c6fde36a4f635f0f1f06cac5d25acd6798
32768,36,196608,98304,18,17,17,1,103866.0,5562.0,False,True,6.0,468,5988,ENSG00000072062,196608,25209f39f2347dbf7196aee8814f64f078921c456e06840734345b4c20c4a609,f34324c6fde36a4f635f0f1f06cac5d25acd6798
32768,36,196608,98304,18,17,17,1,103866.0,5562.0,False,True,6.0,468,5988,ENSG00000142875,196608,931e935a7fd15d04de792134738fcf6feb8d611b6d3aa037b0e60e56de257685,f34324c6fde36a4f635f0f1f06cac5d25acd6798
32768,36,196608,98304,18,17,17,1,103866.0,5562.0,False,True,6.0,468,5988,ENSG00000165059,196608,f6746a54fc3025f0b76837fdc89faceddeca141099c834d8dfd99353cca8b925,f34324c6fde36a4f635f0f1f06cac5d25acd6798
32768,36,196608,98304,18,17,17,1,103866.0,5562.0,False,True,6.0,468,5988,ENSG00000181929,196608,2eeb35cb9e3082defd2f4cfb66301561227cbdb20957d53abce379a2da87d497,f34324c6fde36a4f635f0f1f06cac5d25acd6798
32768,36,196608,98304,18,17,17,1,103866.0,5562.0,False,True,6.0,468,5988,ENSG00000106617,196608,454cad6ed9023fa6b2076abeb2e2b5a2dc00da7de108202d0608099d64713304,f34324c6fde36a4f635f0f1f06cac5d25acd6798
32768,36,196608,98304,18,17,17,1,103866.0,5562.0,False,True,6.0,468,5988,ENSG00000115592,196608,b5656d838e8f480ca4702c3ee8f2e11e16b96b5d0b8f775b40bce3573ebec983,f34324c6fde36a4f635f0f1f06cac5d25acd6798
32768,36,196608,98304,18,17,17,1,103866.0,5562.0,False,True,6.0,468,5988,ENSG00000108946,196608,56fbf97014701ee6b360dbce57e228573174da0545f6ef61f14dce97796e7d5b,f34324c6fde36a4f635f0f1f06cac5d25acd6798
32768,36,196608,98304,18,17,17,1,103866.0,5562.0,False,True,6.0,468,5988,ENSG00000188191,196608,91b301656651fc755769d16e8ae90f4c7f4f19b79b04ece9961400a98901786e,f34324c6fde36a4f635f0f1f06cac5d25acd6798
32768,36,196608,98304,18,17,17,1,103866.0,5562.0,False,True,6.0,468,5988,ENSG00000114302,196608,774183ceba459270eb981c8a8b5f819e321203df727916c9b7c1078389327bd5,f34324c6fde36a4f635f0f1f06cac5d25acd6798
32768,36,196608,98304,18,17,17,1,103866.0,5562.0,False,True,6.0,468,5988,ENSG00000005249,196608,ff6f46bbc53678a9abb3f62de0e87ca3ab8ec75b709d51d9d3a8516dd95b6020,f34324c6fde36a4f635f0f1f06cac5d25acd6798
32768,36,196608,98304,18,17,17,1,103866.0,5562.0,False,True,6.0,468,5988,ENSG00000154229,196608,eeb814492dff90cfb6965f042897f82c39c150568ff681da9a9ad433862b6201,f34324c6fde36a4f635f0f1f06cac5d25acd6798
32768,36,196608,98304,18,17,17,1,103866.0,5562.0,False,True,6.0,468,5988,ENSG00000166501,196608,bffc9cb51983997379b3a38052cda1b30648fe04052b38c1386378926af4fa0b,f34324c6fde36a4f635f0f1f06cac5d25acd6798
32768,36,196608,98304,18,17,17,1,103866.0,5562.0,False,True,6.0,468,5988,ENSG00000163932,196608,93000146cd7e43e399f20ae14368a4f885aab101d447202b37969b14e0ae9cde,f34324c6fde36a4f635f0f1f06cac5d25acd6798
32768,36,196608,98304,18,17,17,1,103866.0,5562.0,False,True,6.0,468,5988,ENSG00000171132,196608,b05d24b4ec136ad1ded6991d043577181fc796968ee27018337cc67d3b0a1481,f34324c6fde36a4f635f0f1f06cac5d25acd6798
32768,36,196608,98304,18,17,17,1,103866.0,5562.0,False,True,6.0,468,5988,ENSG00000126583,196608,5668e8ebb7bf7dcdab398e4b69138fb8d20e421cd1da9b3087bd81f958c93888,f34324c6fde36a4f635f0f1f06cac5d25acd6798
32768,36,196608,98304,18,17,17,1,103866.0,5562.0,False,True,6.0,468,5988,ENSG00000027075,196608,eb84b7c873de994b38f79af32ee05a9b21b1d1cebe7c1d5ef82ddc0a930e9e4e,f34324c6fde36a4f635f0f1f06cac5d25acd6798
32768,36,196608,98304,18,17,17,1,103866.0,5562.0,False,True,6.0,468,5988,ENSG00000163558,196608,4c927690a86e32af679f0c64e991a864e9010f108301528236d0ed2a9010dac0,f34324c6fde36a4f635f0f1f06cac5d25acd6798
32768,36,196608,98304,18,17,17,1,103866.0,5562.0,False,True,6.0,468,5988,ENSG00000065675,196608,d1f5d1a590e3ed135076fed7db40a7769113864342330ef315434b64e3c50b30,f34324c6fde36a4f635f0f1f06cac5d25acd6798
32768,36,196608,98304,18,17,17,1,103866.0,5562.0,False,True,6.0,468,5988,ENSG00000067606,196608,d06585b4a4eee7dc31e229935de1f6f7544905f94ca428ba35531ac499acff9f,f34324c6fde36a4f635f0f1f06cac5d25acd6798
32768,36,196608,98304,18,17,17,1,103866.0,5562.0,False,True,6.0,468,5988,ENSG00000184304,196608,f617d92bf055aff6d2620e35ff76d4c1bbac87932dcb5f5f4285732885c2e504,f34324c6fde36a4f635f0f1f06cac5d25acd6798
32768,36,196608,98304,18,17,17,1,103866.0,5562.0,False,True,6.0,468,5988,ENSG00000105287,196608,5924f0b6a7980898fbb937c695f0dbace25a885398a730c469259f2bfb7a5af6,f34324c6fde36a4f635f0f1f06cac5d25acd6798
32768,36,196608,98304,18,17,17,1,103866.0,5562.0,False,True,6.0,468,5988,ENSG00000115825,196608,e90347c9bef707a83a3f1ade7f99c40db48978f9a5561b9547e8180cf8c0bf4c,f34324c6fde36a4f635f0f1f06cac5d25acd6798
32768,36,196608,98304,18,17,17,1,103866.0,5562.0,False,True,6.0,468,5988,ENSG00000253729,196608,e2cd1738f447d94832ddedd6c20106cccf37427639255b4ae9606ea8312d7886,f34324c6fde36a4f635f0f1f06cac5d25acd6798
32768,36,196608,98304,18,17,17,1,103866.0,5562.0,False,True,6.0,468,5988,ENSG00000185532,196608,a0f04bfe57dee7ab7e0ac74bbfa7a7fb20d66a6553c3e94eecb16fe55ab3caf9,f34324c6fde36a4f635f0f1f06cac5d25acd6798
32768,36,196608,98304,18,17,17,1,103866.0,5562.0,False,True,6.0,468,5988,ENSG00000138669,196608,c02f978093cad01ca6cd5ac518205408ab7d6ae78bc94399fd0adba82e0a3b8c,f34324c6fde36a4f635f0f1f06cac5d25acd6798
32768,36,196608,98304,18,17,17,1,103866.0,5562.0,False,True,6.0,468,5988,ENSG00000183943,196608,87021332c8167ba085054c507123fe9043c589da82d3165614ad633c54f4ebb2,f34324c6fde36a4f635f0f1f06cac5d25acd6798
32768,36,196608,98304,18,17,17,1,103866.0,5562.0,False,True,6.0,468,5988,ENSG00000149311,196608,23509001cf29ccb771a5f86fe13c281df3aa5f4dd44517d592f7398a4ea08ad2,f34324c6fde36a4f635f0f1f06cac5d25acd6798
32768,36,196608,98304,18,17,17,1,103866.0,5562.0,False,True,6.0,468,5988,ENSG00000175054,196608,0a17542aa94bac1735d71f1cb67682a5fee2e6030e43b4c03a8623a25046e0b4,f34324c6fde36a4f635f0f1f06cac5d25acd6798
32768,36,196608,98304,18,17,17,1,103866.0,5562.0,False,True,6.0,468,5988,ENSG00000087586,196608,1ced5e329f77bbd273d49114a19c3d79ca67f2f169eb647e31a9d22361b6f946,f34324c6fde36a4f635f0f1f06cac5d25acd6798
32768,36,196608,98304,18,17,17,1,103866.0,5562.0,False,True,6.0,468,5988,ENSG00000178999,196608,290c2c532cbf61f77d47c898c4f8f17fa0f3ae1252e7d696894712827ddb67e5,f34324c6fde36a4f635f0f1f06cac5d25acd6798
32768,36,196608,98304,18,17,17,1,103866.0,5562.0,False,True,6.0,468,5988,ENSG00000105146,196608,ace853b9cb8be2baa6c14b87ea26f1260c8c097dec5c8c1f302811556df25b9c,f34324c6fde36a4f635f0f1f06cac5d25acd6798
32768,36,196608,98304,18,17,17,1,103866.0,5562.0,False,True,6.0,468,5988,ENSG00000167601,196608,746b96abbfd8a2e4201363c4656134d935be96bfa57f95f61772f610301e8a55,f34324c6fde36a4f635f0f1f06cac5d25acd6798
32768,36,196608,98304,18,17,17,1,103866.0,5562.0,False,True,6.0,468,5988,ENSG00000103507,196608,0f6d20413d3dd124b55d860e001e7de3acfda592aadfd8e6ee9d09bcf2ffa35f,f34324c6fde36a4f635f0f1f06cac5d25acd6798
32768,36,196608,98304,18,17,17,1,103866.0,5562.0,False,True,6.0,468,5988,ENSG00000136573,196608,00a57f0e74bd59dbf1514f8358e5d2ffed3fb8f99bf15f0e98d3b59144b941ed,f34324c6fde36a4f635f0f1f06cac5d25acd6798
32768,36,196608,98304,18,17,17,1,103866.0,5562.0,False,True,6.0,468,5988,ENSG00000107779,196608,de75db1a0c0566007eee70a3401340615d1b3eb3ecdad6cf1ffe6f009d271b60,f34324c6fde36a4f635f0f1f06cac5d25acd6798
32768,36,196608,98304,18,17,17,1,103866.0,5562.0,False,True,6.0,468,5988,ENSG00000138696,196608,ea304210df4c366f8451f003580bb1e6d3f94743e9f41c1f36f861afe9b8d4e5,f34324c6fde36a4f635f0f1f06cac5d25acd6798
32768,36,196608,98304,18,17,17,1,103866.0,5562.0,False,True,6.0,468,5988,ENSG00000204217,196608,96915cb184a5eac30e8e862e791acdc0f13af986819d54fe0722b432c76594b1,f34324c6fde36a4f635f0f1f06cac5d25acd6798
32768,36,196608,98304,18,17,17,1,103866.0,5562.0,False,True,6.0,468,5988,ENSG00000102010,196608,e0b6215d296322824fc4eb40689ed2ed652dc05a76cb55a3faaf6fc60331f71a,f34324c6fde36a4f635f0f1f06cac5d25acd6798
32768,36,196608,98304,18,17,17,1,103866.0,5562.0,False,True,6.0,468,5988,ENSG00000157764,196608,1f76e108f8ed7b491c9e86947cf25c9bcc8afa48d11186a84036331aa0e8eb99,f34324c6fde36a4f635f0f1f06cac5d25acd6798
32768,36,196608,98304,18,17,17,1,103866.0,5562.0,False,True,6.0,468,5988,ENSG00000160469,196608,934263720c1f8dd282199d0579357f37cfe05b22bd20c13843a0e8831edb9a0c,f34324c6fde36a4f635f0f1f06cac5d25acd6798
32768,36,196608,98304,18,17,17,1,103866.0,5562.0,False,True,6.0,468,5988,ENSG00000174672,196608,e90b419ec03d64d90e0bc227f9cbe35cd89b67832b1ef2ca3a030e4ed9179283,f34324c6fde36a4f635f0f1f06cac5d25acd6798
32768,36,196608,98304,18,17,17,1,103866.0,5562.0,False,True,6.0,468,5988,ENSG00000010671,196608,5704726c79a65a48efa802432c7faeb68814c0b9621d60d2af794e67d996d64e,f34324c6fde36a4f635f0f1f06cac5d25acd6798
32768,36,196608,98304,18,17,17,1,103866.0,5562.0,False,True,6.0,468,5988,ENSG00000159792,196608,5cfdcc0622029f2039db39c0a0759a3839916c6dedf6a52f0d56c959612c948d,f34324c6fde36a4f635f0f1f06cac5d25acd6798
32768,36,196608,98304,18,17,17,1,103866.0,5562.0,False,True,6.0,468,5988,ENSG00000147613,196608,4b365753a1b92d484c37b1ef652aa8304b31090263a37f0a78ecdf2687d63564,f34324c6fde36a4f635f0f1f06cac5d25acd6798
32768,36,196608,98304,18,17,17,1,103866.0,5562.0,False,True,6.0,468,5988,ENSG00000169398,196608,31402836c027122d148d8a66e083f669c23aa7a12e004e1d6bd3d26a323c16cf,f34324c6fde36a4f635f0f1f06cac5d25acd6798
32768,36,196608,98304,18,17,17,1,103866.0,5562.0,False,True,6.0,468,5988,ENSG00000120899,196608,31fbde76b4de3ec0b19841d29e618ac31a8233a7ed9aa13fe89ca4c33a8b7eb7,f34324c6fde36a4f635f0f1f06cac5d25acd6798
32768,36,196608,98304,18,17,17,1,103866.0,5562.0,False,True,6.0,468,5988,ENSG00000101213,196608,a8c49f9a89ced784af04891cf47b1a1228518071a9dea4078b0df3d9b84cd549,f34324c6fde36a4f635f0f1f06cac5d25acd6798
32768,36,196608,98304,18,17,17,1,103866.0,5562.0,False,True,6.0,468,5988,ENSG00000112655,196608,3b3f19ee5996163e3af85e08564c2bda8d1b2e5bf6456c6f8e71cb19f46a1533,f34324c6fde36a4f635f0f1f06cac5d25acd6798
32768,36,196608,98304,18,17,17,1,103866.0,5562.0,False,True,6.0,468,5988,ENSG00000118508,196608,47481867d952a6ed673d0b1da36b804c3ae1a8fec3ed60f772bde803ea95bca1,f34324c6fde36a4f635f0f1f06cac5d25acd6798
32768,36,196608,98304,18,17,17,1,103866.0,5562.0,False,True,6.0,468,5988,ENSG00000132155,196608,4a778ff28f75d2c3a3438a2c4b5b742fb49ee1c805d9f67a186b6eb1b4b5df18,f34324c6fde36a4f635f0f1f06cac5d25acd6798
32768,36,196608,98304,18,17,17,1,103866.0,5562.0,False,True,6.0,468,5988,ENSG00000165731,196608,22d0683e9a3732856ade5267d206f707ec2c3a90d652588971532d7a9087f049,f34324c6fde36a4f635f0f1f06cac5d25acd6798
32768,36,196608,98304,18,17,17,1,103866.0,5562.0,False,True,6.0,468,5988,ENSG00000124784,196608,c02b993f73e6e3032bbcfece51f4bd7adc816ddf28683011306f9e0491d85413,f34324c6fde36a4f635f0f1f06cac5d25acd6798
32768,36,196608,98304,18,17,17,1,103866.0,5562.0,False,True,6.0,468,5988,ENSG00000058729,196608,67011716477ce606e0030b3cc1a121e7b7425d5512793857f04763ff0d0101f7,f34324c6fde36a4f635f0f1f06cac5d25acd6798
32768,36,196608,98304,18,17,17,1,103866.0,5562.0,False,True,6.0,468,5988,ENSG00000101782,196608,49341d8a4b1ebef97fdd044f7e8cbaa9308a7ad9ada63b147febc1f86542de75,f34324c6fde36a4f635f0f1f06cac5d25acd6798
32768,36,196608,98304,18,17,17,1,103866.0,5562.0,False,True,6.0,468,5988,ENSG00000137275,196608,518c889b85f4da19d0d7207865b4a870ba88fb67cb2720b90008e4869cd90b8f,f34324c6fde36a4f635f0f1f06cac5d25acd6798
32768,36,196608,98304,18,17,17,1,103866.0,5562.0,False,True,6.0,468,5988,ENSG00000104312,196608,fabf1ea3a61f162f729c808fe496d0bd78afdeb5606ff308eb65f71941eecd06,f34324c6fde36a4f635f0f1f06cac5d25acd6798
32768,36,196608,98304,18,17,17,1,103866.0,5562.0,False,True,6.0,468,5988,ENSG00000129465,196608,c5828a2693d158a1db610da88fa5cb1aafffe1d5c11ab616069102209382802b,f34324c6fde36a4f635f0f1f06cac5d25acd6798
32778,36,196608,98304,18,17,17,1,103821.0,5517.0,False,True,5.998169503935567,513,5988,ENSG00000183421,196608,522358832708bb00a0134438c6c3d939f51601557b61946aba81b81338cab72c,f34324c6fde36a4f635f0f1f06cac5d25acd6798
32768,36,196608,98304,18,17,17,1,103866.0,5562.0,False,True,6.0,468,5988,ENSG00000067900,196608,e215ea8a16c75e16d9549bbcdde90a6dbe1d0970bc257774d111c7de23de67a6,f34324c6fde36a4f635f0f1f06cac5d25acd6798
32768,36,196608,98304,18,17,17,1,103866.0,5562.0,False,True,6.0,468,5988,ENSG00000134318,196608,dc6430da5749dbb6d1f343eafd31a8c8bda0c4c4aef99c84265b95931e9246d2,f34324c6fde36a4f635f0f1f06cac5d25acd6798
32768,36,196608,98304,18,17,17,1,103866.0,5562.0,False,True,6.0,468,5988,ENSG00000185483,196608,080fb5766e0323012860d30ed49a871dd2b7f178bbbd9de7a68ac15ca9fa46d7,f34324c6fde36a4f635f0f1f06cac5d25acd6798
32768,36,196608,98304,18,17,17,1,103866.0,5562.0,False,True,6.0,468,5988,ENSG00000169071,196608,d076ee3e623a0fe0f315aa167ea1cc41631c33c516ba635a37ca5284305eb136,f34324c6fde36a4f635f0f1f06cac5d25acd6798
32768,36,196608,98304,18,17,17,1,103866.0,5562.0,False,True,6.0,468,5988,ENSG00000047936,196608,e26c4e126902379df250ac8c53a4a843a60583f8c5d0d39d7511f7d2912a016e,f34324c6fde36a4f635f0f1f06cac5d25acd6798
32768,36,196608,98304,18,17,17,1,103866.0,5562.0,False,True,6.0,468,5988,ENSG00000117676,196608,ae684e4d408aa616fa0e1e3b2c8fbae17a5bfca1ca9dd1d2fe647bb60687f3dd,f34324c6fde36a4f635f0f1f06cac5d25acd6798
32768,36,196608,98304,18,17,17,1,103866.0,5562.0,False,True,6.0,468,5988,ENSG00000071242,196608,9198810efa8136849f68a3c5d20f0baa3f2d97ff57ecab176dc48b72dddb287e,f34324c6fde36a4f635f0f1f06cac5d25acd6798
32768,36,196608,98304,18,17,17,1,103866.0,5562.0,False,True,6.0,468,5988,ENSG00000177189,196608,64db22a28b9a3de3343322532adaa60df7dba2988419767be91bb7ee394c19a3,f34324c6fde36a4f635f0f1f06cac5d25acd6798
32768,36,196608,98304,18,17,17,1,103866.0,5562.0,False,True,6.0,468,5988,ENSG00000162302,196608,10722a0a0b38f9b5911fe29e612928e898921c9fb32b70e99dc6bca1ee0a8ad7,f34324c6fde36a4f635f0f1f06cac5d25acd6798
32768,36,196608,98304,18,17,17,1,103866.0,5562.0,False,True,6.0,468,5988,ENSG00000100784,196608,35a3b75a9ad5b7643b97c2291bb1de44baf6acfa49c92c15029b4ad74e8950b2,f34324c6fde36a4f635f0f1f06cac5d25acd6798
32768,36,196608,98304,18,17,17,1,103866.0,5562.0,False,True,6.0,468,5988,ENSG00000072133,196608,52dc24d9e3c3a5202bc0e24910421ae7fe5c847a4af03bcd874a75423b0c3d3e,f34324c6fde36a4f635f0f1f06cac5d25acd6798
32768,36,196608,98304,18,17,17,1,103866.0,5562.0,False,True,6.0,468,5988,ENSG00000108443,196608,31e6eb5ca7bab5518d207cfaad9f6b9113f5809bebac537dd5d2acd0c5ddd779,f34324c6fde36a4f635f0f1f06cac5d25acd6798
32768,36,196608,98304,18,17,17,1,103866.0,5562.0,False,True,6.0,468,5988,ENSG00000175634,196608,36f520a2f24e176e35bffd81e4e6032e5c8920b82230da2b5c9cfe2d1a0ccc0e,f34324c6fde36a4f635f0f1f06cac5d25acd6798
32768,36,196608,98304,18,17,17,1,103866.0,5562.0,False,True,6.0,468,5988,ENSG00000136643,196608,679e3ac148406e248d18b614da8b062cd9786b42ebf18128b1d5617d42431ed1,f34324c6fde36a4f635f0f1f06cac5d25acd6798
32768,36,196608,98304,18,17,17,1,103866.0,5562.0,False,True,6.0,468,5988,ENSG00000198208,196608,b80c9f6bf0060ff3946bc71fd65a929be8d416623ac8bd062de63feb76f4043e,f34324c6fde36a4f635f0f1f06cac5d25acd6798
32768,36,196608,98304,18,17,17,1,103866.0,5562.0,False,True,6.0,468,5988,ENSG00000167524,196608,1fe6aeb937860342e19769e881854d276883487d8bb98bd518f8c19b68911b6e,f34324c6fde36a4f635f0f1f06cac5d25acd6798
32768,36,196608,98304,18,17,17,1,103866.0,5562.0,False,True,6.0,468,5988,ENSG00000163785,196608,5eb039c3e85d6fcecf0c6e197da47d2b050514ccd066762601b9abdccc7c530d,f34324c6fde36a4f635f0f1f06cac5d25acd6798
32768,36,196608,98304,18,17,17,1,103866.0,5562.0,False,True,6.0,468,5988,ENSG00000118515,196608,36d2d056812e883fc147c8ecc9f33c2fe2c065593ffffec0cc2e67df8ae22a7f,f34324c6fde36a4f635f0f1f06cac5d25acd6798
32768,36,196608,98304,18,17,17,1,103866.0,5562.0,False,True,6.0,468,5988,ENSG00000101049,196608,5650ab38e1974bb188f5173cd1864177f1ad0a534aee724fb89d4a039f40af30,f34324c6fde36a4f635f0f1f06cac5d25acd6798
32768,36,196608,98304,18,17,17,1,103866.0,5562.0,False,True,6.0,468,5988,ENSG00000104205,196608,8fc668a05e1eaf0be81237c1c3b086d0f65bc0908d73ed3f342d94aba42f796e,f34324c6fde36a4f635f0f1f06cac5d25acd6798
32778,36,196608,98304,18,17,17,1,103811.0,5507.0,False,True,5.998169503935567,523,5988,ENSG00000142178,196608,a12a3e46f0e68575e85a6c1d4e89c9979e1cba01bae95edbb1bfd2583dc84a7a,f34324c6fde36a4f635f0f1f06cac5d25acd6798
32768,36,196608,98304,18,17,17,1,103866.0,5562.0,False,True,6.0,468,5988,ENSG00000170145,196608,4feaefda138870a4af48dc5237bebc5c13ba6e8242347b9182f771ae7dd35232,f34324c6fde36a4f635f0f1f06cac5d25acd6798
32768,36,196608,98304,18,17,17,1,103866.0,5562.0,False,True,6.0,468,5988,ENSG00000160584,196608,e1a1204cb14cfad3eb8f02ed581222e4ea36bdca345143f28b5632d21635b006,f34324c6fde36a4f635f0f1f06cac5d25acd6798
32768,36,196608,98304,18,17,17,1,103866.0,5562.0,False,True,6.0,468,5988,ENSG00000065613,196608,6488143f5e6d6ec27209168a0818c185c1073a67168d142da72d4e6384e72f05,f34324c6fde36a4f635f0f1f06cac5d25acd6798
32768,36,196608,98304,18,17,17,1,103866.0,5562.0,False,True,6.0,468,5988,ENSG00000157106,196608,c42284e59c53cadce98fa43e821d02f42b6ecf450ae180f44c643bcf30e50bd7,f34324c6fde36a4f635f0f1f06cac5d25acd6798
32768,36,196608,98304,18,17,17,1,103866.0,5562.0,False,True,6.0,468,5988,ENSG00000169679,196608,5b8cd162854a745aa16d0b47af5f5d89a93c8ca4c7184fe5d7c1ad9cd30d3573,f34324c6fde36a4f635f0f1f06cac5d25acd6798
32768,36,196608,98304,18,17,17,1,103866.0,5562.0,False,True,6.0,468,5988,ENSG00000156970,196608,23583ed967f55cb94deaa68b1d0f15810d91c147ef83a626bd301e620932144a,f34324c6fde36a4f635f0f1f06cac5d25acd6798
32768,36,196608,98304,18,17,17,1,103866.0,5562.0,False,True,6.0,468,5988,ENSG00000067191,196608,a6c99c238e97e48c6ccd08d287ddbbbd52173674661b82d0efb79bad20105977,f34324c6fde36a4f635f0f1f06cac5d25acd6798
32768,36,196608,98304,18,17,17,1,103866.0,5562.0,False,True,6.0,468,5988,ENSG00000165995,196608,1b3ba3eb6906c16e58b94db504dcb78ed61af069606ed6165cdec8f04749e85b,f34324c6fde36a4f635f0f1f06cac5d25acd6798
32768,36,196608,98304,18,17,17,1,103866.0,5562.0,False,True,6.0,468,5988,ENSG00000167535,196608,8b0627c272fdb1a4759a86bfebb824cbe6161fd9b3bdbc87e5a3dfaebcd9152c,f34324c6fde36a4f635f0f1f06cac5d25acd6798
32768,36,196608,98304,18,17,17,1,103866.0,5562.0,False,True,6.0,468,5988,ENSG00000182389,196608,8672f9802199df1a2053b15ca52b06745fa063985d5d5e3051a2ddbfc069ade4,f34324c6fde36a4f635f0f1f06cac5d25acd6798
32768,36,196608,98304,18,17,17,1,103866.0,5562.0,False,True,6.0,468,5988,ENSG00000198668,196608,582a4a59b57c949c5af528a711e47542373fa4fc572881cf09944d5554dc6a78,f34324c6fde36a4f635f0f1f06cac5d25acd6798
32768,36,196608,98304,18,17,17,1,103866.0,5562.0,False,True,6.0,468,5988,ENSG00000143933,196608,f9ae45bc18aea50b6348e91b792bfe51a3439518af2cfe13475f3b3ef5c814dc,f34324c6fde36a4f635f0f1f06cac5d25acd6798
32768,36,196608,98304,18,17,17,1,103866.0,5562.0,False,True,6.0,468,5988,ENSG00000160014,196608,1ebd8710e40c5811bcca8365af3e1d283a0a2a1da94804f463a316a486fc7bed,f34324c6fde36a4f635f0f1f06cac5d25acd6798
32768,36,196608,98304,18,17,17,1,103866.0,5562.0,False,True,6.0,468,5988,ENSG00000100065,196608,285a2934d43325e713b3ab3d7731e69175f62b5013a3c5f1cfd35fd782f8dc23,f34324c6fde36a4f635f0f1f06cac5d25acd6798
32768,36,196608,98304,18,17,17,1,103866.0,5562.0,False,True,6.0,468,5988,ENSG00000198286,196608,6e3421d5862107cf9ec25e85e446626755fa7fd6567cc1d762572257c24a54e8,f34324c6fde36a4f635f0f1f06cac5d25acd6798
32768,36,196608,98304,18,17,17,1,103866.0,5562.0,False,True,6.0,468,5988,ENSG00000141527,196608,791deada01907f79ae85d825e16acd0a7fe220ed19a0c5a6f36040bd1b7827df,f34324c6fde36a4f635f0f1f06cac5d25acd6798
32768,36,196608,98304,18,17,17,1,103866.0,5562.0,False,True,6.0,468,5988,ENSG00000147044,196608,881d46d9b6ddb07b3327e3cda87065361e8942c5d292e5855b91b1d5d2dec14a,f34324c6fde36a4f635f0f1f06cac5d25acd6798
32768,36,196608,98304,18,17,17,1,103866.0,5562.0,False,True,6.0,468,5988,ENSG00000129993,196608,59442ae24987b751f9c4721b367bc4f06374f3346fdc249b79849fc09938dcd4,f34324c6fde36a4f635f0f1f06cac5d25acd6798
32768,36,196608,98304,18,17,17,1,103866.0,5562.0,False,True,6.0,468,5988,ENSG00000163788,196608,a75bc65aa0724047cbc2f1f4fd0a81dbc99b69bd2fefe349d80e7435d4c9862b,f34324c6fde36a4f635f0f1f06cac5d25acd6798
32768,36,196608,98304,18,17,17,1,103866.0,5562.0,False,True,6.0,468,5988,ENSG00000072195,196608,9d0fc8b5965dfdc88675af3b8fc0b9df4c2d9ea447399f9e85377b5bddb7376f,f34324c6fde36a4f635f0f1f06cac5d25acd6798
32768,36,196608,98304,18,17,17,1,103866.0,5562.0,False,True,6.0,468,5988,ENSG00000176170,196608,98d94f8044d5ead081f72e96664bae744366f8e32d0209aa532a04a1b9c221db,f34324c6fde36a4f635f0f1f06cac5d25acd6798
32768,36,196608,98304,18,17,17,1,103866.0,5562.0,False,True,6.0,468,5988,ENSG00000063176,196608,52cc300d083da4c07a864e14cff1541b076d7bae97f1faf18e55f8a639277157,f34324c6fde36a4f635f0f1f06cac5d25acd6798
32768,36,196608,98304,18,17,17,1,103866.0,5562.0,False,True,6.0,468,5988,ENSG00000153820,196608,0daf6e68d39ae09b7e14719359c925bdf1d28e367c4998e0d74d2db808b86c35,f34324c6fde36a4f635f0f1f06cac5d25acd6798
32768,36,196608,98304,18,17,17,1,103866.0,5562.0,False,True,6.0,468,5988,ENSG00000197122,196608,f44678954394a8ed668a9abc101e1294344086a048f20b8f1a4705b5f29f1b83,f34324c6fde36a4f635f0f1f06cac5d25acd6798
32768,36,196608,98304,18,17,17,1,103866.0,5562.0,False,True,6.0,468,5988,ENSG00000125508,196608,1c7220a05f8ba0eeb884fdabba091821f355a609245a7ddc62a7616b2605f17f,f34324c6fde36a4f635f0f1f06cac5d25acd6798
32768,36,196608,98304,18,17,17,1,103866.0,5562.0,False,True,6.0,468,5988,ENSG00000096063,196608,237575a70a0db6ea96033be0553df871833810f36c27c1040c7f5e3a20ed8196,f34324c6fde36a4f635f0f1f06cac5d25acd6798
32768,36,196608,98304,18,17,17,1,103866.0,5562.0,False,True,6.0,468,5988,ENSG00000135250,196608,0236ab854c9621c027731644a77f369d8088e67e09079fef74c8bb473595d46a,f34324c6fde36a4f635f0f1f06cac5d25acd6798
32768,36,196608,98304,18,17,17,1,103866.0,5562.0,False,True,6.0,468,5988,ENSG00000184343,196608,4797aa3d76a1423c0aa6b386c93c73fefded84dc6ced62a15dc53c8b3a16ac31,f34324c6fde36a4f635f0f1f06cac5d25acd6798
32768,36,196608,98304,18,17,17,1,103866.0,5562.0,False,True,6.0,468,5988,ENSG00000104375,196608,d7ca77b708895e238801770ab95f1f0db26c4561e69cd462c6ed0b9b270d8897,f34324c6fde36a4f635f0f1f06cac5d25acd6798
32768,36,196608,98304,18,17,17,1,103866.0,5562.0,False,True,6.0,468,5988,ENSG00000101109,196608,82d0e4d675af077eaa1a4f39b78a53b0a2b46df85616092f112ef96287cb4427,f34324c6fde36a4f635f0f1f06cac5d25acd6798
32768,36,196608,98304,18,17,17,1,103866.0,5562.0,False,True,6.0,468,5988,ENSG00000072786,196608,1f45c0d9af7a70dd600a043ad156b9d96cb78a792fa822e7a20b4f96af76887d,f34324c6fde36a4f635f0f1f06cac5d25acd6798
32768,36,196608,98304,18,17,17,1,103866.0,5562.0,False,True,6.0,468,5988,ENSG00000118046,196608,f8bc9cd7eb269f6232d942913c28de3ad9d128bfd24d947e736eadaf788e010c,f34324c6fde36a4f635f0f1f06cac5d25acd6798
32768,36,196608,98304,18,17,17,1,103866.0,5562.0,False,True,6.0,468,5988,ENSG00000164543,196608,2eace4aea018701f80eed2e00d1d19fe682e7213f3bd52ed9661c90b5f68da32,f34324c6fde36a4f635f0f1f06cac5d25acd6798
32768,36,196608,98304,18,17,17,1,103866.0,5562.0,False,True,6.0,468,5988,ENSG00000081320,196608,a083163a3ee41af10a0e1fbb3262d034d56577c7a984991be0c28d00773f6418,f34324c6fde36a4f635f0f1f06cac5d25acd6798
32768,36,196608,98304,18,17,17,1,103866.0,5562.0,False,True,6.0,468,5988,ENSG00000102572,196608,68d7bce6c7ca809d88f968916c0c3260cbc121f072647e4ecd6a7d4b5a8286b8,f34324c6fde36a4f635f0f1f06cac5d25acd6798
32768,36,196608,98304,18,17,17,1,103866.0,5562.0,False,True,6.0,468,5988,ENSG00000115694,196608,4a7eeba49e7a0c1ff7c2c52422598d65d4ba0a7aceaa73e0964a87bc3069288e,f34324c6fde36a4f635f0f1f06cac5d25acd6798
32768,36,196608,98304,18,17,17,1,103866.0,5562.0,False,True,6.0,468,5988,ENSG00000134602,196608,024ee6d887781d819d4aa55be47b2a3434f26e5618152c2502db4df26e8c20ee,f34324c6fde36a4f635f0f1f06cac5d25acd6798
32768,36,196608,98304,18,17,17,1,103866.0,5562.0,False,True,6.0,468,5988,ENSG00000169302,196608,bde51afbd19432a21b2c4e263d790edfb65fc6796fee44ac773a089fbd1346c0,f34324c6fde36a4f635f0f1f06cac5d25acd6798
32768,36,196608,98304,18,17,17,1,103866.0,5562.0,False,True,6.0,468,5988,ENSG00000152953,196608,1b526daecd90756f585972a89b0e710a4a3aee679ac8e575d6b55830e9f52f9e,f34324c6fde36a4f635f0f1f06cac5d25acd6798
32768,36,196608,98304,18,17,17,1,103866.0,5562.0,False,True,6.0,468,5988,ENSG00000165752,196608,7d0b6b3688bc84020667534ef9551d0278cf39b92b1e66a841eb5b31e6802031,f34324c6fde36a4f635f0f1f06cac5d25acd6798
32768,36,196608,98304,18,17,17,1,103866.0,5562.0,False,True,6.0,468,5988,ENSG00000130413,196608,24f97025e96717c5ddcba1b6eb9c3b054441a125148dfe2bfba5c599a0ab5302,f34324c6fde36a4f635f0f1f06cac5d25acd6798
32768,36,196608,98304,18,17,17,1,103866.0,5562.0,False,True,6.0,468,5988,ENSG00000125834,196608,60ea187cadebde24b32001489835ab0e9bb0ee6ea22705b59ad9baaf1b6a94c3,f34324c6fde36a4f635f0f1f06cac5d25acd6798
32768,36,196608,98304,18,17,17,1,103866.0,5562.0,False,True,6.0,468,5988,ENSG00000112079,196608,034a8cdcc185326ecfb936beccc083f0bca25c63b6b9004b1b58a24c6731e282,f34324c6fde36a4f635f0f1f06cac5d25acd6798
32768,36,196608,98304,18,17,17,1,103866.0,5562.0,False,True,6.0,468,5988,ENSG00000211455,196608,014a791b894d2d0f20ad16f45c6856d216c61d39d8e3ddb7b8b8b1bed66df165,f34324c6fde36a4f635f0f1f06cac5d25acd6798
32768,36,196608,98304,18,17,17,1,103866.0,5562.0,False,True,6.0,468,5988,ENSG00000198648,196608,0dc249387e58d117c4be4d274f949a450d9cd04c252b4caebeb44cf6bae0bfcf,f34324c6fde36a4f635f0f1f06cac5d25acd6798
32768,36,196608,98304,18,17,17,1,103866.0,5562.0,False,True,6.0,468,5988,ENSG00000060140,196608,47571e0b34ef3e8abed3d04f6e16ecae0f349649e3af114f9608a0f1b10c7940,f34324c6fde36a4f635f0f1f06cac5d25acd6798
32768,36,196608,98304,18,17,17,1,103866.0,5562.0,False,True,6.0,468,5988,ENSG00000127952,196608,9fe7165c8013a2c671f0a7dd1721d913e617505e03b791eb17947a8a1270e9d4,f34324c6fde36a4f635f0f1f06cac5d25acd6798
32768,36,196608,98304,18,17,17,1,103866.0,5562.0,False,True,6.0,468,5988,ENSG00000165025,196608,de07cdf80c12baa458f45ed9714498d883fd231caa1954a4858898affb28ba1c,f34324c6fde36a4f635f0f1f06cac5d25acd6798
32768,36,196608,98304,18,17,17,1,103866.0,5562.0,False,True,6.0,468,5988,ENSG00000182253,196608,5963aeb2dd13c7f088f0c02ac33c0b524f5ad9a491a9d9253cd538c09f54b9d2,f34324c6fde36a4f635f0f1f06cac5d25acd6798
32768,36,196608,98304,18,17,17,1,103866.0,5562.0,False,True,6.0,468,5988,ENSG00000160551,196608,9a386a0ee609476859c7f8b0ca34e2d79af3b96e9cb0aa2cb7e6fc2bae37443c,f34324c6fde36a4f635f0f1f06cac5d25acd6798
32768,36,196608,98304,18,17,17,1,103866.0,5562.0,False,True,6.0,468,5988,ENSG00000149930,196608,8e3cc624ee70c6ed627e6f934b704fb8614b566e4c4d439e4c874a271d5e9bc2,f34324c6fde36a4f635f0f1f06cac5d25acd6798
32768,36,196608,98304,18,17,17,1,103866.0,5562.0,False,True,6.0,468,5988,ENSG00000135090,196608,0de94f53bf28db2160938a2479afa2399e135e6a015f4fc7b4c76bb394a65090,f34324c6fde36a4f635f0f1f06cac5d25acd6798
32768,36,196608,98304,18,17,17,1,103866.0,5562.0,False,True,6.0,468,5988,ENSG00000183735,196608,2362cc6255fd68e9c9de97d3bc2510b176d67c2e44ace37b235ec67e20b08a16,f34324c6fde36a4f635f0f1f06cac5d25acd6798
32768,36,196608,98304,18,17,17,1,103866.0,5562.0,False,True,6.0,468,5988,ENSG00000135605,196608,b32f4f51c54173a7cee003a87e28cc63fa40fea6e21fa4f302e6d41146d6d2af,f34324c6fde36a4f635f0f1f06cac5d25acd6798
32768,36,196608,98304,18,17,17,1,103866.0,5562.0,False,True,6.0,468,5988,ENSG00000120156,196608,1f1a7431beaabe50b23b1613350038b63bbc5ae59277a40d06a8b409d21aeae6,f34324c6fde36a4f635f0f1f06cac5d25acd6798
32768,36,196608,98304,18,17,17,1,103866.0,5562.0,False,True,6.0,468,5988,ENSG00000107140,196608,f5d01feea16a0bfb62f773f7cc049986d19840f1c58348c21f8cca19e27ea796,f34324c6fde36a4f635f0f1f06cac5d25acd6798
32768,36,196608,98304,18,17,17,1,103866.0,5562.0,False,True,6.0,468,5988,ENSG00000070759,196608,f1350c088302503c4d83f35d0b11e7650d6e8a7f89dfccab1dbf8da693818106,f34324c6fde36a4f635f0f1f06cac5d25acd6798
32768,36,196608,98304,18,17,17,1,103866.0,5562.0,False,True,6.0,468,5988,ENSG00000106799,196608,68ebd710ce01de7f7c1375d697b5c56b2e6ab2bf71b58c4319d7f3254ccf80be,f34324c6fde36a4f635f0f1f06cac5d25acd6798
32768,36,196608,98304,18,17,17,1,103866.0,5562.0,False,True,6.0,468,5988,ENSG00000163513,196608,5fde505391b96b59b2a31ab5fa389dfc6bffcc8294405e6c49143456ba930cc2,f34324c6fde36a4f635f0f1f06cac5d25acd6798
32768,36,196608,98304,18,17,17,1,103866.0,5562.0,False,True,6.0,468,5988,ENSG00000066056,196608,7bd5c173fc642d83bfea5d29ccad17c44e14272af84eff9a17db8a62d49279af,f34324c6fde36a4f635f0f1f06cac5d25acd6798
32768,36,196608,98304,18,17,17,1,103866.0,5562.0,False,True,6.0,468,5988,ENSG00000104067,196608,a18418f5f14af45a69dc0689c1101e3b90f4ae25ad9d78e1a64823666d75c381,f34324c6fde36a4f635f0f1f06cac5d25acd6798
32768,36,196608,98304,18,17,17,1,103866.0,5562.0,False,True,6.0,468,5988,ENSG00000119139,196608,909a70f50da2f10d2ee541b7c97fa32625b230896333136d134b3daa19c3aff6,f34324c6fde36a4f635f0f1f06cac5d25acd6798
32768,36,196608,98304,18,17,17,1,103866.0,5562.0,False,True,6.0,468,5988,ENSG00000105289,196608,59fcae793c54c0767a1a7293a934178f7f2708007dbbf680abdbc632d3c5aec6,f34324c6fde36a4f635f0f1f06cac5d25acd6798
32768,36,196608,98304,18,17,17,1,103866.0,5562.0,False,True,6.0,468,5988,ENSG00000167900,196608,17d71b6bafdce9d3c83aeb525f66337351812ed3bb1c64d650bdf4d9cbfea3dc,f34324c6fde36a4f635f0f1f06cac5d25acd6798
32768,36,196608,98304,18,17,17,1,103866.0,5562.0,False,True,6.0,468,5988,ENSG00000166548,196608,cb7022ce078ba1f40f862a8f6d2824ad2c557181ddbce96188822b3799ac5066,f34324c6fde36a4f635f0f1f06cac5d25acd6798
32768,36,196608,98304,18,17,17,1,103866.0,5562.0,False,True,6.0,468,5988,ENSG00000198586,196608,5a88a90d38d6b57a22b909816d7bb35629edb08d3f7cc9a89288eb7766d29263,f34324c6fde36a4f635f0f1f06cac5d25acd6798
32768,36,196608,98304,18,17,17,1,103866.0,5562.0,False,True,6.0,468,5988,ENSG00000146872,196608,b1279d7d77443de62d7da244a632e7202f5ece4932bd33fa4cd85f3565b625c3,f34324c6fde36a4f635f0f1f06cac5d25acd6798
32768,36,196608,98304,18,17,17,1,103866.0,5562.0,False,True,6.0,468,5988,ENSG00000174292,196608,6ef591e450b97ca04ccea72a620d6dadfcf22cb44f194e9263e2b6928fe2e8ec,f34324c6fde36a4f635f0f1f06cac5d25acd6798
32768,36,196608,98304,18,17,17,1,103866.0,5562.0,False,True,6.0,468,5988,ENSG00000061938,196608,6d552b7d71727b321dbe0eb7c28bf870afd7ae53f30751d1a8e970559d2167f7,f34324c6fde36a4f635f0f1f06cac5d25acd6798
32768,36,196608,98304,18,17,17,1,103866.0,5562.0,False,True,6.0,468,5988,ENSG00000116783,196608,35a6892679cac2a33243ae45e9e57979db84c923fc0740b2548e677efc223d4f,f34324c6fde36a4f635f0f1f06cac5d25acd6798
32768,36,196608,98304,18,17,17,1,103866.0,5562.0,False,True,6.0,468,5988,ENSG00000119121,196608,501d591326efe3ecd8e47a1746e0f7985076c21dcff93b07826d130b3096a0e1,f34324c6fde36a4f635f0f1f06cac5d25acd6798
32768,36,196608,98304,18,17,17,1,103866.0,5562.0,False,True,6.0,468,5988,ENSG00000092439,196608,9ba539322a84886f9b2f929321ffdab04802eedd539900b923cc06aea649662f,f34324c6fde36a4f635f0f1f06cac5d25acd6798
32768,36,196608,98304,18,17,17,1,103866.0,5562.0,False,True,6.0,468,5988,ENSG00000196367,196608,79b81590163e2f6e8c5025104ae0695b5f12d20c1f0ef951b2e84b10352b72db,f34324c6fde36a4f635f0f1f06cac5d25acd6798
32768,36,196608,98304,18,17,17,1,103866.0,5562.0,False,True,6.0,468,5988,ENSG00000212122,196608,ada5af9af8217ee49f6acea97b3cd74c46681cb037312d320214e403928f3395,f34324c6fde36a4f635f0f1f06cac5d25acd6798
32768,36,196608,98304,18,17,17,1,103866.0,5562.0,False,True,6.0,468,5988,ENSG00000206203,196608,f756d7b5d6073b1048a980a1149f8e554c5769adcd9b53b6745bfdbc5153c540,f34324c6fde36a4f635f0f1f06cac5d25acd6798
32768,36,196608,98304,18,17,17,1,103866.0,5562.0,False,True,6.0,468,5988,ENSG00000162526,196608,5b3994b59cc3dcfb9c3d610e0b68830a2c971d1b763809ddb16cd52e4504003c,f34324c6fde36a4f635f0f1f06cac5d25acd6798
32768,36,196608,98304,18,17,17,1,103866.0,5562.0,False,True,6.0,468,5988,ENSG00000139908,196608,c4f00d6c60e124ddc81eba96bbbb0091abe28790536e2e3b7603d92d40bb855c,f34324c6fde36a4f635f0f1f06cac5d25acd6798
32768,36,196608,98304,18,17,17,1,103866.0,5562.0,False,True,6.0,468,5988,ENSG00000178093,196608,82f44a99db950d6a8acc333db13f29d5c0dc62a0d858e13f3da7dda5f91a8a54,f34324c6fde36a4f635f0f1f06cac5d25acd6798
32768,36,196608,98304,18,17,17,1,103866.0,5562.0,False,True,6.0,468,5988,ENSG00000068724,196608,8b26ec8fe3a694cad596ed8cda5eed5745033ada969ed52f01da4b10b408a82d,f34324c6fde36a4f635f0f1f06cac5d25acd6798
32768,36,196608,98304,18,17,17,1,103866.0,5562.0,False,True,6.0,468,5988,ENSG00000165914,196608,25721d7039eb221f17d06ac9df428d8f405eb1a11070a8ad7bf817295098b971,f34324c6fde36a4f635f0f1f06cac5d25acd6798
32768,36,196608,98304,18,17,17,1,103866.0,5562.0,False,True,6.0,468,5988,ENSG00000112742,196608,a9f1ba55f77f574bd4efc758dc3c67de89d1f6f30f734b92826fe161509897ff,f34324c6fde36a4f635f0f1f06cac5d25acd6798
32768,36,196608,98304,18,17,17,1,103866.0,5562.0,False,True,6.0,468,5988,ENSG00000155657,196608,42cd02247800e2fac6271aa9d72d9a99a75e15497e27bc811b23bd69173226e9,f34324c6fde36a4f635f0f1f06cac5d25acd6798
32768,36,196608,98304,18,17,17,1,103866.0,5562.0,False,True,6.0,468,5988,ENSG00000074966,196608,46af51a982e102839bd90d12952813722d39ff374a8ef9dd2c1288dbc7f2404f,f34324c6fde36a4f635f0f1f06cac5d25acd6798
32768,36,196608,98304,18,17,17,1,103866.0,5562.0,False,True,6.0,468,5988,ENSG00000105397,196608,ef0100eb8506e4429eeeddd0d64deffec10966dac6c61092ce981241de8380ee,f34324c6fde36a4f635f0f1f06cac5d25acd6798
32768,36,196608,98304,18,17,17,1,103866.0,5562.0,False,True,6.0,468,5988,ENSG00000092445,196608,ade80b5534f3b703b84c2ad1c5857c44dc53aac29d6060b64fdfd896f0e6623e,f34324c6fde36a4f635f0f1f06cac5d25acd6798
32768,36,196608,98304,18,17,17,1,103866.0,5562.0,False,True,6.0,468,5988,ENSG00000130717,196608,5533b5bef1df1ad880945da356568a1d7627f0022b1a9994b9699010bdc365db,f34324c6fde36a4f635f0f1f06cac5d25acd6798
32768,36,196608,98304,18,17,17,1,103866.0,5562.0,False,True,6.0,468,5988,ENSG00000143179,196608,7fc445d99b2481dae5f056b7ae665bd02c8f00c09b93963fe2ba0c058463f5c0,f34324c6fde36a4f635f0f1f06cac5d25acd6798
32768,36,196608,98304,18,17,17,1,103866.0,5562.0,False,True,6.0,468,5988,ENSG00000198276,196608,3d7362853adc5d3c985a28c505f97e89cd8ea86a2c22244c57ee084188a535dc,f34324c6fde36a4f635f0f1f06cac5d25acd6798
32768,36,196608,98304,18,17,17,1,103866.0,5562.0,False,True,6.0,468,5988,ENSG00000100749,196608,abdedf8a3065c3ab57a99d78d01574daadaaba7f0a936c9c49beb8ea9815a10a,f34324c6fde36a4f635f0f1f06cac5d25acd6798
32768,36,196608,98304,18,17,17,1,103866.0,5562.0,False,True,6.0,468,5988,ENSG00000028116,196608,7ed4f183c88936e6cb555b2b3c83cd6925b8e6a7d52cf6b72016b8fece9571bd,f34324c6fde36a4f635f0f1f06cac5d25acd6798
32768,36,196608,98304,18,17,17,1,103866.0,5562.0,False,True,6.0,468,5988,ENSG00000105053,196608,5847f83141a56c6b5efcea806ac1752fd7fe9c22217d06b15233c9a907ee7891,f34324c6fde36a4f635f0f1f06cac5d25acd6798
32768,36,196608,98304,18,17,17,1,103866.0,5562.0,False,True,6.0,468,5988,ENSG00000112290,196608,e99634ada9640ec0a99b369236554c02a050dd3e7d3ad63fc70b06eff0b0c0ff,f34324c6fde36a4f635f0f1f06cac5d25acd6798
32768,36,196608,98304,18,17,17,1,103866.0,5562.0,False,True,6.0,468,5988,ENSG00000060237,196608,b5786a33ce529c761480679c50f89bdbf6be907886d6a82edefd85dd213c8bd6,f34324c6fde36a4f635f0f1f06cac5d25acd6798
32768,36,196608,98304,18,17,17,1,103866.0,5562.0,False,True,6.0,468,5988,ENSG00000165238,196608,5c886de10acaec351d977bc7961cbf26b6fc4068ed0c290d5faae13765c985d8,f34324c6fde36a4f635f0f1f06cac5d25acd6798
32768,36,196608,98304,18,17,17,1,103866.0,5562.0,False,True,6.0,468,5988,ENSG00000196632,196608,15a3ba9b82cba75c0bcad4dd4296b44f73ef6080d1c6d19bbfe0b86d14569c08,f34324c6fde36a4f635f0f1f06cac5d25acd6798
32768,36,196608,98304,18,17,17,1,103866.0,5562.0,False,True,6.0,468,5988,ENSG00000126562,196608,3a9e33a86d702c0fe8ca27c790b3986625e7a4de24b1d2a4b43311437b00cf4d,f34324c6fde36a4f635f0f1f06cac5d25acd6798
32768,36,196608,98304,18,17,17,1,103866.0,5562.0,False,True,6.0,468,5988,ENSG00000176105,196608,0d9a4d52f9e7157aab71108a34cef7d994a9f206a2482cc8baf3d214a25d55a2,f34324c6fde36a4f635f0f1f06cac5d25acd6798
32768,36,196608,98304,18,17,17,1,103866.0,5562.0,False,True,6.0,468,5988,ENSG00000115085,196608,8938d3c92a914772f34ef6d9c3a4ed1e727248411ca34c41fe9aac24a2aef65b,f34324c6fde36a4f635f0f1f06cac5d25acd6798
32768,36,196608,98304,18,17,17,1,103866.0,5562.0,False,True,6.0,468,5988,ENSG00000134480,196608,46356c50382df75984bec96d786b74c9add344ed047929bec0a5682fa78db75a,f34324c6fde36a4f635f0f1f06cac5d25acd6798
32768,36,196608,98304,18,17,17,1,103866.0,5562.0,False,True,6.0,468,5988,ENSG00000097046,196608,900cee8a9c9b962f286ae7066d4a28a90c0ceed10754cb9d2d80d76d143bfa6f,f34324c6fde36a4f635f0f1f06cac5d25acd6798
32768,36,196608,98304,18,17,17,1,103866.0,5562.0,False,True,6.0,468,5988,ENSG00000143776,196608,b8a665b0e014a064294d34d46fd75442d241b72734d589fe945ebc7a812029b3,f34324c6fde36a4f635f0f1f06cac5d25acd6798
32768,36,196608,98304,18,17,17,1,103866.0,5562.0,False,True,6.0,468,5988,ENSG00000198752,196608,03a913def80fda4936fd05dd3d254ca4d994d2a5a03a3babcd506b7672ba715d,f34324c6fde36a4f635f0f1f06cac5d25acd6798
32768,36,196608,98304,18,17,17,1,103866.0,5562.0,False,True,6.0,468,5988,ENSG00000171219,196608,4b29b606dbde6a7f1fe60d2793bbc1197f54a13dc98178ca4d54eb4b76ab18f2,f34324c6fde36a4f635f0f1f06cac5d25acd6798
32768,36,196608,98304,18,17,17,1,103866.0,5562.0,False,True,6.0,468,5988,ENSG00000170312,196608,74deea16dae1a4c287302811f36cf2e1cd67796f1d4635d9b9b46d625f806e67,f34324c6fde36a4f635f0f1f06cac5d25acd6798
32768,36,196608,98304,18,17,17,1,103866.0,5562.0,False,True,6.0,468,5988,ENSG00000123374,196608,f5ed2b9afb062bc796ce3004a5b67a47f52f3de70a3ac29af095898618157f7b,f34324c6fde36a4f635f0f1f06cac5d25acd6798
32768,36,196608,98304,18,17,17,1,103866.0,5562.0,False,True,6.0,468,5988,ENSG00000250506,196608,635073afd4b1fd2e13b4f6e33f123aed637d4050b0d4a2075a766ff8ed9a0b3b,f34324c6fde36a4f635f0f1f06cac5d25acd6798
32768,36,196608,98304,18,17,17,1,103866.0,5562.0,False,True,6.0,468,5988,ENSG00000135446,196608,008c0afde4320e1a558a982710ab953cc6159d9b26ac3d7dea81894f9ebe352d,f34324c6fde36a4f635f0f1f06cac5d25acd6798
32768,36,196608,98304,18,17,17,1,103866.0,5562.0,False,True,6.0,468,5988,ENSG00000164885,196608,8a42eb5bb06a6210b84933f7b472cd4ec2f89aa7ea90c9cafc2dd6c08bf715b2,f34324c6fde36a4f635f0f1f06cac5d25acd6798
32768,36,196608,98304,18,17,17,1,103866.0,5562.0,False,True,6.0,468,5988,ENSG00000105810,196608,18bfb9c91cde44f72fb723d305a1dd1db66d506f58a786de557ee0456b4a0d73,f34324c6fde36a4f635f0f1f06cac5d25acd6798
32768,36,196608,98304,18,17,17,1,103866.0,5562.0,False,True,6.0,468,5988,ENSG00000134058,196608,cba081d66352fbd788417ff227ade38c06c4e68b13085cb09eddb976934ee9a5,f34324c6fde36a4f635f0f1f06cac5d25acd6798
32768,36,196608,98304,18,17,17,1,103866.0,5562.0,False,True,6.0,468,5988,ENSG00000132964,196608,ceb2ffb28d2af694b20bd2e73f149428781195074a204b0d6e797b46a8854e73,f34324c6fde36a4f635f0f1f06cac5d25acd6798
32768,36,196608,98304,18,17,17,1,103866.0,5562.0,False,True,6.0,468,5988,ENSG00000136807,196608,3812f13e3c3125aa9d3e6177f72748146622f907dcf82b7c0bd1103dcf817fe3,f34324c6fde36a4f635f0f1f06cac5d25acd6798
32768,36,196608,98304,18,17,17,1,103866.0,5562.0,False,True,6.0,468,5988,ENSG00000185324,196608,38486d7b7f66241264d1d3f451654eb1be6c7a376b3aa87a2bbb94135def168a,f34324c6fde36a4f635f0f1f06cac5d25acd6798
32768,36,196608,98304,18,17,17,1,103866.0,5562.0,False,True,6.0,468,5988,ENSG00000008128,196608,1046508b0fba9c2eed10e67384af45f53a0791abc6de57369401eb25c7c6a29d,f34324c6fde36a4f635f0f1f06cac5d25acd6798
32768,36,196608,98304,18,17,17,1,103866.0,5562.0,False,True,6.0,468,5988,ENSG00000248333,196608,6456ff7f3ff7491bb236068a0e90a83055682cb1cbb85c06b79a95749db43660,f34324c6fde36a4f635f0f1f06cac5d25acd6798
32768,36,196608,98304,18,17,17,1,103866.0,5562.0,False,True,6.0,468,5988,ENSG00000167258,196608,214d0bb16556cc13653f4c11d0f39389e9442d5537d6035d0b093bc61245a44e,f34324c6fde36a4f635f0f1f06cac5d25acd6798
32768,36,196608,98304,18,17,17,1,103866.0,5562.0,False,True,6.0,468,5988,ENSG00000065883,196608,b12c6192182e70585374060c841d5b5c629e56c0d23bbabdfb5d1c2ab1b19b17,f34324c6fde36a4f635f0f1f06cac5d25acd6798
32768,36,196608,98304,18,17,17,1,103866.0,5562.0,False,True,6.0,468,5988,ENSG00000058091,196608,33d9321e95b1f1fe3ee21fd14ca54ae86d8a666e2de37be0c39c320970496501,f34324c6fde36a4f635f0f1f06cac5d25acd6798
32768,36,196608,98304,18,17,17,1,103866.0,5562.0,False,True,6.0,468,5988,ENSG00000138395,196608,9e028dc4cd41d5a57bc12f3bb3989b37a9636e1f6622709ca019129b42083695,f34324c6fde36a4f635f0f1f06cac5d25acd6798
32768,36,196608,98304,18,17,17,1,103866.0,5562.0,False,True,6.0,468,5988,ENSG00000102225,196608,4840d52f85d99c06dd8af1c9ca48d8fefc1f286820d24a401ef130cfab72edf5,f34324c6fde36a4f635f0f1f06cac5d25acd6798
32768,36,196608,98304,18,17,17,1,103866.0,5562.0,False,True,6.0,468,5988,ENSG00000059758,196608,8eda543daabdbe3e20dcb27fae2b312e5ab03504d3fd1dd43924efd2caed64ad,f34324c6fde36a4f635f0f1f06cac5d25acd6798
32768,36,196608,98304,18,17,17,1,103866.0,5562.0,False,True,6.0,468,5988,ENSG00000117266,196608,5f428214bca8801b54c0102f0b82d3d13092c25363a36530bc87e81dbc65daf4,f34324c6fde36a4f635f0f1f06cac5d25acd6798
32768,36,196608,98304,18,17,17,1,103866.0,5562.0,False,True,6.0,468,5988,ENSG00000155111,196608,95aaf3d715e46cfd79cd8c2fba2a8ba7cdaacb625286d671afa84b8b512a3f96,f34324c6fde36a4f635f0f1f06cac5d25acd6798
32768,36,196608,98304,18,17,17,1,103866.0,5562.0,False,True,6.0,468,5988,ENSG00000156345,196608,52a7a30152fec5e3bb6d36cdf738e74b987e8a8699e812b1d4e8c610fb646423,f34324c6fde36a4f635f0f1f06cac5d25acd6798
32768,36,196608,98304,18,17,17,1,103866.0,5562.0,False,True,6.0,468,5988,ENSG00000100490,196608,db065a5a782335b0b33652dce8d35794874fe79d5379bb1c6ebdce9f41c0af14,f34324c6fde36a4f635f0f1f06cac5d25acd6798
32768,36,196608,98304,18,17,17,1,103866.0,5562.0,False,True,6.0,468,5988,ENSG00000138769,196608,084c46093c17b53a476bc7369532dfb0cf361e8bd4d08003d280e534d91dc647,f34324c6fde36a4f635f0f1f06cac5d25acd6798
32768,36,196608,98304,18,17,17,1,103866.0,5562.0,False,True,6.0,468,5988,ENSG00000006837,196608,c32d2d6605ae6f5376a322876d15415ba5641bc269709c3033c4bcf4cb71c1eb,f34324c6fde36a4f635f0f1f06cac5d25acd6798
32768,36,196608,98304,18,17,17,1,103866.0,5562.0,False,True,6.0,468,5988,ENSG00000205111,196608,7d3000e94c16c13f9c3c5fc29eeb686ddc00c07bdf1ef15c9fecb55609e2236f,f34324c6fde36a4f635f0f1f06cac5d25acd6798
32768,36,196608,98304,18,17,17,1,103866.0,5562.0,False,True,6.0,468,5988,ENSG00000008086,196608,58e612f4cd081e59e94ba2c8012a0e901c35b6b38975e870252808c2be78ecf0,f34324c6fde36a4f635f0f1f06cac5d25acd6798
32768,36,196608,98304,18,17,17,1,103866.0,5562.0,False,True,6.0,468,5988,ENSG00000149554,196608,2c78a5f2d93dc61c7509cd2415034f81455b0c313e30fca907a106a84e56b47b,f34324c6fde36a4f635f0f1f06cac5d25acd6798
32768,36,196608,98304,18,17,17,1,103866.0,5562.0,False,True,6.0,468,5988,ENSG00000183765,196608,e347a0e7bed2f944413a6e62cc82bef179e5db281fecc74ba06079683f6b7142,f34324c6fde36a4f635f0f1f06cac5d25acd6798
32768,36,196608,98304,18,17,17,1,103866.0,5562.0,False,True,6.0,468,5988,ENSG00000110721,196608,9bbd9e23df7f995b48805fd8f10e82321786ab1e76a0cbee7466d6f597ca2451,f34324c6fde36a4f635f0f1f06cac5d25acd6798
32768,36,196608,98304,18,17,17,1,103866.0,5562.0,False,True,6.0,468,5988,ENSG00000100288,196608,cc84e95b0b297ae5caffcfc5d3569213d682015b1f3ac5653828455dc754099b,f34324c6fde36a4f635f0f1f06cac5d25acd6798
32768,36,196608,98304,18,17,17,1,103866.0,5562.0,False,True,6.0,468,5988,ENSG00000213341,196608,764456fc0b717ddcb53770c7ca7dc2c1f3171381a8ab18c9e5d997235c8bcb2f,f34324c6fde36a4f635f0f1f06cac5d25acd6798
32768,36,196608,98304,18,17,17,1,103866.0,5562.0,False,True,6.0,468,5988,ENSG00000112144,196608,1d823c47c86890265b5ef911badde50ec390dea1306191b7da6207041d1525c9,f34324c6fde36a4f635f0f1f06cac5d25acd6798
32768,36,196608,98304,18,17,17,1,103866.0,5562.0,False,True,6.0,468,5988,ENSG00000122966,196608,73f5c38368548f9cd406a35899646e124a7917ef6ac08d70ee701b6f78835e8d,f34324c6fde36a4f635f0f1f06cac5d25acd6798
32768,36,196608,98304,18,17,17,1,103866.0,5562.0,False,True,6.0,468,5988,ENSG00000166165,196608,a08d7fddefd4f89153d7106002b0ed5382558e982e53e93909adf9a286b9dce4,f34324c6fde36a4f635f0f1f06cac5d25acd6798
32768,36,196608,98304,18,17,17,1,103866.0,5562.0,False,True,6.0,468,5988,ENSG00000104879,196608,b8ae171c0669940b110b2dc1c46bfdcba365e84478b2b6b3f2a9445b95b0001a,f34324c6fde36a4f635f0f1f06cac5d25acd6798
32768,36,196608,98304,18,17,17,1,103866.0,5562.0,False,True,6.0,468,5988,ENSG00000223572,196608,cb147915ee5fdde61a2aad8f76f31cb29a64ba0ac3cd88d869a1130057293264,f34324c6fde36a4f635f0f1f06cac5d25acd6798
32768,36,196608,98304,18,17,17,1,103866.0,5562.0,False,True,6.0,468,5988,ENSG00000237289,196608,6bb0d558beacfd8dbec293db6e3b9bba1945d11e24fd665a44fc3350bbe80366,f34324c6fde36a4f635f0f1f06cac5d25acd6798
32768,36,196608,98304,18,17,17,1,103866.0,5562.0,False,True,6.0,468,5988,ENSG00000131730,196608,dec27ab9273599bdef1dce3d8798033c7fe0ffe8d5cdc4c5893199441ee99748,f34324c6fde36a4f635f0f1f06cac5d25acd6798
32768,36,196608,98304,18,17,17,1,103866.0,5562.0,False,True,6.0,468,5988,ENSG00000013441,196608,3e514cac3ceee6ab3a0059161a04522346e4def345c87fc5c85773de1511eb06,f34324c6fde36a4f635f0f1f06cac5d25acd6798
32768,36,196608,98304,18,17,17,1,103866.0,5562.0,False,True,6.0,468,5988,ENSG00000176444,196608,b12d71f3810a9a8cc81dd7850ff722fdadf94750bc63fb5515e5b4802fac5f66,f34324c6fde36a4f635f0f1f06cac5d25acd6798
32768,36,196608,98304,18,17,17,1,103866.0,5562.0,False,True,6.0,468,5988,ENSG00000179335,196608,b4a563ff1ce8ba09ec3384edb78cfa2c16499a1e38c08025b97a08f14f0cc6b9,f34324c6fde36a4f635f0f1f06cac5d25acd6798
32768,36,196608,98304,18,17,17,1,103866.0,5562.0,False,True,6.0,468,5988,ENSG00000113240,196608,cea0599f56f7fc3ee7c080cde5aa9d221aa6fc0e08a0c895f562aa4fe3ae4b88,f34324c6fde36a4f635f0f1f06cac5d25acd6798
32768,36,196608,98304,18,17,17,1,103866.0,5562.0,False,True,6.0,468,5988,ENSG00000164309,196608,6a8145e7a64172ae2f506066736fd56d8fdcc9bc01f563f692749b8c197eba1f,f34324c6fde36a4f635f0f1f06cac5d25acd6798
32768,36,196608,98304,18,17,17,1,103866.0,5562.0,False,True,6.0,468,5988,ENSG00000182578,196608,380ab62cf7a1ab07800f5c1e4e045de3e50a1d94aeb805206169205277d1267b,f34324c6fde36a4f635f0f1f06cac5d25acd6798
32768,36,196608,98304,18,17,17,1,103866.0,5562.0,False,True,6.0,468,5988,ENSG00000103653,196608,eaf5f26b9fa645667a470441d3ae6dd09b113d47ebbd0868053b1d0d45fe1e24,f34324c6fde36a4f635f0f1f06cac5d25acd6798
32768,36,196608,98304,18,17,17,1,103866.0,5562.0,False,True,6.0,468,5988,ENSG00000113712,196608,8ec3e739e295f51e7a435a430d9ab29125457ed34f42765e29bad871724b1b80,f34324c6fde36a4f635f0f1f06cac5d25acd6798
32768,36,196608,98304,18,17,17,1,103866.0,5562.0,False,True,6.0,468,5988,ENSG00000180138,196608,ce104d5cf74c6596745a08c49252d0b06545128b8fdecfe76c7813bb7f6a8c09,f34324c6fde36a4f635f0f1f06cac5d25acd6798
32768,36,196608,98304,18,17,17,1,103866.0,5562.0,False,True,6.0,468,5988,ENSG00000141551,196608,2a48cccdc3965f8dfa09718d05c870c0cb00a847eb4a0e06617352d69fd1d972,f34324c6fde36a4f635f0f1f06cac5d25acd6798
32768,36,196608,98304,18,17,17,1,103866.0,5562.0,False,True,6.0,468,5988,ENSG00000213923,196608,b2c0085359d191870ddacf8f38a1527112b993fa1f90410276c15ad1427e32ed,f34324c6fde36a4f635f0f1f06cac5d25acd6798
32768,36,196608,98304,18,17,17,1,103866.0,5562.0,False,True,6.0,468,5988,ENSG00000169118,196608,251fcd934d7cf6d4e5e518e49533d42b28307b330f8a4eedd1b0f24cae5e8b72,f34324c6fde36a4f635f0f1f06cac5d25acd6798
32768,36,196608,98304,18,17,17,1,103866.0,5562.0,False,True,6.0,468,5988,ENSG00000133275,196608,cb62f412f8bbbde575223b6d726d5e903f0c401ff5578ac6b954534535340deb,f34324c6fde36a4f635f0f1f06cac5d25acd6798
32768,36,196608,98304,18,17,17,1,103866.0,5562.0,False,True,6.0,468,5988,ENSG00000151292,196608,59eae3542eb176c21d5bdd9f7a82ae060dbb31492665f2602507bf8d4e674b7c,f34324c6fde36a4f635f0f1f06cac5d25acd6798
32768,36,196608,98304,18,17,17,1,103866.0,5562.0,False,True,6.0,468,5988,ENSG00000196730,196608,b5c20442ab65436506c7199444dced9f572fb302acdb013aef2f3d114df97629,f34324c6fde36a4f635f0f1f06cac5d25acd6798
32768,36,196608,98304,18,17,17,1,103866.0,5562.0,False,True,6.0,468,5988,ENSG00000035664,196608,751c88e81639839fa20bdfab1b2ef8287da9bca2488fad227f5f2a09b4ef1f15,f34324c6fde36a4f635f0f1f06cac5d25acd6798
32768,36,196608,98304,18,17,17,1,103866.0,5562.0,False,True,6.0,468,5988,ENSG00000167657,196608,712e39cc66499474f9dfc7d74016833b6182cb48cacd0661b2132bcf71d3d5bc,f34324c6fde36a4f635f0f1f06cac5d25acd6798
32768,36,196608,98304,18,17,17,1,103866.0,5562.0,False,True,6.0,468,5988,ENSG00000156136,196608,c8261a03a36292ef801f8c310555d0263a52fe7442507a9752c3de8cd4bd9685,f34324c6fde36a4f635f0f1f06cac5d25acd6798
32768,36,196608,98304,18,17,17,1,103866.0,5562.0,False,True,6.0,468,5988,ENSG00000133083,196608,5cd1f7e55e9e667625fffacb28d8e2ec406cebdc3d28cf2a25ed741ade832d10,f34324c6fde36a4f635f0f1f06cac5d25acd6798
32768,36,196608,98304,18,17,17,1,103866.0,5562.0,False,True,6.0,468,5988,ENSG00000170390,196608,7359240e32efc530f09a34f957992f7d294d60d37e64d3e7a88e1b8681db9812,f34324c6fde36a4f635f0f1f06cac5d25acd6798
32768,36,196608,98304,18,17,17,1,103866.0,5562.0,False,True,6.0,468,5988,ENSG00000163673,196608,4ae75bc732b89d8f9b7d482e4f453fb84ded574298a3be7f4099a71b399872db,f34324c6fde36a4f635f0f1f06cac5d25acd6798
32768,36,196608,98304,18,17,17,1,103866.0,5562.0,False,True,6.0,468,5988,ENSG00000204580,196608,b8115f1da374fa18d2ec544aa71b94ce9d94909f4ea1d1351cb4b7b3cd1f0480,f34324c6fde36a4f635f0f1f06cac5d25acd6798
32768,36,196608,98304,18,17,17,1,103866.0,5562.0,False,True,6.0,468,5988,ENSG00000162733,196608,6599bdc171cb728d62353ed9a54a6ee39c9b98c8533c9183ac94fd3c6506be04,f34324c6fde36a4f635f0f1f06cac5d25acd6798
32768,36,196608,98304,18,17,17,1,103866.0,5562.0,False,True,6.0,468,5988,ENSG00000065357,196608,4ef8573b799f77885fdb92aa834b4a69e444f2bca03fc23b69ecad798a1148ef,f34324c6fde36a4f635f0f1f06cac5d25acd6798
32768,36,196608,98304,18,17,17,1,103866.0,5562.0,False,True,6.0,468,5988,ENSG00000136267,196608,84e2d6304c0ae9ae53214f1262ff8c231b19970d32e4be07d709fda5be3dee8c,f34324c6fde36a4f635f0f1f06cac5d25acd6798
32768,36,196608,98304,18,17,17,1,103866.0,5562.0,False,True,6.0,468,5988,ENSG00000077044,196608,37346df095f1b06224b71d5efa926004c1f64bdabfacd0d935b2b757cf356e12,f34324c6fde36a4f635f0f1f06cac5d25acd6798
32768,36,196608,98304,18,17,17,1,103866.0,5562.0,False,True,6.0,468,5988,ENSG00000153933,196608,d462888707ccd3247377f16909b4f456c88c4f89b654a07dd66fc5e14d0c8e9e,f34324c6fde36a4f635f0f1f06cac5d25acd6798
32768,36,196608,98304,18,17,17,1,103866.0,5562.0,False,True,6.0,468,5988,ENSG00000058866,196608,5645c55d90d23b9496db8602a9cb9d3e5c1d7cda51e162fdcbebc15c93604264,f34324c6fde36a4f635f0f1f06cac5d25acd6798
32768,36,196608,98304,18,17,17,1,103866.0,5562.0,False,True,6.0,468,5988,ENSG00000102780,196608,65769ee99a93cc5c8c2840b921d2f483f5e54a569cc119dd0586d57137c5dea3,f34324c6fde36a4f635f0f1f06cac5d25acd6798
32768,36,196608,98304,18,17,17,1,103866.0,5562.0,False,True,6.0,468,5988,ENSG00000157680,196608,81f553e7e4d08134351cc3a6cdefa32be5c8822dc6a1e570d6716592a336bc36,f34324c6fde36a4f635f0f1f06cac5d25acd6798
32768,36,196608,98304,18,17,17,1,103866.0,5562.0,False,True,6.0,468,5988,ENSG00000274588,196608,18901aaf2a688730237ff989427b91b5a983734ce06a19be31e112dea9e0f4c9,f34324c6fde36a4f635f0f1f06cac5d25acd6798
32768,36,196608,98304,18,17,17,1,103866.0,5562.0,False,True,6.0,468,5988,ENSG00000145214,196608,5692e85741ba34411aaefe3d19d759df04ac5128212c58d7c1f8a633d24ba2ef,f34324c6fde36a4f635f0f1f06cac5d25acd6798
32768,36,196608,98304,18,17,17,1,103866.0,5562.0,False,True,6.0,468,5988,ENSG00000149091,196608,53a7d654ff029ba6ef8d44ee578adc7910b19a3b39ef93e3b092bb8e45ee2035,f34324c6fde36a4f635f0f1f06cac5d25acd6798
32768,36,196608,98304,18,17,17,1,103866.0,5562.0,False,True,6.0,468,5988,ENSG00000114956,196608,94510b5d3ad0c6683d0f68f81f640e1b1944051ab7f890030f4eb7810c32ff18,f34324c6fde36a4f635f0f1f06cac5d25acd6798
32768,36,196608,98304,18,17,17,1,103866.0,5562.0,False,True,6.0,468,5988,ENSG00000154511,196608,50cbbb4e221f03071b47498b65351fc036a108af8672bb365b8260bc886754d2,f34324c6fde36a4f635f0f1f06cac5d25acd6798
32768,36,196608,98304,18,17,17,1,103866.0,5562.0,False,True,6.0,468,5988,ENSG00000165716,196608,d8d615348b710681a2c9964b23ba355fb046f0144ac65bc7ba601dbcb8a328f7,f34324c6fde36a4f635f0f1f06cac5d25acd6798
32768,36,196608,98304,18,17,17,1,103866.0,5562.0,False,True,6.0,468,5988,ENSG00000187773,196608,f64d1a8a12890111819069447919bcd6d71c7e28688378122a4239da9f5f2982,f34324c6fde36a4f635f0f1f06cac5d25acd6798
32768,36,196608,98304,18,17,17,1,103866.0,5562.0,False,True,6.0,468,5988,ENSG00000181744,196608,fedc7e9a3545eafae3573ad8a19d48c3734ef1f1747d7adc9e1c7b6259a411b7,f34324c6fde36a4f635f0f1f06cac5d25acd6798
32768,36,196608,98304,18,17,17,1,103866.0,5562.0,False,True,6.0,468,5988,ENSG00000147113,196608,e2e930dec612c2404914aaad78618ce478f613f80125b65bf931835f4b82b2cd,f34324c6fde36a4f635f0f1f06cac5d25acd6798
32768,36,196608,98304,18,17,17,1,103866.0,5562.0,False,True,6.0,468,5988,ENSG00000075711,196608,006446df3ec43444e7f2672d47d52dfdfd1a30522388614dfa3ef04eb3ad6512,f34324c6fde36a4f635f0f1f06cac5d25acd6798
32768,36,196608,98304,18,17,17,1,103866.0,5562.0,False,True,6.0,468,5988,ENSG00000150672,196608,a1d736bfb67fa5cf62d9df3c0fefa8125a1f4112434d2a667cb619bd57aa2bde,f34324c6fde36a4f635f0f1f06cac5d25acd6798
32768,36,196608,98304,18,17,17,1,103866.0,5562.0,False,True,6.0,468,5988,ENSG00000082458,196608,dbd6de61f3f403b1172bb60b234511f73230a14aca6b7c9897e862a4dc647abb,f34324c6fde36a4f635f0f1f06cac5d25acd6798
32768,36,196608,98304,18,17,17,1,103866.0,5562.0,False,True,6.0,468,5988,ENSG00000132535,196608,de30f6717d5e649a085deefbc68f8bb9588e71cd3da8ebbe599d45744b557f94,f34324c6fde36a4f635f0f1f06cac5d25acd6798
32768,36,196608,98304,18,17,17,1,103866.0,5562.0,False,True,6.0,468,5988,ENSG00000151208,196608,eebcc6caaf6ac80fa92180ee4dc1696a185f5f1a424248b0c4d3bbd8bbef4dcd,f34324c6fde36a4f635f0f1f06cac5d25acd6798
32768,36,196608,98304,18,17,17,1,103866.0,5562.0,False,True,6.0,468,5988,ENSG00000104936,196608,390b212126eba75d90029801b5ad7e00834d2661b5b03320acc6dc8b37eb00d7,f34324c6fde36a4f635f0f1f06cac5d25acd6798
32768,36,196608,98304,18,17,17,1,103866.0,5562.0,False,True,6.0,468,5988,ENSG00000120129,196608,4bcafe684061085edc5e490c1c6dd16bcdf43bd22a93a043b3e5b1a31d50a00d,f34324c6fde36a4f635f0f1f06cac5d25acd6798
32768,36,196608,98304,18,17,17,1,103866.0,5562.0,False,True,6.0,468,5988,ENSG00000158050,196608,fc33e529478dc9069db83ddeaedb1245012fe2d65d98792dea17f1d65e973ea1,f34324c6fde36a4f635f0f1f06cac5d25acd6798
32768,36,196608,98304,18,17,17,1,103866.0,5562.0,False,True,6.0,468,5988,ENSG00000120875,196608,7796573e3b659b8b0b7c92b1b4ab6f2afa583763cb9f6df0b1c834020e34f45c,f34324c6fde36a4f635f0f1f06cac5d25acd6798
32768,36,196608,98304,18,17,17,1,103866.0,5562.0,False,True,6.0,468,5988,ENSG00000138166,196608,1497e24dfa0667ed411151cfb0ed8447e7a34be56a90fc6c0064b4c66879703d,f34324c6fde36a4f635f0f1f06cac5d25acd6798
32768,36,196608,98304,18,17,17,1,103866.0,5562.0,False,True,6.0,468,5988,ENSG00000139318,196608,29100d73d8e4094b0016c580a7054bc3762c4e1266456fa95ced12f7eaafd4e8,f34324c6fde36a4f635f0f1f06cac5d25acd6798
32768,36,196608,98304,18,17,17,1,103866.0,5562.0,False,True,6.0,468,5988,ENSG00000164086,196608,ee004cc1e088d99e8eea639f6e372a32f9155b04940d7cf1c2c9b4c5065cebf5,f34324c6fde36a4f635f0f1f06cac5d25acd6798
32768,36,196608,98304,18,17,17,1,103866.0,5562.0,False,True,6.0,468,5988,ENSG00000184545,196608,ec70c9e7eb08fb6965a03b30817ad4920bf7370e55df2ea05b30686037a12198,f34324c6fde36a4f635f0f1f06cac5d25acd6798
32768,36,196608,98304,18,17,17,1,103866.0,5562.0,False,True,6.0,468,5988,ENSG00000130829,196608,ea8c850e0ebb583e6d4250b361c9171cac2cf40381a2ec338b3714423949a668,f34324c6fde36a4f635f0f1f06cac5d25acd6798
32768,36,196608,98304,18,17,17,1,103866.0,5562.0,False,True,6.0,468,5988,ENSG00000143507,196608,18a570d3a96c617dd6b13ff1f297a2cc487ee81ca99073ef4d66767c7e2bddeb,f34324c6fde36a4f635f0f1f06cac5d25acd6798
32768,36,196608,98304,18,17,17,1,103866.0,5562.0,False,True,6.0,468,5988,ENSG00000111266,196608,d127f8c816d679c4d2c2ff9636e97f7c69b3aa3684a1ae9f8c247e441616715d,f34324c6fde36a4f635f0f1f06cac5d25acd6798
32768,36,196608,98304,18,17,17,1,103866.0,5562.0,False,True,6.0,468,5988,ENSG00000157540,196608,77939edc759dedf58c9d8c933135239bae9f7686aa48219d3fa97f90076a0ed9,f34324c6fde36a4f635f0f1f06cac5d25acd6798
32768,36,196608,98304,18,17,17,1,103866.0,5562.0,False,True,6.0,468,5988,ENSG00000105204,196608,db23d2cd4e44d94b39040168b0093dcbd9287b6b514f474b21279daf4db30c80,f34324c6fde36a4f635f0f1f06cac5d25acd6798
32768,36,196608,98304,18,17,17,1,103866.0,5562.0,False,True,6.0,468,5988,ENSG00000143479,196608,7693f0d1be5654980b00b54fbc7cec21d1eaa148d77437c14e2ea4558c97308d,f34324c6fde36a4f635f0f1f06cac5d25acd6798
32768,36,196608,98304,18,17,17,1,103866.0,5562.0,False,True,6.0,468,5988,ENSG00000010219,196608,881ed2201fa076054f82cf34002adc83b722f5f5950fd1266f97bf2a7f16beed,f34324c6fde36a4f635f0f1f06cac5d25acd6798
32768,36,196608,98304,18,17,17,1,103866.0,5562.0,False,True,6.0,468,5988,ENSG00000103319,196608,6d5b1c8b7c87f0653973bbad50c5650cdac8df7e42ed55dd06fc13e34e297e8b,f34324c6fde36a4f635f0f1f06cac5d25acd6798
32768,36,196608,98304,18,17,17,1,103866.0,5562.0,False,True,6.0,468,5988,ENSG00000146648,196608,1067a3e2ebf01dd6c2aeeceb76241d73216528c9a2d1173dcbe77659aca05063,f34324c6fde36a4f635f0f1f06cac5d25acd6798
32768,36,196608,98304,18,17,17,1,103866.0,5562.0,False,True,6.0,468,5988,ENSG00000086232,196608,9ca179e64fada79b85d53236432da55eee3fdf1e76f34a1a614bd6c35de3799c,f34324c6fde36a4f635f0f1f06cac5d25acd6798
32768,36,196608,98304,18,17,17,1,103866.0,5562.0,False,True,6.0,468,5988,ENSG00000055332,196608,60b9c52608ac6a47887dc7133bd5b69ccf243afa3330ac2ae1a176e3e1f36224,f34324c6fde36a4f635f0f1f06cac5d25acd6798
32768,36,196608,98304,18,17,17,1,103866.0,5562.0,False,True,6.0,468,5988,ENSG00000172071,196608,9e1dd24dd0a14161444dbb8d22ad141ca103a83aced1c58d79340969638ad63e,f34324c6fde36a4f635f0f1f06cac5d25acd6798
32768,36,196608,98304,18,17,17,1,103866.0,5562.0,False,True,6.0,468,5988,ENSG00000128829,196608,7557b6dc741e314f379c9561e9f2af42f8f1a8b69b8999908011d82b002ed48a,f34324c6fde36a4f635f0f1f06cac5d25acd6798
32768,36,196608,98304,18,17,17,1,103866.0,5562.0,False,True,6.0,468,5988,ENSG00000141736,196608,9e5b1273b369da5ba22f79e93e953d55fa16948918c3fa9d91ac37ea9a8429f3,f34324c6fde36a4f635f0f1f06cac5d25acd6798
32768,36,196608,98304,18,17,17,1,103866.0,5562.0,False,True,6.0,468,5988,ENSG00000065361,196608,33111f0ada8cc1bc9ae6bbb695381846d3dc2a3e4b5ab1478cdd6f9eef9572ae,f34324c6fde36a4f635f0f1f06cac5d25acd6798
32768,36,196608,98304,18,17,17,1,103866.0,5562.0,False,True,6.0,468,5988,ENSG00000178568,196608,ba33e2c96ff6794053abee617726a4902d350d6394da2438324396c5b971d113,f34324c6fde36a4f635f0f1f06cac5d25acd6798
32768,36,196608,98304,18,17,17,1,103866.0,5562.0,False,True,6.0,468,5988,ENSG00000101126,196608,5bfc697fce607f94ac629318008eba83610ca613ca0ecbc42f62a7221fbc0d53,f34324c6fde36a4f635f0f1f06cac5d25acd6798
32768,36,196608,98304,18,17,17,1,103866.0,5562.0,False,True,6.0,468,5988,ENSG00000101544,196608,6f1c8dd05f7ca6c4fa16b863f18dc7c4520106cabd55e404854127ebfece1c6b,f34324c6fde36a4f635f0f1f06cac5d25acd6798
32768,36,196608,98304,18,17,17,1,103866.0,5562.0,False,True,6.0,468,5988,ENSG00000139154,196608,2dbcc88600658669cbc6ebe7e03adcce6d99c6a9ede5c3596f3532262e40e040,f34324c6fde36a4f635f0f1f06cac5d25acd6798
32768,36,196608,98304,18,17,17,1,103866.0,5562.0,False,True,6.0,468,5988,ENSG00000106546,196608,14769a5efe0eccf008f2aad655971428827a916f49660a9631f8ebf9f38e7e2a,f34324c6fde36a4f635f0f1f06cac5d25acd6798
32768,36,196608,98304,18,17,17,1,103866.0,5562.0,False,True,6.0,468,5988,ENSG00000063438,196608,9298fbaeb5e280390139b0e3914b9c32d303a89b38be7200c2b1aa9eef024e1c,f34324c6fde36a4f635f0f1f06cac5d25acd6798
32768,36,196608,98304,18,17,17,1,103866.0,5562.0,False,True,6.0,468,5988,ENSG00000123576,196608,28c6c432fe18d7fa3ec7d136ae8ddd62491e4d8890b5634ef430afa2159d4f47,f34324c6fde36a4f635f0f1f06cac5d25acd6798
32768,36,196608,98304,18,17,17,1,103866.0,5562.0,False,True,6.0,468,5988,ENSG00000134954,196608,037bbd546e4fd1f0d34af5ed7ff4387d9bcbd48240ebd8ddd8a0b191597b924a,f34324c6fde36a4f635f0f1f06cac5d25acd6798
32768,36,196608,98304,18,17,17,1,103866.0,5562.0,False,True,6.0,468,5988,ENSG00000157557,196608,c9d5919f0a8adfd82ef8db2f8154a44f062413de7cca995a01ba923fbe4e78fe,f34324c6fde36a4f635f0f1f06cac5d25acd6798
32768,36,196608,98304,18,17,17,1,103866.0,5562.0,False,True,6.0,468,5988,ENSG00000006468,196608,3dee8acb387a143847501380392db39ae100bad124b88540e90bd9ec3d7f48c9,f34324c6fde36a4f635f0f1f06cac5d25acd6798
32768,36,196608,98304,18,17,17,1,103866.0,5562.0,False,True,6.0,468,5988,ENSG00000105672,196608,18b4f824c00d12c75be7ffdbaaf332db5dd8aaa252a2bd2239dc1d0bae69c9ca,f34324c6fde36a4f635f0f1f06cac5d25acd6798
32768,36,196608,98304,18,17,17,1,103866.0,5562.0,False,True,6.0,468,5988,ENSG00000117036,196608,bbd70d2ddc6abc05777d3cdcde47f9c29d9dedaf2841dfb8066bf35c4b0d59ff,f34324c6fde36a4f635f0f1f06cac5d25acd6798
32768,36,196608,98304,18,17,17,1,103866.0,5562.0,False,True,6.0,468,5988,ENSG00000253831,196608,6eb20b83ace633602fb4029ffe752c0e7975ba7a033968a45089b6e6714c398b,f34324c6fde36a4f635f0f1f06cac5d25acd6798
32768,36,196608,98304,18,17,17,1,103866.0,5562.0,False,True,6.0,468,5988,ENSG00000175832,196608,b506c5acee8ec48b3a4b9c7b3c5e4fb17dc5317e649c5dc62593a4d9dad00048,f34324c6fde36a4f635f0f1f06cac5d25acd6798
32768,36,196608,98304,18,17,17,1,103866.0,5562.0,False,True,6.0,468,5988,ENSG00000244405,196608,152d3169c71fbd316b40ee06bd8240a9588b3f490d50519d50c7f68c0749daf1,f34324c6fde36a4f635f0f1f06cac5d25acd6798
32768,36,196608,98304,18,17,17,1,103866.0,5562.0,False,True,6.0,468,5988,ENSG00000139083,196608,408ebb2c6a07d690b0f37e1d271f1500dbe156f7cb1112814f560640c070392c,f34324c6fde36a4f635f0f1f06cac5d25acd6798
32768,36,196608,98304,18,17,17,1,103866.0,5562.0,False,True,6.0,468,5988,ENSG00000010030,196608,4b65641d0d3d840ecef2035d39339d19a35ac98b53f31cdea4e97d20edf1df8f,f34324c6fde36a4f635f0f1f06cac5d25acd6798
32768,36,196608,98304,18,17,17,1,103866.0,5562.0,False,True,6.0,468,5988,ENSG00000106038,196608,2842474f1d622d7cb8509e1eb64700f8acd62a828ffdeef009c763ff2b7c8051,f34324c6fde36a4f635f0f1f06cac5d25acd6798
32768,36,196608,98304,18,17,17,1,103866.0,5562.0,False,True,6.0,468,5988,ENSG00000174279,196608,f22c674f51f4520f577db60f1581f3b78ae32761ce94a1c4a37b3deffbd4c110,f34324c6fde36a4f635f0f1f06cac5d25acd6798
32768,36,196608,98304,18,17,17,1,103866.0,5562.0,False,True,6.0,468,5988,ENSG00000182944,196608,87b63f34c89bc3879f124b098c5322a7b8e392da799e9c67410091aaf124e66c,f34324c6fde36a4f635f0f1f06cac5d25acd6798
32768,36,196608,98304,18,17,17,1,103866.0,5562.0,False,True,6.0,468,5988,ENSG00000162585,196608,9899bce40945b725cbca7755212f990a2b00215dfe102fe95cdd251f4761c89f,f34324c6fde36a4f635f0f1f06cac5d25acd6798
32768,36,196608,98304,18,17,17,1,103866.0,5562.0,False,True,6.0,468,5988,ENSG00000198690,196608,a09cc0262c11da2bcd83e24a18982f88c8a4e6da6ff262b912ed0ba37a0113e3,f34324c6fde36a4f635f0f1f06cac5d25acd6798
32768,36,196608,98304,18,17,17,1,103866.0,5562.0,False,True,6.0,468,5988,ENSG00000099364,196608,21f7af06ec8ed4e775ebd9729a885adc2c8acdde6399dda578eacdd4c45609e6,f34324c6fde36a4f635f0f1f06cac5d25acd6798
32768,36,196608,98304,18,17,17,1,103866.0,5562.0,False,True,6.0,468,5988,ENSG00000118496,196608,b6c6fd72a269f65fedd8a4b6a1ed398dbda3fc10041f5124cee7136f81bc3c9b,f34324c6fde36a4f635f0f1f06cac5d25acd6798
32768,36,196608,98304,18,17,17,1,103866.0,5562.0,False,True,6.0,468,5988,ENSG00000163833,196608,5e470a77915bcef71684089490358186839b6378ac0c10695ac6d089a8c465fc,f34324c6fde36a4f635f0f1f06cac5d25acd6798
32768,36,196608,98304,18,17,17,1,103866.0,5562.0,False,True,6.0,468,5988,ENSG00000146618,196608,7e4a539bf8289e28024f62b641885d3794692819c340a5045351dbe8c4ae8c77,f34324c6fde36a4f635f0f1f06cac5d25acd6798
32768,36,196608,98304,18,17,17,1,103866.0,5562.0,False,True,6.0,468,5988,ENSG00000163497,196608,977afc1d85baecb2c091537e9d732e8ae53f7ef535190039e610c1588b89b76d,f34324c6fde36a4f635f0f1f06cac5d25acd6798
32768,36,196608,98304,18,17,17,1,103866.0,5562.0,False,True,6.0,468,5988,ENSG00000128610,196608,245d38489cd07dd06bf78a3cf1b04829d3e6bae85a190bb408246a12498d425e,f34324c6fde36a4f635f0f1f06cac5d25acd6798
32768,36,196608,98304,18,17,17,1,103866.0,5562.0,False,True,6.0,468,5988,ENSG00000153266,196608,38a59f5e5e1af1d0223b6ab19d57500fe43f94ad84cca04e0edc2bcbf043294e,f34324c6fde36a4f635f0f1f06cac5d25acd6798
32768,36,196608,98304,18,17,17,1,103866.0,5562.0,False,True,6.0,468,5988,ENSG00000102302,196608,006883118e77242c44fd478e93143919454cd2a2fd6df5a4b988282763f4c9fc,f34324c6fde36a4f635f0f1f06cac5d25acd6798
32768,36,196608,98304,18,17,17,1,103866.0,5562.0,False,True,6.0,468,5988,ENSG00000146192,196608,31c8555044bda3c00f49f27f84b93a97116d58a04c5f7b034a81e72884d6a731,f34324c6fde36a4f635f0f1f06cac5d25acd6798
32768,36,196608,98304,18,17,17,1,103866.0,5562.0,False,True,6.0,468,5988,ENSG00000127084,196608,1e6a7529c740c947369d0ad50a1e9b795e18f8745dd0d9673cf02ca12ec09ce8,f34324c6fde36a4f635f0f1f06cac5d25acd6798
32768,36,196608,98304,18,17,17,1,103866.0,5562.0,False,True,6.0,468,5988,ENSG00000139132,196608,43ef929a1f18d7f8ee678d10a7d0b9b7cacd6bb963b3f4e72636f50d74edd5e6,f34324c6fde36a4f635f0f1f06cac5d25acd6798
32768,36,196608,98304,18,17,17,1,103866.0,5562.0,False,True,6.0,468,5988,ENSG00000154783,196608,ee9b78fdf8413bcbf808d3e0ee3dab0ee8d0663c17f49b728f80668febe4a629,f34324c6fde36a4f635f0f1f06cac5d25acd6798
32768,36,196608,98304,18,17,17,1,103866.0,5562.0,False,True,6.0,468,5988,ENSG00000180263,196608,f552f2edab061080fd4b64ed766e1ebd0c1dbcead4c980b87ca01b0cf6e866c2,f34324c6fde36a4f635f0f1f06cac5d25acd6798
32768,36,196608,98304,18,17,17,1,103866.0,5562.0,False,True,6.0,468,5988,ENSG00000183733,196608,55798713b04c840342a71443f3ad34ec97771bdd26fbc3b2d6dfc0876c46f98f,f34324c6fde36a4f635f0f1f06cac5d25acd6798
32768,36,196608,98304,18,17,17,1,103866.0,5562.0,False,True,6.0,468,5988,ENSG00000179943,196608,c94c9afc089fb777d63c6359042b4c5dadaef71bfa9a06d2d1f00fe73370ecba,f34324c6fde36a4f635f0f1f06cac5d25acd6798
32768,36,196608,98304,18,17,17,1,103866.0,5562.0,False,True,6.0,468,5988,ENSG00000151702,196608,cd78a47473ac5af5ea963a19bbd1e47aa75fae685c307c60d76d794c578f2447,f34324c6fde36a4f635f0f1f06cac5d25acd6798
32768,36,196608,98304,18,17,17,1,103866.0,5562.0,False,True,6.0,468,5988,ENSG00000059122,196608,4f3941f1ac4d76b1efec3c44074ed305fef2cbbff9dea4b0f26cb8f959dee5e6,f34324c6fde36a4f635f0f1f06cac5d25acd6798
32768,36,196608,98304,18,17,17,1,103866.0,5562.0,False,True,6.0,468,5988,ENSG00000170345,196608,920f540b20816db7ce6f3a8195d6f71c7a2c06ac9aec11e3c91d5c69e68f34bf,f34324c6fde36a4f635f0f1f06cac5d25acd6798
32768,36,196608,98304,18,17,17,1,103866.0,5562.0,False,True,6.0,468,5988,ENSG00000125740,196608,d7101b9a3ab6bca01f98dd1e60b74b6c46c5cd96ee748a58f633c490b160c5da,f34324c6fde36a4f635f0f1f06cac5d25acd6798
32768,36,196608,98304,18,17,17,1,103866.0,5562.0,False,True,6.0,468,5988,ENSG00000175592,196608,b593bc6d832660e75a222300c48a7ce4ec6d8a1d39e6697d13d07d212bb0275e,f34324c6fde36a4f635f0f1f06cac5d25acd6798
32768,36,196608,98304,18,17,17,1,103866.0,5562.0,False,True,6.0,468,5988,ENSG00000075426,196608,bb0c3984eb525ed73be5be5486efd6c187839432cc94c2f6420dda0eed243078,f34324c6fde36a4f635f0f1f06cac5d25acd6798
32768,36,196608,98304,18,17,17,1,103866.0,5562.0,False,True,6.0,468,5988,ENSG00000129514,196608,e99411b612eaad728d4d1c23c665e8c4e86991c5eb5b27e880a8d2a2de3ca59f,f34324c6fde36a4f635f0f1f06cac5d25acd6798
32768,36,196608,98304,18,17,17,1,103866.0,5562.0,False,True,6.0,468,5988,ENSG00000125798,196608,c276ffa36a1d3de1140896e38b4fc241ef5449e1faece04a216d95f57de55ed5,f34324c6fde36a4f635f0f1f06cac5d25acd6798
32768,36,196608,98304,18,17,17,1,103866.0,5562.0,False,True,6.0,468,5988,ENSG00000170608,196608,9745fdec1aecca05446bbc4bc478d4fc622d44301ee2ffcfcde841baf8cdb29a,f34324c6fde36a4f635f0f1f06cac5d25acd6798
32768,36,196608,98304,18,17,17,1,103866.0,5562.0,False,True,6.0,468,5988,ENSG00000171956,196608,cf7f5a362a7515ac0e17dd682fad0eca2ec224ebaa325a3d694bcf707e041792,f34324c6fde36a4f635f0f1f06cac5d25acd6798
32768,36,196608,98304,18,17,17,1,103866.0,5562.0,False,True,6.0,468,5988,ENSG00000204612,196608,5cb2afbb48f31c9245ef1a7a887776be9acb85e886b8f02f4416523ebb233ffe,f34324c6fde36a4f635f0f1f06cac5d25acd6798
32768,36,196608,98304,18,17,17,1,103866.0,5562.0,False,True,6.0,468,5988,ENSG00000054598,196608,8b489ab418f269395a791d5779bfcbe16e79f756fae0f1e87d8f4d06f28c5e0f,f34324c6fde36a4f635f0f1f06cac5d25acd6798
32768,36,196608,98304,18,17,17,1,103866.0,5562.0,False,True,6.0,468,5988,ENSG00000176692,196608,8ea785d92c27baeceb42a147f47fe0d8cf6f367fe770572076895746f216157c,f34324c6fde36a4f635f0f1f06cac5d25acd6798
32768,36,196608,98304,18,17,17,1,103866.0,5562.0,False,True,6.0,468,5988,ENSG00000251493,196608,e7776dec8dd0b5cdf698a82ade8c7ad282ac0b025fad17975070b4b02d14727e,f34324c6fde36a4f635f0f1f06cac5d25acd6798
32768,36,196608,98304,18,17,17,1,103866.0,5562.0,False,True,6.0,468,5988,ENSG00000186564,196608,b27c07a98c2be2d7beba5848d92b37fc871bf581e43c9de211d6ed9280c260a6,f34324c6fde36a4f635f0f1f06cac5d25acd6798
32768,36,196608,98304,18,17,17,1,103866.0,5562.0,False,True,6.0,468,5988,ENSG00000187140,196608,705063934129acef369d79a519f28aaf2622fa9ba99547a1aed21a9af75b2fa9,f34324c6fde36a4f635f0f1f06cac5d25acd6798
32768,36,196608,98304,18,17,17,1,103866.0,5562.0,False,True,6.0,468,5988,ENSG00000170122,196608,f800acac84e355e23ead0c041529c4e3c44d6f2b2567d64daa7312291e87fd07,f34324c6fde36a4f635f0f1f06cac5d25acd6798
32768,36,196608,98304,18,17,17,1,103866.0,5562.0,False,True,6.0,468,5988,ENSG00000184492,196608,dd1c1ac320081ac528418e8c2ca34e6c1b6275646875dd37df55bcde7b9e8486,f34324c6fde36a4f635f0f1f06cac5d25acd6798
46093,50,196608,98304,25,31,31,-6,63144.0,-35160.0,False,True,4.2654633024537345,998,5988,ENSG00000187559,196608,12a25a6e368165e6a50ed0c874e5c67a9dae5d8a96ca08897386a87f65deb761,f34324c6fde36a4f635f0f1f06cac5d25acd6798
38063,41,196608,98304,20,23,23,-3,83324.0,-14980.0,False,True,5.165331161495415,998,5988,ENSG00000184659,196608,acce30511cfca7ca49de03bd3abdd6eb9b0a53680d774d705684dc5aac693e51,f34324c6fde36a4f635f0f1f06cac5d25acd6798
74438,80,196608,98304,40,62,62,-22,44849.0,-53455.0,False,True,2.64123162900669,998,5988,ENSG00000204779,196608,c9f8cbbe2b0f1d9123d0d52427487bb03f6b05841cf5b127c9767c18e0388b0a,f34324c6fde36a4f635f0f1f06cac5d25acd6798
33603,36,196608,98304,18,18,18,0,98871.0,567.0,True,True,5.850906169092045,998,5988,ENSG00000273514,196608,f32f61c974c88920f806da054d8b3cde3e2bf55669fa91c407265aaec74b757f,f34324c6fde36a4f635f0f1f06cac5d25acd6798
32768,36,196608,98304,18,17,17,1,103866.0,5562.0,False,True,6.0,468,5988,ENSG00000178919,196608,6ef8c5986ba017d5961cf93addd9b09b4ebf7546ee1c5a4eff25175582f14399,f34324c6fde36a4f635f0f1f06cac5d25acd6798
32768,36,196608,98304,18,17,17,1,103866.0,5562.0,False,True,6.0,468,5988,ENSG00000186790,196608,c04929a357eac59f42689006ad59799a3ac1520db8fad29903bffda026d9cc75,f34324c6fde36a4f635f0f1f06cac5d25acd6798
32768,36,196608,98304,18,17,17,1,103866.0,5562.0,False,True,6.0,468,5988,ENSG00000103241,196608,4982a6236af49cef354cae34ff6a89cac9472ce3f6c6fb1e03f31ab01193489e,f34324c6fde36a4f635f0f1f06cac5d25acd6798
32768,36,196608,98304,18,17,17,1,103866.0,5562.0,False,True,6.0,468,5988,ENSG00000137273,196608,c38a0ca8095589fee57c471e07efe92ec66a06b167e06c10902057c0869d3809,f34324c6fde36a4f635f0f1f06cac5d25acd6798
32768,36,196608,98304,18,17,17,1,103866.0,5562.0,False,True,6.0,468,5988,ENSG00000176165,196608,8b90515b2e0b7fd9b755248c9675575e9707964f69aef5995b242a8a1efc3115,f34324c6fde36a4f635f0f1f06cac5d25acd6798
32768,36,196608,98304,18,17,17,1,103866.0,5562.0,False,True,6.0,468,5988,ENSG00000160973,196608,9f518ebe83cd609441d1dfcd5cff8f435d247ba6d1b9b71aedfdbf791df76a8d,f34324c6fde36a4f635f0f1f06cac5d25acd6798
32768,36,196608,98304,18,17,17,1,103866.0,5562.0,False,True,6.0,468,5988,ENSG00000168269,196608,ee4145d8c78c099555ab1b37d306c60a020200f0cc8cb535a6c8769a064282e0,f34324c6fde36a4f635f0f1f06cac5d25acd6798
32768,36,196608,98304,18,17,17,1,103866.0,5562.0,False,True,6.0,468,5988,ENSG00000186766,196608,4bdae7a00f83409fb14836047311dff7d374e6e22d321423db2ca5dbac6312e2,f34324c6fde36a4f635f0f1f06cac5d25acd6798
32768,36,196608,98304,18,17,17,1,103866.0,5562.0,False,True,6.0,468,5988,ENSG00000214336,196608,482109afc41c975b4e58b0c3eae977d39d9c6517947c32cb24a2b3100f09d076,f34324c6fde36a4f635f0f1f06cac5d25acd6798
32768,36,196608,98304,18,17,17,1,103866.0,5562.0,False,True,6.0,468,5988,ENSG00000129654,196608,2725ab387338073512231ff2b611a6f94a11222788e6093233ad68cfee8b5a3c,f34324c6fde36a4f635f0f1f06cac5d25acd6798
32768,36,196608,98304,18,17,17,1,103866.0,5562.0,False,True,6.0,468,5988,ENSG00000065970,196608,d1173fd98499dfec1b5715607e0a6000a3fc2839d72eb78b33637f4ba9bfffcf,f34324c6fde36a4f635f0f1f06cac5d25acd6798
32768,36,196608,98304,18,17,17,1,103866.0,5562.0,False,True,6.0,468,5988,ENSG00000198815,196608,129c097ea1e809613c4eb88302e40b58031ff9e6467b24168cec9a9648f42620,f34324c6fde36a4f635f0f1f06cac5d25acd6798
32768,36,196608,98304,18,17,17,1,103866.0,5562.0,False,True,6.0,468,5988,ENSG00000164916,196608,483824f99b769b576758db54122f2fedeb445ffcf90a31012aaa36e7340d1848,f34324c6fde36a4f635f0f1f06cac5d25acd6798
32768,36,196608,98304,18,17,17,1,103866.0,5562.0,False,True,6.0,468,5988,ENSG00000141568,196608,4b8fb368eed13de6fbeab963a7e68560cc5b14b527d82f74a22a808d52fac8df,f34324c6fde36a4f635f0f1f06cac5d25acd6798
32768,36,196608,98304,18,17,17,1,103866.0,5562.0,False,True,6.0,468,5988,ENSG00000176678,196608,715ac5990f594b8eb666bbd95212704c85b5ecaccecfc2fe0e689d4a0e56a983,f34324c6fde36a4f635f0f1f06cac5d25acd6798
32768,36,196608,98304,18,17,17,1,103866.0,5562.0,False,True,6.0,468,5988,ENSG00000183770,196608,82369aac26b39534dd7fd6681dd78b61cadb1c9d3e5548a022e50f4bee985eee,f34324c6fde36a4f635f0f1f06cac5d25acd6798
32768,36,196608,98304,18,17,17,1,103866.0,5562.0,False,True,6.0,468,5988,ENSG00000111206,196608,97b393a710eabc24b5073578cc53ffad66be3df7731d5f00dbc0ae0b6901c423,f34324c6fde36a4f635f0f1f06cac5d25acd6798
32768,36,196608,98304,18,17,17,1,103866.0,5562.0,False,True,6.0,468,5988,ENSG00000109101,196608,bb51c89c854f5aab47fc039c9eccd8a48f32b8c26947381eeacd70c2aafc34cc,f34324c6fde36a4f635f0f1f06cac5d25acd6798
32768,36,196608,98304,18,17,17,1,103866.0,5562.0,False,True,6.0,468,5988,ENSG00000170802,196608,52639d58ba648f7902e062ece37bd3ef9eca605908644cb3b817dd2b007ed4df,f34324c6fde36a4f635f0f1f06cac5d25acd6798
32768,36,196608,98304,18,17,17,1,103866.0,5562.0,False,True,6.0,468,5988,ENSG00000053254,196608,13d185c3a9221e23449c2240a5c8e58ea8c79f925e23c6a6827aa0732c273dfb,f34324c6fde36a4f635f0f1f06cac5d25acd6798
32768,36,196608,98304,18,17,17,1,103866.0,5562.0,False,True,6.0,468,5988,ENSG00000139445,196608,37187bef06e4cc92504e982c8c4bd4f794ea2456ed2c6f02eafd16f8843d0dd9,f34324c6fde36a4f635f0f1f06cac5d25acd6798
32768,36,196608,98304,18,17,17,1,103866.0,5562.0,False,True,6.0,468,5988,ENSG00000150907,196608,7c7a371151ed741b58f46c8d7b53e76a21200f1d73fc9e19cf097ad2237d41da,f34324c6fde36a4f635f0f1f06cac5d25acd6798
32768,36,196608,98304,18,17,17,1,103866.0,5562.0,False,True,6.0,468,5988,ENSG00000118689,196608,d4a29ebb6034838ef6d1ed5ae6547baf5093dbfc8b154801d8ab180750e5d8b7,f34324c6fde36a4f635f0f1f06cac5d25acd6798
32768,36,196608,98304,18,17,17,1,103866.0,5562.0,False,True,6.0,468,5988,ENSG00000184481,196608,393c35931b925fe521e5dfc2d88ca3b4bef4e64d2183b148afdf020e039a95f4,f34324c6fde36a4f635f0f1f06cac5d25acd6798
32768,36,196608,98304,18,17,17,1,103866.0,5562.0,False,True,6.0,468,5988,ENSG00000204060,196608,6e4b438b0df6206698292ef8c0b8cdeee8f65db9a2471074f2929ad0d8bce8b9,f34324c6fde36a4f635f0f1f06cac5d25acd6798
32768,36,196608,98304,18,17,17,1,103866.0,5562.0,False,True,6.0,468,5988,ENSG00000114861,196608,4ff7a2b02a3dfd35516a75031b9d7f246004bcf0b8ca59c92136614f36c55632,f34324c6fde36a4f635f0f1f06cac5d25acd6798
32768,36,196608,98304,18,17,17,1,103866.0,5562.0,False,True,6.0,468,5988,ENSG00000128573,196608,faf32ffb58bdc1de728e52ee921020abea61e5e9a59b1d53316d242d191c71f5,f34324c6fde36a4f635f0f1f06cac5d25acd6798
44953,49,196608,98304,24,30,30,-6,64390.0,-33914.0,False,True,4.373634685115565,716,5988,ENSG00000049768,196608,ad42d2d39e6f7a364c1d9f84b67150210d01dbfad2857783bf56e6be8a0f618c,f34324c6fde36a4f635f0f1f06cac5d25acd6798
32768,36,196608,98304,18,17,17,1,103866.0,5562.0,False,True,6.0,468,5988,ENSG00000137166,196608,a8d177aad5d28fe72eac0697e3c96abe4b15f31fb7b8cd79aa7ecee461be9f2b,f34324c6fde36a4f635f0f1f06cac5d25acd6798
32768,36,196608,98304,18,17,17,1,103866.0,5562.0,False,True,6.0,468,5988,ENSG00000164379,196608,580a0783c2296a9baadc34ff4e328a43283b95e05c096692dd11a947b52e0421,f34324c6fde36a4f635f0f1f06cac5d25acd6798
32768,36,196608,98304,18,17,17,1,103866.0,5562.0,False,True,6.0,468,5988,ENSG00000176302,196608,8a71d53d06aaf82170c0a2b64138ec8054d4651382b74c87fed1526bacc2a8ff,f34324c6fde36a4f635f0f1f06cac5d25acd6798
32768,36,196608,98304,18,17,17,1,103866.0,5562.0,False,True,6.0,468,5988,ENSG00000189299,196608,d0617e5a7e4b20f3db2bc02e7f979e574f55e7e04fe16aa20f2a44fe19a30286,f34324c6fde36a4f635f0f1f06cac5d25acd6798
32768,36,196608,98304,18,17,17,1,103866.0,5562.0,False,True,6.0,468,5988,ENSG00000179772,196608,296ad619763c936782ed449b19e7e7772dd6bd4ef6266e0b9b59e9d83bebbc0c,f34324c6fde36a4f635f0f1f06cac5d25acd6798
32768,36,196608,98304,18,17,17,1,103866.0,5562.0,False,True,6.0,468,5988,ENSG00000089280,196608,7aadc8ecd8c1141a3a1e9473a3a2aa43acd2b8c64bace1ecfd5a0e4bc0f1d1d0,f34324c6fde36a4f635f0f1f06cac5d25acd6798
32768,36,196608,98304,18,17,17,1,103866.0,5562.0,False,True,6.0,468,5988,ENSG00000163820,196608,a37224ccb03f5389c0b61d44a2aad407d060e67314b0f2e7b2203e073d3fb9a2,f34324c6fde36a4f635f0f1f06cac5d25acd6798
32768,36,196608,98304,18,17,17,1,103866.0,5562.0,False,True,6.0,468,5988,ENSG00000154727,196608,d71dfd8dcd2e1a9ebd92b07d005b7a609b9c266d48f6a0a1ed1edeee86bd6d62,f34324c6fde36a4f635f0f1f06cac5d25acd6798
32768,36,196608,98304,18,17,17,1,103866.0,5562.0,False,True,6.0,468,5988,ENSG00000102145,196608,fd345940e53c97ee55337dc309fbbace36542456967b287720874e0a8cf85137,f34324c6fde36a4f635f0f1f06cac5d25acd6798
32768,36,196608,98304,18,17,17,1,103866.0,5562.0,False,True,6.0,468,5988,ENSG00000179348,196608,dc2e117b642a1c2be2eb70ba75b3d63ab26db42639b02ccc0b84d6bee8ace3d8,f34324c6fde36a4f635f0f1f06cac5d25acd6798
32768,36,196608,98304,18,17,17,1,103866.0,5562.0,False,True,6.0,468,5988,ENSG00000107485,196608,f91b2bbab5ecdaab38af29f6e75d7e29697381c9cfde9bb50429736409cafca1,f34324c6fde36a4f635f0f1f06cac5d25acd6798
32768,36,196608,98304,18,17,17,1,103866.0,5562.0,False,True,6.0,468,5988,ENSG00000136574,196608,8def04bef76cfda4f5841b4ca41992f97d92d080515661d1ba1275f051e8ff38,f34324c6fde36a4f635f0f1f06cac5d25acd6798
32768,36,196608,98304,18,17,17,1,103866.0,5562.0,False,True,6.0,468,5988,ENSG00000130700,196608,e826f5a8c54ac37c50cecdb0deec0a5292194a5408e200309ccd88c82041d7f4,f34324c6fde36a4f635f0f1f06cac5d25acd6798
32768,36,196608,98304,18,17,17,1,103866.0,5562.0,False,True,6.0,468,5988,ENSG00000141448,196608,9452c84c5f7f9df9e98e00d04b6b430cf667201a9bddc9ba46bd4e8155c9c30e,f34324c6fde36a4f635f0f1f06cac5d25acd6798
32768,36,196608,98304,18,17,17,1,103866.0,5562.0,False,True,6.0,468,5988,ENSG00000157259,196608,359825f9cb54cd9b274ddbc687322e07632eaff5248a6fdf75d267274cbcca9a,f34324c6fde36a4f635f0f1f06cac5d25acd6798
32768,36,196608,98304,18,17,17,1,103866.0,5562.0,False,True,6.0,468,5988,ENSG00000167491,196608,2d636bb148714e593a4b89729a9bb772244dd16801a3f2d5a4a0a312e4cd19cf,f34324c6fde36a4f635f0f1f06cac5d25acd6798
32768,36,196608,98304,18,17,17,1,103866.0,5562.0,False,True,6.0,468,5988,ENSG00000143614,196608,e9eb9a7da99879f96afd372b8db6ebedaa446bebb47b3eed107ab8945c02f75e,f34324c6fde36a4f635f0f1f06cac5d25acd6798
32768,36,196608,98304,18,17,17,1,103866.0,5562.0,False,True,6.0,468,5988,ENSG00000164900,196608,a932ff9fae159c497ea86f4c4388135e6695759d05cd23aa141d9afe038901d0,f34324c6fde36a4f635f0f1f06cac5d25acd6798
32768,36,196608,98304,18,17,17,1,103866.0,5562.0,False,True,6.0,468,5988,ENSG00000168505,196608,5ea0aafa3adb34496a11f55a9c6aada5198b3472c2bf5083cc4c118a5a7e4e46,f34324c6fde36a4f635f0f1f06cac5d25acd6798
32768,36,196608,98304,18,17,17,1,103866.0,5562.0,False,True,6.0,468,5988,ENSG00000162676,196608,d1d20cb1e1c1a5cf6f5ad93f4093b8007f35a5ef1f5bc6708cbb1e7f4ce6f946,f34324c6fde36a4f635f0f1f06cac5d25acd6798
32768,36,196608,98304,18,17,17,1,103866.0,5562.0,False,True,6.0,468,5988,ENSG00000165702,196608,05356a56a68cf0eea8a39f330db9c8e5c449ccc15b14a3a86270e237dfa2f579,f34324c6fde36a4f635f0f1f06cac5d25acd6798
32768,36,196608,98304,18,17,17,1,103866.0,5562.0,False,True,6.0,468,5988,ENSG00000111087,196608,2a689c7861dec87860bc986bdfc04f00109cf20e95f9ce1428618af9d4e72a2a,f34324c6fde36a4f635f0f1f06cac5d25acd6798
32768,36,196608,98304,18,17,17,1,103866.0,5562.0,False,True,6.0,468,5988,ENSG00000074047,196608,46bed6a33a5019c649c107dcc57ac55a0efe64c91cb51b2d6ebeaf5581c54cca,f34324c6fde36a4f635f0f1f06cac5d25acd6798
32768,36,196608,98304,18,17,17,1,103866.0,5562.0,False,True,6.0,468,5988,ENSG00000106571,196608,7cfe69e9e95bf718bdee770ae56d5d6d014af1967df5a671be722ed4d177bf50,f34324c6fde36a4f635f0f1f06cac5d25acd6798
32768,36,196608,98304,18,17,17,1,103866.0,5562.0,False,True,6.0,468,5988,ENSG00000250571,196608,459e899cb591df4b52cc9e79bb6a5778d05e952465e2f70c22d3c38b0a8427a9,f34324c6fde36a4f635f0f1f06cac5d25acd6798
32768,36,196608,98304,18,17,17,1,103866.0,5562.0,False,True,6.0,468,5988,ENSG00000174332,196608,de72e2c426f4ddc6c0c7a47116c165e86f0fe54605188e49bad78b007924a1f9,f34324c6fde36a4f635f0f1f06cac5d25acd6798
32768,36,196608,98304,18,17,17,1,103866.0,5562.0,False,True,6.0,468,5988,ENSG00000126603,196608,bc52a63963a7530e14c50438556c98c5a4391bbb9e6c289a0e58ade968fdd7c9,f34324c6fde36a4f635f0f1f06cac5d25acd6798
32768,36,196608,98304,18,17,17,1,103866.0,5562.0,False,True,6.0,468,5988,ENSG00000107249,196608,682c200eef954540b5041f772b6f425e553b66230bb0b2a7550c27be80590374,f34324c6fde36a4f635f0f1f06cac5d25acd6798
32768,36,196608,98304,18,17,17,1,103866.0,5562.0,False,True,6.0,468,5988,ENSG00000186566,196608,82f0a4aa9f6497b17b4f000ef2e4ede84bdda45d9fafca5fec7faabab43f2e52,f34324c6fde36a4f635f0f1f06cac5d25acd6798
32768,36,196608,98304,18,17,17,1,103866.0,5562.0,False,True,6.0,468,5988,ENSG00000133937,196608,80fb7c813154d287fd53fcb09c994070a37c25e115537ef94ed1fcd2be9edbc3,f34324c6fde36a4f635f0f1f06cac5d25acd6798
32768,36,196608,98304,18,17,17,1,103866.0,5562.0,False,True,6.0,468,5988,ENSG00000063515,196608,0f56733a8a41c18a0c6fadb302b19265646539ca2d94152482fe5129729f5660,f34324c6fde36a4f635f0f1f06cac5d25acd6798
32768,36,196608,98304,18,17,17,1,103866.0,5562.0,False,True,6.0,468,5988,ENSG00000169840,196608,1b61507edc227b9467c7c021393783eaa5db21ae879183ca3da4b53fc6e1db1d,f34324c6fde36a4f635f0f1f06cac5d25acd6798
32768,36,196608,98304,18,17,17,1,103866.0,5562.0,False,True,6.0,468,5988,ENSG00000180613,196608,c2ae8e146666f4d8b36f7eec52957d41277d04a66636585d0cc3e04337f588d5,f34324c6fde36a4f635f0f1f06cac5d25acd6798
32768,36,196608,98304,18,17,17,1,103866.0,5562.0,False,True,6.0,468,5988,ENSG00000165417,196608,d5ceefaa1bd1507bb1b8b4fef1f5e95a4a162a67feb5547934bde44445df0e4e,f34324c6fde36a4f635f0f1f06cac5d25acd6798
32768,36,196608,98304,18,17,17,1,103866.0,5562.0,False,True,6.0,468,5988,ENSG00000242441,196608,bd7208bfdb271c5ea12ef1a08764353c9ca7442429573125cb940070d4a38600,f34324c6fde36a4f635f0f1f06cac5d25acd6798
32768,36,196608,98304,18,17,17,1,103866.0,5562.0,False,True,6.0,468,5988,ENSG00000140307,196608,8f3551316afbdc1dcffebce147398586b77761fdf577ff4cb54aaf3bcd4a706d,f34324c6fde36a4f635f0f1f06cac5d25acd6798
32768,36,196608,98304,18,17,17,1,103866.0,5562.0,False,True,6.0,468,5988,ENSG00000137947,196608,a6a37a903acd178cd9c059846c0ae43e129dc44e92fb748e5c6ed99eedb73f68,f34324c6fde36a4f635f0f1f06cac5d25acd6798
32768,36,196608,98304,18,17,17,1,103866.0,5562.0,False,True,6.0,468,5988,ENSG00000153767,196608,d1efd6afb056ab830f44bacf9a1827eebdc2d9124754a80787b8c3bb2e0fd545,f34324c6fde36a4f635f0f1f06cac5d25acd6798
32768,36,196608,98304,18,17,17,1,103866.0,5562.0,False,True,6.0,468,5988,ENSG00000197265,196608,199c9277ce462644b53f3410d9ab4430effdc895c6beacc0d47c70882aa70bf8,f34324c6fde36a4f635f0f1f06cac5d25acd6798
32768,36,196608,98304,18,17,17,1,103866.0,5562.0,False,True,6.0,468,5988,ENSG00000125651,196608,00ecfb3a6d55cad359881f983cb63cce9214245285e0cb1308ac01f4580ec2cf,f34324c6fde36a4f635f0f1f06cac5d25acd6798
32768,36,196608,98304,18,17,17,1,103866.0,5562.0,False,True,6.0,468,5988,ENSG00000188342,196608,c878c5cb2d888583fdecb74f3e9f86e6f7606adc152d303f3a4da2653bdd9f02,f34324c6fde36a4f635f0f1f06cac5d25acd6798
32768,36,196608,98304,18,17,17,1,103866.0,5562.0,False,True,6.0,468,5988,ENSG00000110768,196608,204b421a30ce59a58254154b8b5cd5ce2b702a2b6d34191b9f4092c4050dc43d,f34324c6fde36a4f635f0f1f06cac5d25acd6798
32768,36,196608,98304,18,17,17,1,103866.0,5562.0,False,True,6.0,468,5988,ENSG00000145736,196608,438afdb384f2dc25358b482ef0fa3d425b3256889b0d89facd33cfe97bb3691f,f34324c6fde36a4f635f0f1f06cac5d25acd6798
32768,36,196608,98304,18,17,17,1,103866.0,5562.0,False,True,6.0,468,5988,ENSG00000111358,196608,20e597c896f8bee5205ea4079db480d495894c60151938f7a0f3459148367e5c,f34324c6fde36a4f635f0f1f06cac5d25acd6798
32768,36,196608,98304,18,17,17,1,103866.0,5562.0,False,True,6.0,468,5988,ENSG00000213780,196608,031eeea3b37e05133933b34b723f4d3f1f60f14db7cf712da716fff31402822e,f34324c6fde36a4f635f0f1f06cac5d25acd6798
32768,36,196608,98304,18,17,17,1,103866.0,5562.0,False,True,6.0,468,5988,ENSG00000272047,196608,632247eae1a98aa3f00069aa5f34e4be187413ee7df3a10032020aff75d670d7,f34324c6fde36a4f635f0f1f06cac5d25acd6798
32768,36,196608,98304,18,17,17,1,103866.0,5562.0,False,True,6.0,468,5988,ENSG00000263001,196608,5b4abf4e21bb5c612350095a673acb96c511566b90fa3b45f2042c19c185e659,f34324c6fde36a4f635f0f1f06cac5d25acd6798
32768,36,196608,98304,18,17,17,1,103866.0,5562.0,False,True,6.0,468,5988,ENSG00000196275,196608,b15a6eb51f7f25bba4064a5ef87fd979568fc017ab61d11a85739f3407201d7a,f34324c6fde36a4f635f0f1f06cac5d25acd6798
32768,36,196608,98304,18,17,17,1,103866.0,5562.0,False,True,6.0,468,5988,ENSG00000174428,196608,04590f589b3f4156673ac8e9082f8e2b9254c4de957b1227142f898b81f30267,f34324c6fde36a4f635f0f1f06cac5d25acd6798
32768,36,196608,98304,18,17,17,1,103866.0,5562.0,False,True,6.0,468,5988,ENSG00000122034,196608,f2cb03fff584ccf8853983bf3d1d50cec680bacb01e1046bbf6a29af5bcfb133,f34324c6fde36a4f635f0f1f06cac5d25acd6798
32768,36,196608,98304,18,17,17,1,103866.0,5562.0,False,True,6.0,468,5988,ENSG00000077235,196608,a3076e004c65db0995a4bbf3250e29a49fb1d1c5d3c2e1cc6b76254af43512a8,f34324c6fde36a4f635f0f1f06cac5d25acd6798
32768,36,196608,98304,18,17,17,1,103866.0,5562.0,False,True,6.0,468,5988,ENSG00000115207,196608,8288a7b0662d96b52d665fbf81ed32ba7b5bd04f3dbe0358ba26256871f8fba4,f34324c6fde36a4f635f0f1f06cac5d25acd6798
32768,36,196608,98304,18,17,17,1,103866.0,5562.0,False,True,6.0,468,5988,ENSG00000119041,196608,2256e71397db40b8bd29fdc4f22375508785b6eb843db52da83719a29529f014,f34324c6fde36a4f635f0f1f06cac5d25acd6798
32768,36,196608,98304,18,17,17,1,103866.0,5562.0,False,True,6.0,468,5988,ENSG00000125484,196608,47775a5ca56e6ef92404dceb659d7e8796e9248723e75780ec14d79a4091abbd,f34324c6fde36a4f635f0f1f06cac5d25acd6798
32768,36,196608,98304,18,17,17,1,103866.0,5562.0,False,True,6.0,468,5988,ENSG00000148308,196608,19ef5fef2761992b431aef64786bb721470dec665dec1f09b77d48d42ce3019a,f34324c6fde36a4f635f0f1f06cac5d25acd6798
32768,36,196608,98304,18,17,17,1,103866.0,5562.0,False,True,6.0,468,5988,ENSG00000155115,196608,067a57cfe4476106c0c0ec21bac0d391c2a95d4f874f97d4e42e1861064b7a6f,f34324c6fde36a4f635f0f1f06cac5d25acd6798
32768,36,196608,98304,18,17,17,1,103866.0,5562.0,False,True,6.0,468,5988,ENSG00000170627,196608,0d7a9c26dee844d520b4f675c7974cb98732289d1aecac297fe4f6394a16e488,f34324c6fde36a4f635f0f1f06cac5d25acd6798
32768,36,196608,98304,18,17,17,1,103866.0,5562.0,False,True,6.0,468,5988,ENSG00000124196,196608,51394d6da70a20169ba23c633f1527f9af2dad87989ae308956908e37d067a05,f34324c6fde36a4f635f0f1f06cac5d25acd6798
32768,36,196608,98304,18,17,17,1,103866.0,5562.0,False,True,6.0,468,5988,ENSG00000125812,196608,5eade3b3c682772e9c1d46dadff71091e7845bb3de339dd646b6c99fa043406c,f34324c6fde36a4f635f0f1f06cac5d25acd6798
32768,36,196608,98304,18,17,17,1,103866.0,5562.0,False,True,6.0,468,5988,ENSG00000113196,196608,310a3fa7598c2b66409cf6988d3250d3a82d72fdc6d0e2f2b6b8df0a73db6b8f,f34324c6fde36a4f635f0f1f06cac5d25acd6798
32768,36,196608,98304,18,17,17,1,103866.0,5562.0,False,True,6.0,468,5988,ENSG00000164107,196608,2ca6c117a6bed681ed5de6a4ba33c80306ab0dc7533fb521bafe1c8032961928,f34324c6fde36a4f635f0f1f06cac5d25acd6798
32768,36,196608,98304,18,17,17,1,103866.0,5562.0,False,True,6.0,468,5988,ENSG00000165259,196608,ee2a780f6dd16c9b28612a9864963803838b633d6d1c9a7085c33108573a425a,f34324c6fde36a4f635f0f1f06cac5d25acd6798
32768,36,196608,98304,18,17,17,1,103866.0,5562.0,False,True,6.0,468,5988,ENSG00000187821,196608,75a666788c961f0e010d6fbf0bccb08de300ef98cbd3a0e3e37812b6f517d4b5,f34324c6fde36a4f635f0f1f06cac5d25acd6798
32768,36,196608,98304,18,17,17,1,103866.0,5562.0,False,True,6.0,468,5988,ENSG00000198265,196608,0ef8f763c7efee370f266322d24b66959fd609ffd991d1385c585ab89ec2b009,f34324c6fde36a4f635f0f1f06cac5d25acd6798
32768,36,196608,98304,18,17,17,1,103866.0,5562.0,False,True,6.0,468,5988,ENSG00000130589,196608,fb99b2156caa0e785d365a600112a929cac0c5c7b937545df4f74c42ffd174c0,f34324c6fde36a4f635f0f1f06cac5d25acd6798
32768,36,196608,98304,18,17,17,1,103866.0,5562.0,False,True,6.0,468,5988,ENSG00000128731,196608,b9c26451f4f498bfa9ee4d3b84011dcce2ea73bbd39b0f5c89d3904408881c46,f34324c6fde36a4f635f0f1f06cac5d25acd6798
32768,36,196608,98304,18,17,17,1,103866.0,5562.0,False,True,6.0,468,5988,ENSG00000114315,196608,6e0471f4c0188989fce1f8c5cc0c65d3234a2080a3464f1e7db6680d458fe432,f34324c6fde36a4f635f0f1f06cac5d25acd6798
32768,36,196608,98304,18,17,17,1,103866.0,5562.0,False,True,6.0,468,5988,ENSG00000069812,196608,8d77190ca3693edff30078bcc20f0a7bba64c2610a77d7404b2428d6acba06a2,f34324c6fde36a4f635f0f1f06cac5d25acd6798
32768,36,196608,98304,18,17,17,1,103866.0,5562.0,False,True,6.0,468,5988,ENSG00000173673,196608,95b17422312012baf60db9cef3c04d110a4ae9b0c8144a21bbd85bf6259d60a2,f34324c6fde36a4f635f0f1f06cac5d25acd6798
32768,36,196608,98304,18,17,17,1,103866.0,5562.0,False,True,6.0,468,5988,ENSG00000188290,196608,e0df28e7acc96fb482a8014e04297ee53bd239da5c2a4be85f5c94ec2ba595bf,f34324c6fde36a4f635f0f1f06cac5d25acd6798
32768,36,196608,98304,18,17,17,1,103866.0,5562.0,False,True,6.0,468,5988,ENSG00000197921,196608,1548635ee7ba799250ce49ab21e7e8a3e7b85d96867502c5785e3343efe73788,f34324c6fde36a4f635f0f1f06cac5d25acd6798
32768,36,196608,98304,18,17,17,1,103866.0,5562.0,False,True,6.0,468,5988,ENSG00000144485,196608,5e56ed57cd80f3625c27f3fec29d75a1245a4268b1cf8b8537f175d70d7aeb65,f34324c6fde36a4f635f0f1f06cac5d25acd6798
32768,36,196608,98304,18,17,17,1,103866.0,5562.0,False,True,6.0,468,5988,ENSG00000179111,196608,ac6d2b6675f2a54f84e976fbbb8796c3516e29900e1516f601db35743ad7c740,f34324c6fde36a4f635f0f1f06cac5d25acd6798
32768,36,196608,98304,18,17,17,1,103866.0,5562.0,False,True,6.0,468,5988,ENSG00000163666,196608,a78fa63b35538caf0bd64be09fecb5c77b8c0b3d2566bde1696a8072830432cf,f34324c6fde36a4f635f0f1f06cac5d25acd6798
32768,36,196608,98304,18,17,17,1,103866.0,5562.0,False,True,6.0,468,5988,ENSG00000164683,196608,339b79ef723bed0aacf52d03cd852f906892d0baa7a8ebbbb90aa33c6520ed22,f34324c6fde36a4f635f0f1f06cac5d25acd6798
32768,36,196608,98304,18,17,17,1,103866.0,5562.0,False,True,6.0,468,5988,ENSG00000135547,196608,1d172f510c12fa702f171e90202ac11a9ee490bd0df513f2ec10bf55fbd76c5b,f34324c6fde36a4f635f0f1f06cac5d25acd6798
32768,36,196608,98304,18,17,17,1,103866.0,5562.0,False,True,6.0,468,5988,ENSG00000163909,196608,b5d632755fecc2c85a8d34623c4c1859e2dabd8dc2d0f22dd7ab9fdafd756781,f34324c6fde36a4f635f0f1f06cac5d25acd6798
65913,71,196608,98304,35,17,17,18,163884.0,65580.0,False,True,2.982841017705157,533,5988,ENSG00000185359,196608,df4e400e331dd3857fa323f066ac5ae2ce1df9a0707b40bf0685dc993d7b8ef1,f34324c6fde36a4f635f0f1f06cac5d25acd6798
32768,36,196608,98304,18,17,17,1,103866.0,5562.0,False,True,6.0,468,5988,ENSG00000152804,196608,60aff31ace02f2339f627e14e083d2ec3df7c143e3a49cdeae27312a70a61f30,f34324c6fde36a4f635f0f1f06cac5d25acd6798
32768,36,196608,98304,18,17,17,1,103866.0,5562.0,False,True,6.0,468,5988,ENSG00000177374,196608,b97924e222577bf06fcc32bc2d6383ba05f323f68e4820095dbd0c6e82e150e4,f34324c6fde36a4f635f0f1f06cac5d25acd6798
32768,36,196608,98304,18,17,17,1,103866.0,5562.0,False,True,6.0,468,5988,ENSG00000169635,196608,3c7a38a38371e9c5b8f13c8d99656d46cfb3b962665d80ec193505d2c1e2b02f,f34324c6fde36a4f635f0f1f06cac5d25acd6798
32768,36,196608,98304,18,17,17,1,103866.0,5562.0,False,True,6.0,468,5988,ENSG00000100644,196608,c0ee1d3bde50274508b23b76d065af02ae7c28b07845623cd5829578ac105ff0,f34324c6fde36a4f635f0f1f06cac5d25acd6798
32768,36,196608,98304,18,17,17,1,103866.0,5562.0,False,True,6.0,468,5988,ENSG00000124440,196608,627cb94aa106f7979c7c1254fe35d9a68c4557719f7e2c1ab72f7ab550397562,f34324c6fde36a4f635f0f1f06cac5d25acd6798
32768,36,196608,98304,18,17,17,1,103866.0,5562.0,False,True,6.0,468,5988,ENSG00000172273,196608,fa6ddc7c634392b716bdc42d84f41cef75583ce837d1edbf4786483939ba5815,f34324c6fde36a4f635f0f1f06cac5d25acd6798
32768,36,196608,98304,18,17,17,1,103866.0,5562.0,False,True,6.0,468,5988,ENSG00000095951,196608,47ded3a5f5c8af78ef15c97ef6675137bc07b514308f96959bb5f4945fe22190,f34324c6fde36a4f635f0f1f06cac5d25acd6798
32768,36,196608,98304,18,17,17,1,103866.0,5562.0,False,True,6.0,468,5988,ENSG00000010818,196608,d309f4c57d844a2dd58ac0785e1ce4827149a2913838a14694dfe9cfd5df4f9e,f34324c6fde36a4f635f0f1f06cac5d25acd6798
32768,36,196608,98304,18,17,17,1,103866.0,5562.0,False,True,6.0,468,5988,ENSG00000127124,196608,31f3f5edb0989050cc2b67760cbf3480bc096c3c1ee492588fb6ca2f94cb477b,f34324c6fde36a4f635f0f1f06cac5d25acd6798
32768,36,196608,98304,18,17,17,1,103866.0,5562.0,False,True,6.0,468,5988,ENSG00000108924,196608,7618a868a2fb55a6f7d2841c4c8fd0053e003e17b880d0885c58c7b84acabe44,f34324c6fde36a4f635f0f1f06cac5d25acd6798
32768,36,196608,98304,18,17,17,1,103866.0,5562.0,False,True,6.0,468,5988,ENSG00000136630,196608,0e322333400fa43574859d549fe7bf1f2ea2ace3433d30a4eb496e649906a7b7,f34324c6fde36a4f635f0f1f06cac5d25acd6798
32768,36,196608,98304,18,17,17,1,103866.0,5562.0,False,True,6.0,468,5988,ENSG00000147421,196608,0c231276043ddfc68ad764713816b4846e667131ebfc48affd83c1d21f1babc4,f34324c6fde36a4f635f0f1f06cac5d25acd6798
32768,36,196608,98304,18,17,17,1,103866.0,5562.0,False,True,6.0,468,5988,ENSG00000140382,196608,6cab2fa74d567f524423c372da2ada0d8149f8aabc6a6e23aa7feaad2c1dcad6,f34324c6fde36a4f635f0f1f06cac5d25acd6798
32768,36,196608,98304,18,17,17,1,103866.0,5562.0,False,True,6.0,468,5988,ENSG00000064961,196608,155dee715a4f412891edf4dd952d2835b46079b4a094241d04fe8a2d92ba59a8,f34324c6fde36a4f635f0f1f06cac5d25acd6798
32768,36,196608,98304,18,17,17,1,103866.0,5562.0,False,True,6.0,468,5988,ENSG00000137309,196608,3f1972605e0a8bf0caf1d6671daf77d401e0f64d264faf424ce97ec728c6d70a,f34324c6fde36a4f635f0f1f06cac5d25acd6798
32768,36,196608,98304,18,17,17,1,103866.0,5562.0,False,True,6.0,468,5988,ENSG00000149948,196608,3f7b5166233bab5163b2efc8148e735c781b7f8ccac43b5c1615484f256cee44,f34324c6fde36a4f635f0f1f06cac5d25acd6798
32768,36,196608,98304,18,17,17,1,103866.0,5562.0,False,True,6.0,468,5988,ENSG00000189403,196608,471202760cb06d7d242595bc6de4889c5d2c47dab32b20b5241aa0b745919a15,f34324c6fde36a4f635f0f1f06cac5d25acd6798
32768,36,196608,98304,18,17,17,1,103866.0,5562.0,False,True,6.0,468,5988,ENSG00000164104,196608,3d54db42b3cb9087eaf279f7d875ec493fe3d85c29c6d88c29ee1489c064a91c,f34324c6fde36a4f635f0f1f06cac5d25acd6798
32768,36,196608,98304,18,17,17,1,103866.0,5562.0,False,True,6.0,468,5988,ENSG00000029993,196608,2b5731faf9a7e6e7f7495a190deefe4161359e227ec90d0ce7da028494424b2e,f34324c6fde36a4f635f0f1f06cac5d25acd6798
32768,36,196608,98304,18,17,17,1,103866.0,5562.0,False,True,6.0,468,5988,ENSG00000176256,196608,2d66b7864566eee23a73710c34e7c05f5137abac31757df7933bf16eb44c48df,f34324c6fde36a4f635f0f1f06cac5d25acd6798
32768,36,196608,98304,18,17,17,1,103866.0,5562.0,False,True,6.0,468,5988,ENSG00000205581,196608,9eb036efe08ea5e9eb649c70595f2a8805afa3d176f3a0a3306af24353905e53,f34324c6fde36a4f635f0f1f06cac5d25acd6798
32768,36,196608,98304,18,17,17,1,103866.0,5562.0,False,True,6.0,468,5988,ENSG00000198830,196608,cd8368aca0d4ba394ea4cc6635e004acffec274322d3756ec9ee334a8e15f71a,f34324c6fde36a4f635f0f1f06cac5d25acd6798
32768,36,196608,98304,18,17,17,1,103866.0,5562.0,False,True,6.0,468,5988,ENSG00000118418,196608,691b0cbc282a9daeea52ee81e4138b63b6c30e86f2d6aaa617f88c6e1b8116a6,f34324c6fde36a4f635f0f1f06cac5d25acd6798
32768,36,196608,98304,18,17,17,1,103866.0,5562.0,False,True,6.0,468,5988,ENSG00000182952,196608,9a8a845663aafa30c07a3472e04db1f4a6a4584e4acffa7f2ee812784d62167c,f34324c6fde36a4f635f0f1f06cac5d25acd6798
32768,36,196608,98304,18,17,17,1,103866.0,5562.0,False,True,6.0,468,5988,ENSG00000198157,196608,161961604cf2d5013b55633bce7dbeee320dd8c4c5fd1de9794666ca1df54498,f34324c6fde36a4f635f0f1f06cac5d25acd6798
32768,36,196608,98304,18,17,17,1,103866.0,5562.0,False,True,6.0,468,5988,ENSG00000113716,196608,b23532fbdf9b52ce3a9a03885f01e6c98e50c65d1dc670b5d35fcea38ddd3f15,f34324c6fde36a4f635f0f1f06cac5d25acd6798
32768,36,196608,98304,18,17,17,1,103866.0,5562.0,False,True,6.0,468,5988,ENSG00000100281,196608,688c1a6df9e69312137fccfc43458331919679552ac61e0891be28529b54453b,f34324c6fde36a4f635f0f1f06cac5d25acd6798
48603,52,196608,98304,26,17,17,9,148698.0,50394.0,False,True,4.045182396148386,998,5988,ENSG00000215612,196608,3415230c826c652313b7ef83f07aecb99bbee0d6532a1dda071ac682b55ed7ae,f34324c6fde36a4f635f0f1f06cac5d25acd6798
32768,36,196608,98304,18,17,17,1,103866.0,5562.0,False,True,6.0,468,5988,ENSG00000188816,196608,c82f9f91209c80fa4206b3ab944556bb548d0fc73926ae2cd7c853bde44a8a9f,f34324c6fde36a4f635f0f1f06cac5d25acd6798
32768,36,196608,98304,18,17,17,1,103866.0,5562.0,False,True,6.0,468,5988,ENSG00000188620,196608,8e1f69f07d3b0954fd0b09f9b0ba6ef8bf79f7fabee14936eebe5bfc5217eb3c,f34324c6fde36a4f635f0f1f06cac5d25acd6798
32768,36,196608,98304,18,17,17,1,103866.0,5562.0,False,True,6.0,468,5988,ENSG00000135100,196608,21e94bb476a5cbcf6c6b8a76fbfc79b5a48ddb23aafac18f9bad9c39d39503d5,f34324c6fde36a4f635f0f1f06cac5d25acd6798
32768,36,196608,98304,18,17,17,1,103866.0,5562.0,False,True,6.0,468,5988,ENSG00000275410,196608,e4263a81c62a8f5ae6fd5d9330e4d34b71d0add50fbf1732ab7008a386d3c36d,f34324c6fde36a4f635f0f1f06cac5d25acd6798
32768,36,196608,98304,18,17,17,1,103866.0,5562.0,False,True,6.0,468,5988,ENSG00000290292,196608,94da8a560524ad2c1e02a69eb96ce79f88b22c6188d95a05d089f182bff2827e,f34324c6fde36a4f635f0f1f06cac5d25acd6798
32768,36,196608,98304,18,17,17,1,103866.0,5562.0,False,True,6.0,468,5988,ENSG00000171476,196608,3a074029d1f61e26f46e6c88261c9ff9dfa648880fdf72a7140483586a6b5e5f,f34324c6fde36a4f635f0f1f06cac5d25acd6798
32768,36,196608,98304,18,17,17,1,103866.0,5562.0,False,True,6.0,468,5988,ENSG00000105991,196608,2461368790ac9899dd5b26abb5af039cdb102448ebc902574d7bed89ce8da79c,f34324c6fde36a4f635f0f1f06cac5d25acd6798
32768,36,196608,98304,18,17,17,1,103866.0,5562.0,False,True,6.0,468,5988,ENSG00000105996,196608,1dbf5190b43145bc21162098eb7037cf13b57c4b505debd224b715a963e7c75d,f34324c6fde36a4f635f0f1f06cac5d25acd6798
32768,36,196608,98304,18,17,17,1,103866.0,5562.0,False,True,6.0,468,5988,ENSG00000105997,196608,28ed0459a939ab24b354d7cd433113598953cf51f3b340e1ec00535d4a548272,f34324c6fde36a4f635f0f1f06cac5d25acd6798
32768,36,196608,98304,18,17,17,1,103866.0,5562.0,False,True,6.0,468,5988,ENSG00000197576,196608,dc2e2a1bff2590e950dbe78cd6b767451b1516dd7aec533f28f1f0514e5e9431,f34324c6fde36a4f635f0f1f06cac5d25acd6798
32768,36,196608,98304,18,17,17,1,103866.0,5562.0,False,True,6.0,468,5988,ENSG00000106004,196608,eabc66238697c8d0464b27d50dba2f60e66b15d8c19de8322e8436d2c38b36af,f34324c6fde36a4f635f0f1f06cac5d25acd6798
32768,36,196608,98304,18,17,17,1,103866.0,5562.0,False,True,6.0,468,5988,ENSG00000106006,196608,32bd918dcaea6559219de7a4ebf30373f048ade7f5383855f6c0815491b4fa60,f34324c6fde36a4f635f0f1f06cac5d25acd6798
32768,36,196608,98304,18,17,17,1,103866.0,5562.0,False,True,6.0,468,5988,ENSG00000122592,196608,7e1200e4953768dfadad29c19b8d8806b08383f37bcf60299e4d8f64f500134b,f34324c6fde36a4f635f0f1f06cac5d25acd6798
32768,36,196608,98304,18,17,17,1,103866.0,5562.0,False,True,6.0,468,5988,ENSG00000078399,196608,62f2307d464ddb91ae0e1c8e8ba860b28bbc27d0defe1e83f5375664d5f71d6a,f34324c6fde36a4f635f0f1f06cac5d25acd6798
32768,36,196608,98304,18,17,17,1,103866.0,5562.0,False,True,6.0,468,5988,ENSG00000253293,196608,79bebd6efbbf354fd64381268d59ff35b187837ca3c5a24deec9497a99b7eb84,f34324c6fde36a4f635f0f1f06cac5d25acd6798
32768,36,196608,98304,18,17,17,1,103866.0,5562.0,False,True,6.0,468,5988,ENSG00000005073,196608,36cb4f2f061404b2118daa8dd72b6b92ab0307ef533b0d94720e65299bef7259,f34324c6fde36a4f635f0f1f06cac5d25acd6798
32768,36,196608,98304,18,17,17,1,103866.0,5562.0,False,True,6.0,468,5988,ENSG00000106031,196608,4278d1d162aca7f8fdc58d96c5b19b652d2894a3e7b0a377f5bfaf5a23a6c019,f34324c6fde36a4f635f0f1f06cac5d25acd6798
32768,36,196608,98304,18,17,17,1,103866.0,5562.0,False,True,6.0,468,5988,ENSG00000120094,196608,487752b427db8b6a11855915eccca2b9ef70cae8444956ef346a2a2ea9b7dbc6,f34324c6fde36a4f635f0f1f06cac5d25acd6798
32768,36,196608,98304,18,17,17,1,103866.0,5562.0,False,True,6.0,468,5988,ENSG00000173917,196608,d601a64e00fafc17283a2b25c624f2ed2d7ee631cfdd8cc4a892548c31c54388,f34324c6fde36a4f635f0f1f06cac5d25acd6798
32768,36,196608,98304,18,17,17,1,103866.0,5562.0,False,True,6.0,468,5988,ENSG00000120093,196608,08ea1f55c43c91519ed54edca32ddd3f5d47978e0ff10457a0debeb3ed3ec915,f34324c6fde36a4f635f0f1f06cac5d25acd6798
32768,36,196608,98304,18,17,17,1,103866.0,5562.0,False,True,6.0,468,5988,ENSG00000182742,196608,ffaf749bb778103e8469640a96ed722831ed51993e00298c3a687252379c3eba,f34324c6fde36a4f635f0f1f06cac5d25acd6798
32768,36,196608,98304,18,17,17,1,103866.0,5562.0,False,True,6.0,468,5988,ENSG00000120075,196608,12a73383669578a78546958eaa55423b283b506d31e22d9c8ba24287020e46da,f34324c6fde36a4f635f0f1f06cac5d25acd6798
32768,36,196608,98304,18,17,17,1,103866.0,5562.0,False,True,6.0,468,5988,ENSG00000108511,196608,6c9468395fa65d5b50e662fdb7b03b790c6033cb0f9e09c1ed73045b4e9df270,f34324c6fde36a4f635f0f1f06cac5d25acd6798
32768,36,196608,98304,18,17,17,1,103866.0,5562.0,False,True,6.0,468,5988,ENSG00000260027,196608,a5f6662ca5f01d8a42fb17412a33625039e43b62aee39c8b6f69fb1a3f7b3e4e,f34324c6fde36a4f635f0f1f06cac5d25acd6798
32768,36,196608,98304,18,17,17,1,103866.0,5562.0,False,True,6.0,468,5988,ENSG00000120068,196608,300acae06e73ce99805f70ac0e89e6ae94e891ef64926c918185f1d26b613801,f34324c6fde36a4f635f0f1f06cac5d25acd6798
32768,36,196608,98304,18,17,17,1,103866.0,5562.0,False,True,6.0,468,5988,ENSG00000170689,196608,f5cdc9c83d7ce9ec3cda5ce61383c6044b2f61a37dbc7d2be0b609f834825c19,f34324c6fde36a4f635f0f1f06cac5d25acd6798
32768,36,196608,98304,18,17,17,1,103866.0,5562.0,False,True,6.0,468,5988,ENSG00000159184,196608,a3204b3bb2a57bae86b622d18eaed0d682a065e92fcaa1c986eb1e5c626018b6,f34324c6fde36a4f635f0f1f06cac5d25acd6798
32768,36,196608,98304,18,17,17,1,103866.0,5562.0,False,True,6.0,468,5988,ENSG00000198353,196608,673b1faffda24fcb5417da5aad81719eee40c34f8ca1a022f25def808ec45d86,f34324c6fde36a4f635f0f1f06cac5d25acd6798
32768,36,196608,98304,18,17,17,1,103866.0,5562.0,False,True,6.0,468,5988,ENSG00000172789,196608,e4738c3259cafcb851fac05ca756e2ade4d6b6efc4133bee19569e62c45a47f0,f34324c6fde36a4f635f0f1f06cac5d25acd6798
32768,36,196608,98304,18,17,17,1,103866.0,5562.0,False,True,6.0,468,5988,ENSG00000197757,196608,856dedc36cbd1c1535a3e530f7572d29ff4e23bad95f972bc7fbcc230ec118d7,f34324c6fde36a4f635f0f1f06cac5d25acd6798
32768,36,196608,98304,18,17,17,1,103866.0,5562.0,False,True,6.0,468,5988,ENSG00000037965,196608,225dbb094d615353f7ea21d449aa3171f20085f8272f1bf5ee00358b3ecf7301,f34324c6fde36a4f635f0f1f06cac5d25acd6798
32768,36,196608,98304,18,17,17,1,103866.0,5562.0,False,True,6.0,468,5988,ENSG00000180806,196608,95f46904365a96def7d015423c3b65d6189864f5582ed6bfda9fa02eb69482ad,f34324c6fde36a4f635f0f1f06cac5d25acd6798
32768,36,196608,98304,18,17,17,1,103866.0,5562.0,False,True,6.0,468,5988,ENSG00000180818,196608,93f74195f7da4e7ccad35a47cb3185d3df569fc0a0f5fd68e0daecf0a4f8953b,f34324c6fde36a4f635f0f1f06cac5d25acd6798
32768,36,196608,98304,18,17,17,1,103866.0,5562.0,False,True,6.0,468,5988,ENSG00000123388,196608,cc359c0560572adcab668a3af88d199ba1bf92e5bf556e660078d8d5d861d6ad,f34324c6fde36a4f635f0f1f06cac5d25acd6798
32768,36,196608,98304,18,17,17,1,103866.0,5562.0,False,True,6.0,468,5988,ENSG00000123407,196608,49eb915be3e2d08db8d919a53b6ce0372c3a7ced14c19f2c0bbee4c4e231bfa7,f34324c6fde36a4f635f0f1f06cac5d25acd6798
32768,36,196608,98304,18,17,17,1,103866.0,5562.0,False,True,6.0,468,5988,ENSG00000123364,196608,612618a2ea0e4d401072150c4f21cec8d6a4c9eca90ab017757d923c616ad96b,f34324c6fde36a4f635f0f1f06cac5d25acd6798
32768,36,196608,98304,18,17,17,1,103866.0,5562.0,False,True,6.0,468,5988,ENSG00000128645,196608,c5f957206cb81c75f81dcb2e8540cb2ee333797d172c2abd6357e7e05ae7df0e,f34324c6fde36a4f635f0f1f06cac5d25acd6798
32768,36,196608,98304,18,17,17,1,103866.0,5562.0,False,True,6.0,468,5988,ENSG00000128652,196608,01aeb72680b53c63c703b2b42c4dc09ce1cab3f824375ea36f54ec45bc770dab,f34324c6fde36a4f635f0f1f06cac5d25acd6798
32768,36,196608,98304,18,17,17,1,103866.0,5562.0,False,True,6.0,468,5988,ENSG00000170166,196608,e595ec38aa0f8ab3bea8236904956c97c4c89704b281afd1dea9768bbefffb3c,f34324c6fde36a4f635f0f1f06cac5d25acd6798
32768,36,196608,98304,18,17,17,1,103866.0,5562.0,False,True,6.0,468,5988,ENSG00000175879,196608,ac55cd84d16d6cf2180d7ee42143ac32a006f474ace3ebdf0db75856e7fcad8d,f34324c6fde36a4f635f0f1f06cac5d25acd6798
32768,36,196608,98304,18,17,17,1,103866.0,5562.0,False,True,6.0,468,5988,ENSG00000128709,196608,7c13dd5476d5408c8d4d7c8296d2909ae109707d0c81b9da921b19ca0b205cb5,f34324c6fde36a4f635f0f1f06cac5d25acd6798
32768,36,196608,98304,18,17,17,1,103866.0,5562.0,False,True,6.0,468,5988,ENSG00000128710,196608,9d1473f650b08366923980c52b7650642b48f15dbd557103c7991cdd3a3218d5,f34324c6fde36a4f635f0f1f06cac5d25acd6798
32768,36,196608,98304,18,17,17,1,103866.0,5562.0,False,True,6.0,468,5988,ENSG00000128713,196608,d0ed74fc1920340b2fa1c4583e6b05d88192a3be90f51fd7e3d9ddef7e2b5626,f34324c6fde36a4f635f0f1f06cac5d25acd6798
32768,36,196608,98304,18,17,17,1,103866.0,5562.0,False,True,6.0,468,5988,ENSG00000170178,196608,089d70dfab6301b296c7f02645c3d85b42da9883e8b1bcc555a766546f2c1af5,f34324c6fde36a4f635f0f1f06cac5d25acd6798
32768,36,196608,98304,18,17,17,1,103866.0,5562.0,False,True,6.0,468,5988,ENSG00000128714,196608,3ca82420a78d76fbd5840485b99d395ae8fbed0e8deb01380d5f1b17a64e8174,f34324c6fde36a4f635f0f1f06cac5d25acd6798
32768,36,196608,98304,18,17,17,1,103866.0,5562.0,False,True,6.0,468,5988,ENSG00000125968,196608,50ab8b865cb45a3fac5bee2c1f315a009e29f6d071487e4c8c98a7cdfe5eb70c,f34324c6fde36a4f635f0f1f06cac5d25acd6798
32768,36,196608,98304,18,17,17,1,103866.0,5562.0,False,True,6.0,468,5988,ENSG00000115738,196608,acf34d1aa26cf2dce0c6f7128e17d43fc952a8924d5d3ea2bd5b249d872070a0,f34324c6fde36a4f635f0f1f06cac5d25acd6798
32768,36,196608,98304,18,17,17,1,103866.0,5562.0,False,True,6.0,468,5988,ENSG00000117318,196608,8db10b147b81be7289caf1fcd0ba3b09afa2df0885ab7aff7c2b7f7ecfabb2fc,f34324c6fde36a4f635f0f1f06cac5d25acd6798
32768,36,196608,98304,18,17,17,1,103866.0,5562.0,False,True,6.0,468,5988,ENSG00000172201,196608,1fba531b4a26a2e39610eae34d9c02388960d759ae272a32b4bdac6f23236cb4,f34324c6fde36a4f635f0f1f06cac5d25acd6798
32768,36,196608,98304,18,17,17,1,103866.0,5562.0,False,True,6.0,468,5988,ENSG00000132740,196608,eb62e193464e1d67fe99c1c321132548013c317aea24c204f250e714186b8cf1,f34324c6fde36a4f635f0f1f06cac5d25acd6798
32768,36,196608,98304,18,17,17,1,103866.0,5562.0,False,True,6.0,468,5988,ENSG00000269335,196608,f465315e73fc9624049b3e66c7dae3676bbe076398d5a04a62b61831646f6798,f34324c6fde36a4f635f0f1f06cac5d25acd6798
32768,36,196608,98304,18,17,17,1,103866.0,5562.0,False,True,6.0,468,5988,ENSG00000185811,196608,7b2a9cf464f2962afa645aaa59320776265ce400a3b1e81cdfee888a36841132,f34324c6fde36a4f635f0f1f06cac5d25acd6798
32768,36,196608,98304,18,17,17,1,103866.0,5562.0,False,True,6.0,468,5988,ENSG00000030419,196608,6ea54aa759276d23d6255a3f9d161fb9613c4482117a71afe37d0229216dcaf2,f34324c6fde36a4f635f0f1f06cac5d25acd6798
32768,36,196608,98304,18,17,17,1,103866.0,5562.0,False,True,6.0,468,5988,ENSG00000161405,196608,dce2cdcea379f516271d642365a4b4e065f2b93d5b33a20075b111c92519e787,f34324c6fde36a4f635f0f1f06cac5d25acd6798
32768,36,196608,98304,18,17,17,1,103866.0,5562.0,False,True,6.0,468,5988,ENSG00000123411,196608,13a9437601abf4354ad6a35f8fcb9f9b020dc36ddf4930069895f448622d5989,f34324c6fde36a4f635f0f1f06cac5d25acd6798
32768,36,196608,98304,18,17,17,1,103866.0,5562.0,False,True,6.0,468,5988,ENSG00000095574,196608,f71d819ceef9267f565cd66bcc385b27572c4a25254cf456872d2fd0df089f47,f34324c6fde36a4f635f0f1f06cac5d25acd6798
32768,36,196608,98304,18,17,17,1,103866.0,5562.0,False,True,6.0,468,5988,ENSG00000115274,196608,a1333bfa25225b57d8242b34b51197ef96d063da096deea3e4dbdc572b52857b,f34324c6fde36a4f635f0f1f06cac5d25acd6798
32768,36,196608,98304,18,17,17,1,103866.0,5562.0,False,True,6.0,468,5988,ENSG00000173404,196608,b838530405a0dc2062e94ede530e5a00170ba4d7af70c2ddd77b52837ffd54f0,f34324c6fde36a4f635f0f1f06cac5d25acd6798
32768,36,196608,98304,18,17,17,1,103866.0,5562.0,False,True,6.0,468,5988,ENSG00000168348,196608,41dc908c37c99e979e4da270bda4482f8f0d20b3de472d51803fd921be6fd501,f34324c6fde36a4f635f0f1f06cac5d25acd6798
32768,36,196608,98304,18,17,17,1,103866.0,5562.0,False,True,6.0,468,5988,ENSG00000170549,196608,e201e0509a66b3db79ecf62eb2120919f0709fba498ad8cdfda4298fc295c977,f34324c6fde36a4f635f0f1f06cac5d25acd6798
32768,36,196608,98304,18,17,17,1,103866.0,5562.0,False,True,6.0,468,5988,ENSG00000170561,196608,06a4e34a767240d1403a3cebf551af4a08e828566ba5b0da6a7462d37d1517bf,f34324c6fde36a4f635f0f1f06cac5d25acd6798
32768,36,196608,98304,18,17,17,1,103866.0,5562.0,False,True,6.0,468,5988,ENSG00000177508,196608,8d48a6ff5e614be402b9c84dfee3a773e3f78630cea18bd2ab93acc95a98e29e,f34324c6fde36a4f635f0f1f06cac5d25acd6798
32768,36,196608,98304,18,17,17,1,103866.0,5562.0,False,True,6.0,468,5988,ENSG00000113430,196608,4c00f92fc10b620e516c3d32c3c287c89484b0b8a6f76ca8c5250fbec7f39a20,f34324c6fde36a4f635f0f1f06cac5d25acd6798
32768,36,196608,98304,18,17,17,1,103866.0,5562.0,False,True,6.0,468,5988,ENSG00000176842,196608,93a6ec7e93302de02440199ff4e1311134595ea78b6ca170f576f3e98c39f785,f34324c6fde36a4f635f0f1f06cac5d25acd6798
32768,36,196608,98304,18,17,17,1,103866.0,5562.0,False,True,6.0,468,5988,ENSG00000159387,196608,3552c6af5878ba3ecf8e34794d5d7d3ecde7d8f54215c01aefbfad9bf4bb04ae,f34324c6fde36a4f635f0f1f06cac5d25acd6798
32768,36,196608,98304,18,17,17,1,103866.0,5562.0,False,True,6.0,468,5988,ENSG00000016082,196608,e9105a521a7758be44e6e284cb94a3a7ccded69f5e34d2cf07f52fd4f7c8cc1a,f34324c6fde36a4f635f0f1f06cac5d25acd6798
32768,36,196608,98304,18,17,17,1,103866.0,5562.0,False,True,6.0,468,5988,ENSG00000159556,196608,bbb6cc946ea70a2758d64178362251ac6bca8d78b91344d0764067cddf4ddf32,f34324c6fde36a4f635f0f1f06cac5d25acd6798
32768,36,196608,98304,18,17,17,1,103866.0,5562.0,False,True,6.0,468,5988,ENSG00000175329,196608,e4fae496901f39fba1c8cc881d94ee2142ce9e4033a7e10b209dcc58cc9913ef,f34324c6fde36a4f635f0f1f06cac5d25acd6798
32768,36,196608,98304,18,17,17,1,103866.0,5562.0,False,True,6.0,468,5988,ENSG00000153814,196608,5bc9069559c46dffced3c63d70022a7bc0af7eeb8a80edde22e4bce8e06eed70,f34324c6fde36a4f635f0f1f06cac5d25acd6798
32768,36,196608,98304,18,17,17,1,103866.0,5562.0,False,True,6.0,468,5988,ENSG00000177606,196608,54ba13fd8d4717c9b9e7609388e3b1430a50dda85e8c3bb5ec59aec25bd058a4,f34324c6fde36a4f635f0f1f06cac5d25acd6798
32768,36,196608,98304,18,17,17,1,103866.0,5562.0,False,True,6.0,468,5988,ENSG00000171223,196608,5d2b45388b0bd62772023e3cd5e274832950160f014dc067dbb6c5faea371f88,f34324c6fde36a4f635f0f1f06cac5d25acd6798
32768,36,196608,98304,18,17,17,1,103866.0,5562.0,False,True,6.0,468,5988,ENSG00000130522,196608,4332067b0baa04f53c64bd9dff36052e3240d57e755f3c7a992dfe532331f239,f34324c6fde36a4f635f0f1f06cac5d25acd6798
32768,36,196608,98304,18,17,17,1,103866.0,5562.0,False,True,6.0,468,5988,ENSG00000172977,196608,091383747f947d2f37842a45f2f1cc96e37a79544d48feb52f6546c09012d395,f34324c6fde36a4f635f0f1f06cac5d25acd6798
32768,36,196608,98304,18,17,17,1,103866.0,5562.0,False,True,6.0,468,5988,ENSG00000083168,196608,b2c284b062dd2ea32d05d49345e38ffe2b5fae8e53d41bd3f1fa66551971e365,f34324c6fde36a4f635f0f1f06cac5d25acd6798
32768,36,196608,98304,18,17,17,1,103866.0,5562.0,False,True,6.0,468,5988,ENSG00000156650,196608,3d57c8f87de61311bc95c35c33a1edf62817954bdffd2943f5e41a3858baac96,f34324c6fde36a4f635f0f1f06cac5d25acd6798
32768,36,196608,98304,18,17,17,1,103866.0,5562.0,False,True,6.0,468,5988,ENSG00000136504,196608,028338cf46a1b848844f0f3cb560edeb6cbe604d3af3e060e333d919742de7dc,f34324c6fde36a4f635f0f1f06cac5d25acd6798
32768,36,196608,98304,18,17,17,1,103866.0,5562.0,False,True,6.0,468,5988,ENSG00000103510,196608,dfdf3c34560aa8a30b1d9828e95876427e157a99aee3749f1f55db9c7de03f62,f34324c6fde36a4f635f0f1f06cac5d25acd6798
32768,36,196608,98304,18,17,17,1,103866.0,5562.0,False,True,6.0,468,5988,ENSG00000176407,196608,c2bd4ff01628d760f7bdef96f2cf9f11c2542368bb5961ee267f0589593449db,f34324c6fde36a4f635f0f1f06cac5d25acd6798
32768,36,196608,98304,18,17,17,1,103866.0,5562.0,False,True,6.0,468,5988,ENSG00000165097,196608,8f603c1fe4097fd02c734bcd474415a8f2c1fd3ec19c66f6dd66efa6721e30a5,f34324c6fde36a4f635f0f1f06cac5d25acd6798
32768,36,196608,98304,18,17,17,1,103866.0,5562.0,False,True,6.0,468,5988,ENSG00000173120,196608,26653ddecc5719f75ef8358a6b3e15a740de2b4e0a1b5fba55f83987a442649f,f34324c6fde36a4f635f0f1f06cac5d25acd6798
32768,36,196608,98304,18,17,17,1,103866.0,5562.0,False,True,6.0,468,5988,ENSG00000089094,196608,e4954991a6f9138e57afc03b32d2abb4ce64d92218717cb9aa4227414a4e8bc8,f34324c6fde36a4f635f0f1f06cac5d25acd6798
32768,36,196608,98304,18,17,17,1,103866.0,5562.0,False,True,6.0,468,5988,ENSG00000105610,196608,f6d65870cc57863750ee3dd476449a6068faa92e6f91271e8034c3c50586d752,f34324c6fde36a4f635f0f1f06cac5d25acd6798
32768,36,196608,98304,18,17,17,1,103866.0,5562.0,False,True,6.0,468,5988,ENSG00000127528,196608,c10f15cdfb8074f521b53feaf77c8fd76bbf57a60dfcc00b3b4340ae4051acb8,f34324c6fde36a4f635f0f1f06cac5d25acd6798
32768,36,196608,98304,18,17,17,1,103866.0,5562.0,False,True,6.0,468,5988,ENSG00000109787,196608,4cde91b5ee78782b92172867c415ac0f57c28bd8fe926216ad67c518eb14f151,f34324c6fde36a4f635f0f1f06cac5d25acd6798
32768,36,196608,98304,18,17,17,1,103866.0,5562.0,False,True,6.0,468,5988,ENSG00000136826,196608,3da7f52a0d49c7b8d19a903a7873d3acdbc002f956b900a2b9e6a6ee48dd7d22,f34324c6fde36a4f635f0f1f06cac5d25acd6798
32768,36,196608,98304,18,17,17,1,103866.0,5562.0,False,True,6.0,468,5988,ENSG00000102554,196608,a5c8a47b40167d9e14a32b9d65dee5b4d13f304ed10383914391691e40f49ac7,f34324c6fde36a4f635f0f1f06cac5d25acd6798
32768,36,196608,98304,18,17,17,1,103866.0,5562.0,False,True,6.0,468,5988,ENSG00000067082,196608,177b169021058ca84bff0ab25ca637516e25907001cf6bb1fbe4396578d46c36,f34324c6fde36a4f635f0f1f06cac5d25acd6798
32768,36,196608,98304,18,17,17,1,103866.0,5562.0,False,True,6.0,468,5988,ENSG00000118263,196608,dd85bd82da66a132ab7bb60588f305b866c10fe1aa05cf6e3e1abcfbeba282e7,f34324c6fde36a4f635f0f1f06cac5d25acd6798
32768,36,196608,98304,18,17,17,1,103866.0,5562.0,False,True,6.0,468,5988,ENSG00000102349,196608,94b0d23d295fa3ce6b9c8618bd15b2339d718265699cd5178bbe546c31afc5df,f34324c6fde36a4f635f0f1f06cac5d25acd6798
32768,36,196608,98304,18,17,17,1,103866.0,5562.0,False,True,6.0,468,5988,ENSG00000119138,196608,f5a7061d7c39d3f5223b7fb37a59c5f0fa4a32eb2c24fc8878bf2cd022bc6379,f34324c6fde36a4f635f0f1f06cac5d25acd6798
32768,36,196608,98304,18,17,17,1,103866.0,5562.0,False,True,6.0,468,5988,ENSG00000155090,196608,0ec87cb6a1a30f8f83a9e2208ad40ca79c465194ada67f377fabdf04a9b3338a,f34324c6fde36a4f635f0f1f06cac5d25acd6798
32768,36,196608,98304,18,17,17,1,103866.0,5562.0,False,True,6.0,468,5988,ENSG00000172059,196608,6eb1b0e631f723eaa62e55e81ff0bb33d8e87093e541fa708cb15bb48d515869,f34324c6fde36a4f635f0f1f06cac5d25acd6798
32768,36,196608,98304,18,17,17,1,103866.0,5562.0,False,True,6.0,468,5988,ENSG00000118922,196608,a6c205c449dd30e607b0f422c11a640ba16e5ba2a189e579459c655fd4ddacd5,f34324c6fde36a4f635f0f1f06cac5d25acd6798
32768,36,196608,98304,18,17,17,1,103866.0,5562.0,False,True,6.0,468,5988,ENSG00000169926,196608,078ac2a9055c536a96d5c77cf2f57457d78f706ef08d219996bdc3c44ee4d20a,f34324c6fde36a4f635f0f1f06cac5d25acd6798
32768,36,196608,98304,18,17,17,1,103866.0,5562.0,False,True,6.0,468,5988,ENSG00000266265,196608,6374315443e31c81848ab4634021f5fbd5c0d06ba327ac033358b96a97bdfb44,f34324c6fde36a4f635f0f1f06cac5d25acd6798
32768,36,196608,98304,18,17,17,1,103866.0,5562.0,False,True,6.0,468,5988,ENSG00000163884,196608,6b60c367b1923e4b0ef6446dfa1d860f5c200df10ce32545d124ea255d483a6c,f34324c6fde36a4f635f0f1f06cac5d25acd6798
32768,36,196608,98304,18,17,17,1,103866.0,5562.0,False,True,6.0,468,5988,ENSG00000129911,196608,fd2af4c10091c6d6f171c9889cf2e5d582941bb1ff9c120bc0e71ee8314ddfca,f34324c6fde36a4f635f0f1f06cac5d25acd6798
32768,36,196608,98304,18,17,17,1,103866.0,5562.0,False,True,6.0,468,5988,ENSG00000171872,196608,b986691f94dff6f1fb1a2b33dbea9dfe3c70c20a79dc2dd558cc67e559db9ab4,f34324c6fde36a4f635f0f1f06cac5d25acd6798
32768,36,196608,98304,18,17,17,1,103866.0,5562.0,False,True,6.0,468,5988,ENSG00000283039,196608,6476794ed013f0922b865cf2f22b915f7518dee3d722c9b3ffb7c3ed88c193b0,f34324c6fde36a4f635f0f1f06cac5d25acd6798
32768,36,196608,98304,18,17,17,1,103866.0,5562.0,False,True,6.0,468,5988,ENSG00000118058,196608,0da0905c28200392eaf335400e826fc3d38ae4126e7ccc66180e1ba269d0a29c,f34324c6fde36a4f635f0f1f06cac5d25acd6798
32768,36,196608,98304,18,17,17,1,103866.0,5562.0,False,True,6.0,468,5988,ENSG00000272333,196608,b3871b78e7575dada8a9e124f8d053ba2b1d8f6fcb2c814f33e5e1e3f95941ba,f34324c6fde36a4f635f0f1f06cac5d25acd6798
32768,36,196608,98304,18,17,17,1,103866.0,5562.0,False,True,6.0,468,5988,ENSG00000185513,196608,4c6869d7c8707345fad9563fcd99c9e911c5fb7793639382c75f38286363a190,f34324c6fde36a4f635f0f1f06cac5d25acd6798
32768,36,196608,98304,18,17,17,1,103866.0,5562.0,False,True,6.0,468,5988,ENSG00000198945,196608,0cd3e6c9ee9d94f021c1900bb8ed992bd9b034ea9917c7e37ca5f1211f654b77,f34324c6fde36a4f635f0f1f06cac5d25acd6798
32768,36,196608,98304,18,17,17,1,103866.0,5562.0,False,True,6.0,468,5988,ENSG00000154655,196608,fb3be1fbe0c099b8332839a95491a70fb1546d28681be2624f24d23aea42ccb9,f34324c6fde36a4f635f0f1f06cac5d25acd6798
32768,36,196608,98304,18,17,17,1,103866.0,5562.0,False,True,6.0,468,5988,ENSG00000138136,196608,713fe562c15c521e9f2e781ee2c6e04705ca8b0596390e8107be3543129c5740,f34324c6fde36a4f635f0f1f06cac5d25acd6798
32768,36,196608,98304,18,17,17,1,103866.0,5562.0,False,True,6.0,468,5988,ENSG00000179528,196608,4dc2b3fe03c6b347dee873334f4d169d1fd3a72f287dd5a6c36a9f602eb86e55,f34324c6fde36a4f635f0f1f06cac5d25acd6798
32768,36,196608,98304,18,17,17,1,103866.0,5562.0,False,True,6.0,468,5988,ENSG00000138795,196608,b5f5770ab0f00619e30eccd3e0d391ba7d00d4edce8c070c60c8083e7e453842,f34324c6fde36a4f635f0f1f06cac5d25acd6798
32768,36,196608,98304,18,17,17,1,103866.0,5562.0,False,True,6.0,468,5988,ENSG00000275183,196608,1ec3fb392f5f715fc9e9710dacfd693a04f9faaf929c984b8d2d4ec23c718f2a,f34324c6fde36a4f635f0f1f06cac5d25acd6798
32768,36,196608,98304,18,17,17,1,103866.0,5562.0,False,True,6.0,468,5988,ENSG00000213921,196608,b26bfba6d3b955504914b0e649569c54e22dfde37c6bde481226ac37fc04284f,f34324c6fde36a4f635f0f1f06cac5d25acd6798
32768,36,196608,98304,18,17,17,1,103866.0,5562.0,False,True,6.0,468,5988,ENSG00000273706,196608,9bf5c3be14a2c5b15c18fde9d2c146cda8bafb019794fc57532a41bcee66f37b,f34324c6fde36a4f635f0f1f06cac5d25acd6798
32768,36,196608,98304,18,17,17,1,103866.0,5562.0,False,True,6.0,468,5988,ENSG00000106689,196608,72826f5e15b3ed012bf77627ff0c4553d42c1c17c05d78ec4fb86beb1602dd0b,f34324c6fde36a4f635f0f1f06cac5d25acd6798
32768,36,196608,98304,18,17,17,1,103866.0,5562.0,False,True,6.0,468,5988,ENSG00000107187,196608,da2b40962289c7bd4e94d2277ef7c00a17e2421d9d2a572183ed254301fc020d,f34324c6fde36a4f635f0f1f06cac5d25acd6798
32768,36,196608,98304,18,17,17,1,103866.0,5562.0,False,True,6.0,468,5988,ENSG00000121454,196608,8a2930deb882270af66edaa89465461292b2f9313bd49f41dd16909b2324d29a,f34324c6fde36a4f635f0f1f06cac5d25acd6798
32768,36,196608,98304,18,17,17,1,103866.0,5562.0,False,True,6.0,468,5988,ENSG00000089116,196608,8593a57c7964c99902b6519d0a0fc24b4ba6befff3276c2114a90bd1a37b224e,f34324c6fde36a4f635f0f1f06cac5d25acd6798
32768,36,196608,98304,18,17,17,1,103866.0,5562.0,False,True,6.0,468,5988,ENSG00000106852,196608,5bd1e7bfa3dd95c1c88e8302e705abe1bf5d08b6f942d5577a177da078645735,f34324c6fde36a4f635f0f1f06cac5d25acd6798
32768,36,196608,98304,18,17,17,1,103866.0,5562.0,False,True,6.0,468,5988,ENSG00000162624,196608,972e67caf8f43c53b84619ea48abffd544a8304d6741c987c5fe800fe1329164,f34324c6fde36a4f635f0f1f06cac5d25acd6798
32768,36,196608,98304,18,17,17,1,103866.0,5562.0,False,True,6.0,468,5988,ENSG00000143355,196608,f09ad7b03f516d33e0ffd545497a092ff65b174065df7cd656bcf22bfcf8ee0b,f34324c6fde36a4f635f0f1f06cac5d25acd6798
32768,36,196608,98304,18,17,17,1,103866.0,5562.0,False,True,6.0,468,5988,ENSG00000005156,196608,1a296cb9927248a12fb72bf5f939705190f4dff3c2ab5db8704ae5034cb290de,f34324c6fde36a4f635f0f1f06cac5d25acd6798
32768,36,196608,98304,18,17,17,1,103866.0,5562.0,False,True,6.0,468,5988,ENSG00000169756,196608,ebb100e5fb27c059b987feda40412392811533246ffc50ed07a1167231532f37,f34324c6fde36a4f635f0f1f06cac5d25acd6798
32768,36,196608,98304,18,17,17,1,103866.0,5562.0,False,True,6.0,468,5988,ENSG00000072163,196608,f57195f0680b3c174f5d0a32fa077e171cbaa116af9dc170f8abcbe245168be1,f34324c6fde36a4f635f0f1f06cac5d25acd6798
32768,36,196608,98304,18,17,17,1,103866.0,5562.0,False,True,6.0,468,5988,ENSG00000256977,196608,3885a27519b1ef1b7e3b0f9f3d288e2a9e0a35d546da601ee6b3348c5ee2e041,f34324c6fde36a4f635f0f1f06cac5d25acd6798
32768,36,196608,98304,18,17,17,1,103866.0,5562.0,False,True,6.0,468,5988,ENSG00000256671,196608,2b78c400515994c3ef5ab450cdbf1cd4b2c64a1eb9e3aa779b848ede10394124,f34324c6fde36a4f635f0f1f06cac5d25acd6798
32768,36,196608,98304,18,17,17,1,103866.0,5562.0,False,True,6.0,468,5988,ENSG00000131914,196608,f6fc391729da6a0917e5c240dfb9659dc7e293e22afd8885e03aa43cc4d3bdfd,f34324c6fde36a4f635f0f1f06cac5d25acd6798
32768,36,196608,98304,18,17,17,1,103866.0,5562.0,False,True,6.0,468,5988,ENSG00000187772,196608,9db9d1f94a0e5f3f2f77e9a02cfea1f0747fb64c681bf2d03b4880db5c79ede0,f34324c6fde36a4f635f0f1f06cac5d25acd6798
32768,36,196608,98304,18,17,17,1,103866.0,5562.0,False,True,6.0,468,5988,ENSG00000162761,196608,d3526367529878b1741cab5fd481e545d2e995070e29fbfe339aa102df1b6221,f34324c6fde36a4f635f0f1f06cac5d25acd6798
32768,36,196608,98304,18,17,17,1,103866.0,5562.0,False,True,6.0,468,5988,ENSG00000136944,196608,e4d2df0e7c7b7b42393b98cd53c2fd7418fb3d03f00e1978f15eeea43c80545b,f34324c6fde36a4f635f0f1f06cac5d25acd6798
32768,36,196608,98304,18,17,17,1,103866.0,5562.0,False,True,6.0,468,5988,ENSG00000180318,196608,1b0270dfbdb7ea90460507cdd1ba4ad62429276fc32881b9707c9fe3254d6716,f34324c6fde36a4f635f0f1f06cac5d25acd6798
32768,36,196608,98304,18,17,17,1,103866.0,5562.0,False,True,6.0,468,5988,ENSG00000156150,196608,4c6a4c2689742020957f2d6e6b093fd3f832889bad73ba8004c98e7541ec0788,f34324c6fde36a4f635f0f1f06cac5d25acd6798
32768,36,196608,98304,18,17,17,1,103866.0,5562.0,False,True,6.0,468,5988,ENSG00000052850,196608,d065bde51044397816faad0e401090764c5b1d717b45b0f651c8d44290b9a788,f34324c6fde36a4f635f0f1f06cac5d25acd6798
32768,36,196608,98304,18,17,17,1,103866.0,5562.0,False,True,6.0,468,5988,ENSG00000185722,196608,08f35a5119dabcf8fcc8e52a8d6be970effda616863689d4466df0c94ed60452,f34324c6fde36a4f635f0f1f06cac5d25acd6798
32768,36,196608,98304,18,17,17,1,103866.0,5562.0,False,True,6.0,468,5988,ENSG00000144504,196608,25ccede56a5ff6da6c0f8104e5e7f3fd2ab567ca942ea4a2e6d82aebd862fa34,f34324c6fde36a4f635f0f1f06cac5d25acd6798
32768,36,196608,98304,18,17,17,1,103866.0,5562.0,False,True,6.0,468,5988,ENSG00000106524,196608,767ae780e296ac59c3194468f3c6b53e888cbb4b408d5cc524bacd875b25c2b9,f34324c6fde36a4f635f0f1f06cac5d25acd6798
32768,36,196608,98304,18,17,17,1,103866.0,5562.0,False,True,6.0,468,5988,ENSG00000163516,196608,fc8fa7a89b28400df89193fe9ba0278ea6bfb4bef0e42fbef7bf73221adaebe9,f34324c6fde36a4f635f0f1f06cac5d25acd6798
32768,36,196608,98304,18,17,17,1,103866.0,5562.0,False,True,6.0,468,5988,ENSG00000169188,196608,2f4f7d00de3e7386036359d63fd10fa39eae4d84108b47145805510feb1a0911,f34324c6fde36a4f635f0f1f06cac5d25acd6798
32768,36,196608,98304,18,17,17,1,103866.0,5562.0,False,True,6.0,468,5988,ENSG00000169621,196608,ea1d7d02d5a490a9a044d45b6c4de3fd83416c539c7535795d076fb86aa5ab04,f34324c6fde36a4f635f0f1f06cac5d25acd6798
32768,36,196608,98304,18,17,17,1,103866.0,5562.0,False,True,6.0,468,5988,ENSG00000137074,196608,aa2b45bc1b126fb34dca0b779d00e2581f888084e8eeaa19e00bd09e7d94052e,f34324c6fde36a4f635f0f1f06cac5d25acd6798
32768,36,196608,98304,18,17,17,1,103866.0,5562.0,False,True,6.0,468,5988,ENSG00000169083,196608,dfff47ade5c59a3ab49c695cdfe1cff7a9ea58f8853ea3e6dd60a28f6168dceb,f34324c6fde36a4f635f0f1f06cac5d25acd6798
32768,36,196608,98304,18,17,17,1,103866.0,5562.0,False,True,6.0,468,5988,ENSG00000186103,196608,6f5e3e9feb5afd1208aa8fcb0666738846521b4edca9d0834daec03379d8f4cf,f34324c6fde36a4f635f0f1f06cac5d25acd6798
32768,36,196608,98304,18,17,17,1,103866.0,5562.0,False,True,6.0,468,5988,ENSG00000143437,196608,47fb54619fb63f07ebd501e2ecbb58add363c4061561e72adb081368007f93db,f34324c6fde36a4f635f0f1f06cac5d25acd6798
32768,36,196608,98304,18,17,17,1,103866.0,5562.0,False,True,6.0,468,5988,ENSG00000172379,196608,b7b698185f5651dcbd88cec6b538429f23e22d55bc16b89431bf586ea75874ed,f34324c6fde36a4f635f0f1f06cac5d25acd6798
32768,36,196608,98304,18,17,17,1,103866.0,5562.0,False,True,6.0,468,5988,ENSG00000004848,196608,1bc5ed4e5b9b0c118e6a6c6be4302b072adc959bc755051c702514f6465f05ed,f34324c6fde36a4f635f0f1f06cac5d25acd6798
32768,36,196608,98304,18,17,17,1,103866.0,5562.0,False,True,6.0,468,5988,ENSG00000139352,196608,d6813d97c49e4f7d861e13b7046ebb420686f3c7f9371f0d6c690fb7df4c2c11,f34324c6fde36a4f635f0f1f06cac5d25acd6798
32768,36,196608,98304,18,17,17,1,103866.0,5562.0,False,True,6.0,468,5988,ENSG00000183734,196608,96554bc6cf51514e5f2820c71b4aef779e9642638eac9c33ff3d7eea819ac997,f34324c6fde36a4f635f0f1f06cac5d25acd6798
32768,36,196608,98304,18,17,17,1,103866.0,5562.0,False,True,6.0,468,5988,ENSG00000176009,196608,6dc3a51459c0cb2fcf7834b678662120d19d5e4d06629d335c39e128723d4fed,f34324c6fde36a4f635f0f1f06cac5d25acd6798
32768,36,196608,98304,18,17,17,1,103866.0,5562.0,False,True,6.0,468,5988,ENSG00000187855,196608,e46ec463538ee13407962b11b2458b8ca219669a16941ef2b37b9a085d551bb2,f34324c6fde36a4f635f0f1f06cac5d25acd6798
32768,36,196608,98304,18,17,17,1,103866.0,5562.0,False,True,6.0,468,5988,ENSG00000232237,196608,5389101b753f8f909491fa38a8ceb391396d9a67395596bb32770c38362a9626,f34324c6fde36a4f635f0f1f06cac5d25acd6798
32768,36,196608,98304,18,17,17,1,103866.0,5562.0,False,True,6.0,468,5988,ENSG00000115966,196608,9bbe26a805da77d10d6a1dde92dd8b56822c35a0db34a329129c55863a95ac54,f34324c6fde36a4f635f0f1f06cac5d25acd6798
32768,36,196608,98304,18,17,17,1,103866.0,5562.0,False,True,6.0,468,5988,ENSG00000170653,196608,66e84b9451dd9238a30eeeba3b0fe3f4751c580d6ed6ea4a8e5800d3330e2989,f34324c6fde36a4f635f0f1f06cac5d25acd6798
32768,36,196608,98304,18,17,17,1,103866.0,5562.0,False,True,6.0,468,5988,ENSG00000145220,196608,57a5ec2f416cbd373137763cf48bb750ebab6dc6cd6316131d4332cde2c1a804,f34324c6fde36a4f635f0f1f06cac5d25acd6798
32768,36,196608,98304,18,17,17,1,103866.0,5562.0,False,True,6.0,468,5988,ENSG00000104903,196608,0e71d7d80d6b4a9e32b2684df5c1120d4caf9fd4ec0f7a78a75e46807a3b74ff,f34324c6fde36a4f635f0f1f06cac5d25acd6798
32768,36,196608,98304,18,17,17,1,103866.0,5562.0,False,True,6.0,468,5988,ENSG00000178573,196608,dee6b98833234bdd8c6c717832d25fc7ab5f3c83c8eb9be4e97eaedda7c146f2,f34324c6fde36a4f635f0f1f06cac5d25acd6798
32768,36,196608,98304,18,17,17,1,103866.0,5562.0,False,True,6.0,468,5988,ENSG00000182759,196608,17c93b1d1ce9078eb955538480cb7e00a638b28bd2670e5808162b06c99d4bcd,f34324c6fde36a4f635f0f1f06cac5d25acd6798
32768,36,196608,98304,18,17,17,1,103866.0,5562.0,False,True,6.0,468,5988,ENSG00000204103,196608,f870623b8426426da9caf1c1dc83c7e95746f55a3f2fc4dc8603ad1146ddf232,f34324c6fde36a4f635f0f1f06cac5d25acd6798
32768,36,196608,98304,18,17,17,1,103866.0,5562.0,False,True,6.0,468,5988,ENSG00000185022,196608,da366fa3af0823efc2563e62a46f1e237f14ebe59d386e4ca94510a958df78b2,f34324c6fde36a4f635f0f1f06cac5d25acd6798
32768,36,196608,98304,18,17,17,1,103866.0,5562.0,False,True,6.0,468,5988,ENSG00000197063,196608,2b8b8ce1509bf460b434a891bc35890111a4e236d6c6a57997a0ec0931a78366,f34324c6fde36a4f635f0f1f06cac5d25acd6798
32768,36,196608,98304,18,17,17,1,103866.0,5562.0,False,True,6.0,468,5988,ENSG00000198517,196608,d986e773cb1653ee4e774c746b45b542feafa1aa5c9f4fb55d0078cfbddd9f53,f34324c6fde36a4f635f0f1f06cac5d25acd6798
32768,36,196608,98304,18,17,17,1,103866.0,5562.0,False,True,6.0,468,5988,ENSG00000015479,196608,2a7b00dc1016544b99928534c6aed63703b99f601e822593579e3c4d1e1cabec,f34324c6fde36a4f635f0f1f06cac5d25acd6798
32768,36,196608,98304,18,17,17,1,103866.0,5562.0,False,True,6.0,468,5988,ENSG00000125952,196608,2c9cb87f151ba2a6b4044afe79db631f501e86b650c5d450e6d6501f15ac250e,f34324c6fde36a4f635f0f1f06cac5d25acd6798
32768,36,196608,98304,18,17,17,1,103866.0,5562.0,False,True,6.0,468,5988,ENSG00000103495,196608,f88341a2a0b7cac93fa6e08cbe9a90c9229c34eeeeebf158a0deeddf3e6fa966,f34324c6fde36a4f635f0f1f06cac5d25acd6798
32768,36,196608,98304,18,17,17,1,103866.0,5562.0,False,True,6.0,468,5988,ENSG00000141644,196608,7d694fc9f2c287d6b74586767307586b6bf4fabcbe960034fd7f5e97deeb5514,f34324c6fde36a4f635f0f1f06cac5d25acd6798
32768,36,196608,98304,18,17,17,1,103866.0,5562.0,False,True,6.0,468,5988,ENSG00000152601,196608,0dd81c3d298be600312edddde20214ef36e2e93a90500662f0efce3795c5abde,f34324c6fde36a4f635f0f1f06cac5d25acd6798
32768,36,196608,98304,18,17,17,1,103866.0,5562.0,False,True,6.0,468,5988,ENSG00000139793,196608,d5f2148524e3320c114cf5247129fa71cb34a8dd70e967455b38d555375d35ae,f34324c6fde36a4f635f0f1f06cac5d25acd6798
32768,36,196608,98304,18,17,17,1,103866.0,5562.0,False,True,6.0,468,5988,ENSG00000076770,196608,9050f68f537a28f6f0bfabdf5db4d033af3a049a15c7fb38c484d17a66aa4ff3,f34324c6fde36a4f635f0f1f06cac5d25acd6798
32768,36,196608,98304,18,17,17,1,103866.0,5562.0,False,True,6.0,468,5988,ENSG00000135679,196608,9414ecd01a53c5186bea23eed46239bddd8d409683813cef8ba6c56127a9725c,f34324c6fde36a4f635f0f1f06cac5d25acd6798
32768,36,196608,98304,18,17,17,1,103866.0,5562.0,False,True,6.0,468,5988,ENSG00000198625,196608,99135b52279e463c8eb9f6328cbab5e1086472af6b72d18140d5b833d16a2cdb,f34324c6fde36a4f635f0f1f06cac5d25acd6798
32768,36,196608,98304,18,17,17,1,103866.0,5562.0,False,True,6.0,468,5988,ENSG00000085276,196608,511ee6d6957a2bf52158261be813b92edfefd73c95353082676a54d110850aaf,f34324c6fde36a4f635f0f1f06cac5d25acd6798
32768,36,196608,98304,18,17,17,1,103866.0,5562.0,False,True,6.0,468,5988,ENSG00000143995,196608,bf4bfbeae361be940acfca089513a88ef0c28d8cb8329c873e3f1607ca2c6149,f34324c6fde36a4f635f0f1f06cac5d25acd6798
32768,36,196608,98304,18,17,17,1,103866.0,5562.0,False,True,6.0,468,5988,ENSG00000134138,196608,e5a56b68a58b418dde6b1419ae2efc6757b65c2980a13a46658ac0ea90b20a7a,f34324c6fde36a4f635f0f1f06cac5d25acd6798
32768,36,196608,98304,18,17,17,1,103866.0,5562.0,False,True,6.0,468,5988,ENSG00000105419,196608,d95accdd8d086048e567f26f1036fb67610f0ed27b6cbe3805db5b084b5854b2,f34324c6fde36a4f635f0f1f06cac5d25acd6798
32768,36,196608,98304,18,17,17,1,103866.0,5562.0,False,True,6.0,468,5988,ENSG00000005102,196608,a42ca25848a595dd79b6706180d56e107a816a8c9630e8f0c1be430cd688733f,f34324c6fde36a4f635f0f1f06cac5d25acd6798
32768,36,196608,98304,18,17,17,1,103866.0,5562.0,False,True,6.0,468,5988,ENSG00000106511,196608,8a19c38cd44c4ac4d0216938a8d60932368872131fc9ecd570ac3e0f7b901cad,f34324c6fde36a4f635f0f1f06cac5d25acd6798
32768,36,196608,98304,18,17,17,1,103866.0,5562.0,False,True,6.0,468,5988,ENSG00000166823,196608,88ce5593558b64e18c0de796719de815528c6e817f3b653f7d5be0ce9326d0ea,f34324c6fde36a4f635f0f1f06cac5d25acd6798
32768,36,196608,98304,18,17,17,1,103866.0,5562.0,False,True,6.0,468,5988,ENSG00000188095,196608,f481ed0947863a9dbaaa307ebb1dee47473ad262910c34e042697f5222d128e6,f34324c6fde36a4f635f0f1f06cac5d25acd6798
32768,36,196608,98304,18,17,17,1,103866.0,5562.0,False,True,6.0,468,5988,ENSG00000174197,196608,8fe55bb250e4dc058dc837e60e79dc23b666c5b8fb3395e2c8c19be42a9e7103,f34324c6fde36a4f635f0f1f06cac5d25acd6798
32768,36,196608,98304,18,17,17,1,103866.0,5562.0,False,True,6.0,468,5988,ENSG00000101752,196608,d84414d96a73fc21b9bbf5e23ad8de39bc7869e916848440972ab8aa22128e73,f34324c6fde36a4f635f0f1f06cac5d25acd6798
32768,36,196608,98304,18,17,17,1,103866.0,5562.0,False,True,6.0,468,5988,ENSG00000197530,196608,f15868e8bb176744ace2467a375a795ca21e148fdbd732c5e57af63b7fe9723b,f34324c6fde36a4f635f0f1f06cac5d25acd6798
32768,36,196608,98304,18,17,17,1,103866.0,5562.0,False,True,6.0,468,5988,ENSG00000187098,196608,a3a86cc288b45b62ddba21183cc3fe8f46a55aabc7b0a575196e081aed8855f8,f34324c6fde36a4f635f0f1f06cac5d25acd6798
32768,36,196608,98304,18,17,17,1,103866.0,5562.0,False,True,6.0,468,5988,ENSG00000185155,196608,d0f94f0ba48ac45c16781c890d26dde31751985bbbebb3363579055598606357,f34324c6fde36a4f635f0f1f06cac5d25acd6798
32768,36,196608,98304,18,17,17,1,103866.0,5562.0,False,True,6.0,468,5988,ENSG00000133606,196608,0ebf0e92d8067cd54914794f5fcc5866b6c360815285000d3c6c8cfe901de5fc,f34324c6fde36a4f635f0f1f06cac5d25acd6798
32768,36,196608,98304,18,17,17,1,103866.0,5562.0,False,True,6.0,468,5988,ENSG00000075975,196608,9789ea062f0d2b1eaea22f68ec707374fa07298aa40475e1da233ddd15a14612,f34324c6fde36a4f635f0f1f06cac5d25acd6798
32768,36,196608,98304,18,17,17,1,103866.0,5562.0,False,True,6.0,468,5988,ENSG00000179455,196608,54df558e746d8cf88b8a55e182b0862472fa5d11ddbac9199054d2b57b40ef53,f34324c6fde36a4f635f0f1f06cac5d25acd6798
32768,36,196608,98304,18,17,17,1,103866.0,5562.0,False,True,6.0,468,5988,ENSG00000150051,196608,2d682631e4a6fad94088a04a64e61e57ff1d6ced85a83d466f146e339c4d4fc0,f34324c6fde36a4f635f0f1f06cac5d25acd6798
32768,36,196608,98304,18,17,17,1,103866.0,5562.0,False,True,6.0,468,5988,ENSG00000108788,196608,646173bf9ab4fb1545429915707006196a6b806d60a393c6f6173540a82f9946,f34324c6fde36a4f635f0f1f06cac5d25acd6798
32773,36,196608,98304,18,17,17,1,103866.0,5562.0,False,True,5.9990846123333235,483,5988,ENSG00000175727,196608,32f5936fe3b8bc6a211e2fd70a497ee27d1964ea9bf8ac6f313b192c16d55789,f34324c6fde36a4f635f0f1f06cac5d25acd6798
32768,36,196608,98304,18,17,17,1,103866.0,5562.0,False,True,6.0,468,5988,ENSG00000009950,196608,660112dd46374b834a009d0b50f8788acb9f9bc4d9de6673f4eed806abe36328,f34324c6fde36a4f635f0f1f06cac5d25acd6798
32768,36,196608,98304,18,17,17,1,103866.0,5562.0,False,True,6.0,468,5988,ENSG00000070444,196608,191789457d70d6de68f268d252ad2ef0f5d82c800d118c134c7da35b97c0a454,f34324c6fde36a4f635f0f1f06cac5d25acd6798
32768,36,196608,98304,18,17,17,1,103866.0,5562.0,False,True,6.0,468,5988,ENSG00000130675,196608,8a3a5868ecd84c529745410f7ca0c789af749d073be42884de5ec1f684915004,f34324c6fde36a4f635f0f1f06cac5d25acd6798
32768,36,196608,98304,18,17,17,1,103866.0,5562.0,False,True,6.0,468,5988,ENSG00000114487,196608,b423d51f3dfd1341b2dfa79b7e575b27f1f39a87e3bd00579fee1b3a6480b325,f34324c6fde36a4f635f0f1f06cac5d25acd6798
32768,36,196608,98304,18,17,17,1,103866.0,5562.0,False,True,6.0,468,5988,ENSG00000133422,196608,0bcfbc3eac7ce781f9c8685fe72002915f3c61070f3e4eef3d6bc3cbaccdd7f8,f34324c6fde36a4f635f0f1f06cac5d25acd6798
32768,36,196608,98304,18,17,17,1,103866.0,5562.0,False,True,6.0,468,5988,ENSG00000159256,196608,3d401dac62785b309cf8623e59519895db41b8cab3569d85a73dd3b6b676d845,f34324c6fde36a4f635f0f1f06cac5d25acd6798
32768,36,196608,98304,18,17,17,1,103866.0,5562.0,False,True,6.0,468,5988,ENSG00000133131,196608,b736559068fefad5854ff96d8c6f2833138b98f37e1aa9d42d41385f9a2dfea3,f34324c6fde36a4f635f0f1f06cac5d25acd6798
32768,36,196608,98304,18,17,17,1,103866.0,5562.0,False,True,6.0,468,5988,ENSG00000178860,196608,611a161f890e38b3b5e87933e0c6ebf858f87a3c64d91127b5bba2faf020b460,f34324c6fde36a4f635f0f1f06cac5d25acd6798
32768,36,196608,98304,18,17,17,1,103866.0,5562.0,False,True,6.0,468,5988,ENSG00000166343,196608,7eac6992e79fa78b3692cf1c7dca776d702f26b62a195f92ec4ecca642ba752d,f34324c6fde36a4f635f0f1f06cac5d25acd6798
32768,36,196608,98304,18,17,17,1,103866.0,5562.0,False,True,6.0,468,5988,ENSG00000163132,196608,33d16de931995e0a82787bb40d04299f93aee68eb1e75efb7a4b6612d349a6af,f34324c6fde36a4f635f0f1f06cac5d25acd6798
32768,36,196608,98304,18,17,17,1,103866.0,5562.0,False,True,6.0,468,5988,ENSG00000120149,196608,e8c05bd05f9c979db29ba45a2276fb816b8bab57097beb1003f19a271d252760,f34324c6fde36a4f635f0f1f06cac5d25acd6798
32768,36,196608,98304,18,17,17,1,103866.0,5562.0,False,True,6.0,468,5988,ENSG00000182979,196608,2f8919c618373f10f77f3d38e49bbff6526e57823ebe167679c8636b3cd6722b,f34324c6fde36a4f635f0f1f06cac5d25acd6798
32768,36,196608,98304,18,17,17,1,103866.0,5562.0,False,True,6.0,468,5988,ENSG00000149480,196608,2b45ee4e476e853fce08b6287971b63a0fd1a181b830039fe073d4874eda09bb,f34324c6fde36a4f635f0f1f06cac5d25acd6798
32768,36,196608,98304,18,17,17,1,103866.0,5562.0,False,True,6.0,468,5988,ENSG00000057935,196608,e1174dc5f7cae81cef1cb6496d5cd8372d19ede5e2aae560158c3fd24275e1b2,f34324c6fde36a4f635f0f1f06cac5d25acd6798
32768,36,196608,98304,18,17,17,1,103866.0,5562.0,False,True,6.0,468,5988,ENSG00000188786,196608,ade397fc978a2ce742564352d4b409212708c9f7c37cbc6826002c3678156142,f34324c6fde36a4f635f0f1f06cac5d25acd6798
32768,36,196608,98304,18,17,17,1,103866.0,5562.0,False,True,6.0,468,5988,ENSG00000100330,196608,e85944e888dd433b620f9df3e7b6c61dba3d9f24b438d0ea4c35cb8db4afe013,f34324c6fde36a4f635f0f1f06cac5d25acd6798
32768,36,196608,98304,18,17,17,1,103866.0,5562.0,False,True,6.0,468,5988,ENSG00000108389,196608,8d9630c034fb3e0271d35fb9f365f96b3c497cd1bd9ad32bab538116e5bbc0d1,f34324c6fde36a4f635f0f1f06cac5d25acd6798
32768,36,196608,98304,18,17,17,1,103866.0,5562.0,False,True,6.0,468,5988,ENSG00000059728,196608,c907c473c744e07278ea1a78c981116c8a83bbb75f0d499981d955feab62eb92,f34324c6fde36a4f635f0f1f06cac5d25acd6798
32768,36,196608,98304,18,17,17,1,103866.0,5562.0,False,True,6.0,468,5988,ENSG00000213347,196608,df0e75d1df03879e26411f58282ac4f0573752620f8a2c982fbeb6a9d1ad3659,f34324c6fde36a4f635f0f1f06cac5d25acd6798
32768,36,196608,98304,18,17,17,1,103866.0,5562.0,False,True,6.0,468,5988,ENSG00000123933,196608,46891d8c33ee337f2056ca7956cc773bc498ad4ed58ec0d0f1afeddcee9d71b5,f34324c6fde36a4f635f0f1f06cac5d25acd6798
32768,36,196608,98304,18,17,17,1,103866.0,5562.0,False,True,6.0,468,5988,ENSG00000119950,196608,a9558b9f7a5f7381d4cc051eb9baa970796789e6bbc881319854532c796a9c21,f34324c6fde36a4f635f0f1f06cac5d25acd6798
32768,36,196608,98304,18,17,17,1,103866.0,5562.0,False,True,6.0,468,5988,ENSG00000136997,196608,54c8aefd1586ce6fa77e0e808a57b7a0fc545f6c47bc12084ba28870b702e753,f34324c6fde36a4f635f0f1f06cac5d25acd6798
32768,36,196608,98304,18,17,17,1,103866.0,5562.0,False,True,6.0,468,5988,ENSG00000116990,196608,49b36b89dcb029cbc7c1d2139f6a45d815e05c67c3a640c450cfec17e626ddfd,f34324c6fde36a4f635f0f1f06cac5d25acd6798
32768,36,196608,98304,18,17,17,1,103866.0,5562.0,False,True,6.0,468,5988,ENSG00000134323,196608,bba2bd648fe75280c78cec45b4b30d7abd70c82520ebe2f2b386ebbc547206f0,f34324c6fde36a4f635f0f1f06cac5d25acd6798
32768,36,196608,98304,18,17,17,1,103866.0,5562.0,False,True,6.0,468,5988,ENSG00000111049,196608,6be6460fde5ba112720caceb8930fdcc55e9a076872f539ad081255b04c671d1,f34324c6fde36a4f635f0f1f06cac5d25acd6798
32768,36,196608,98304,18,17,17,1,103866.0,5562.0,False,True,6.0,468,5988,ENSG00000111046,196608,e560af13bdd795ab91a21856734300d2f981c9e23530c2bc9e662e29f85a5007,f34324c6fde36a4f635f0f1f06cac5d25acd6798
32768,36,196608,98304,18,17,17,1,103866.0,5562.0,False,True,6.0,468,5988,ENSG00000085274,196608,c7fb73931b53446916ebcf6237fdbbf261dfc9925ec2430ca27a42d8b62aeba1,f34324c6fde36a4f635f0f1f06cac5d25acd6798
32768,36,196608,98304,18,17,17,1,103866.0,5562.0,False,True,6.0,468,5988,ENSG00000129152,196608,8895cdce714da18ad38bb277e7f770f036ab792633e8f26f0b0b4a42155314b0,f34324c6fde36a4f635f0f1f06cac5d25acd6798
32768,36,196608,98304,18,17,17,1,103866.0,5562.0,False,True,6.0,468,5988,ENSG00000122180,196608,6d98e944a8ac2ccc61a85b29725dbd232c333aa22b75f3fed9aa5039d72b04dd,f34324c6fde36a4f635f0f1f06cac5d25acd6798
32768,36,196608,98304,18,17,17,1,103866.0,5562.0,False,True,6.0,468,5988,ENSG00000196132,196608,84f0857eac3b82bbb0b30db3234dfe6bbd67684133972089b5ed71f9cc3190f5,f34324c6fde36a4f635f0f1f06cac5d25acd6798
32768,36,196608,98304,18,17,17,1,103866.0,5562.0,False,True,6.0,468,5988,ENSG00000186487,196608,4a64df9a58dd5e0f70e18972ad9e47d9374bd15e2da34369cb214026a19a7a6e,f34324c6fde36a4f635f0f1f06cac5d25acd6798
86123,93,196608,98304,46,74,74,-28,43463.0,-54841.0,False,True,2.282874493457032,998,5988,ENSG00000099326,196608,5b7b78adb489ff7a515cb0e2d3aea380940262aae0c6f6202afe19cce7b23530,f34324c6fde36a4f635f0f1f06cac5d25acd6798
32768,36,196608,98304,18,17,17,1,103866.0,5562.0,False,True,6.0,468,5988,ENSG00000111704,196608,15c62a4860d833ee76be342ce1966574a483c6b3e2b3305fa7d48b9c78815648,f34324c6fde36a4f635f0f1f06cac5d25acd6798
32768,36,196608,98304,18,17,17,1,103866.0,5562.0,False,True,6.0,468,5988,ENSG00000255192,196608,087fe113b42d5c64678bbdbd93556d34b08e323bee8d541d1b0cc6150632a6f8,f34324c6fde36a4f635f0f1f06cac5d25acd6798
32768,36,196608,98304,18,17,17,1,103866.0,5562.0,False,True,6.0,468,5988,ENSG00000188613,196608,4e4bbc42abd49f316116d8aed35526c8e2bb460569f9dbecda08beb182e80a51,f34324c6fde36a4f635f0f1f06cac5d25acd6798
32768,36,196608,98304,18,17,17,1,103866.0,5562.0,False,True,6.0,468,5988,ENSG00000188425,196608,91395a96c1339847974cd66d83d0f856e7a62b620bb58f2227048a6a8b17f237,f34324c6fde36a4f635f0f1f06cac5d25acd6798
32768,36,196608,98304,18,17,17,1,103866.0,5562.0,False,True,6.0,468,5988,ENSG00000187556,196608,3d76904647c60cc4efbc615613396468f1d422f02b8c140676c5e07936466bb2,f34324c6fde36a4f635f0f1f06cac5d25acd6798
32768,36,196608,98304,18,17,17,1,103866.0,5562.0,False,True,6.0,468,5988,ENSG00000188554,196608,4f0589445ff4a149b2c033378234ff74bceca5efd6c7bfa22f8cd2957697452e,f34324c6fde36a4f635f0f1f06cac5d25acd6798
32768,36,196608,98304,18,17,17,1,103866.0,5562.0,False,True,6.0,468,5988,ENSG00000084676,196608,477b917802901ef8834726fe8d83f9a9bb8f24c43b5500f9166e9598d5674915,f34324c6fde36a4f635f0f1f06cac5d25acd6798
32768,36,196608,98304,18,17,17,1,103866.0,5562.0,False,True,6.0,468,5988,ENSG00000140396,196608,b6877b2ace7034e261a2378defa2c87532b79be57cfcb9e8354b678a745e5149,f34324c6fde36a4f635f0f1f06cac5d25acd6798
32768,36,196608,98304,18,17,17,1,103866.0,5562.0,False,True,6.0,468,5988,ENSG00000124151,196608,41411e6edc0d6214006b461ebb9d68f3b74bd232701e734425c8c5f8d9e9357b,f34324c6fde36a4f635f0f1f06cac5d25acd6798
32768,36,196608,98304,18,17,17,1,103866.0,5562.0,False,True,6.0,468,5988,ENSG00000109674,196608,f3bf301b525660e232915eede8781d0c542958b8d58ea41eb6805c00125213d3,f34324c6fde36a4f635f0f1f06cac5d25acd6798
32768,36,196608,98304,18,17,17,1,103866.0,5562.0,False,True,6.0,468,5988,ENSG00000162992,196608,18f992c40e1079aed202c2304e361fcecc44e88790a5c2b281ec9200828d0a67,f34324c6fde36a4f635f0f1f06cac5d25acd6798
32768,36,196608,98304,18,17,17,1,103866.0,5562.0,False,True,6.0,468,5988,ENSG00000171532,196608,38d3260180e7d5cb8cc2efa2f5a342670e03a2bf8fa374c511f37173f0219405,f34324c6fde36a4f635f0f1f06cac5d25acd6798
32768,36,196608,98304,18,17,17,1,103866.0,5562.0,False,True,6.0,468,5988,ENSG00000123307,196608,3dd3fb65676f8bf5deadcdc712cfe4611d34c2262aec86f782903a020200e695,f34324c6fde36a4f635f0f1f06cac5d25acd6798
32768,36,196608,98304,18,17,17,1,103866.0,5562.0,False,True,6.0,468,5988,ENSG00000164600,196608,7c7dcbd6d0b17fcb0ac6b3212d41f3b19f8b723500c833ef6c1a028fb982dbfa,f34324c6fde36a4f635f0f1f06cac5d25acd6798
32768,36,196608,98304,18,17,17,1,103866.0,5562.0,False,True,6.0,468,5988,ENSG00000181965,196608,e22d789704d37caf717d551d8f7859daf5db1ca512187e5b04efe9c76d1f329b,f34324c6fde36a4f635f0f1f06cac5d25acd6798
32768,36,196608,98304,18,17,17,1,103866.0,5562.0,False,True,6.0,468,5988,ENSG00000178403,196608,9e7e361556e9f9c2f755984d2b3177b2f6f2b3bc5d006f5fd0f77a92e9b393fb,f34324c6fde36a4f635f0f1f06cac5d25acd6798
32768,36,196608,98304,18,17,17,1,103866.0,5562.0,False,True,6.0,468,5988,ENSG00000122859,196608,ebeb4cbeeb2c05ae41ffd78a5d00cd823bd70b2b001f665097393bcff4708129,f34324c6fde36a4f635f0f1f06cac5d25acd6798
32768,36,196608,98304,18,17,17,1,103866.0,5562.0,False,True,6.0,468,5988,ENSG00000086102,196608,0723dc4385e97e687e82d59ec9f1f89217e8f3f361da6e2b360382734c4c2f31,f34324c6fde36a4f635f0f1f06cac5d25acd6798
32768,36,196608,98304,18,17,17,1,103866.0,5562.0,False,True,6.0,468,5988,ENSG00000170448,196608,978b3d2ed934459bb7d11ab7d23ccd937a915c0f2bf153bd38ddc2c2037e1a77,f34324c6fde36a4f635f0f1f06cac5d25acd6798
32768,36,196608,98304,18,17,17,1,103866.0,5562.0,False,True,6.0,468,5988,ENSG00000001167,196608,c00ab92ef7dcb8b74e45a2fa74a086756552117e8b1df6c673fd5c3910ee30b5,f34324c6fde36a4f635f0f1f06cac5d25acd6798
32768,36,196608,98304,18,17,17,1,103866.0,5562.0,False,True,6.0,468,5988,ENSG00000120837,196608,89ebcac757864456ce11cae9afd0b7907f9082151fe0d2b488f1b7c6c3004427,f34324c6fde36a4f635f0f1f06cac5d25acd6798
32768,36,196608,98304,18,17,17,1,103866.0,5562.0,False,True,6.0,468,5988,ENSG00000066136,196608,c5c94917614600dacdb6ca837e747fe50a561ce431c6a69678228c36c245f3f9,f34324c6fde36a4f635f0f1f06cac5d25acd6798
32768,36,196608,98304,18,17,17,1,103866.0,5562.0,False,True,6.0,468,5988,ENSG00000171786,196608,7dcaeb99f8bcb6fe2194ef61564e892d8dfe49798ffa0892018e450fd6a30093,f34324c6fde36a4f635f0f1f06cac5d25acd6798
32768,36,196608,98304,18,17,17,1,103866.0,5562.0,False,True,6.0,468,5988,ENSG00000177551,196608,64be659ec6669defdf1f762f08b5f6b965d545da6c6fcb1535ba593eba1d2b8c,f34324c6fde36a4f635f0f1f06cac5d25acd6798
41613,45,196608,98304,22,26,26,-4,75372.0,-22932.0,False,True,4.724677384471199,998,5988,ENSG00000235608,196608,bc9e6c47906e37c2a0bdccdff3faf99bd8437f6f85e9b1265c013c36a3c9536e,f34324c6fde36a4f635f0f1f06cac5d25acd6798
32768,36,196608,98304,18,17,17,1,103866.0,5562.0,False,True,6.0,468,5988,ENSG00000229544,196608,397ab004e21ae27fb71c74d0a32ab0ff44a7c916141fdc64b98ac3c525928a23,f34324c6fde36a4f635f0f1f06cac5d25acd6798
32768,36,196608,98304,18,17,17,1,103866.0,5562.0,False,True,6.0,468,5988,ENSG00000136352,196608,7c67c400b0f9ef3e3f76e04024d7a2dfa9d94af5ffd831ce6cd811894b23389f,f34324c6fde36a4f635f0f1f06cac5d25acd6798
32768,36,196608,98304,18,17,17,1,103866.0,5562.0,False,True,6.0,468,5988,ENSG00000125820,196608,c6e55460f7b4fe801507f17640034bf31ce292eb237d24f0a1513afd249f4187,f34324c6fde36a4f635f0f1f06cac5d25acd6798
32768,36,196608,98304,18,17,17,1,103866.0,5562.0,False,True,6.0,468,5988,ENSG00000119919,196608,f16885192830d27eb4280e280581c7d901861802fc4c48efbfcae2227b5718e2,f34324c6fde36a4f635f0f1f06cac5d25acd6798
32768,36,196608,98304,18,17,17,1,103866.0,5562.0,False,True,6.0,468,5988,ENSG00000125816,196608,a4d7e8516176666343e15461c665b583cfa340367bf5980e096a63184129977c,f34324c6fde36a4f635f0f1f06cac5d25acd6798
32768,36,196608,98304,18,17,17,1,103866.0,5562.0,False,True,6.0,468,5988,ENSG00000183072,196608,6479016b7863132ced1f5647509ff408d736c3ae0eab43101ad1a8473216516e,f34324c6fde36a4f635f0f1f06cac5d25acd6798
32768,36,196608,98304,18,17,17,1,103866.0,5562.0,False,True,6.0,468,5988,ENSG00000180053,196608,0d1d2109bf8893b3661e52bd022861778cf316f021ac3782150a4fc6c19a070e,f34324c6fde36a4f635f0f1f06cac5d25acd6798
32768,36,196608,98304,18,17,17,1,103866.0,5562.0,False,True,6.0,468,5988,ENSG00000136327,196608,30dca1d0680700726966208d28f3c107b8eb5eb3fca0e788ee6ebcc1fb50b333,f34324c6fde36a4f635f0f1f06cac5d25acd6798
32768,36,196608,98304,18,17,17,1,103866.0,5562.0,False,True,6.0,468,5988,ENSG00000167034,196608,055e1caf97157913e7c22f49507c02300c255a87dfb04398aca8ecfd46e405dc,f34324c6fde36a4f635f0f1f06cac5d25acd6798
32768,36,196608,98304,18,17,17,1,103866.0,5562.0,False,True,6.0,468,5988,ENSG00000109705,196608,f5585360f3014938b49a309981b4ba2c9312473f7bc461b2ecd66c61a21c585a,f34324c6fde36a4f635f0f1f06cac5d25acd6798
32768,36,196608,98304,18,17,17,1,103866.0,5562.0,False,True,6.0,468,5988,ENSG00000163623,196608,74f7436b445f98a827d2de19ce628c2ccd3412f276f893c8d7ee17fd8ff618e9,f34324c6fde36a4f635f0f1f06cac5d25acd6798
32768,36,196608,98304,18,17,17,1,103866.0,5562.0,False,True,6.0,468,5988,ENSG00000148826,196608,06535bdd050f0b0ab6cee7f167373f7dacf70481777e7c5e0415261fe78b31d6,f34324c6fde36a4f635f0f1f06cac5d25acd6798
32768,36,196608,98304,18,17,17,1,103866.0,5562.0,False,True,6.0,468,5988,ENSG00000165066,196608,be90390ab7d5bbfc34e2ecf93abedd3fcfa4697fc930f42111daf0d9bef44bec,f34324c6fde36a4f635f0f1f06cac5d25acd6798
32768,36,196608,98304,18,17,17,1,103866.0,5562.0,False,True,6.0,468,5988,ENSG00000106410,196608,e450284ebbfbae6412b5572e799812caea86558314e506266795c2958ee286dd,f34324c6fde36a4f635f0f1f06cac5d25acd6798
32768,36,196608,98304,18,17,17,1,103866.0,5562.0,False,True,6.0,468,5988,ENSG00000214513,196608,d33c50fec663807ed574a1db1f8942ca73b5172b94a6c4eff08a5fe4849a634a,f34324c6fde36a4f635f0f1f06cac5d25acd6798
32768,36,196608,98304,18,17,17,1,103866.0,5562.0,False,True,6.0,468,5988,ENSG00000130751,196608,5fe4604628f23d9bd697c9287e0e8f2e7bb1d153100d623d1ce490adaa99a3f1,f34324c6fde36a4f635f0f1f06cac5d25acd6798
32768,36,196608,98304,18,17,17,1,103866.0,5562.0,False,True,6.0,468,5988,ENSG00000170485,196608,2fd6ad72b53a5ab6367df4ea84a393b4e6a90e2cc373c3c6f9e2fa7fdff8b209,f34324c6fde36a4f635f0f1f06cac5d25acd6798
32768,36,196608,98304,18,17,17,1,103866.0,5562.0,False,True,6.0,468,5988,ENSG00000151322,196608,91e9ab0a2c580517ed4883d07b15418584752916c4b20a8231cd80fe3e62df71,f34324c6fde36a4f635f0f1f06cac5d25acd6798
32768,36,196608,98304,18,17,17,1,103866.0,5562.0,False,True,6.0,468,5988,ENSG00000174576,196608,09bafb200357429c433311b845e81994dfaafb6fc9aab3b70d2c25cb34594b5b,f34324c6fde36a4f635f0f1f06cac5d25acd6798
32768,36,196608,98304,18,17,17,1,103866.0,5562.0,False,True,6.0,468,5988,ENSG00000182446,196608,8126f53aeb2b681c2680c79024eb39e2b7f3ff8e42c4e24aaec5d6e663ea7864,f34324c6fde36a4f635f0f1f06cac5d25acd6798
32768,36,196608,98304,18,17,17,1,103866.0,5562.0,False,True,6.0,468,5988,ENSG00000126368,196608,a977c2ab1bb4e3a104344e5b0bdcdc0ddb1504c6168c628c316de642c6de2a13,f34324c6fde36a4f635f0f1f06cac5d25acd6798
32768,36,196608,98304,18,17,17,1,103866.0,5562.0,False,True,6.0,468,5988,ENSG00000174738,196608,e1e803aa22aea50810af6d4af362aa1d9fb9bf25e6bc39307012ecbebf656e7c,f34324c6fde36a4f635f0f1f06cac5d25acd6798
32768,36,196608,98304,18,17,17,1,103866.0,5562.0,False,True,6.0,468,5988,ENSG00000131408,196608,ecf336c5e93ae46166814b4c9a0838801fb7bb5640dfc32e5e028a79b421be43,f34324c6fde36a4f635f0f1f06cac5d25acd6798
32768,36,196608,98304,18,17,17,1,103866.0,5562.0,False,True,6.0,468,5988,ENSG00000025434,196608,ef3c310678e646299c033925f45776364e9e6b6ffe60cd692de3d42d9839d1f2,f34324c6fde36a4f635f0f1f06cac5d25acd6798
32768,36,196608,98304,18,17,17,1,103866.0,5562.0,False,True,6.0,468,5988,ENSG00000012504,196608,2599c4c45186480b333f341d3e228d486bec08340fda44b96f8c35975bbf38ed,f34324c6fde36a4f635f0f1f06cac5d25acd6798
32768,36,196608,98304,18,17,17,1,103866.0,5562.0,False,True,6.0,468,5988,ENSG00000144852,196608,c2bced593c6853d4dce99da6669e85e8a7a9a5b857d235735bd7ee7d6d3b3563,f34324c6fde36a4f635f0f1f06cac5d25acd6798
32768,36,196608,98304,18,17,17,1,103866.0,5562.0,False,True,6.0,468,5988,ENSG00000143257,196608,9f430668b62cd6b73947d50d700d38416b59c49287c71c443cf883acbc2322aa,f34324c6fde36a4f635f0f1f06cac5d25acd6798
32768,36,196608,98304,18,17,17,1,103866.0,5562.0,False,True,6.0,468,5988,ENSG00000120798,196608,d67311ea61268073c947e33435fd0a35e494d47a89b24b66fd49c7754c4b281c,f34324c6fde36a4f635f0f1f06cac5d25acd6798
32768,36,196608,98304,18,17,17,1,103866.0,5562.0,False,True,6.0,468,5988,ENSG00000177463,196608,440f0d4d83fb9543f630f4d27cf8ddc2bf48a2dadb645afeadc8e79f0ae2020e,f34324c6fde36a4f635f0f1f06cac5d25acd6798
32768,36,196608,98304,18,17,17,1,103866.0,5562.0,False,True,6.0,468,5988,ENSG00000112333,196608,ffdecd3a29e299d8adc7dadf1d430203d349696f899ed668f0bf6d1994ef13ac,f34324c6fde36a4f635f0f1f06cac5d25acd6798
32768,36,196608,98304,18,17,17,1,103866.0,5562.0,False,True,6.0,468,5988,ENSG00000278570,196608,11e9b1ebb3dcb36701fc5a26383bf4aea4cc434a8510d6c00342c57689fca805,f34324c6fde36a4f635f0f1f06cac5d25acd6798
32768,36,196608,98304,18,17,17,1,103866.0,5562.0,False,True,6.0,468,5988,ENSG00000175745,196608,1a3ad4c9601ad6f80596af0b5f7b2369a56f77e95e69546430a7163b59100a6c,f34324c6fde36a4f635f0f1f06cac5d25acd6798
32768,36,196608,98304,18,17,17,1,103866.0,5562.0,False,True,6.0,468,5988,ENSG00000185551,196608,3217be9925ba7de58c4128ed6aa9d10353f046dc3de5baaa78c44ecbe505f805,f34324c6fde36a4f635f0f1f06cac5d25acd6798
32768,36,196608,98304,18,17,17,1,103866.0,5562.0,False,True,6.0,468,5988,ENSG00000160113,196608,663261f0f8882b62524d7aadd1ed77f11877464782a550248724ce870ae3a47c,f34324c6fde36a4f635f0f1f06cac5d25acd6798
32768,36,196608,98304,18,17,17,1,103866.0,5562.0,False,True,6.0,468,5988,ENSG00000113580,196608,618ee00b3499fa9323ce1cdc05a0676c6d86c97dc486d7e702efb263bbb4f66b,f34324c6fde36a4f635f0f1f06cac5d25acd6798
32768,36,196608,98304,18,17,17,1,103866.0,5562.0,False,True,6.0,468,5988,ENSG00000151623,196608,a71238c14cadca252dfbd578274b922a58e46df14a82c04a2f991bc64e7ee90d,f34324c6fde36a4f635f0f1f06cac5d25acd6798
32768,36,196608,98304,18,17,17,1,103866.0,5562.0,False,True,6.0,468,5988,ENSG00000123358,196608,85e30148897f648f47da187bb1a4b8f03ba93bec8d29b892d091fe2790a74e22,f34324c6fde36a4f635f0f1f06cac5d25acd6798
32768,36,196608,98304,18,17,17,1,103866.0,5562.0,False,True,6.0,468,5988,ENSG00000153234,196608,8875d95bc245df8a4f2d20aa9b71dfc1879da685180dfdfe8dab537d2a203cb7,f34324c6fde36a4f635f0f1f06cac5d25acd6798
32768,36,196608,98304,18,17,17,1,103866.0,5562.0,False,True,6.0,468,5988,ENSG00000119508,196608,940fb22bffd70f93676fc2c36ce20c5194809b5be5a2035a94b005a9d5e58dd9,f34324c6fde36a4f635f0f1f06cac5d25acd6798
32768,36,196608,98304,18,17,17,1,103866.0,5562.0,False,True,6.0,468,5988,ENSG00000136931,196608,74df3e6e9d1c0aa8c6a60e7b088f427c09fbe37efb05116bec8d9a1668c0ac6d,f34324c6fde36a4f635f0f1f06cac5d25acd6798
32768,36,196608,98304,18,17,17,1,103866.0,5562.0,False,True,6.0,468,5988,ENSG00000116833,196608,a8218ebdef197da34939cc085eadbe31f73da80d1d7580bcfd7319d54a6a619d,f34324c6fde36a4f635f0f1f06cac5d25acd6798
32768,36,196608,98304,18,17,17,1,103866.0,5562.0,False,True,6.0,468,5988,ENSG00000148200,196608,1ede9e515ffbd2ae807349e2a0c711341569f1ed807cc2b3751bdbd90ad1b3da,f34324c6fde36a4f635f0f1f06cac5d25acd6798
32768,36,196608,98304,18,17,17,1,103866.0,5562.0,False,True,6.0,468,5988,ENSG00000169297,196608,418741a666acbd42f0691eb2ecd761dee9d8254e593f9ced26e2ed06cfe00f5b,f34324c6fde36a4f635f0f1f06cac5d25acd6798
32768,36,196608,98304,18,17,17,1,103866.0,5562.0,False,True,6.0,468,5988,ENSG00000131910,196608,dec1015c063054e7da95c782573ed60b513041f4b86b20ad148c7639ebdf139b,f34324c6fde36a4f635f0f1f06cac5d25acd6798
32768,36,196608,98304,18,17,17,1,103866.0,5562.0,False,True,6.0,468,5988,ENSG00000115216,196608,f1749717e5c2dc60c87cf3a4e92e83506262089c473b54708de971ce63592613,f34324c6fde36a4f635f0f1f06cac5d25acd6798
32768,36,196608,98304,18,17,17,1,103866.0,5562.0,False,True,6.0,468,5988,ENSG00000185189,196608,e5bdeb60d1ddff6b2486ed2650d31137dee66e1656a4e133361cf5496e554637,f34324c6fde36a4f635f0f1f06cac5d25acd6798
32768,36,196608,98304,18,17,17,1,103866.0,5562.0,False,True,6.0,468,5988,ENSG00000129535,196608,b30bdd3878de03ba3be66600600d9f1e40768e5c92fc8eb9166f6f1dafa0b4ca,f34324c6fde36a4f635f0f1f06cac5d25acd6798
32768,36,196608,98304,18,17,17,1,103866.0,5562.0,False,True,6.0,468,5988,ENSG00000156831,196608,2d606a00d917557600407dd1b69b522388dcbbedd230c89ed414ce1a7ccc2d81,f34324c6fde36a4f635f0f1f06cac5d25acd6798
32768,36,196608,98304,18,17,17,1,103866.0,5562.0,False,True,6.0,468,5988,ENSG00000083635,196608,8dc5fd9db9e4e5e8bd25a4030abe7a8c7aa9bbf273f9828566c0f78a67dcd08e,f34324c6fde36a4f635f0f1f06cac5d25acd6798
32768,36,196608,98304,18,17,17,1,103866.0,5562.0,False,True,6.0,468,5988,ENSG00000136243,196608,9521c7278fff68ed4aa5cb8e7b47375dc8c667240f0802dd3dd516c8e188b03a,f34324c6fde36a4f635f0f1f06cac5d25acd6798
32768,36,196608,98304,18,17,17,1,103866.0,5562.0,False,True,6.0,468,5988,ENSG00000124789,196608,8f55478018e66dc72404f644bfbec92dd1a2d0a366391d0338198807b6ae3e07,f34324c6fde36a4f635f0f1f06cac5d25acd6798
32768,36,196608,98304,18,17,17,1,103866.0,5562.0,False,True,6.0,468,5988,ENSG00000184221,196608,5cc7c0f9d049d65eeca1571bf5241898b70c4438d2b1f6f7ce5abde10d6b2cd1,f34324c6fde36a4f635f0f1f06cac5d25acd6798
32768,36,196608,98304,18,17,17,1,103866.0,5562.0,False,True,6.0,468,5988,ENSG00000205927,196608,967a9a69c0033d44cf31567c651959f3391a11286985a5c7bbcdbb0cbb0c1642,f34324c6fde36a4f635f0f1f06cac5d25acd6798
32768,36,196608,98304,18,17,17,1,103866.0,5562.0,False,True,6.0,468,5988,ENSG00000177468,196608,29cfb091d484c5f4cee2ed12b04921743481e8b11a2994b58edc4a9e33b12ff2,f34324c6fde36a4f635f0f1f06cac5d25acd6798
32768,36,196608,98304,18,17,17,1,103866.0,5562.0,False,True,6.0,468,5988,ENSG00000169856,196608,d6f5a869387ab6e455272304754f8f9fc38761775c14b66feb6b66e80953c3aa,f34324c6fde36a4f635f0f1f06cac5d25acd6798
32768,36,196608,98304,18,17,17,1,103866.0,5562.0,False,True,6.0,468,5988,ENSG00000119547,196608,4da438434b9edd5d1aee8524fe72aabd7664ada0b2d575d4d50dacdf0c0d2cbd,f34324c6fde36a4f635f0f1f06cac5d25acd6798
32768,36,196608,98304,18,17,17,1,103866.0,5562.0,False,True,6.0,468,5988,ENSG00000205922,196608,6fcbf9b71ea90f11cec352a0b749d1539ac61130496f6d9021c264c22dd33f52,f34324c6fde36a4f635f0f1f06cac5d25acd6798
32768,36,196608,98304,18,17,17,1,103866.0,5562.0,False,True,6.0,468,5988,ENSG00000123240,196608,3f68070edeb68273811c7d49e53adddabbea3416a628806cf485b10d8eec3d35,f34324c6fde36a4f635f0f1f06cac5d25acd6798
32768,36,196608,98304,18,17,17,1,103866.0,5562.0,False,True,6.0,468,5988,ENSG00000143867,196608,bb915be3a3d4f36fd641cb8827c0205fe121ff75d261ffd6333860d24a1e48e5,f34324c6fde36a4f635f0f1f06cac5d25acd6798
32768,36,196608,98304,18,17,17,1,103866.0,5562.0,False,True,6.0,468,5988,ENSG00000164920,196608,53ec8bf136708d063559e4913c7b1addb3468f91e0bf8dc0da41bf13682e2223,f34324c6fde36a4f635f0f1f06cac5d25acd6798
32768,36,196608,98304,18,17,17,1,103866.0,5562.0,False,True,6.0,468,5988,ENSG00000171540,196608,64af72b5f7942adb6fbe0034f1046196533677f7da7db2afa7163bca5d16adb2,f34324c6fde36a4f635f0f1f06cac5d25acd6798
32768,36,196608,98304,18,17,17,1,103866.0,5562.0,False,True,6.0,468,5988,ENSG00000169918,196608,99d56384376212f0eff250dd3f5beb258353a6d0aa2e1deb6cdb613de2ca8e7e,f34324c6fde36a4f635f0f1f06cac5d25acd6798
32768,36,196608,98304,18,17,17,1,103866.0,5562.0,False,True,6.0,468,5988,ENSG00000264522,196608,0b5c35aaa4a8c9ba54bf35e6ed94996ad122d31a907eba56f938fdd6fc87e3df,f34324c6fde36a4f635f0f1f06cac5d25acd6798
32768,36,196608,98304,18,17,17,1,103866.0,5562.0,False,True,6.0,468,5988,ENSG00000115507,196608,7f3febbaad54016f4bcd1992cf89926df5317d7f6f3d04cfa331756582d1ac9d,f34324c6fde36a4f635f0f1f06cac5d25acd6798
32768,36,196608,98304,18,17,17,1,103866.0,5562.0,False,True,6.0,468,5988,ENSG00000165588,196608,339598c8a45de371c8ae8e69ac8bd556c101ddfe0573606542c7c9b8a9e8af09,f34324c6fde36a4f635f0f1f06cac5d25acd6798
32768,36,196608,98304,18,17,17,1,103866.0,5562.0,False,True,6.0,468,5988,ENSG00000172818,196608,d928536a6a793e205cb8ac0a23d3ebf80cc649f8f6e95df9427d99e425f3f06e,f34324c6fde36a4f635f0f1f06cac5d25acd6798
32768,36,196608,98304,18,17,17,1,103866.0,5562.0,False,True,6.0,468,5988,ENSG00000125850,196608,46ced62956faaa88371014c79fb24a477dfd572492b45844da3a36b24ca5c9e3,f34324c6fde36a4f635f0f1f06cac5d25acd6798
32768,36,196608,98304,18,17,17,1,103866.0,5562.0,False,True,6.0,468,5988,ENSG00000105261,196608,967ff5fb724b2cced6d76c723b034cad219688bb71a5f4192ecc499412f95c44,f34324c6fde36a4f635f0f1f06cac5d25acd6798
32768,36,196608,98304,18,17,17,1,103866.0,5562.0,False,True,6.0,468,5988,ENSG00000152520,196608,14566e6adfe0c8f9c4958ad9fac5286014fde384480a218bbe5cffbe039a8833,f34324c6fde36a4f635f0f1f06cac5d25acd6798
32768,36,196608,98304,18,17,17,1,103866.0,5562.0,False,True,6.0,468,5988,ENSG00000143799,196608,78c5cdf840c6535a828981f84b51471f3ca9a6f4cad621b7b5250d69573ab598,f34324c6fde36a4f635f0f1f06cac5d25acd6798
32768,36,196608,98304,18,17,17,1,103866.0,5562.0,False,True,6.0,468,5988,ENSG00000059378,196608,6628349a2b0fd7e3d664c51613eca5056b0019d061b51fe0c011bb401263afab,f34324c6fde36a4f635f0f1f06cac5d25acd6798
32768,36,196608,98304,18,17,17,1,103866.0,5562.0,False,True,6.0,468,5988,ENSG00000100105,196608,c427f08f4175630d41a4cdfe06fa6f8a32788fddaa39e1d7e38a1aa18247b4d5,f34324c6fde36a4f635f0f1f06cac5d25acd6798
32768,36,196608,98304,18,17,17,1,103866.0,5562.0,False,True,6.0,468,5988,ENSG00000075891,196608,45ba857bb4e2cf4cc1143b0515c597037e22daac1279790ba1d780378520f7b8,f34324c6fde36a4f635f0f1f06cac5d25acd6798
32768,36,196608,98304,18,17,17,1,103866.0,5562.0,False,True,6.0,468,5988,ENSG00000135903,196608,00d59481b16e3f475ee727f41e6c48518a0b61facc7095ea2b93d25dd8273351,f34324c6fde36a4f635f0f1f06cac5d25acd6798
32768,36,196608,98304,18,17,17,1,103866.0,5562.0,False,True,6.0,468,5988,ENSG00000106331,196608,76622894a1010bc605096166b65faff33ddcb7e25d677db1fdf0b35ff4cf0297,f34324c6fde36a4f635f0f1f06cac5d25acd6798
32768,36,196608,98304,18,17,17,1,103866.0,5562.0,False,True,6.0,468,5988,ENSG00000196092,196608,9927df8a8cf1aff4d4de9a3160f034cc09c6dc4b200e166422a70912d1a0c285,f34324c6fde36a4f635f0f1f06cac5d25acd6798
32768,36,196608,98304,18,17,17,1,103866.0,5562.0,False,True,6.0,468,5988,ENSG00000007372,196608,d81b94ad9bf607407f8f12c41415ff6877cbfa492aa6709283b45b7d7da448f2,f34324c6fde36a4f635f0f1f06cac5d25acd6798
32768,36,196608,98304,18,17,17,1,103866.0,5562.0,False,True,6.0,468,5988,ENSG00000009709,196608,9e7df50e31d3e50497ca4084d57d6607185941325cdd47dcbfa6fb8980364f1d,f34324c6fde36a4f635f0f1f06cac5d25acd6798
32768,36,196608,98304,18,17,17,1,103866.0,5562.0,False,True,6.0,468,5988,ENSG00000125618,196608,36d68f34a8cdfbb437d78165277e1da9aa06d0cecfc42f8f5d6c97157c91d85b,f34324c6fde36a4f635f0f1f06cac5d25acd6798
32768,36,196608,98304,18,17,17,1,103866.0,5562.0,False,True,6.0,468,5988,ENSG00000185630,196608,64d678da1f24f52f66fd6d4ae9aabc6f9b0e3d2b85ce9b7d75fbe643f4063168,f34324c6fde36a4f635f0f1f06cac5d25acd6798
32768,36,196608,98304,18,17,17,1,103866.0,5562.0,False,True,6.0,468,5988,ENSG00000204304,196608,d2fb18ce21018b099e3b632905f952ded191ec803179b67b9840642cee9275b7,f34324c6fde36a4f635f0f1f06cac5d25acd6798
32768,36,196608,98304,18,17,17,1,103866.0,5562.0,False,True,6.0,468,5988,ENSG00000167081,196608,0e34c950f716e6852575fc6c5909052ef6cbd2b12ef49a91241883fab4053282,f34324c6fde36a4f635f0f1f06cac5d25acd6798
32768,36,196608,98304,18,17,17,1,103866.0,5562.0,False,True,6.0,468,5988,ENSG00000105717,196608,3d41d74997161532e1241f81e0fb2ef33c03e819377c680b4c8c7f307a157c63,f34324c6fde36a4f635f0f1f06cac5d25acd6798
32768,36,196608,98304,18,17,17,1,103866.0,5562.0,False,True,6.0,468,5988,ENSG00000186472,196608,d32e666533e12703dfa012d8f119c637b0bd5e7acfd51dfa3d1400cf3d5c5d7f,f34324c6fde36a4f635f0f1f06cac5d25acd6798
32768,36,196608,98304,18,17,17,1,103866.0,5562.0,False,True,6.0,468,5988,ENSG00000071994,196608,edf850e6bb65056516ee1d7416364a2a5d3b1b4abf8da577857135d205e1f9ec,f34324c6fde36a4f635f0f1f06cac5d25acd6798
32768,36,196608,98304,18,17,17,1,103866.0,5562.0,False,True,6.0,468,5988,ENSG00000139515,196608,5ef7ec264defec22709f2e58985b23161c7fe86038219d05867eee1df951609c,f34324c6fde36a4f635f0f1f06cac5d25acd6798
32768,36,196608,98304,18,17,17,1,103866.0,5562.0,False,True,6.0,468,5988,ENSG00000121440,196608,d69e5d2767568caee976e6f8b138eaae78b8709d3026fa8606d056967daf0d1a,f34324c6fde36a4f635f0f1f06cac5d25acd6798
32768,36,196608,98304,18,17,17,1,103866.0,5562.0,False,True,6.0,468,5988,ENSG00000198300,196608,46ce1e718667cab5bf307141cdfa1d73c495c8bec0d75a8c20cf9f9bba1a052b,f34324c6fde36a4f635f0f1f06cac5d25acd6798
32768,36,196608,98304,18,17,17,1,103866.0,5562.0,False,True,6.0,468,5988,ENSG00000082175,196608,4d400b1a45878be48843c12b0349832744ba3a359857d709825e9b1bbbd55477,f34324c6fde36a4f635f0f1f06cac5d25acd6798
32768,36,196608,98304,18,17,17,1,103866.0,5562.0,False,True,6.0,468,5988,ENSG00000025293,196608,3f314d3e470c4ee2644cee70f91789cfbb2f86239546603ddd286e9cd9425529,f34324c6fde36a4f635f0f1f06cac5d25acd6798
32768,36,196608,98304,18,17,17,1,103866.0,5562.0,False,True,6.0,468,5988,ENSG00000165462,196608,001bb548371da1ed7979d7b29a98cf00d16ca621c009f969bc709947963ebca5,f34324c6fde36a4f635f0f1f06cac5d25acd6798
32768,36,196608,98304,18,17,17,1,103866.0,5562.0,False,True,6.0,468,5988,ENSG00000109132,196608,afa789fbd49942c79fb2e508baefb366c120ea31c24ea9d3d0124bbd8c9bb80b,f34324c6fde36a4f635f0f1f06cac5d25acd6798
32768,36,196608,98304,18,17,17,1,103866.0,5562.0,False,True,6.0,468,5988,ENSG00000033800,196608,e3d2e47bf1397734eaf489b806576a738c72eea1b09be7a5ff08c6de18522e46,f34324c6fde36a4f635f0f1f06cac5d25acd6798
71018,76,196608,98304,38,58,58,-20,35991.0,-62313.0,False,True,2.7684249063617674,998,5988,ENSG00000078043,196608,fab179317e9bd95064ba0c5da6cef09db9c01aafbc66535fb40568b5b493a0d2,f34324c6fde36a4f635f0f1f06cac5d25acd6798
32768,36,196608,98304,18,17,17,1,103866.0,5562.0,False,True,6.0,468,5988,ENSG00000131788,196608,6fbf3f76d7b3ecb7fc3327d827c08462ab381fdc7d09daa261282d52d67df4f5,f34324c6fde36a4f635f0f1f06cac5d25acd6798
32768,36,196608,98304,18,17,17,1,103866.0,5562.0,False,True,6.0,468,5988,ENSG00000105229,196608,573c96437c214aed50c7c31f224e6bd0b6d73e254ce7e392a36f95ecc91972da,f34324c6fde36a4f635f0f1f06cac5d25acd6798
32768,36,196608,98304,18,17,17,1,103866.0,5562.0,False,True,6.0,468,5988,ENSG00000115020,196608,8eafbeb4e9415b730f0070e797f5d54d819b946f25dc5a85efa332246ce7a3c3,f34324c6fde36a4f635f0f1f06cac5d25acd6798
32768,36,196608,98304,18,17,17,1,103866.0,5562.0,False,True,6.0,468,5988,ENSG00000069011,196608,048a4df683479630f85b593d580a725c848df2a9acfa88404578f47815e7730d,f34324c6fde36a4f635f0f1f06cac5d25acd6798
32768,36,196608,98304,18,17,17,1,103866.0,5562.0,False,True,6.0,468,5988,ENSG00000164093,196608,a59db4b2be6a210d475cd59a1f240c93c70beeae017e43239a6358f9ff36a464,f34324c6fde36a4f635f0f1f06cac5d25acd6798
32768,36,196608,98304,18,17,17,1,103866.0,5562.0,False,True,6.0,468,5988,ENSG00000107859,196608,61824fd623cad4ee69f21b61c76b70c41d331aeaaedb7c61f868df1e7725adec,f34324c6fde36a4f635f0f1f06cac5d25acd6798
32768,36,196608,98304,18,17,17,1,103866.0,5562.0,False,True,6.0,468,5988,ENSG00000160199,196608,5fcd06e582bcb883082e9bca7b306bf836ce2d6261cc42343f8bae17371cca1e,f34324c6fde36a4f635f0f1f06cac5d25acd6798
32768,36,196608,98304,18,17,17,1,103866.0,5562.0,False,True,6.0,468,5988,ENSG00000165495,196608,125377043d00d3bfe9215db3a6d11881c8d0e1c19b2bd12924a3c76289ec66e3,f34324c6fde36a4f635f0f1f06cac5d25acd6798
32768,36,196608,98304,18,17,17,1,103866.0,5562.0,False,True,6.0,468,5988,ENSG00000181690,196608,1e3423b12f64dbc3d17c406901f8ab23ebf2effd976b29ae918f3d52b14a6c2b,f34324c6fde36a4f635f0f1f06cac5d25acd6798
32768,36,196608,98304,18,17,17,1,103866.0,5562.0,False,True,6.0,468,5988,ENSG00000118495,196608,ebef2ba05219396277165f62b7635c8c181080f7735047fff3b81fc4f4e14afd,f34324c6fde36a4f635f0f1f06cac5d25acd6798
32768,36,196608,98304,18,17,17,1,103866.0,5562.0,False,True,6.0,468,5988,ENSG00000126003,196608,20e6968f6c9284c2a176c6eca19a5c193ea245ac84c0f444c77e2a5bc94307cc,f34324c6fde36a4f635f0f1f06cac5d25acd6798
32768,36,196608,98304,18,17,17,1,103866.0,5562.0,False,True,6.0,468,5988,ENSG00000166289,196608,b80c0f088f24ca51500846fd3e074edad3437d3c4dad37a8a8d388c4ec0dd60a,f34324c6fde36a4f635f0f1f06cac5d25acd6798
32768,36,196608,98304,18,17,17,1,103866.0,5562.0,False,True,6.0,468,5988,ENSG00000175895,196608,41b4774fd5372bf96d3dfb7007fdbaa01d62b8c302284b0737c60495d9a15a24,f34324c6fde36a4f635f0f1f06cac5d25acd6798
32768,36,196608,98304,18,17,17,1,103866.0,5562.0,False,True,6.0,468,5988,ENSG00000143442,196608,47f466b891d75e7a83439ffbe0aa2d08f329f66866d59d401740ab8540aaaab4,f34324c6fde36a4f635f0f1f06cac5d25acd6798
32768,36,196608,98304,18,17,17,1,103866.0,5562.0,False,True,6.0,468,5988,ENSG00000170734,196608,e9e2583d722d63a20c3c4f69aba26d0497a7de263252217c5b60d3905a341793,f34324c6fde36a4f635f0f1f06cac5d25acd6798
32768,36,196608,98304,18,17,17,1,103866.0,5562.0,False,True,6.0,468,5988,ENSG00000122008,196608,451b57d56560855fa6e1d9e885f5d914daae2e8cd71c592a9deefe316e5621fb,f34324c6fde36a4f635f0f1f06cac5d25acd6798
32768,36,196608,98304,18,17,17,1,103866.0,5562.0,False,True,6.0,468,5988,ENSG00000064835,196608,fed3e8039ecaab15305a117d388382e4f6b912e52f95351ca38fa943799a883a,f34324c6fde36a4f635f0f1f06cac5d25acd6798
32768,36,196608,98304,18,17,17,1,103866.0,5562.0,False,True,6.0,468,5988,ENSG00000143190,196608,4fbc6597d439889609b94003d9d39ec15548594de199579a16edd3d04605958a,f34324c6fde36a4f635f0f1f06cac5d25acd6798
32768,36,196608,98304,18,17,17,1,103866.0,5562.0,False,True,6.0,468,5988,ENSG00000028277,196608,464cb1cd73679ec6c8c4ba948935f62c2ca7727bcf3e671ed21238f77a489dee,f34324c6fde36a4f635f0f1f06cac5d25acd6798
32768,36,196608,98304,18,17,17,1,103866.0,5562.0,False,True,6.0,468,5988,ENSG00000137709,196608,82971a65c56e2aef51e95a30571f75aa7f09b2873f2a9679a4c17996b37a2e73,f34324c6fde36a4f635f0f1f06cac5d25acd6798
32768,36,196608,98304,18,17,17,1,103866.0,5562.0,False,True,6.0,468,5988,ENSG00000185668,196608,4a9083305c4abad57667bcd205e4d0c265246281ed904f0b49cc7c9ce3739403,f34324c6fde36a4f635f0f1f06cac5d25acd6798
32768,36,196608,98304,18,17,17,1,103866.0,5562.0,False,True,6.0,468,5988,ENSG00000184486,196608,6e732bd693d8b617cf1c0405add678d7737789fac5150a60e50a67610251b96f,f34324c6fde36a4f635f0f1f06cac5d25acd6798
32768,36,196608,98304,18,17,17,1,103866.0,5562.0,False,True,6.0,468,5988,ENSG00000198914,196608,40a2238bc925bec93bee210449eddfed57ab3fbf298f58122f19fa78743df79e,f34324c6fde36a4f635f0f1f06cac5d25acd6798
32768,36,196608,98304,18,17,17,1,103866.0,5562.0,False,True,6.0,468,5988,ENSG00000196767,196608,543b70bf29a3c4f2f223248158e91cfb65124164e323a7ae8cc7983fb53fff58,f34324c6fde36a4f635f0f1f06cac5d25acd6798
32768,36,196608,98304,18,17,17,1,103866.0,5562.0,False,True,6.0,468,5988,ENSG00000152192,196608,01d6df4880f2fd97b1f7a555962d9198b6975f01279adfe311bccee3239d66e1,f34324c6fde36a4f635f0f1f06cac5d25acd6798
32768,36,196608,98304,18,17,17,1,103866.0,5562.0,False,True,6.0,468,5988,ENSG00000151615,196608,03878be49ff7a985aedcae6cf7e2dc627886aa603a44138614f055e6b6b94790,f34324c6fde36a4f635f0f1f06cac5d25acd6798
32768,36,196608,98304,18,17,17,1,103866.0,5562.0,False,True,6.0,468,5988,ENSG00000091010,196608,5aa9cc700b18214dfcfbe71573dbbb14c99c72920823602455a86ffba704158a,f34324c6fde36a4f635f0f1f06cac5d25acd6798
32768,36,196608,98304,18,17,17,1,103866.0,5562.0,False,True,6.0,468,5988,ENSG00000204531,196608,7916c0b44de994042d2e47bdb5c5beb48680f9c6e91092d9ce4f98b5790f43fc,f34324c6fde36a4f635f0f1f06cac5d25acd6798
32768,36,196608,98304,18,17,17,1,103866.0,5562.0,False,True,6.0,468,5988,ENSG00000212993,196608,7b5dd1bb1e511edfa6baa5ca5037acb1513f981eb69f2eae0a88f281d536e668,f34324c6fde36a4f635f0f1f06cac5d25acd6798
32768,36,196608,98304,18,17,17,1,103866.0,5562.0,False,True,6.0,468,5988,ENSG00000248483,196608,5833e0b6a5fcbc569040e200f3ca14b65bcc230d9952e6a6b28d244438f5dbb1,f34324c6fde36a4f635f0f1f06cac5d25acd6798
32768,36,196608,98304,18,17,17,1,103866.0,5562.0,False,True,6.0,468,5988,ENSG00000184271,196608,8b2aaab4250872a31062a97db6cfcf2fe617499765892a04d722308829f91d05,f34324c6fde36a4f635f0f1f06cac5d25acd6798
32768,36,196608,98304,18,17,17,1,103866.0,5562.0,False,True,6.0,468,5988,ENSG00000106536,196608,a230d78424d9f9c63300220f010976172d2295820f4cc6e769bcbd33fcebee4e,f34324c6fde36a4f635f0f1f06cac5d25acd6798
32768,36,196608,98304,18,17,17,1,103866.0,5562.0,False,True,6.0,468,5988,ENSG00000204569,196608,8533c063e110c53af1ad00d410286027d51bcd4ddac67d5b55af67abe4ca5938,f34324c6fde36a4f635f0f1f06cac5d25acd6798
32768,36,196608,98304,18,17,17,1,103866.0,5562.0,False,True,6.0,468,5988,ENSG00000057657,196608,cfbfb5df1d4f16ad415cb3a31f290dc39099307aaf32edc95e1597b81cd8166a,f34324c6fde36a4f635f0f1f06cac5d25acd6798
32768,36,196608,98304,18,17,17,1,103866.0,5562.0,False,True,6.0,468,5988,ENSG00000116731,196608,b247d3297930a88b6e5df45bca319ac9c5cdcdf5bbd1562b2f567a0efcf9edcd,f34324c6fde36a4f635f0f1f06cac5d25acd6798
32768,36,196608,98304,18,17,17,1,103866.0,5562.0,False,True,6.0,468,5988,ENSG00000110851,196608,f76924a9ddab1b7dd622510961051b2f4c784d22959cc02f779e62aa5d209e66,f34324c6fde36a4f635f0f1f06cac5d25acd6798
32768,36,196608,98304,18,17,17,1,103866.0,5562.0,False,True,6.0,468,5988,ENSG00000138738,196608,560bb87be9659a8943ad5f09dc02efe16cc8bb18da043febf620a868c1f0cfa3,f34324c6fde36a4f635f0f1f06cac5d25acd6798
32768,36,196608,98304,18,17,17,1,103866.0,5562.0,False,True,6.0,468,5988,ENSG00000061455,196608,446b69359e51a9be384f9b09e1ee16f3323274d2323a25b5a3372202e444c4f9,f34324c6fde36a4f635f0f1f06cac5d25acd6798
32768,36,196608,98304,18,17,17,1,103866.0,5562.0,False,True,6.0,468,5988,ENSG00000126856,196608,e651c3621222730092359e8e3e0f9562803552e20a846ce2e44cec7c15f058e4,f34324c6fde36a4f635f0f1f06cac5d25acd6798
32768,36,196608,98304,18,17,17,1,103866.0,5562.0,False,True,6.0,468,5988,ENSG00000152784,196608,4788604a410ad41dae47c8f75983a9451867d96b684eb742a03363129ba5f30e,f34324c6fde36a4f635f0f1f06cac5d25acd6798
32768,36,196608,98304,18,17,17,1,103866.0,5562.0,False,True,6.0,468,5988,ENSG00000164256,196608,e74287b970e2465776b1272521170152f0e9473c0a283e5a6d4e9297785210f4,f34324c6fde36a4f635f0f1f06cac5d25acd6798
32768,36,196608,98304,18,17,17,1,103866.0,5562.0,False,True,6.0,468,5988,ENSG00000170325,196608,866370718fcd265bfa3fa13580e0a4bc49eff890e126dd66aba60c9f6a7361e3,f34324c6fde36a4f635f0f1f06cac5d25acd6798
32768,36,196608,98304,18,17,17,1,103866.0,5562.0,False,True,6.0,468,5988,ENSG00000130711,196608,25c7408d048ba80ff9b6bcbe1000cdd2c18750b91ea34031bed0585b07cb40f7,f34324c6fde36a4f635f0f1f06cac5d25acd6798
32768,36,196608,98304,18,17,17,1,103866.0,5562.0,False,True,6.0,468,5988,ENSG00000112238,196608,f07160c0a9314ee87c9a2faee002486951be5cc3aa716726e3c4c4c503514133,f34324c6fde36a4f635f0f1f06cac5d25acd6798
32768,36,196608,98304,18,17,17,1,103866.0,5562.0,False,True,6.0,468,5988,ENSG00000147596,196608,6a0b03bf0e381aef12c87d04b294d91aa67ffd0718dfd7e290a838da9b309e64,f34324c6fde36a4f635f0f1f06cac5d25acd6798
32778,36,196608,98304,18,17,17,1,103866.0,5562.0,False,True,5.998169503935567,523,5988,ENSG00000141956,196608,c8c66e8f5c6a4159f3cca6f99ea1fc3b32c1e68871de501beca110ed8603eed7,f34324c6fde36a4f635f0f1f06cac5d25acd6798
32768,36,196608,98304,18,17,17,1,103866.0,5562.0,False,True,6.0,468,5988,ENSG00000142611,196608,b538fccb97f7510c8339dc218c2eff5f4a63d03b82167a221a6baf9bcfcaecce,f34324c6fde36a4f635f0f1f06cac5d25acd6798
32768,36,196608,98304,18,17,17,1,103866.0,5562.0,False,True,6.0,468,5988,ENSG00000185238,196608,88fb131d776fd98c31e5c08f05bfcc52de612d305638255423a18357b48e3a79,f34324c6fde36a4f635f0f1f06cac5d25acd6798
32768,36,196608,98304,18,17,17,1,103866.0,5562.0,False,True,6.0,468,5988,ENSG00000175325,196608,0f97730f5f8d3a00fed9a0589df47b3e6e482ee06c45003d1ec745b1792802b2,f34324c6fde36a4f635f0f1f06cac5d25acd6798
32768,36,196608,98304,18,17,17,1,103866.0,5562.0,False,True,6.0,468,5988,ENSG00000117707,196608,a71fcf107c117792683bc3385661235a4912858518bd45ddf7ac0a00298511ce,f34324c6fde36a4f635f0f1f06cac5d25acd6798
32768,36,196608,98304,18,17,17,1,103866.0,5562.0,False,True,6.0,468,5988,ENSG00000119608,196608,0b4b4bb1182d557a975dfcd31bc79f4e67d5b3609ecead4152b20d1e6c166607,f34324c6fde36a4f635f0f1f06cac5d25acd6798
32768,36,196608,98304,18,17,17,1,103866.0,5562.0,False,True,6.0,468,5988,ENSG00000204576,196608,cf3425f968135d51b3c9a9c921d0c8a528371feee6c01b9cd42075433edd123a,f34324c6fde36a4f635f0f1f06cac5d25acd6798
32768,36,196608,98304,18,17,17,1,103866.0,5562.0,False,True,6.0,468,5988,ENSG00000161992,196608,db70888368bd89f276e4bbc2d60c4d8d3243c49de24e658b014d675f412e1ad8,f34324c6fde36a4f635f0f1f06cac5d25acd6798
32768,36,196608,98304,18,17,17,1,103866.0,5562.0,False,True,6.0,468,5988,ENSG00000116132,196608,08aed92e653c2976d3c24a2577213781f52c4fefa400180fae72a2aa65bb0d9e,f34324c6fde36a4f635f0f1f06cac5d25acd6798
32768,36,196608,98304,18,17,17,1,103866.0,5562.0,False,True,6.0,468,5988,ENSG00000167157,196608,c6609fb3f6025b755d69642207fc7dbbcbb3bc0725680ea3b478d54faaa0889e,f34324c6fde36a4f635f0f1f06cac5d25acd6798
32768,36,196608,98304,18,17,17,1,103866.0,5562.0,False,True,6.0,468,5988,ENSG00000166454,196608,190daf8e6bb97655ee2f7eccfff496a07bf4f2ec01b020284acf4b1421174cbc,f34324c6fde36a4f635f0f1f06cac5d25acd6798
32768,36,196608,98304,18,17,17,1,103866.0,5562.0,False,True,6.0,468,5988,ENSG00000172238,196608,091d58313d96f3a771764d590355d243bed5f7acafb9ce7e2f42990f554d4858,f34324c6fde36a4f635f0f1f06cac5d25acd6798
32768,36,196608,98304,18,17,17,1,103866.0,5562.0,False,True,6.0,468,5988,ENSG00000179774,196608,50c2c5631f79e2736c51ef39337af36f0cfef77d3f0e8322261b3f1ab4287e42,f34324c6fde36a4f635f0f1f06cac5d25acd6798
32768,36,196608,98304,18,17,17,1,103866.0,5562.0,False,True,6.0,468,5988,ENSG00000168874,196608,61215918f7d8f9878275a8b841a4c6e72400ec47fa9f5177e193514cabe74aab,f34324c6fde36a4f635f0f1f06cac5d25acd6798
32768,36,196608,98304,18,17,17,1,103866.0,5562.0,False,True,6.0,468,5988,ENSG00000125492,196608,42c578be0930ba32ec27f482001e82646c25f8bcb75c6be08c6bd7ebb0a59da8,f34324c6fde36a4f635f0f1f06cac5d25acd6798
32768,36,196608,98304,18,17,17,1,103866.0,5562.0,False,True,6.0,468,5988,ENSG00000143032,196608,622adfdb3a626efb42ccdd526e49c06850f9a8d620dbe2fbb095dd9edb1c2f8b,f34324c6fde36a4f635f0f1f06cac5d25acd6798
32768,36,196608,98304,18,17,17,1,103866.0,5562.0,False,True,6.0,468,5988,ENSG00000131668,196608,be20be4b2e9037fde69e74a56c9d9f2e0311bfeec118d59c26fb4f1b5176bf09,f34324c6fde36a4f635f0f1f06cac5d25acd6798
32768,36,196608,98304,18,17,17,1,103866.0,5562.0,False,True,6.0,468,5988,ENSG00000043039,196608,f75265759bed1499c05f10ba253bd82e7674dd9cc5c53162e265b26691c6d4ed,f34324c6fde36a4f635f0f1f06cac5d25acd6798
32768,36,196608,98304,18,17,17,1,103866.0,5562.0,False,True,6.0,468,5988,ENSG00000113916,196608,0db127bfa27096cbf53a9b29d8e1a7be0c22b4ccc0891a6023ae2060ed4f921c,f34324c6fde36a4f635f0f1f06cac5d25acd6798
32768,36,196608,98304,18,17,17,1,103866.0,5562.0,False,True,6.0,468,5988,ENSG00000161940,196608,66ac8f85f4ecf89a5c57d924c5a74a87e4883e47e326554d499b278dbbd98b2a,f34324c6fde36a4f635f0f1f06cac5d25acd6798
32768,36,196608,98304,18,17,17,1,103866.0,5562.0,False,True,6.0,468,5988,ENSG00000119866,196608,7b931361110bd2cd7979aa8fc5b78baa69f2dfaf98c6d29c5c8f412984452a03,f34324c6fde36a4f635f0f1f06cac5d25acd6798
32768,36,196608,98304,18,17,17,1,103866.0,5562.0,False,True,6.0,468,5988,ENSG00000127152,196608,d2ddf0ce4205ce475347f563a208a3949cb07ee1e10787f2b1efcce2751a4d42,f34324c6fde36a4f635f0f1f06cac5d25acd6798
32768,36,196608,98304,18,17,17,1,103866.0,5562.0,False,True,6.0,468,5988,ENSG00000145734,196608,1f3f1d40fc96aa17c07daf2b752f597bacf98f814cd5a0e5ed3d413cb54c734f,f34324c6fde36a4f635f0f1f06cac5d25acd6798
32768,36,196608,98304,18,17,17,1,103866.0,5562.0,False,True,6.0,468,5988,ENSG00000205899,196608,577feff64f4cf8da0aef43a76157227348cffeea0335c0bddde5b4257519acb0,f34324c6fde36a4f635f0f1f06cac5d25acd6798
32768,36,196608,98304,18,17,17,1,103866.0,5562.0,False,True,6.0,468,5988,ENSG00000180535,196608,83fd4169d44084d6238b51e1ae9af7ba5f9b7c05fd04d745dfa999810b6d60df,f34324c6fde36a4f635f0f1f06cac5d25acd6798
32768,36,196608,98304,18,17,17,1,103866.0,5562.0,False,True,6.0,468,5988,ENSG00000180828,196608,eb9c3daccf27dc7e65dfce73f5a6517b5794143592e2e8e12317a5ecefae5032,f34324c6fde36a4f635f0f1f06cac5d25acd6798
32768,36,196608,98304,18,17,17,1,103866.0,5562.0,False,True,6.0,468,5988,ENSG00000125533,196608,8dac029d79eceabfb5143051b82755084aec66848b8f470b2130d09becbb77ee,f34324c6fde36a4f635f0f1f06cac5d25acd6798
32768,36,196608,98304,18,17,17,1,103866.0,5562.0,False,True,6.0,468,5988,ENSG00000134107,196608,2da947ea0c25bbb1cda5701307594a63b14a4ca480ad4b7c0b88f2dae359a185,f34324c6fde36a4f635f0f1f06cac5d25acd6798
32768,36,196608,98304,18,17,17,1,103866.0,5562.0,False,True,6.0,468,5988,ENSG00000123095,196608,aff710c596ddb06939b0407d75b37357a1909ca0fcbdcdf5ff9a1ba6307b3d25,f34324c6fde36a4f635f0f1f06cac5d25acd6798
32768,36,196608,98304,18,17,17,1,103866.0,5562.0,False,True,6.0,468,5988,ENSG00000029153,196608,93b1b0170f7a0c4543d721f45caec00ae379c9563f3eba8221a815e4d12de742,f34324c6fde36a4f635f0f1f06cac5d25acd6798
32768,36,196608,98304,18,17,17,1,103866.0,5562.0,False,True,6.0,468,5988,ENSG00000169594,196608,5d0eca8fa7d2d048d1a3d0c5c64e04b4ce9c96a9182f72cb0c28303ca26cf7f9,f34324c6fde36a4f635f0f1f06cac5d25acd6798
32768,36,196608,98304,18,17,17,1,103866.0,5562.0,False,True,6.0,468,5988,ENSG00000173068,196608,ca853db089ba8574024534ddc9c61fa5b7d9cfa3b7fc24c9882efdfed1439f65,f34324c6fde36a4f635f0f1f06cac5d25acd6798
32768,36,196608,98304,18,17,17,1,103866.0,5562.0,False,True,6.0,468,5988,ENSG00000185024,196608,afd3aaa8d37564dac6778392712cb10ba8b8d4a1f95050acd3939bda11d78c55,f34324c6fde36a4f635f0f1f06cac5d25acd6798
32768,36,196608,98304,18,17,17,1,103866.0,5562.0,False,True,6.0,468,5988,ENSG00000104221,196608,238e5c8a2a2b5f5c004a43bb015c6f0557c5d7070b63efc10e8920f79343cc80,f34324c6fde36a4f635f0f1f06cac5d25acd6798
32768,36,196608,98304,18,17,17,1,103866.0,5562.0,False,True,6.0,468,5988,ENSG00000164061,196608,9356ad2aea6560e37b5ddc82eef5cf531428e3c9541b721e0c4af829badf3864,f34324c6fde36a4f635f0f1f06cac5d25acd6798
32768,36,196608,98304,18,17,17,1,103866.0,5562.0,False,True,6.0,468,5988,ENSG00000188909,196608,f7204296807b9e74f6a157e6acdfef1a8dbeb43f2579446152b3f6deaa037a69,f34324c6fde36a4f635f0f1f06cac5d25acd6798
32768,36,196608,98304,18,17,17,1,103866.0,5562.0,False,True,6.0,468,5988,ENSG00000168267,196608,a0baa58a577d21c7e79087c5f3a7444c739518edec0df30d2e420e1757a35553,f34324c6fde36a4f635f0f1f06cac5d25acd6798
32768,36,196608,98304,18,17,17,1,103866.0,5562.0,False,True,6.0,468,5988,ENSG00000154710,196608,d9f098ee542f8e84c4a91c9bce486ef14cb424269d5f7b7432564ef86c038af5,f34324c6fde36a4f635f0f1f06cac5d25acd6798
32768,36,196608,98304,18,17,17,1,103866.0,5562.0,False,True,6.0,468,5988,ENSG00000070950,196608,de25ac195f4cddf8b9ef763165134fd2ce4d83c8ee441e8adec964bb058b3961,f34324c6fde36a4f635f0f1f06cac5d25acd6798
32768,36,196608,98304,18,17,17,1,103866.0,5562.0,False,True,6.0,468,5988,ENSG00000153201,196608,e90480ef16a53a2d146eadbbf4eab361783ceae48eb31b350fb8712fa558f270,f34324c6fde36a4f635f0f1f06cac5d25acd6798
32768,36,196608,98304,18,17,17,1,103866.0,5562.0,False,True,6.0,468,5988,ENSG00000134438,196608,9e65b306e9b3d45fb0e8198d5875bbbeb45dc33a1212d1487fd4ac762cab3046,f34324c6fde36a4f635f0f1f06cac5d25acd6798
32768,36,196608,98304,18,17,17,1,103866.0,5562.0,False,True,6.0,468,5988,ENSG00000173976,196608,bcd37108d0a20aefdc09a0dd19c2db7e5a7534340c000bdd09b22ee95dcf3bd9,f34324c6fde36a4f635f0f1f06cac5d25acd6798
32768,36,196608,98304,18,17,17,1,103866.0,5562.0,False,True,6.0,468,5988,ENSG00000146587,196608,d3bfaee8c8c18b252958a369278ef7abe90e6e6293625cf331ae2431f79879c7,f34324c6fde36a4f635f0f1f06cac5d25acd6798
32768,36,196608,98304,18,17,17,1,103866.0,5562.0,False,True,6.0,468,5988,ENSG00000125826,196608,5bc4637841dfb26d24ff232fad2b2b427d9270837af264b2b696c64c7d791ac9,f34324c6fde36a4f635f0f1f06cac5d25acd6798
32768,36,196608,98304,18,17,17,1,103866.0,5562.0,False,True,6.0,468,5988,ENSG00000173933,196608,c1ede28722943d2b3fa8263d9851500bd62b6108de3b25cfc32a114dcd995c6b,f34324c6fde36a4f635f0f1f06cac5d25acd6798
32768,36,196608,98304,18,17,17,1,103866.0,5562.0,False,True,6.0,468,5988,ENSG00000173914,196608,c91298cbf39eda8ea25da58f815717ed29cbc0f0d425fd974a269f4cc26da113,f34324c6fde36a4f635f0f1f06cac5d25acd6798
32768,36,196608,98304,18,17,17,1,103866.0,5562.0,False,True,6.0,468,5988,ENSG00000003756,196608,bfedecef7274fcc525cd47809b85e94d719103a07f5c06df3d09238308e2bfd9,f34324c6fde36a4f635f0f1f06cac5d25acd6798
32768,36,196608,98304,18,17,17,1,103866.0,5562.0,False,True,6.0,468,5988,ENSG00000182872,196608,2d501f54731db59c0fd5a561ac66006c43f35899345af2abbc031c9b2c80f218,f34324c6fde36a4f635f0f1f06cac5d25acd6798
32768,36,196608,98304,18,17,17,1,103866.0,5562.0,False,True,6.0,468,5988,ENSG00000203867,196608,61cea64766099000c6e849e7dcd8ffe404f69bb021585347186349c99dc645c1,f34324c6fde36a4f635f0f1f06cac5d25acd6798
32768,36,196608,98304,18,17,17,1,103866.0,5562.0,False,True,6.0,468,5988,ENSG00000086589,196608,bdf3d329d6f78716c4fc7288806a5ccb5731461841a47289b07ce6b6304daca5,f34324c6fde36a4f635f0f1f06cac5d25acd6798
32768,36,196608,98304,18,17,17,1,103866.0,5562.0,False,True,6.0,468,5988,ENSG00000139746,196608,5e899852b0f6d3db80140b7892528cab9692127129f98eeffc528a5a364f4456,f34324c6fde36a4f635f0f1f06cac5d25acd6798
32768,36,196608,98304,18,17,17,1,103866.0,5562.0,False,True,6.0,468,5988,ENSG00000091009,196608,53ecfcb9a178094658cd2de8349cc2453d41ab863c5bc1268553d748ac0290e5,f34324c6fde36a4f635f0f1f06cac5d25acd6798
32768,36,196608,98304,18,17,17,1,103866.0,5562.0,False,True,6.0,468,5988,ENSG00000131381,196608,55be840467e02e65db19a1ef213c61979311296ef17f8b8c60a2a4eca7836346,f34324c6fde36a4f635f0f1f06cac5d25acd6798
32768,36,196608,98304,18,17,17,1,103866.0,5562.0,False,True,6.0,468,5988,ENSG00000135870,196608,530a9de61d899f94930bed3203b7e77d4f9c1e55ead72716364b5e5df15df329,f34324c6fde36a4f635f0f1f06cac5d25acd6798
32768,36,196608,98304,18,17,17,1,103866.0,5562.0,False,True,6.0,468,5988,ENSG00000056586,196608,8ee16e4d0c5e0fda2fe95690a13522397fbaeae45cb700c14a139c11898c41cf,f34324c6fde36a4f635f0f1f06cac5d25acd6798
32768,36,196608,98304,18,17,17,1,103866.0,5562.0,False,True,6.0,468,5988,ENSG00000214022,196608,4139ccde7e7d7b3a4e96f7d35c9d4e57dd28b023e78015de34624c06e403d3b1,f34324c6fde36a4f635f0f1f06cac5d25acd6798
32768,36,196608,98304,18,17,17,1,103866.0,5562.0,False,True,6.0,468,5988,ENSG00000142599,196608,7425be36e1d009f9a91c59bc65163df095a3270738391114c66fb4cd858e70b3,f34324c6fde36a4f635f0f1f06cac5d25acd6798
32768,36,196608,98304,18,17,17,1,103866.0,5562.0,False,True,6.0,468,5988,ENSG00000084093,196608,47ffa09c702b561ae4b3be6a6e70be401d13e084cc478dcf4949898d33c51f84,f34324c6fde36a4f635f0f1f06cac5d25acd6798
32768,36,196608,98304,18,17,17,1,103866.0,5562.0,False,True,6.0,468,5988,ENSG00000101883,196608,2ab2dcf352ac47590c64816f09018bf5e55d0744b66bd236247502dfd67d3263,f34324c6fde36a4f635f0f1f06cac5d25acd6798
32768,36,196608,98304,18,17,17,1,103866.0,5562.0,False,True,6.0,468,5988,ENSG00000131721,196608,a658fa4381f3ad44784b00e94b8983fab88f162892f12dc927bfe5dfc1f16fd9,f34324c6fde36a4f635f0f1f06cac5d25acd6798
32768,36,196608,98304,18,17,17,1,103866.0,5562.0,False,True,6.0,468,5988,ENSG00000203989,196608,9fae90c96bb3a97c789590f9ac109650bf48b617b161fa77c8bc14f27bd5b748,f34324c6fde36a4f635f0f1f06cac5d25acd6798
32768,36,196608,98304,18,17,17,1,103866.0,5562.0,False,True,6.0,468,5988,ENSG00000117000,196608,256c5417ec2c832726e25e37830366ecf65e4f57da6f0ff4d8caaa86534d2b04,f34324c6fde36a4f635f0f1f06cac5d25acd6798
32768,36,196608,98304,18,17,17,1,103866.0,5562.0,False,True,6.0,468,5988,ENSG00000092098,196608,383ddf4c96df262a5a7ef26bbeb758dd0f28bdca99fac50415b4cf9e3d5927c7,f34324c6fde36a4f635f0f1f06cac5d25acd6798
32768,36,196608,98304,18,17,17,1,103866.0,5562.0,False,True,6.0,468,5988,ENSG00000125352,196608,9c57de6020e1b84f85df65df79f675c8bf5a9bb9dd177895147cd06aa5ff46b6,f34324c6fde36a4f635f0f1f06cac5d25acd6798
32768,36,196608,98304,18,17,17,1,103866.0,5562.0,False,True,6.0,468,5988,ENSG00000139797,196608,89772458ecae699a7e73bfa5a5c6f04f3ca87aebe785429b4b80701b6173a5ca,f34324c6fde36a4f635f0f1f06cac5d25acd6798
32768,36,196608,98304,18,17,17,1,103866.0,5562.0,False,True,6.0,468,5988,ENSG00000179580,196608,c2442f6ca5eb35393fb80c6001ae991b524783be3003c4ef5cc54d78e28a6bbd,f34324c6fde36a4f635f0f1f06cac5d25acd6798
32768,36,196608,98304,18,17,17,1,103866.0,5562.0,False,True,6.0,468,5988,ENSG00000124782,196608,7ca68a05e391076ddb7dbd4877afea006b9acac067c43b3d689f9ffefa9e120d,f34324c6fde36a4f635f0f1f06cac5d25acd6798
32768,36,196608,98304,18,17,17,1,103866.0,5562.0,False,True,6.0,468,5988,ENSG00000179300,196608,6cba896d7ff205a1fe37f71498270dfbf888ffdf968cd5993f8818ce7b38ec9e,f34324c6fde36a4f635f0f1f06cac5d25acd6798
32768,36,196608,98304,18,17,17,1,103866.0,5562.0,False,True,6.0,468,5988,ENSG00000187823,196608,5a63b1620f252f07ee533d0d9aec8ffbb9168d762ce269d792a672731e588ca7,f34324c6fde36a4f635f0f1f06cac5d25acd6798
32768,36,196608,98304,18,17,17,1,103866.0,5562.0,False,True,6.0,468,5988,ENSG00000175077,196608,b6b1ac4cbb60a1adad448707f111052fe5ae99750d8e5b021c179037c63e1d0c,f34324c6fde36a4f635f0f1f06cac5d25acd6798
32768,36,196608,98304,18,17,17,1,103866.0,5562.0,False,True,6.0,468,5988,ENSG00000198471,196608,9396aa117d456d0e61ffc1970b4b65f333b4c42b056e80b104cf927389919ca9,f34324c6fde36a4f635f0f1f06cac5d25acd6798
32768,36,196608,98304,18,17,17,1,103866.0,5562.0,False,True,6.0,468,5988,ENSG00000163825,196608,4b22844c7a5c490d1a42723a895552e62934487ac2a1098aef92093a96e4dc6e,f34324c6fde36a4f635f0f1f06cac5d25acd6798
32768,36,196608,98304,18,17,17,1,103866.0,5562.0,False,True,6.0,468,5988,ENSG00000136514,196608,affc750edaf7c46c57587ee9b1d4a33336016019b5c4de70b01cd0b057a15daf,f34324c6fde36a4f635f0f1f06cac5d25acd6798
32768,36,196608,98304,18,17,17,1,103866.0,5562.0,False,True,6.0,468,5988,ENSG00000188011,196608,ea50f7fcb779f52bdad0316bcd9f473299278ca18a9575a17405c08010da7703,f34324c6fde36a4f635f0f1f06cac5d25acd6798
32768,36,196608,98304,18,17,17,1,103866.0,5562.0,False,True,6.0,468,5988,ENSG00000176783,196608,f4c32317b24e9b51390c004c5efdf46fdd0064c6ac92281851fb71185ab0229a,f34324c6fde36a4f635f0f1f06cac5d25acd6798
32768,36,196608,98304,18,17,17,1,103866.0,5562.0,False,True,6.0,468,5988,ENSG00000204130,196608,995f03ecb1dd67313c28931e3e63c79b16fe65e7e9dd6453f965526e53acb2e3,f34324c6fde36a4f635f0f1f06cac5d25acd6798
32768,36,196608,98304,18,17,17,1,103866.0,5562.0,False,True,6.0,468,5988,ENSG00000018189,196608,e7d46c912ba91b981898df746b215afcc5838201298091919de81c7af00af978,f34324c6fde36a4f635f0f1f06cac5d25acd6798
32768,36,196608,98304,18,17,17,1,103866.0,5562.0,False,True,6.0,468,5988,ENSG00000188282,196608,ec94565d87cd40e6a0bd9d82611e36d68113a3bf6cac2fe9ef683c3bc37bba66,f34324c6fde36a4f635f0f1f06cac5d25acd6798
32768,36,196608,98304,18,17,17,1,103866.0,5562.0,False,True,6.0,468,5988,ENSG00000159216,196608,7486ce45949373bcb80e27cb0237e193db2bf5586e23d0ccd1df140abf0f6b7e,f34324c6fde36a4f635f0f1f06cac5d25acd6798
32768,36,196608,98304,18,17,17,1,103866.0,5562.0,False,True,6.0,468,5988,ENSG00000079102,196608,920a9b9ae77c93d14d6fe464976b7239ee39afee866895ff6c6a94ab2b931efb,f34324c6fde36a4f635f0f1f06cac5d25acd6798
32768,36,196608,98304,18,17,17,1,103866.0,5562.0,False,True,6.0,468,5988,ENSG00000124813,196608,b3bd4ffb2eed1abe0c2a2964a28f36534dea3c04b08b0eca73f36ed4bef45bb0,f34324c6fde36a4f635f0f1f06cac5d25acd6798
32768,36,196608,98304,18,17,17,1,103866.0,5562.0,False,True,6.0,468,5988,ENSG00000020633,196608,725ecb9773e2b4d1dd21d93a1b6d8ddfc90fc55835cec8abed5d0c44214f234f,f34324c6fde36a4f635f0f1f06cac5d25acd6798
32768,36,196608,98304,18,17,17,1,103866.0,5562.0,False,True,6.0,468,5988,ENSG00000163602,196608,79a427b6f986b626a15a94fb7552984f8416a5d20a415a0ce41518a8f7653644,f34324c6fde36a4f635f0f1f06cac5d25acd6798
32768,36,196608,98304,18,17,17,1,103866.0,5562.0,False,True,6.0,468,5988,ENSG00000103449,196608,863cb6fdd95c25fa80fc31c73c55800e00a0e6e767f9563ba1c45ed80abe6776,f34324c6fde36a4f635f0f1f06cac5d25acd6798
32768,36,196608,98304,18,17,17,1,103866.0,5562.0,False,True,6.0,468,5988,ENSG00000165821,196608,379c500e076de10993df086398c1b4ef85809a21a3d65d2fdedf6c44727c4bde,f34324c6fde36a4f635f0f1f06cac5d25acd6798
32768,36,196608,98304,18,17,17,1,103866.0,5562.0,False,True,6.0,468,5988,ENSG00000256463,196608,1987c253f78caf949e2565cead13b71710a4ae7430593c68def04837285b76ee,f34324c6fde36a4f635f0f1f06cac5d25acd6798
32768,36,196608,98304,18,17,17,1,103866.0,5562.0,False,True,6.0,468,5988,ENSG00000101115,196608,900e5af1facb2c7fadf454f3cdfdc3f09c57aaf3c64414c09966aca7dca06d92,f34324c6fde36a4f635f0f1f06cac5d25acd6798
32768,36,196608,98304,18,17,17,1,103866.0,5562.0,False,True,6.0,468,5988,ENSG00000182568,196608,ae374edaa1b45e536ad4d6215867b9a0a0c3b0ba9459784d42335eda127eef81,f34324c6fde36a4f635f0f1f06cac5d25acd6798
32768,36,196608,98304,18,17,17,1,103866.0,5562.0,False,True,6.0,468,5988,ENSG00000119042,196608,450e1c0aaa7e0df095f3a3e91bf06468427a2238fe282a3092322db440de7f0f,f34324c6fde36a4f635f0f1f06cac5d25acd6798
32768,36,196608,98304,18,17,17,1,103866.0,5562.0,False,True,6.0,468,5988,ENSG00000140386,196608,ce04411cfc3a6f9dc0310793a822de5afbac8a1812a58f02210f697b20741f32,f34324c6fde36a4f635f0f1f06cac5d25acd6798
32768,36,196608,98304,18,17,17,1,103866.0,5562.0,False,True,6.0,468,5988,ENSG00000261678,196608,1db0a0eccfa1e26a488b1df7e109fd8c007dfa9a3e54cb02b6f27772544f429b,f34324c6fde36a4f635f0f1f06cac5d25acd6798
32768,36,196608,98304,18,17,17,1,103866.0,5562.0,False,True,6.0,468,5988,ENSG00000215397,196608,8dd5ec916a3c9a9fe85f66b02991a98fdad4de7c8944db1ef791cab3368630e5,f34324c6fde36a4f635f0f1f06cac5d25acd6798
32768,36,196608,98304,18,17,17,1,103866.0,5562.0,False,True,6.0,468,5988,ENSG00000260428,196608,73120c3f414daeb7a92bcd2018dd674c0ef7ef57b27991efc40c1bbe6336d435,f34324c6fde36a4f635f0f1f06cac5d25acd6798
32768,36,196608,98304,18,17,17,1,103866.0,5562.0,False,True,6.0,468,5988,ENSG00000274529,196608,8a5495766d5cdb3663745897d46ff63cf07485187807bd511a869dace1d28e05,f34324c6fde36a4f635f0f1f06cac5d25acd6798
32768,36,196608,98304,18,17,17,1,103866.0,5562.0,False,True,6.0,468,5988,ENSG00000168066,196608,b7ac91515fcdcc5b8d64df7f3c5de8881b770c037b8e9e8a6c9aaf7804183ca4,f34324c6fde36a4f635f0f1f06cac5d25acd6798
32768,36,196608,98304,18,17,17,1,103866.0,5562.0,False,True,6.0,468,5988,ENSG00000104897,196608,73eda6ae0e081e761458a29cfc7e4443129abc384cad14c7f21d55f2e0345e88,f34324c6fde36a4f635f0f1f06cac5d25acd6798
32768,36,196608,98304,18,17,17,1,103866.0,5562.0,False,True,6.0,468,5988,ENSG00000179526,196608,273a2ee0442d8eddc3d7f35ec0eb537f83014dca7615d57a7c41c3ee8ccac013,f34324c6fde36a4f635f0f1f06cac5d25acd6798
32768,36,196608,98304,18,17,17,1,103866.0,5562.0,False,True,6.0,468,5988,ENSG00000185960,196608,5b4db21997419dddf96f985f108a147f4fdca408bbb00acb5d4885de311a0637,f34324c6fde36a4f635f0f1f06cac5d25acd6798
32768,36,196608,98304,18,17,17,1,103866.0,5562.0,False,True,6.0,468,5988,ENSG00000168779,196608,4aa71750919ee5979819d633c1204c07708468033c0c4dd66d3d97883d8089a3,f34324c6fde36a4f635f0f1f06cac5d25acd6798
32768,36,196608,98304,18,17,17,1,103866.0,5562.0,False,True,6.0,468,5988,ENSG00000112246,196608,0a36e7b7139a128ce93af3ffa23a8f35636ceca05f2afa04d2a6a160cfac0bb2,f34324c6fde36a4f635f0f1f06cac5d25acd6798
32768,36,196608,98304,18,17,17,1,103866.0,5562.0,False,True,6.0,468,5988,ENSG00000159263,196608,5aeaf701cd15ec5e85ec969b29debec7fa1f9c27f31d0557fcee890349b3754b,f34324c6fde36a4f635f0f1f06cac5d25acd6798
32768,36,196608,98304,18,17,17,1,103866.0,5562.0,False,True,6.0,468,5988,ENSG00000126778,196608,0c923bccf060114e562f56a51234c30a3230dd316a138ab0e60930e4b552162a,f34324c6fde36a4f635f0f1f06cac5d25acd6798
32768,36,196608,98304,18,17,17,1,103866.0,5562.0,False,True,6.0,468,5988,ENSG00000170577,196608,66bbda9df807728adeb5209e26fcaa4c62466bb0ef9e8dee92590c0711f4ea57,f34324c6fde36a4f635f0f1f06cac5d25acd6798
32768,36,196608,98304,18,17,17,1,103866.0,5562.0,False,True,6.0,468,5988,ENSG00000138083,196608,b5e2e0c0824c6b02314ea7ad17b3b5a3d98dc1c53f7b98e121bacfb1b487349e,f34324c6fde36a4f635f0f1f06cac5d25acd6798
32768,36,196608,98304,18,17,17,1,103866.0,5562.0,False,True,6.0,468,5988,ENSG00000100625,196608,ebe4fa3cf249ef33f1f4a613f3ed1e79271848ef41797a6c232d92804e1ae4c0,f34324c6fde36a4f635f0f1f06cac5d25acd6798
32768,36,196608,98304,18,17,17,1,103866.0,5562.0,False,True,6.0,468,5988,ENSG00000177045,196608,80740124362e12cd727af74512e09bbfb0c7b299d0d3f30e4b4dc6c27821284c,f34324c6fde36a4f635f0f1f06cac5d25acd6798
32768,36,196608,98304,18,17,17,1,103866.0,5562.0,False,True,6.0,468,5988,ENSG00000184302,196608,c079d96ea30544875ae8e86854de6e18d4fedb0b945192fea647f58fc3d6380d,f34324c6fde36a4f635f0f1f06cac5d25acd6798
32768,36,196608,98304,18,17,17,1,103866.0,5562.0,False,True,6.0,468,5988,ENSG00000125520,196608,39a44547372225afe99204014cb506b12e896a448f0306a99b4e295192d86ee2,f34324c6fde36a4f635f0f1f06cac5d25acd6798
32768,36,196608,98304,18,17,17,1,103866.0,5562.0,False,True,6.0,468,5988,ENSG00000188827,196608,17292b0234c82ba6e2b56097229449f48036f6858c4115aabaa28b0a6b15b134,f34324c6fde36a4f635f0f1f06cac5d25acd6798
32768,36,196608,98304,18,17,17,1,103866.0,5562.0,False,True,6.0,468,5988,ENSG00000115593,196608,a526638fc349a4210192639243b4e2c6aecdc9afcac58eff00be03ec53a0b7ee,f34324c6fde36a4f635f0f1f06cac5d25acd6798
32768,36,196608,98304,18,17,17,1,103866.0,5562.0,False,True,6.0,468,5988,ENSG00000143499,196608,fe406de3a8d4a3da018dcc476a5b30398ec360337fdad2983516c9ae24afca7e,f34324c6fde36a4f635f0f1f06cac5d25acd6798
32768,36,196608,98304,18,17,17,1,103866.0,5562.0,False,True,6.0,468,5988,ENSG00000185420,196608,74106d6329f9dba2012ce1281f8094248c093240910c3279de958afcb568f2c8,f34324c6fde36a4f635f0f1f06cac5d25acd6798
32768,36,196608,98304,18,17,17,1,103866.0,5562.0,False,True,6.0,468,5988,ENSG00000186532,196608,5288f06bb6a8a3fd80c31eb0e0a1eb14c035503efff9b62073a0fbc641b500a7,f34324c6fde36a4f635f0f1f06cac5d25acd6798
32768,36,196608,98304,18,17,17,1,103866.0,5562.0,False,True,6.0,468,5988,ENSG00000135632,196608,d180e8d9ef5c67ad1f564006bd6738cc722217a76688e4fd5ce82db4f8c2563f,f34324c6fde36a4f635f0f1f06cac5d25acd6798
32768,36,196608,98304,18,17,17,1,103866.0,5562.0,False,True,6.0,468,5988,ENSG00000124216,196608,af97d8c5ac62b42970e278f6867602a5059511668a0960030b24fe529b744eaa,f34324c6fde36a4f635f0f1f06cac5d25acd6798
32768,36,196608,98304,18,17,17,1,103866.0,5562.0,False,True,6.0,468,5988,ENSG00000019549,196608,2b78c61410b56a6d9c8d725c2cb5cf77e2141a3c87ee5bc9966e5877a731f6ef,f34324c6fde36a4f635f0f1f06cac5d25acd6798
32768,36,196608,98304,18,17,17,1,103866.0,5562.0,False,True,6.0,468,5988,ENSG00000185669,196608,02beac5ee52f54341d132a8cdf7216d89f22ec2ecb0e82be9b64d07e6047f721,f34324c6fde36a4f635f0f1f06cac5d25acd6798
32768,36,196608,98304,18,17,17,1,103866.0,5562.0,False,True,6.0,468,5988,ENSG00000012822,196608,0296b56cf55acc6f7af476531a41d905683465ca6dfdcc80beca07e3823fa25a,f34324c6fde36a4f635f0f1f06cac5d25acd6798
32768,36,196608,98304,18,17,17,1,103866.0,5562.0,False,True,6.0,468,5988,ENSG00000136436,196608,da1dc3e0a519214d671f937979f9ca0cd1805d377301bf87a3ee9892d8fad2b6,f34324c6fde36a4f635f0f1f06cac5d25acd6798
32768,36,196608,98304,18,17,17,1,103866.0,5562.0,False,True,6.0,468,5988,ENSG00000103326,196608,fd027fc5289f8122da39364f7bf7cdb9d9ab57f7f05296f26bbf5f0de28d056c,f34324c6fde36a4f635f0f1f06cac5d25acd6798
32768,36,196608,98304,18,17,17,1,103866.0,5562.0,False,True,6.0,468,5988,ENSG00000130940,196608,cf295c6e157d6fbff349220c296810bdb0156456acd0f119646e4b1e1cc9b345,f34324c6fde36a4f635f0f1f06cac5d25acd6798
32768,36,196608,98304,18,17,17,1,103866.0,5562.0,False,True,6.0,468,5988,ENSG00000078699,196608,d8cce46078aa9006d6460c2068d3683971f5da970740591c16dc4ef9c7b8f5d6,f34324c6fde36a4f635f0f1f06cac5d25acd6798
32768,36,196608,98304,18,17,17,1,103866.0,5562.0,False,True,6.0,468,5988,ENSG00000168566,196608,f39f296e2a37f01f74495ca26265302df9f3e955460086e702912daefa7d116c,f34324c6fde36a4f635f0f1f06cac5d25acd6798
32768,36,196608,98304,18,17,17,1,103866.0,5562.0,False,True,6.0,468,5988,ENSG00000124562,196608,992bf270e7df4927849519ad2cc6fc030daf3045dc448b92c9d6823af95aef44,f34324c6fde36a4f635f0f1f06cac5d25acd6798
32768,36,196608,98304,18,17,17,1,103866.0,5562.0,False,True,6.0,468,5988,ENSG00000112320,196608,3afc7f769ac0cba6b922c4083e100a8cf6329f63a60efad81ae7f7cf10a0464a,f34324c6fde36a4f635f0f1f06cac5d25acd6798
32768,36,196608,98304,18,17,17,1,103866.0,5562.0,False,True,6.0,468,5988,ENSG00000165643,196608,e90c828c37e4fb7443191b06059a8ed526806ecaa79a287f2648fa003ae69c2e,f34324c6fde36a4f635f0f1f06cac5d25acd6798
32768,36,196608,98304,18,17,17,1,103866.0,5562.0,False,True,6.0,468,5988,ENSG00000120669,196608,218f17e26c59ec5a079a8999da9a88941210492f25003ae868d23e3701f2d9d8,f34324c6fde36a4f635f0f1f06cac5d25acd6798
32768,36,196608,98304,18,17,17,1,103866.0,5562.0,False,True,6.0,468,5988,ENSG00000154556,196608,ad24c53d76b826553cb60b8ab979688412edaea0279d704481eb1f81739a0fb6,f34324c6fde36a4f635f0f1f06cac5d25acd6798
32768,36,196608,98304,18,17,17,1,103866.0,5562.0,False,True,6.0,468,5988,ENSG00000182968,196608,de64477f20b8978027534ea88b6a8d2e44fa143d7d8fa9f702dee354e13a1d8b,f34324c6fde36a4f635f0f1f06cac5d25acd6798
32768,36,196608,98304,18,17,17,1,103866.0,5562.0,False,True,6.0,468,5988,ENSG00000181449,196608,1935640c1048873b2ca1a825fccd8183fb9b90dde6cd87ee016a406d61a0465d,f34324c6fde36a4f635f0f1f06cac5d25acd6798
32768,36,196608,98304,18,17,17,1,103866.0,5562.0,False,True,6.0,468,5988,ENSG00000134595,196608,58f9dd72962b8b5045e8e3cbcc4aeebb92f35ecf6045d1f92b46a9477b7cfe91,f34324c6fde36a4f635f0f1f06cac5d25acd6798
32768,36,196608,98304,18,17,17,1,103866.0,5562.0,False,True,6.0,468,5988,ENSG00000124766,196608,8c1db7b0d0d3086666fb3f947dcc84fcf6def307c7ac61c1dcb1cdcd6bfad096,f34324c6fde36a4f635f0f1f06cac5d25acd6798
32768,36,196608,98304,18,17,17,1,103866.0,5562.0,False,True,6.0,468,5988,ENSG00000134532,196608,f564d7f52f2870ec1a3a5bd5908d818dd33e85aa3cef19295f167af8bfea3ef6,f34324c6fde36a4f635f0f1f06cac5d25acd6798
32768,36,196608,98304,18,17,17,1,103866.0,5562.0,False,True,6.0,468,5988,ENSG00000110693,196608,7056730f980f4053883dbfe2f56ebf150e980fed8d3c2a41d0e27603bfc8a12a,f34324c6fde36a4f635f0f1f06cac5d25acd6798
32768,36,196608,98304,18,17,17,1,103866.0,5562.0,False,True,6.0,468,5988,ENSG00000171056,196608,0a5527ac8be8e01ac62fc9f821a1a2f999bd4502ea707589d741c1930d32cade,f34324c6fde36a4f635f0f1f06cac5d25acd6798
32768,36,196608,98304,18,17,17,1,103866.0,5562.0,False,True,6.0,468,5988,ENSG00000005513,196608,4295f50f1a4475d545f4d84bb23a0dbb0722047a55660e0aeb967d6fda1379f9,f34324c6fde36a4f635f0f1f06cac5d25acd6798
32768,36,196608,98304,18,17,17,1,103866.0,5562.0,False,True,6.0,468,5988,ENSG00000125398,196608,724d1f7eca2c735ba7ed80cdd7cba8c50fe08563c25e9e413c5286243ddcc52c,f34324c6fde36a4f635f0f1f06cac5d25acd6798
32768,36,196608,98304,18,17,17,1,103866.0,5562.0,False,True,6.0,468,5988,ENSG00000100146,196608,4a6f87435fc95dad9e253f26a492f3c3cd66748660d0240b7b905bf27b0b0b6d,f34324c6fde36a4f635f0f1f06cac5d25acd6798
32768,36,196608,98304,18,17,17,1,103866.0,5562.0,False,True,6.0,468,5988,ENSG00000176887,196608,34f60c4f74e534c1d6dfe457e44932b157c4d11535fb4071db732130fce17964,f34324c6fde36a4f635f0f1f06cac5d25acd6798
32768,36,196608,98304,18,17,17,1,103866.0,5562.0,False,True,6.0,468,5988,ENSG00000177732,196608,5a49e619fd04b858c9b37b54938d45cae0535dd2f49782a2924f47285c1179e2,f34324c6fde36a4f635f0f1f06cac5d25acd6798
32768,36,196608,98304,18,17,17,1,103866.0,5562.0,False,True,6.0,468,5988,ENSG00000143842,196608,408eb871d920b127cf30d15c8002bf5f18489966be86b94eb470bde8897ac572,f34324c6fde36a4f635f0f1f06cac5d25acd6798
32768,36,196608,98304,18,17,17,1,103866.0,5562.0,False,True,6.0,468,5988,ENSG00000168875,196608,59b1afd5a9b4ae42ef3d7072afe3595937bde6cd2777b57840c66cfc6a824dc0,f34324c6fde36a4f635f0f1f06cac5d25acd6798
32768,36,196608,98304,18,17,17,1,103866.0,5562.0,False,True,6.0,468,5988,ENSG00000129194,196608,bfa3a7c1e0a52251643d91849f4be6e1260d38a031097d13720ce374a241c3ff,f34324c6fde36a4f635f0f1f06cac5d25acd6798
32768,36,196608,98304,18,17,17,1,103866.0,5562.0,False,True,6.0,468,5988,ENSG00000164736,196608,b0f8a926996c5703e02c0bf7019baed6d35a7f525bf8e7c2127228ea2106c309,f34324c6fde36a4f635f0f1f06cac5d25acd6798
32768,36,196608,98304,18,17,17,1,103866.0,5562.0,False,True,6.0,468,5988,ENSG00000203883,196608,d33f2574a5924ab9a5e33fdd1ed1abadebd901649613265dedb8427ad8fa6a66,f34324c6fde36a4f635f0f1f06cac5d25acd6798
32768,36,196608,98304,18,17,17,1,103866.0,5562.0,False,True,6.0,468,5988,ENSG00000125285,196608,77b844cd52e259ca880c0865b9b038db716679550ecc2ffd96720101e89cebb2,f34324c6fde36a4f635f0f1f06cac5d25acd6798
32768,36,196608,98304,18,17,17,1,103866.0,5562.0,False,True,6.0,468,5988,ENSG00000039600,196608,e7fec712f15e598817aca08d244ea2167034d4b15aa14d850c901afef06590c7,f34324c6fde36a4f635f0f1f06cac5d25acd6798
32768,36,196608,98304,18,17,17,1,103866.0,5562.0,False,True,6.0,468,5988,ENSG00000185591,196608,4ab220dd634d47c30f51cf35aff421665289e494493cadc9c8ec053d12a6655b,f34324c6fde36a4f635f0f1f06cac5d25acd6798
32768,36,196608,98304,18,17,17,1,103866.0,5562.0,False,True,6.0,468,5988,ENSG00000167182,196608,6b641336aefa176e33c9203167c03d469cacaa209a91701c10bc1ecc39c803ca,f34324c6fde36a4f635f0f1f06cac5d25acd6798
32768,36,196608,98304,18,17,17,1,103866.0,5562.0,False,True,6.0,468,5988,ENSG00000172845,196608,ac375079cf6ada59e7d6481274a7ddd08828bd8fd77d159ef6221595847dddcb,f34324c6fde36a4f635f0f1f06cac5d25acd6798
32768,36,196608,98304,18,17,17,1,103866.0,5562.0,False,True,6.0,468,5988,ENSG00000105866,196608,ccabb8abeee0b0a07ea3c1c0556e25d6e7ae0d903f9957ac07a850fd565df77d,f34324c6fde36a4f635f0f1f06cac5d25acd6798
32768,36,196608,98304,18,17,17,1,103866.0,5562.0,False,True,6.0,468,5988,ENSG00000204335,196608,bf32c30ca5d61605b47aeedc13922ac85368a6ccd2a5ebd66c4ffe05a2046db4,f34324c6fde36a4f635f0f1f06cac5d25acd6798
32768,36,196608,98304,18,17,17,1,103866.0,5562.0,False,True,6.0,468,5988,ENSG00000189120,196608,7f88f6d909c82e9f45620cfe4633507180f74679314e62ead3ca1d359c4c9e4d,f34324c6fde36a4f635f0f1f06cac5d25acd6798
32768,36,196608,98304,18,17,17,1,103866.0,5562.0,False,True,6.0,468,5988,ENSG00000170374,196608,ea5d8f36ba1159478828f33ae4b05fe5c271bc27c5abd3c36f9f7f1d723557f3,f34324c6fde36a4f635f0f1f06cac5d25acd6798
32768,36,196608,98304,18,17,17,1,103866.0,5562.0,False,True,6.0,468,5988,ENSG00000164651,196608,69b2eb982d6541af5250bef3388581055859adb1f2337f0284ed8e742a207d99,f34324c6fde36a4f635f0f1f06cac5d25acd6798
32768,36,196608,98304,18,17,17,1,103866.0,5562.0,False,True,6.0,468,5988,ENSG00000217236,196608,a8158df694253f6fe628874d7152d72f7f18dcc7ba4aca0ca271703dd293a90b,f34324c6fde36a4f635f0f1f06cac5d25acd6798
32768,36,196608,98304,18,17,17,1,103866.0,5562.0,False,True,6.0,468,5988,ENSG00000124664,196608,bdfc0460020e8bfde4863f71bc1ffbc8aa3ae553feea00beb972895b9afddd80,f34324c6fde36a4f635f0f1f06cac5d25acd6798
32768,36,196608,98304,18,17,17,1,103866.0,5562.0,False,True,6.0,468,5988,ENSG00000066336,196608,25a52338dd39e6581b9597772ecd644b4e4c50d52c481a35abb6df4013d31118,f34324c6fde36a4f635f0f1f06cac5d25acd6798
32768,36,196608,98304,18,17,17,1,103866.0,5562.0,False,True,6.0,468,5988,ENSG00000269404,196608,7e4742df9f1b4e305560450031eceb129ffedd375373feb4ea6f8972f36e8f14,f34324c6fde36a4f635f0f1f06cac5d25acd6798
32768,36,196608,98304,18,17,17,1,103866.0,5562.0,False,True,6.0,468,5988,ENSG00000166211,196608,b81fd3e65f96c59250c24f9ca30f5accd920c0fbc63a689341d82f99a1ae9cf9,f34324c6fde36a4f635f0f1f06cac5d25acd6798
32768,36,196608,98304,18,17,17,1,103866.0,5562.0,False,True,6.0,468,5988,ENSG00000010072,196608,e18aca3b34d4dbd5c8605bd183bbcdf05f8fc8565452eeaa6800f5520faeb0a3,f34324c6fde36a4f635f0f1f06cac5d25acd6798
32768,36,196608,98304,18,17,17,1,103866.0,5562.0,False,True,6.0,468,5988,ENSG00000161011,196608,f8a02404be6899e7b32fc7550eab3709e1e5f0c046807dc7bd2a6090d349c521,f34324c6fde36a4f635f0f1f06cac5d25acd6798
32768,36,196608,98304,18,17,17,1,103866.0,5562.0,False,True,6.0,468,5988,ENSG00000072310,196608,57c12efa4931f972552e1618350422492ee9e5e7e77d4aeb34f7f9e138a597e7,f34324c6fde36a4f635f0f1f06cac5d25acd6798
32768,36,196608,98304,18,17,17,1,103866.0,5562.0,False,True,6.0,468,5988,ENSG00000198911,196608,887bdfb63478332e221051ba2bf05893ea05bea12148e20a055f8f3cb7774865,f34324c6fde36a4f635f0f1f06cac5d25acd6798
32768,36,196608,98304,18,17,17,1,103866.0,5562.0,False,True,6.0,468,5988,ENSG00000153006,196608,9e47121eecfc1a35ab833aaa926f880301b2873b2c1502477f818d5f238a0b70,f34324c6fde36a4f635f0f1f06cac5d25acd6798
32768,36,196608,98304,18,17,17,1,103866.0,5562.0,False,True,6.0,468,5988,ENSG00000115875,196608,d5b06cdebdd6f9a91582af58deba64953bb0ae3ef22de117b6ead96aa96ddcf2,f34324c6fde36a4f635f0f1f06cac5d25acd6798
32768,36,196608,98304,18,17,17,1,103866.0,5562.0,False,True,6.0,468,5988,ENSG00000184895,196608,f7364933eab87e9e0ffe9fc45cea02b0deea0f63b01063408c8d88c0c87ce2bb,f34324c6fde36a4f635f0f1f06cac5d25acd6798
32768,36,196608,98304,18,17,17,1,103866.0,5562.0,False,True,6.0,468,5988,ENSG00000147488,196608,22c925644b9d4cce759edc837eec61bc552355fc9616ca511c336c0b8c35b400,f34324c6fde36a4f635f0f1f06cac5d25acd6798
32768,36,196608,98304,18,17,17,1,103866.0,5562.0,False,True,6.0,468,5988,ENSG00000178691,196608,780e14768636d4f188e6a6a48bbdf8d7042a6b701f275a56cdd6b78e269842c5,f34324c6fde36a4f635f0f1f06cac5d25acd6798
32768,36,196608,98304,18,17,17,1,103866.0,5562.0,False,True,6.0,468,5988,ENSG00000055208,196608,0980177e383f8c24c501547d7a394ad09d33f94b8eced9cf2ce8e703342a1da0,f34324c6fde36a4f635f0f1f06cac5d25acd6798
32768,36,196608,98304,18,17,17,1,103866.0,5562.0,False,True,6.0,468,5988,ENSG00000157625,196608,d2cb3c12012f07871f3c3f554bec14d1aefdc0209480b9d969c8ad0d50b9632c,f34324c6fde36a4f635f0f1f06cac5d25acd6798
32768,36,196608,98304,18,17,17,1,103866.0,5562.0,False,True,6.0,468,5988,ENSG00000276234,196608,146d9d50086fe740193f9c47476560214a31e2520cfedff9a92052b400fd1edb,f34324c6fde36a4f635f0f1f06cac5d25acd6798
32768,36,196608,98304,18,17,17,1,103866.0,5562.0,False,True,6.0,468,5988,ENSG00000173011,196608,84c543ec83edce6da9e622e3031a75fd474eca07d688b7326a707077dc50df14,f34324c6fde36a4f635f0f1f06cac5d25acd6798
32768,36,196608,98304,18,17,17,1,103866.0,5562.0,False,True,6.0,468,5988,ENSG00000147133,196608,401baf035323a454f319eac5d42b1eb7607634903652b3e266a0d14db6495b41,f34324c6fde36a4f635f0f1f06cac5d25acd6798
32768,36,196608,98304,18,17,17,1,103866.0,5562.0,False,True,6.0,468,5988,ENSG00000064313,196608,7208db1b89585517ebdcb28d055c39c05fef214b8a4eb410bddeb6591b4f1488,f34324c6fde36a4f635f0f1f06cac5d25acd6798
32768,36,196608,98304,18,17,17,1,103866.0,5562.0,False,True,6.0,468,5988,ENSG00000165632,196608,eb72d1e796dd073fb79ccbe22511c24aac91376a2da6d0a4d380cd994ebe1c68,f34324c6fde36a4f635f0f1f06cac5d25acd6798
32768,36,196608,98304,18,17,17,1,103866.0,5562.0,False,True,6.0,468,5988,ENSG00000130699,196608,6de8523ab4452928f2c87e29f518ff6dd76eb704f59f1830e4395233be4e19cf,f34324c6fde36a4f635f0f1f06cac5d25acd6798
32768,36,196608,98304,18,17,17,1,103866.0,5562.0,False,True,6.0,468,5988,ENSG00000148835,196608,9aa2c4115aa1b461970bfd4f0dc089f317b9a63ed1cba90c576aff2553ddf011,f34324c6fde36a4f635f0f1f06cac5d25acd6798
32768,36,196608,98304,18,17,17,1,103866.0,5562.0,False,True,6.0,468,5988,ENSG00000106290,196608,b6924557daa3f7aaa0ce6a1f150c412a7c06cfed42f6eca8ba6a68b3730a68f0,f34324c6fde36a4f635f0f1f06cac5d25acd6798
32768,36,196608,98304,18,17,17,1,103866.0,5562.0,False,True,6.0,468,5988,ENSG00000178913,196608,1b40da213b01fada8236189ceebb9a009bdd908fb68d265a5742d574a34b16e5,f34324c6fde36a4f635f0f1f06cac5d25acd6798
32768,36,196608,98304,18,17,17,1,103866.0,5562.0,False,True,6.0,468,5988,ENSG00000137413,196608,9bc9a490c44c88ea977ab5c212f45c9d984227079950e1b2a11a9a735c88e997,f34324c6fde36a4f635f0f1f06cac5d25acd6798
32768,36,196608,98304,18,17,17,1,103866.0,5562.0,False,True,6.0,468,5988,ENSG00000273841,196608,a88b1e711967bb5df30b4e2abe6a993578b1427f392818518cc3c3232c602aca,f34324c6fde36a4f635f0f1f06cac5d25acd6798
32768,36,196608,98304,18,17,17,1,103866.0,5562.0,False,True,6.0,468,5988,ENSG00000166337,196608,cc3e993e2481e8ba0d8f7a1692e8d5a988ab965c20bed242e8d47523ef269634,f34324c6fde36a4f635f0f1f06cac5d25acd6798
32768,36,196608,98304,18,17,17,1,103866.0,5562.0,False,True,6.0,468,5988,ENSG00000064995,196608,052792c7386a341d25bf0d94bef74406a8cb6cb5474a3e851f9ff0bcd159347c,f34324c6fde36a4f635f0f1f06cac5d25acd6798
32768,36,196608,98304,18,17,17,1,103866.0,5562.0,False,True,6.0,468,5988,ENSG00000120656,196608,872a197fa942da81bcb2f76c02e3adb68fd38ea17be748d89ba65d6897b19a37,f34324c6fde36a4f635f0f1f06cac5d25acd6798
32768,36,196608,98304,18,17,17,1,103866.0,5562.0,False,True,6.0,468,5988,ENSG00000197780,196608,17bd9dd68bc502c0a92477554263c0c1271dbeb41ec2b81b0ff94f457be6fe35,f34324c6fde36a4f635f0f1f06cac5d25acd6798
32768,36,196608,98304,18,17,17,1,103866.0,5562.0,False,True,6.0,468,5988,ENSG00000270647,196608,6aa3038b0f79fb83ca429dc17ae4d10e9959cd43762e01b19ccb9ebede2980d6,f34324c6fde36a4f635f0f1f06cac5d25acd6798
32768,36,196608,98304,18,17,17,1,103866.0,5562.0,False,True,6.0,468,5988,ENSG00000162367,196608,327a1d36261070598d276597eeea8dcec3766c914cd8bbc1019aad673c697aad,f34324c6fde36a4f635f0f1f06cac5d25acd6798
32768,36,196608,98304,18,17,17,1,103866.0,5562.0,False,True,6.0,468,5988,ENSG00000186051,196608,c55255e3e1b58a1dde369ae8d72801e1d4ddac181e123baf8b62133ef82074a4,f34324c6fde36a4f635f0f1f06cac5d25acd6798
32768,36,196608,98304,18,17,17,1,103866.0,5562.0,False,True,6.0,468,5988,ENSG00000136560,196608,6791648497e5f411709125a8095b0777143f050160b9df3cfe24e3a901473267,f34324c6fde36a4f635f0f1f06cac5d25acd6798
32768,36,196608,98304,18,17,17,1,103866.0,5562.0,False,True,6.0,468,5988,ENSG00000106052,196608,104241be7c1a58c871ee5c64704b680afa5dc949139f81bd5e8f225b945d7149,f34324c6fde36a4f635f0f1f06cac5d25acd6798
32768,36,196608,98304,18,17,17,1,103866.0,5562.0,False,True,6.0,468,5988,ENSG00000198933,196608,caac6ce9380243c1e20f92b5988cfefa908fe2aae4ed91a07321b1c84d102aa4,f34324c6fde36a4f635f0f1f06cac5d25acd6798
32768,36,196608,98304,18,17,17,1,103866.0,5562.0,False,True,6.0,468,5988,ENSG00000112592,196608,48e21a24917335d311673fb81947d7f8fc50a9afa1066890b672834a3eaab759,f34324c6fde36a4f635f0f1f06cac5d25acd6798
32768,36,196608,98304,18,17,17,1,103866.0,5562.0,False,True,6.0,468,5988,ENSG00000136535,196608,e47621631526dcee77fc1cdf586de5ee3235ba3558b2a01fa26c8510f734094d,f34324c6fde36a4f635f0f1f06cac5d25acd6798
32768,36,196608,98304,18,17,17,1,103866.0,5562.0,False,True,6.0,468,5988,ENSG00000184058,196608,4d07602510396ffe2e8e6f58d0b6de6e64370cdff0f4a9f4ff6cb3c19e2a7fd4,f34324c6fde36a4f635f0f1f06cac5d25acd6798
32768,36,196608,98304,18,17,17,1,103866.0,5562.0,False,True,6.0,468,5988,ENSG00000121068,196608,eec390db3166ed32493327daf8952a8d403e423a4aa4c66000fbad5d9054e5ed,f34324c6fde36a4f635f0f1f06cac5d25acd6798
32768,36,196608,98304,18,17,17,1,103866.0,5562.0,False,True,6.0,468,5988,ENSG00000135111,196608,c1107518aa835933c1376aadf8b9528b33c1ad8fbcb2090a236346ebb7f52ba2,f34324c6fde36a4f635f0f1f06cac5d25acd6798
32768,36,196608,98304,18,17,17,1,103866.0,5562.0,False,True,6.0,468,5988,ENSG00000121075,196608,a8de6acf2d061d49bfc7543f0659232a26749a051dfc38f8815f05b67862193f,f34324c6fde36a4f635f0f1f06cac5d25acd6798
32768,36,196608,98304,18,17,17,1,103866.0,5562.0,False,True,6.0,468,5988,ENSG00000089225,196608,5630c525452e4a0a915afaef56968deebf6a4e823d8707e6ee31d2e807b688ca,f34324c6fde36a4f635f0f1f06cac5d25acd6798
32768,36,196608,98304,18,17,17,1,103866.0,5562.0,False,True,6.0,468,5988,ENSG00000149922,196608,09ac08709c6124049377bac7d774a893535c721962b10109ca7fd0a9b2a67060,f34324c6fde36a4f635f0f1f06cac5d25acd6798
32768,36,196608,98304,18,17,17,1,103866.0,5562.0,False,True,6.0,468,5988,ENSG00000167800,196608,a7747e925893b3db8b6ba46be34680d50c9eedd61b3325fa9f6daf4410dbb9d9,f34324c6fde36a4f635f0f1f06cac5d25acd6798
32768,36,196608,98304,18,17,17,1,103866.0,5562.0,False,True,6.0,468,5988,ENSG00000092607,196608,cab7997f5c8fea55cb335929c13844cbe2cc13753c4566f51261ccedfc0f37b2,f34324c6fde36a4f635f0f1f06cac5d25acd6798
32768,36,196608,98304,18,17,17,1,103866.0,5562.0,False,True,6.0,468,5988,ENSG00000112837,196608,5782287341a06e30a2f9f1c95aa24259f1e1adba81594b385505490d3a1a4e06,f34324c6fde36a4f635f0f1f06cac5d25acd6798
32768,36,196608,98304,18,17,17,1,103866.0,5562.0,False,True,6.0,468,5988,ENSG00000143178,196608,9c6301855f08b40cbabea3570e9cbc1b6b564a7c7103d5b88fa0182172ffb1fe,f34324c6fde36a4f635f0f1f06cac5d25acd6798
32768,36,196608,98304,18,17,17,1,103866.0,5562.0,False,True,6.0,468,5988,ENSG00000164532,196608,86e6d99e80c2545f5d0128cf6be7bff3a632e5e1d0b3b678cb59714c9ba8497a,f34324c6fde36a4f635f0f1f06cac5d25acd6798
32768,36,196608,98304,18,17,17,1,103866.0,5562.0,False,True,6.0,468,5988,ENSG00000073861,196608,a892c5e28d2a57b4e8b5bff6d421fbaf17a060534b57cd48e4c9e49297816e28,f34324c6fde36a4f635f0f1f06cac5d25acd6798
32768,36,196608,98304,18,17,17,1,103866.0,5562.0,False,True,6.0,468,5988,ENSG00000122145,196608,2796fa9ed76911054e84645fc9625204602da1938a0ea6ebd6d993f718e5ef23,f34324c6fde36a4f635f0f1f06cac5d25acd6798
32768,36,196608,98304,18,17,17,1,103866.0,5562.0,False,True,6.0,468,5988,ENSG00000164458,196608,46060f9cb3cd2d214ea396362b76426ec5754633447dca647ba9112655a94e92,f34324c6fde36a4f635f0f1f06cac5d25acd6798
32768,36,196608,98304,18,17,17,1,103866.0,5562.0,False,True,6.0,468,5988,ENSG00000187735,196608,c5d86ca3237923a3cdd640e2fae4863017d13a7e30504ace0e9e1d25172228b3,f34324c6fde36a4f635f0f1f06cac5d25acd6798
32768,36,196608,98304,18,17,17,1,103866.0,5562.0,False,True,6.0,468,5988,ENSG00000071564,196608,efcda9ccc9d1dc64a9d1f2c6ecef3bea774b5a0e2c5095a033ab2ff288481f77,f34324c6fde36a4f635f0f1f06cac5d25acd6798
32768,36,196608,98304,18,17,17,1,103866.0,5562.0,False,True,6.0,468,5988,ENSG00000196628,196608,835a714b334bf9dbcfde915b2336a9b77eae492b0df8c9e22d3c3612fbfd860d,f34324c6fde36a4f635f0f1f06cac5d25acd6798
32768,36,196608,98304,18,17,17,1,103866.0,5562.0,False,True,6.0,468,5988,ENSG00000081059,196608,85e9f8e115339246c9efb2a4a9bd2dcebaa3b56429291f15d6ab4ce947a69176,f34324c6fde36a4f635f0f1f06cac5d25acd6798
32768,36,196608,98304,18,17,17,1,103866.0,5562.0,False,True,6.0,468,5988,ENSG00000152284,196608,3a010f5a765d99959bf5af0fc3827b0b75c59a22a9def3b3640aedd9c16fa0f4,f34324c6fde36a4f635f0f1f06cac5d25acd6798
32768,36,196608,98304,18,17,17,1,103866.0,5562.0,False,True,6.0,468,5988,ENSG00000148737,196608,e64a0253d10c2e8937e5e801d5175129528adab82c757363588e16e789a556c2,f34324c6fde36a4f635f0f1f06cac5d25acd6798
32768,36,196608,98304,18,17,17,1,103866.0,5562.0,False,True,6.0,468,5988,ENSG00000140262,196608,550360de695726e845981edc20604d36d924e22c6a1a6a67f0b56552fde05984,f34324c6fde36a4f635f0f1f06cac5d25acd6798
32768,36,196608,98304,18,17,17,1,103866.0,5562.0,False,True,6.0,468,5988,ENSG00000125878,196608,f7f453a34860ba5ff64dd70bf64489ff262aa2c9c1e7dfde2bd236b28f4ce02a,f34324c6fde36a4f635f0f1f06cac5d25acd6798
32768,36,196608,98304,18,17,17,1,103866.0,5562.0,False,True,6.0,468,5988,ENSG00000118526,196608,fdd05d9710a058a83cf17c08b700e15edbcf0594d538e1cad67739e8407e3107,f34324c6fde36a4f635f0f1f06cac5d25acd6798
32768,36,196608,98304,18,17,17,1,103866.0,5562.0,False,True,6.0,468,5988,ENSG00000163792,196608,2bc3f638c314c110b5bcb7112185eaf1ae1c98ae05203d232170d7c1d1957ee6,f34324c6fde36a4f635f0f1f06cac5d25acd6798
32768,36,196608,98304,18,17,17,1,103866.0,5562.0,False,True,6.0,468,5988,ENSG00000261787,196608,061662aca057bb41e08ccef8398bba6c535607901d0275e752d7e694d98ada02,f34324c6fde36a4f635f0f1f06cac5d25acd6798
32768,36,196608,98304,18,17,17,1,103866.0,5562.0,False,True,6.0,468,5988,ENSG00000101190,196608,e557067c5b35c3388d795decd56f8bb7874513c381503d2423d2ee5f5856882f,f34324c6fde36a4f635f0f1f06cac5d25acd6798
32768,36,196608,98304,18,17,17,1,103866.0,5562.0,False,True,6.0,468,5988,ENSG00000095627,196608,fb6cff05cda812f00cac29c0300ed28710f8db15323a61a40f8cbd6ad1fe4bc3,f34324c6fde36a4f635f0f1f06cac5d25acd6798
32768,36,196608,98304,18,17,17,1,103866.0,5562.0,False,True,6.0,468,5988,ENSG00000187079,196608,d5247424539b6edb0bb899b26cab2d0146917ef8292b1da96c3f3921c1540776,f34324c6fde36a4f635f0f1f06cac5d25acd6798
32768,36,196608,98304,18,17,17,1,103866.0,5562.0,False,True,6.0,468,5988,ENSG00000074219,196608,45d4275a0920a3268d132a9e74c6e6986ff9e5308d8f487107ab6eccbed00343,f34324c6fde36a4f635f0f1f06cac5d25acd6798
32768,36,196608,98304,18,17,17,1,103866.0,5562.0,False,True,6.0,468,5988,ENSG00000007866,196608,7ae6793fbdc75ca3292f1c93a2a533c44b80a6af61d0cad15149b6d10809f52d,f34324c6fde36a4f635f0f1f06cac5d25acd6798
32768,36,196608,98304,18,17,17,1,103866.0,5562.0,False,True,6.0,468,5988,ENSG00000197905,196608,a25c9e6efb2937fe8ba0acb72ca9208ef9dc5f821dcbc368c955452f52aaf51d,f34324c6fde36a4f635f0f1f06cac5d25acd6798
32768,36,196608,98304,18,17,17,1,103866.0,5562.0,False,True,6.0,468,5988,ENSG00000167074,196608,186fbd81055cba89cc72663e4734ebf073b18b7c4ff1b840b0a9e8b38528b500,f34324c6fde36a4f635f0f1f06cac5d25acd6798
32768,36,196608,98304,18,17,17,1,103866.0,5562.0,False,True,6.0,468,5988,ENSG00000138336,196608,3d71c8b0226f279b9a60f2265673c7da842025a77755081089dc3b211f5b39c1,f34324c6fde36a4f635f0f1f06cac5d25acd6798
32768,36,196608,98304,18,17,17,1,103866.0,5562.0,False,True,6.0,468,5988,ENSG00000187605,196608,20e190add291d22277ddc66d70908bc5c8d60bb319c1762084f4673574f20869,f34324c6fde36a4f635f0f1f06cac5d25acd6798
32768,36,196608,98304,18,17,17,1,103866.0,5562.0,False,True,6.0,468,5988,ENSG00000268629,196608,bf0064bf7f6e0a4cc91f095d78102cd08d6c902ca789f0ac1bd53cf233a3eba6,f34324c6fde36a4f635f0f1f06cac5d25acd6798
32768,36,196608,98304,18,17,17,1,103866.0,5562.0,False,True,6.0,468,5988,ENSG00000282815,196608,d8f7e8cc54824f71afe1afc2933a66d27c34e001a0c633967ae9b367db5605fd,f34324c6fde36a4f635f0f1f06cac5d25acd6798
32768,36,196608,98304,18,17,17,1,103866.0,5562.0,False,True,6.0,468,5988,ENSG00000282419,196608,f07db91dd1f0d8c0186578b83c8a6d6e64749588e56f486c9423cb2e6efe23c6,f34324c6fde36a4f635f0f1f06cac5d25acd6798
32768,36,196608,98304,18,17,17,1,103866.0,5562.0,False,True,6.0,468,5988,ENSG00000137203,196608,0158dec8e54d0bec931a60ba654c3ec763f27958e808eb4612137e6b7406c1ed,f34324c6fde36a4f635f0f1f06cac5d25acd6798
32768,36,196608,98304,18,17,17,1,103866.0,5562.0,False,True,6.0,468,5988,ENSG00000008196,196608,3b65637eaddeace7f1b831902194e909179edd4d0f2feddb8b8d6b34113538e2,f34324c6fde36a4f635f0f1f06cac5d25acd6798
32768,36,196608,98304,18,17,17,1,103866.0,5562.0,False,True,6.0,468,5988,ENSG00000087510,196608,3b022e53ef73850875747c87b6986fbeb5bd8e4eaf11f63923337728062abb4a,f34324c6fde36a4f635f0f1f06cac5d25acd6798
32768,36,196608,98304,18,17,17,1,103866.0,5562.0,False,True,6.0,468,5988,ENSG00000008197,196608,500a93e6ad0a4299a90c29752448127a88e14f35af0204075abb2842f0abe490,f34324c6fde36a4f635f0f1f06cac5d25acd6798
32768,36,196608,98304,18,17,17,1,103866.0,5562.0,False,True,6.0,468,5988,ENSG00000116819,196608,a6806ef37fec956ab68165fa58a84a2060f2dce3ce705f9e65f82ac9e0549a2c,f34324c6fde36a4f635f0f1f06cac5d25acd6798
32768,36,196608,98304,18,17,17,1,103866.0,5562.0,False,True,6.0,468,5988,ENSG00000090447,196608,fd92aaeea178f95f7853abdcd8d9eb32b2b447b74ba6800b99c071a13c184eb8,f34324c6fde36a4f635f0f1f06cac5d25acd6798
41133,44,196608,98304,22,17,17,5,126282.0,27978.0,False,True,4.779811829917584,971,5988,ENSG00000198176,196608,3d0d4db0786e601a9831f21ad6c7cd1289dec532eb9f98a3f8f62ba203e39163,f34324c6fde36a4f635f0f1f06cac5d25acd6798
32768,36,196608,98304,18,17,17,1,103866.0,5562.0,False,True,6.0,468,5988,ENSG00000114126,196608,b41e0fe8acee3f171bad2ab013fb2e89cb9f14dc74750af143f3f299e9581762,f34324c6fde36a4f635f0f1f06cac5d25acd6798
32768,36,196608,98304,18,17,17,1,103866.0,5562.0,False,True,6.0,468,5988,ENSG00000183434,196608,1aa54dfb064a60dae1345f3e17a72ae24e6c7e982f0449736ab33ae8d35d62a2,f34324c6fde36a4f635f0f1f06cac5d25acd6798
32768,36,196608,98304,18,17,17,1,103866.0,5562.0,False,True,6.0,468,5988,ENSG00000068323,196608,73f902bb0d0ab1e0ea95c2927dd8ce009d7212d45f18783a8e26ac3d9523cced,f34324c6fde36a4f635f0f1f06cac5d25acd6798
32768,36,196608,98304,18,17,17,1,103866.0,5562.0,False,True,6.0,468,5988,ENSG00000112561,196608,761884dd728e16f2732e95a6218132340532b15002413aa7beec710cae22b26b,f34324c6fde36a4f635f0f1f06cac5d25acd6798
32768,36,196608,98304,18,17,17,1,103866.0,5562.0,False,True,6.0,468,5988,ENSG00000105967,196608,91e6a111cca43f318019beb892dbc48fd953adcd6dfe2f3f2529cbd12b4cbd53,f34324c6fde36a4f635f0f1f06cac5d25acd6798
32768,36,196608,98304,18,17,17,1,103866.0,5562.0,False,True,6.0,468,5988,ENSG00000177426,196608,2b13b60a9dd3ecad577b46933b55d8d4598a8d579b1fa5b9a5e90724c617d191,f34324c6fde36a4f635f0f1f06cac5d25acd6798
32768,36,196608,98304,18,17,17,1,103866.0,5562.0,False,True,6.0,468,5988,ENSG00000118707,196608,c2da27752b163e42031afc6f0be4accef2012d528b97ac3b6db12accfac42c6e,f34324c6fde36a4f635f0f1f06cac5d25acd6798
32768,36,196608,98304,18,17,17,1,103866.0,5562.0,False,True,6.0,468,5988,ENSG00000153779,196608,d1a8d269644a8a5ab29ca2106118e2355118509ecb725ba70b2ea965fd9a66d9,f34324c6fde36a4f635f0f1f06cac5d25acd6798
32768,36,196608,98304,18,17,17,1,103866.0,5562.0,False,True,6.0,468,5988,ENSG00000176679,196608,441a2b323a0d3aa2ca879a1fad2fd3b02779faeb6136c0a1bcf226ea581512de,f34324c6fde36a4f635f0f1f06cac5d25acd6798
32768,36,196608,98304,18,17,17,1,103866.0,5562.0,False,True,6.0,468,5988,ENSG00000163659,196608,0c68037ce02c854d5f9f99f50732b952cee94d751ec34eef5d0c86c0527fbdd1,f34324c6fde36a4f635f0f1f06cac5d25acd6798
32768,36,196608,98304,18,17,17,1,103866.0,5562.0,False,True,6.0,468,5988,ENSG00000107807,196608,0f3f163572fd87eafe9e4cda2d5c746062d3163c008d94f1b809f00c6e1525e4,f34324c6fde36a4f635f0f1f06cac5d25acd6798
32768,36,196608,98304,18,17,17,1,103866.0,5562.0,False,True,6.0,468,5988,ENSG00000115297,196608,4060e0c70a9d5cab02c0773a6127cdd2a2259137d784ed1fb7bd21a46f8182c6,f34324c6fde36a4f635f0f1f06cac5d25acd6798
32768,36,196608,98304,18,17,17,1,103866.0,5562.0,False,True,6.0,468,5988,ENSG00000164438,196608,8340bf0b0b8f15e9e1fd9b382803de0477a12a243b6226f72c9a7716dd6d55a5,f34324c6fde36a4f635f0f1f06cac5d25acd6798
32768,36,196608,98304,18,17,17,1,103866.0,5562.0,False,True,6.0,468,5988,ENSG00000118503,196608,54dbfc49a979da59fcd5b3f27f5554464e7a3584f5520eac308a2f7414e3dcf2,f34324c6fde36a4f635f0f1f06cac5d25acd6798
32768,36,196608,98304,18,17,17,1,103866.0,5562.0,False,True,6.0,468,5988,ENSG00000168884,196608,a3d56fda2698abb6b66fcdf026d596cf54d29e7df7ace99edb1319cde9977750,f34324c6fde36a4f635f0f1f06cac5d25acd6798
32768,36,196608,98304,18,17,17,1,103866.0,5562.0,False,True,6.0,468,5988,ENSG00000132773,196608,11534617ddcb10bce2326dd04a679ba02162941fd93eaccb3c6493abbb3cc41e,f34324c6fde36a4f635f0f1f06cac5d25acd6798
32768,36,196608,98304,18,17,17,1,103866.0,5562.0,False,True,6.0,468,5988,ENSG00000177302,196608,a5400a94987651b654debc473ef7ed2a898889fe2b105ff5d77072b1a404c130,f34324c6fde36a4f635f0f1f06cac5d25acd6798
32768,36,196608,98304,18,17,17,1,103866.0,5562.0,False,True,6.0,468,5988,ENSG00000198846,196608,69063b085064eae8e606202e63ff49c6c2036e293074b414bac1e8613b3cb131,f34324c6fde36a4f635f0f1f06cac5d25acd6798
32768,36,196608,98304,18,17,17,1,103866.0,5562.0,False,True,6.0,468,5988,ENSG00000124191,196608,2014ba596e9a99fa04f0d26064a5943391232c1b0c1af11ff9f5d642fc282490,f34324c6fde36a4f635f0f1f06cac5d25acd6798
32768,36,196608,98304,18,17,17,1,103866.0,5562.0,False,True,6.0,468,5988,ENSG00000103460,196608,f63d345b488a98f50782fc29130cbb1cba929ab4b01c330e0613285ee83e1730,f34324c6fde36a4f635f0f1f06cac5d25acd6798
32768,36,196608,98304,18,17,17,1,103866.0,5562.0,False,True,6.0,468,5988,ENSG00000092203,196608,6834e8066c10bf7134392c53c859b14df2ee5210aa09d7cad23d43005ac112d7,f34324c6fde36a4f635f0f1f06cac5d25acd6798
32768,36,196608,98304,18,17,17,1,103866.0,5562.0,False,True,6.0,468,5988,ENSG00000178928,196608,ac5f334860b3148a5e3358a055db0571c39ef270f57f14d0714ad5305b2bf4ff,f34324c6fde36a4f635f0f1f06cac5d25acd6798
32768,36,196608,98304,18,17,17,1,103866.0,5562.0,False,True,6.0,468,5988,ENSG00000127191,196608,a2e9c7dd6922e734be0ba7d5afbe37225958b89bac5477646c394c494b9be5d3,f34324c6fde36a4f635f0f1f06cac5d25acd6798
32768,36,196608,98304,18,17,17,1,103866.0,5562.0,False,True,6.0,468,5988,ENSG00000131323,196608,d9eaa8878b498773e2456b1460e976510295043d7400f43c55a188ede392a7fb,f34324c6fde36a4f635f0f1f06cac5d25acd6798
32768,36,196608,98304,18,17,17,1,103866.0,5562.0,False,True,6.0,468,5988,ENSG00000076604,196608,ddb17a0f33610fdd49b0aeb44481321ff7f82a080fe203b47f362ea1e31afa03,f34324c6fde36a4f635f0f1f06cac5d25acd6798
32768,36,196608,98304,18,17,17,1,103866.0,5562.0,False,True,6.0,468,5988,ENSG00000082512,196608,0067717b75cab07e7c2fcd88496d4ae822b4a4735edcab62b5635d0e59d06a01,f34324c6fde36a4f635f0f1f06cac5d25acd6798
32768,36,196608,98304,18,17,17,1,103866.0,5562.0,False,True,6.0,468,5988,ENSG00000175104,196608,20cb840631ee3a7d6c508b33d27db7fefbc73519b14d2c657f7ede7f68c26d4b,f34324c6fde36a4f635f0f1f06cac5d25acd6798
32768,36,196608,98304,18,17,17,1,103866.0,5562.0,False,True,6.0,468,5988,ENSG00000131653,196608,4366c5457648fe59c4ffd6940cf1e12f0b3d64e7c92c96bf6c2ffb8332453005,f34324c6fde36a4f635f0f1f06cac5d25acd6798
32768,36,196608,98304,18,17,17,1,103866.0,5562.0,False,True,6.0,468,5988,ENSG00000135148,196608,a34cfb1b34ff3594c56ac4cfb915405f70c17643d754ca2def7fd7f34b06925b,f34324c6fde36a4f635f0f1f06cac5d25acd6798
32768,36,196608,98304,18,17,17,1,103866.0,5562.0,False,True,6.0,468,5988,ENSG00000124496,196608,cbfefca9cc21eceddc9895bdb53e7493415a257a0c3cc9e68dcdc02e1880d778,f34324c6fde36a4f635f0f1f06cac5d25acd6798
32768,36,196608,98304,18,17,17,1,103866.0,5562.0,False,True,6.0,468,5988,ENSG00000103671,196608,426970fe436edc1157424eb3b6a319d18e1daba8b07a512fd6d5d1fec806838f,f34324c6fde36a4f635f0f1f06cac5d25acd6798
32768,36,196608,98304,18,17,17,1,103866.0,5562.0,False,True,6.0,468,5988,ENSG00000043514,196608,fba2347ac4be4617783b5ce61a03674558f7cabcc48942018848b24896adf251,f34324c6fde36a4f635f0f1f06cac5d25acd6798
32768,36,196608,98304,18,17,17,1,103866.0,5562.0,False,True,6.0,468,5988,ENSG00000104907,196608,74b0e648ec436b8c4a0e3350fe2f26bda7ab72dc73a404e0fe84318f24f83644,f34324c6fde36a4f635f0f1f06cac5d25acd6798
32768,36,196608,98304,18,17,17,1,103866.0,5562.0,False,True,6.0,468,5988,ENSG00000121486,196608,db4a9d02adbd1711f3a3d8151513a0104b72498ec3ae6e5664436160bec588ef,f34324c6fde36a4f635f0f1f06cac5d25acd6798
32768,36,196608,98304,18,17,17,1,103866.0,5562.0,False,True,6.0,468,5988,ENSG00000122435,196608,2e1c4626259c52e99237f30929102d677d01af763fbc9d938ed137af628c051f,f34324c6fde36a4f635f0f1f06cac5d25acd6798
32768,36,196608,98304,18,17,17,1,103866.0,5562.0,False,True,6.0,468,5988,ENSG00000104447,196608,f71d021614e96d209df1aed4649f984fd5c666deafabbc00229f073a26d6a840,f34324c6fde36a4f635f0f1f06cac5d25acd6798
32768,36,196608,98304,18,17,17,1,103866.0,5562.0,False,True,6.0,468,5988,ENSG00000179981,196608,2a27eecbe5e787a342d0cbbe7e5fa56fe4dfe4cd23312b5e23e01b8696dcd8c9,f34324c6fde36a4f635f0f1f06cac5d25acd6798
32768,36,196608,98304,18,17,17,1,103866.0,5562.0,False,True,6.0,468,5988,ENSG00000182463,196608,ee4bddc0db4cef44c87df9a85e2b21b75fbad333b7f7740dda360405ca6e18d7,f34324c6fde36a4f635f0f1f06cac5d25acd6798
32768,36,196608,98304,18,17,17,1,103866.0,5562.0,False,True,6.0,468,5988,ENSG00000121297,196608,699a763ddf8d040dc0499a16c5c7e242c91c5dce044f8145c1cf1d8608617aba,f34324c6fde36a4f635f0f1f06cac5d25acd6798
32768,36,196608,98304,18,17,17,1,103866.0,5562.0,False,True,6.0,468,5988,ENSG00000116830,196608,752be51d89d9bd787224a2a921f49e7f307448e2cd188489b04730f6fa312226,f34324c6fde36a4f635f0f1f06cac5d25acd6798
32768,36,196608,98304,18,17,17,1,103866.0,5562.0,False,True,6.0,468,5988,ENSG00000134744,196608,59ebc049db02864c200decaa48a364729de0dd4fcbde09f73547c3992d0a8447,f34324c6fde36a4f635f0f1f06cac5d25acd6798
32768,36,196608,98304,18,17,17,1,103866.0,5562.0,False,True,6.0,468,5988,ENSG00000083223,196608,10c3d9ebf2ad060e691826a44465e4dfc942c15b0b26110a6ede8763b1b47767,f34324c6fde36a4f635f0f1f06cac5d25acd6798
32768,36,196608,98304,18,17,17,1,103866.0,5562.0,False,True,6.0,468,5988,ENSG00000122691,196608,cb7f7a26541df48af760141cfa1523f0676899b78be0a2d491b51413241bcf03,f34324c6fde36a4f635f0f1f06cac5d25acd6798
33098,36,196608,98304,18,17,17,1,103866.0,5562.0,False,True,5.940177654238926,2423,5988,ENSG00000233608,196608,34d92cccc39874b369ebf9c13060f54e6dfe1bd39968ce94c3503c02cfca20d1,f34324c6fde36a4f635f0f1f06cac5d25acd6798
32768,36,196608,98304,18,17,17,1,103866.0,5562.0,False,True,6.0,468,5988,ENSG00000160201,196608,b59c1bd9ff9113c83e08076bc973aeab1579f8dad78a5768e4d1779ef9f1b8e2,f34324c6fde36a4f635f0f1f06cac5d25acd6798
32768,36,196608,98304,18,17,17,1,103866.0,5562.0,False,True,6.0,468,5988,ENSG00000161265,196608,3576ad4381d72e299c27d92650f0133573becde0cd7463c9e7d97101fb902de6,f34324c6fde36a4f635f0f1f06cac5d25acd6798
32768,36,196608,98304,18,17,17,1,103866.0,5562.0,False,True,6.0,468,5988,ENSG00000087206,196608,903d7d069f7e922fea85c7cf53f27afb30666e2163a09a1993ea9503d66ff074,f34324c6fde36a4f635f0f1f06cac5d25acd6798
32768,36,196608,98304,18,17,17,1,103866.0,5562.0,False,True,6.0,468,5988,ENSG00000164853,196608,9ef04835e13d69d3faa5c0794eda63c3a48d383ace6c0f9d5f21b1f144358e58,f34324c6fde36a4f635f0f1f06cac5d25acd6798
32768,36,196608,98304,18,17,17,1,103866.0,5562.0,False,True,6.0,468,5988,ENSG00000132478,196608,baaf6ba9da51cad610680f397881943e009a08e25e84a2f3e1bae06022cf02b5,f34324c6fde36a4f635f0f1f06cac5d25acd6798
32768,36,196608,98304,18,17,17,1,103866.0,5562.0,False,True,6.0,468,5988,ENSG00000059145,196608,7a3320f90d1b183fc74661c64b6c754bcaa5de0be6b19dea38cbc0418de28a55,f34324c6fde36a4f635f0f1f06cac5d25acd6798
32768,36,196608,98304,18,17,17,1,103866.0,5562.0,False,True,6.0,468,5988,ENSG00000158773,196608,6e1cc0c9e534e149655c9c13beeb7a7407adbdb72ce6b2f28e569f69ced660ec,f34324c6fde36a4f635f0f1f06cac5d25acd6798
32768,36,196608,98304,18,17,17,1,103866.0,5562.0,False,True,6.0,468,5988,ENSG00000105698,196608,0b717f34e8d6c41b59a8a972ee1236f7a26d6ffe5abab21ace135a5f8e999386,f34324c6fde36a4f635f0f1f06cac5d25acd6798
32768,36,196608,98304,18,17,17,1,103866.0,5562.0,False,True,6.0,468,5988,ENSG00000172046,196608,1f4bfa5080ec933d5cd521043a20b6b88fbdcc6700adcc08bc8062041f96052c,f34324c6fde36a4f635f0f1f06cac5d25acd6798
32768,36,196608,98304,18,17,17,1,103866.0,5562.0,False,True,6.0,468,5988,ENSG00000152818,196608,da0bfc4d4ef83bf5b1fb18624088381720429b12f381d3db74e6db664a866010,f34324c6fde36a4f635f0f1f06cac5d25acd6798
32768,36,196608,98304,18,17,17,1,103866.0,5562.0,False,True,6.0,468,5988,ENSG00000148704,196608,58bf343bc9a134129d173521f98785ff0e48508c58cc246ea615524610854465,f34324c6fde36a4f635f0f1f06cac5d25acd6798
32768,36,196608,98304,18,17,17,1,103866.0,5562.0,False,True,6.0,468,5988,ENSG00000116035,196608,2ca5784b8c1fc0e147238b143311ad78f6ad4c90f563b07739490011c144c7e3,f34324c6fde36a4f635f0f1f06cac5d25acd6798
32768,36,196608,98304,18,17,17,1,103866.0,5562.0,False,True,6.0,468,5988,ENSG00000111424,196608,c828dd342cd6c34c58d7470ef2fe072aec14821ea5a0de8fe3b66b1e9987cb7a,f34324c6fde36a4f635f0f1f06cac5d25acd6798
32768,36,196608,98304,18,17,17,1,103866.0,5562.0,False,True,6.0,468,5988,ENSG00000151650,196608,6fc06d8680c444c6473a6a2a087cef6e9d6319f2832dedc0e98ee586f2e6fcb0,f34324c6fde36a4f635f0f1f06cac5d25acd6798
32768,36,196608,98304,18,17,17,1,103866.0,5562.0,False,True,6.0,468,5988,ENSG00000136451,196608,51e0294ea7f87174205237a79364e27acc4239f0f9dcbcb5bc0820ed38b0988d,f34324c6fde36a4f635f0f1f06cac5d25acd6798
32768,36,196608,98304,18,17,17,1,103866.0,5562.0,False,True,6.0,468,5988,ENSG00000100987,196608,f177555b99102c9a958f6b33e186117e191d016cf9cc569926a34cf6a58c149d,f34324c6fde36a4f635f0f1f06cac5d25acd6798
32768,36,196608,98304,18,17,17,1,103866.0,5562.0,False,True,6.0,468,5988,ENSG00000119614,196608,00b1399944e896544e268bb53fba7226e18ff0ba41752dcc3d28fe43f6b99ea6,f34324c6fde36a4f635f0f1f06cac5d25acd6798
32768,36,196608,98304,18,17,17,1,103866.0,5562.0,False,True,6.0,468,5988,ENSG00000120688,196608,8fdd9964ea0c2b04144e798e07117638d85f8d6bf84e09411733741dcfed5b17,f34324c6fde36a4f635f0f1f06cac5d25acd6798
32768,36,196608,98304,18,17,17,1,103866.0,5562.0,False,True,6.0,468,5988,ENSG00000085449,196608,e55f1d66a44720ce7a1c414b29347dca7cf891334c8b55e3c90ad2c41134fd6b,f34324c6fde36a4f635f0f1f06cac5d25acd6798
32768,36,196608,98304,18,17,17,1,103866.0,5562.0,False,True,6.0,468,5988,ENSG00000139668,196608,48b5cc137569626f70c8c1f25c4c00c88891639f2f605b65d18120051b9e3205,f34324c6fde36a4f635f0f1f06cac5d25acd6798
32768,36,196608,98304,18,17,17,1,103866.0,5562.0,False,True,6.0,468,5988,ENSG00000163625,196608,5790ca55af9f5b861f23a31b477b6d11a9e2a6fe23df9dddf28aea9e53c553ea,f34324c6fde36a4f635f0f1f06cac5d25acd6798
32768,36,196608,98304,18,17,17,1,103866.0,5562.0,False,True,6.0,468,5988,ENSG00000011451,196608,70d12603b18ca692beba7d31c7d83ac08d7500755afbfc495eaff299b7c76c05,f34324c6fde36a4f635f0f1f06cac5d25acd6798
32768,36,196608,98304,18,17,17,1,103866.0,5562.0,False,True,6.0,468,5988,ENSG00000124535,196608,275f33250a1960445f28928f7b00fb416ef0a771fd1c250aa585f0747419a9df,f34324c6fde36a4f635f0f1f06cac5d25acd6798
32768,36,196608,98304,18,17,17,1,103866.0,5562.0,False,True,6.0,468,5988,ENSG00000184937,196608,7008dd2e1357bd53c80a6001db258c6e4346ee020509e1e4f0601d9682f597a7,f34324c6fde36a4f635f0f1f06cac5d25acd6798
32768,36,196608,98304,18,17,17,1,103866.0,5562.0,False,True,6.0,468,5988,ENSG00000132530,196608,235e0d3522e34c68f64fc83ed428393bea5fe03cbc07bc5e3eda0b0b9ef9fc6b,f34324c6fde36a4f635f0f1f06cac5d25acd6798
32768,36,196608,98304,18,17,17,1,103866.0,5562.0,False,True,6.0,468,5988,ENSG00000015153,196608,2ed5d39af478dd2fb7cf69c4a5890f3f25f7790ecebfaabf5764f87bf90b5d08,f34324c6fde36a4f635f0f1f06cac5d25acd6798
32768,36,196608,98304,18,17,17,1,103866.0,5562.0,False,True,6.0,468,5988,ENSG00000180667,196608,6a2aa47819171aceb4f605dab07cac120d528818d95679215ab5c1931b25dd09,f34324c6fde36a4f635f0f1f06cac5d25acd6798
32768,36,196608,98304,18,17,17,1,103866.0,5562.0,False,True,6.0,468,5988,ENSG00000100811,196608,57ba93ea4cbb3d75ca7d976c6dcd73ff1eee7e2a15c45f601324872657889c34,f34324c6fde36a4f635f0f1f06cac5d25acd6798
32768,36,196608,98304,18,17,17,1,103866.0,5562.0,False,True,6.0,468,5988,ENSG00000230797,196608,28fb2b97f825cefd7a68f8892c64f7502b56b55ca106e30133a6ac71e06f2e74,f34324c6fde36a4f635f0f1f06cac5d25acd6798
32768,36,196608,98304,18,17,17,1,103866.0,5562.0,False,True,6.0,468,5988,ENSG00000182223,196608,0881b8db572288dc66e00add0924b9dd9afa5d91a1ead591d4cfc25acd8f4657,f34324c6fde36a4f635f0f1f06cac5d25acd6798
32768,36,196608,98304,18,17,17,1,103866.0,5562.0,False,True,6.0,468,5988,ENSG00000189167,196608,ed44d810d65367d1cbfcfc64c4830b0c4689c590376c72761e09ea080e48d3f3,f34324c6fde36a4f635f0f1f06cac5d25acd6798
32768,36,196608,98304,18,17,17,1,103866.0,5562.0,False,True,6.0,468,5988,ENSG00000214717,196608,7f866d9e3896ce832e9ff0bb68be0eeb656b366912a658b84dfb16704780b574,f34324c6fde36a4f635f0f1f06cac5d25acd6798
32768,36,196608,98304,18,17,17,1,103866.0,5562.0,False,True,6.0,468,5988,ENSG00000177494,196608,ed93af96f06dad17379105977ad5875301e7e7b2609d7b41d4b62a1d0b41f278,f34324c6fde36a4f635f0f1f06cac5d25acd6798
32768,36,196608,98304,18,17,17,1,103866.0,5562.0,False,True,6.0,468,5988,ENSG00000132846,196608,fdb1896e6b7faa036746820197f76c3c23a070f3cc1c1a4032bb69808c625446,f34324c6fde36a4f635f0f1f06cac5d25acd6798
32768,36,196608,98304,18,17,17,1,103866.0,5562.0,False,True,6.0,468,5988,ENSG00000100426,196608,af93d930f37d1baaeb683c331e1252b92af61e77cb53a40aae073dfe3b45fe93,f34324c6fde36a4f635f0f1f06cac5d25acd6798
32768,36,196608,98304,18,17,17,1,103866.0,5562.0,False,True,6.0,468,5988,ENSG00000236287,196608,cd71a9021813a1d14861d55f6061e9447f0332ca8a7c233799a4f77ed657d266,f34324c6fde36a4f635f0f1f06cac5d25acd6798
32768,36,196608,98304,18,17,17,1,103866.0,5562.0,False,True,6.0,468,5988,ENSG00000257315,196608,eea83ac920b4db3a16e69083d276d58f80e96f210c77f695801559666fcf58b9,f34324c6fde36a4f635f0f1f06cac5d25acd6798
32768,36,196608,98304,18,17,17,1,103866.0,5562.0,False,True,6.0,468,5988,ENSG00000126804,196608,9079a24ad2e6d4d858c053f1c7dc9ca1ad08a345ac97c5d2559c65b1896ac395,f34324c6fde36a4f635f0f1f06cac5d25acd6798
32768,36,196608,98304,18,17,17,1,103866.0,5562.0,False,True,6.0,468,5988,ENSG00000181472,196608,9472b214e142559b18a7f27922bd49957f277c5586ff9c72da3e34bb777f8f70,f34324c6fde36a4f635f0f1f06cac5d25acd6798
32768,36,196608,98304,18,17,17,1,103866.0,5562.0,False,True,6.0,468,5988,ENSG00000185670,196608,6e3aae7ece931e8b220a45af4d1a8e25f95271d2c114ba690210ccc622b1f7c1,f34324c6fde36a4f635f0f1f06cac5d25acd6798
32768,36,196608,98304,18,17,17,1,103866.0,5562.0,False,True,6.0,468,5988,ENSG00000174282,196608,a8821ba3410ba320ab4c89e771044268f9957380e24a556bbb99e047add3d1c7,f34324c6fde36a4f635f0f1f06cac5d25acd6798
32768,36,196608,98304,18,17,17,1,103866.0,5562.0,False,True,6.0,468,5988,ENSG00000168795,196608,014206c933fe5e865cbc4a4dc54ad873594bc6cf215f567b58fdc0c508542dfe,f34324c6fde36a4f635f0f1f06cac5d25acd6798
32768,36,196608,98304,18,17,17,1,103866.0,5562.0,False,True,6.0,468,5988,ENSG00000186130,196608,b56e13066638af6c10b5c9fb2f5ab72794ecc1d0316aa8e46ec56449baefce14,f34324c6fde36a4f635f0f1f06cac5d25acd6798
32768,36,196608,98304,18,17,17,1,103866.0,5562.0,False,True,6.0,468,5988,ENSG00000178951,196608,ff345ac995c547b7ccd68659e904aeea255caf3429f153a5e8dd37c1bc8b0385,f34324c6fde36a4f635f0f1f06cac5d25acd6798
32768,36,196608,98304,18,17,17,1,103866.0,5562.0,False,True,6.0,468,5988,ENSG00000160685,196608,7e959fbaded3691bf4998c7c1c5ccd518ebefd757e2b01677ab2c289cebd8238,f34324c6fde36a4f635f0f1f06cac5d25acd6798
32768,36,196608,98304,18,17,17,1,103866.0,5562.0,False,True,6.0,468,5988,ENSG00000184828,196608,b5245b07a36cffce488e5ee88a49831a5cb4741e2630a409c0680ba3e893f869,f34324c6fde36a4f635f0f1f06cac5d25acd6798
32768,36,196608,98304,18,17,17,1,103866.0,5562.0,False,True,6.0,468,5988,ENSG00000160062,196608,dea6514ad00cb07b48d481b3bf5a122e53e3a81dfc443b22679cd264ca2cb295,f34324c6fde36a4f635f0f1f06cac5d25acd6798
32768,36,196608,98304,18,17,17,1,103866.0,5562.0,False,True,6.0,468,5988,ENSG00000273274,196608,62f06e4d6445b8111737cfc906db6a3a6cd25f4807306425fdde7af023d3d0e3,f34324c6fde36a4f635f0f1f06cac5d25acd6798
32768,36,196608,98304,18,17,17,1,103866.0,5562.0,False,True,6.0,468,5988,ENSG00000213588,196608,7a0f8e2634787d1ca596eec219003fda75b8a6cd03b6a6358dc0eccf9f75d700,f34324c6fde36a4f635f0f1f06cac5d25acd6798
32768,36,196608,98304,18,17,17,1,103866.0,5562.0,False,True,6.0,468,5988,ENSG00000205189,196608,4144269713185605f1ee587851d8f8d93e33fc0d664aee9d04b4c79595384a32,f34324c6fde36a4f635f0f1f06cac5d25acd6798
32768,36,196608,98304,18,17,17,1,103866.0,5562.0,False,True,6.0,468,5988,ENSG00000066422,196608,027a719f37869c8661580145fdc6b3f8bed93edc56d48baa9a4f726e5db7b4bf,f34324c6fde36a4f635f0f1f06cac5d25acd6798
32768,36,196608,98304,18,17,17,1,103866.0,5562.0,False,True,6.0,468,5988,ENSG00000204366,196608,93d569c5930425ca71c71b8f2e84485a0ea45ac2b47440ba43e4f677d98c4b3c,f34324c6fde36a4f635f0f1f06cac5d25acd6798
32768,36,196608,98304,18,17,17,1,103866.0,5562.0,False,True,6.0,468,5988,ENSG00000198081,196608,a3d1d1f2d8e5ec8ea17b52cd8a600a9c3d274ccddee773e835dbc09311ea43b9,f34324c6fde36a4f635f0f1f06cac5d25acd6798
32768,36,196608,98304,18,17,17,1,103866.0,5562.0,False,True,6.0,468,5988,ENSG00000109906,196608,cf77fca417f5cf8d96006c33798c21c5984c2350969b3d8db98e4f8a81890850,f34324c6fde36a4f635f0f1f06cac5d25acd6798
32768,36,196608,98304,18,17,17,1,103866.0,5562.0,False,True,6.0,468,5988,ENSG00000116809,196608,5d359217acb0d4cacdfee0af86e12ca98460e422eed3e78267f340a352c8dc2c,f34324c6fde36a4f635f0f1f06cac5d25acd6798
32768,36,196608,98304,18,17,17,1,103866.0,5562.0,False,True,6.0,468,5988,ENSG00000179456,196608,5a063fec86299f666ac8e109c8ec6cd92e211b052f5c98c6064657497d5bbb63,f34324c6fde36a4f635f0f1f06cac5d25acd6798
32768,36,196608,98304,18,17,17,1,103866.0,5562.0,False,True,6.0,468,5988,ENSG00000181722,196608,7f3ae322eadd70ea6d469e130aa79be7057da030a449ba0b4035a81dbcaf8898,f34324c6fde36a4f635f0f1f06cac5d25acd6798
32768,36,196608,98304,18,17,17,1,103866.0,5562.0,False,True,6.0,468,5988,ENSG00000173276,196608,3dd232fd6765d4466ee0d0f691c43423bb74c17a0f2d0aae49cabdfaf1a78f54,f34324c6fde36a4f635f0f1f06cac5d25acd6798
32768,36,196608,98304,18,17,17,1,103866.0,5562.0,False,True,6.0,468,5988,ENSG00000236104,196608,8be36fb1f6ba50531f3a7b5ce54f36ae9adf7f0b1716443fa59e5284d396422c,f34324c6fde36a4f635f0f1f06cac5d25acd6798
32768,36,196608,98304,18,17,17,1,103866.0,5562.0,False,True,6.0,468,5988,ENSG00000112365,196608,6b21385d15b9f5fb97880f361ceae9aa9e4fb12b26cec80b8e45ced65bc492cf,f34324c6fde36a4f635f0f1f06cac5d25acd6798
32768,36,196608,98304,18,17,17,1,103866.0,5562.0,False,True,6.0,468,5988,ENSG00000089775,196608,e247ea17e4859dd25cb539fcaa6f36aa7e7639d3992b9f8c33d3f00badeaadc5,f34324c6fde36a4f635f0f1f06cac5d25acd6798
32768,36,196608,98304,18,17,17,1,103866.0,5562.0,False,True,6.0,468,5988,ENSG00000171448,196608,b7ca4af4ea75fe19fe8ad050c88c8b5faece565a3d68eed2a975eedb0e78efee,f34324c6fde36a4f635f0f1f06cac5d25acd6798
32768,36,196608,98304,18,17,17,1,103866.0,5562.0,False,True,6.0,468,5988,ENSG00000011590,196608,afd92a1a4ffeeec1c71da02aa400447e970f2558c59f4e7ca5d37451ce1a4a77,f34324c6fde36a4f635f0f1f06cac5d25acd6798
32768,36,196608,98304,18,17,17,1,103866.0,5562.0,False,True,6.0,468,5988,ENSG00000177485,196608,254652e9521b94c99649cc4c4a621f1e3eb8738ad32eb491eb19f42b95af7900,f34324c6fde36a4f635f0f1f06cac5d25acd6798
32768,36,196608,98304,18,17,17,1,103866.0,5562.0,False,True,6.0,468,5988,ENSG00000177125,196608,cc8d18c4054178a71fb2e4ae2b355de7eb52535cc63f8988876f36da2704e1e5,f34324c6fde36a4f635f0f1f06cac5d25acd6798
32768,36,196608,98304,18,17,17,1,103866.0,5562.0,False,True,6.0,468,5988,ENSG00000185278,196608,3b9eed3aff0707363bea5bed88798a26efdfbc29a254b8c2a776fe2550ad3ea0,f34324c6fde36a4f635f0f1f06cac5d25acd6798
32768,36,196608,98304,18,17,17,1,103866.0,5562.0,False,True,6.0,468,5988,ENSG00000177311,196608,c216ed2afb2d3cf7d7ccaae0c9a7782c053452092612010e726a86d9eb855a74,f34324c6fde36a4f635f0f1f06cac5d25acd6798
32768,36,196608,98304,18,17,17,1,103866.0,5562.0,False,True,6.0,468,5988,ENSG00000166860,196608,7eb866621a55b742eff2b12a6c04b1c020fbc5e652ececdbc2c8a409b8182a3b,f34324c6fde36a4f635f0f1f06cac5d25acd6798
32768,36,196608,98304,18,17,17,1,103866.0,5562.0,False,True,6.0,468,5988,ENSG00000184677,196608,00ae601f47872e67d9d7a3bb736936190674177bfdcb6a87aae35483314c8d5a,f34324c6fde36a4f635f0f1f06cac5d25acd6798
32768,36,196608,98304,18,17,17,1,103866.0,5562.0,False,True,6.0,468,5988,ENSG00000177888,196608,832507391da805c4b8ba30e49410cb7a18b7fd85dfa09748bb88372800f0703b,f34324c6fde36a4f635f0f1f06cac5d25acd6798
32768,36,196608,98304,18,17,17,1,103866.0,5562.0,False,True,6.0,468,5988,ENSG00000179627,196608,cb187a064f482479fc9b88b8c3993c372a63707592d724b4998bf8e87f207432,f34324c6fde36a4f635f0f1f06cac5d25acd6798
32768,36,196608,98304,18,17,17,1,103866.0,5562.0,False,True,6.0,468,5988,ENSG00000169155,196608,dd967b8f722b4dd0e752507314b39020d503ae48838bb4bf30f49daae2149b67,f34324c6fde36a4f635f0f1f06cac5d25acd6798
32768,36,196608,98304,18,17,17,1,103866.0,5562.0,False,True,6.0,468,5988,ENSG00000196323,196608,ab677eb790379455946dc48bec999b7472159b0384d303e64e701970d7236bc7,f34324c6fde36a4f635f0f1f06cac5d25acd6798
41518,45,196608,98304,22,26,26,-4,73792.0,-24512.0,False,True,4.73548822197601,998,5988,ENSG00000119574,196608,e4e2a9038ba388e842e65129059ae77ff722c882c2b4eca94722e09f9a12815b,f34324c6fde36a4f635f0f1f06cac5d25acd6798
32768,36,196608,98304,18,17,17,1,103866.0,5562.0,False,True,6.0,468,5988,ENSG00000130584,196608,6ed002d25d2f05b5a44f90c5221e813660bd9cf89e79323bd4d9982d7c116e84,f34324c6fde36a4f635f0f1f06cac5d25acd6798
32768,36,196608,98304,18,17,17,1,103866.0,5562.0,False,True,6.0,468,5988,ENSG00000114853,196608,d9883e62d2d51735b0ac688e189a5308877cc1ef9696dfecca6c37fda4f15435,f34324c6fde36a4f635f0f1f06cac5d25acd6798
32768,36,196608,98304,18,17,17,1,103866.0,5562.0,False,True,6.0,468,5988,ENSG00000204859,196608,f6e4b9dff6c299b7c47a61c0dd520154bee222dcfa3b1a87f9207eaa7a54dd79,f34324c6fde36a4f635f0f1f06cac5d25acd6798
32768,36,196608,98304,18,17,17,1,103866.0,5562.0,False,True,6.0,468,5988,ENSG00000168826,196608,13c53b285d73465a498f1b3cf629fe5ff219f37de3f0232a70356dcf84e8ecb7,f34324c6fde36a4f635f0f1f06cac5d25acd6798
32768,36,196608,98304,18,17,17,1,103866.0,5562.0,False,True,6.0,468,5988,ENSG00000104427,196608,ad14f918ce57e9f8cd32407dc0bfdadf9bd2025ad5295ab7f9e6040e1d74a375,f34324c6fde36a4f635f0f1f06cac5d25acd6798
32768,36,196608,98304,18,17,17,1,103866.0,5562.0,False,True,6.0,468,5988,ENSG00000118491,196608,da4905d3c3c629af68dc47f552cda0cb31fecfc232e95e736f8c89e8af3c6ef9,f34324c6fde36a4f635f0f1f06cac5d25acd6798
32768,36,196608,98304,18,17,17,1,103866.0,5562.0,False,True,6.0,468,5988,ENSG00000119703,196608,7f40f1e9cac7c109083a69fc4c9211e6a36c56e26531655903a6cdc35e3f1b30,f34324c6fde36a4f635f0f1f06cac5d25acd6798
32768,36,196608,98304,18,17,17,1,103866.0,5562.0,False,True,6.0,468,5988,ENSG00000014164,196608,b7dcb13fe67aa9522902a8932f6f7d6d766f27ac2b02a3a558557b6439e67dbe,f34324c6fde36a4f635f0f1f06cac5d25acd6798
32768,36,196608,98304,18,17,17,1,103866.0,5562.0,False,True,6.0,468,5988,ENSG00000130749,196608,bd3a562871c06eb3a0dc4547e203c87aa2ebd6b6f62f604ee5ed71cafe5cc323,f34324c6fde36a4f635f0f1f06cac5d25acd6798
32768,36,196608,98304,18,17,17,1,103866.0,5562.0,False,True,6.0,468,5988,ENSG00000188177,196608,2551882e7ebfc90d6bc0230bf43d9bad59e98f082f63293b0b73c42597d6f25f,f34324c6fde36a4f635f0f1f06cac5d25acd6798
32768,36,196608,98304,18,17,17,1,103866.0,5562.0,False,True,6.0,468,5988,ENSG00000122299,196608,10e077da3b3f9a0ece8526e0ea2bc8717925112701979084653627a7101badf9,f34324c6fde36a4f635f0f1f06cac5d25acd6798
32768,36,196608,98304,18,17,17,1,103866.0,5562.0,False,True,6.0,468,5988,ENSG00000100403,196608,79b410b4f728bf119663763581ef1328e429d987225fa385fff6e0e073efaf5f,f34324c6fde36a4f635f0f1f06cac5d25acd6798
32768,36,196608,98304,18,17,17,1,103866.0,5562.0,False,True,6.0,468,5988,ENSG00000144161,196608,76939e031ad4202ecca58462bd7d767452c665052b62ba822ac3eea5dc592182,f34324c6fde36a4f635f0f1f06cac5d25acd6798
32768,36,196608,98304,18,17,17,1,103866.0,5562.0,False,True,6.0,468,5988,ENSG00000135482,196608,1b17dee12aca06d217b1ded010006133277ef2e8ed02be7d61f3ce1178a84625,f34324c6fde36a4f635f0f1f06cac5d25acd6798
32768,36,196608,98304,18,17,17,1,103866.0,5562.0,False,True,6.0,468,5988,ENSG00000058673,196608,eea83ac920b4db3a16e69083d276d58f80e96f210c77f695801559666fcf58b9,f34324c6fde36a4f635f0f1f06cac5d25acd6798
32768,36,196608,98304,18,17,17,1,103866.0,5562.0,False,True,6.0,468,5988,ENSG00000215817,196608,35cfc356daad9e74b1719a948a373a00f7d9cdccfebbf1dccfb8353b9ca38fa4,f34324c6fde36a4f635f0f1f06cac5d25acd6798
32768,36,196608,98304,18,17,17,1,103866.0,5562.0,False,True,6.0,468,5988,ENSG00000163874,196608,5b6163ff41226ca17f9036d909febf84d7d316f9c22064ebc5fdd56196a056ca,f34324c6fde36a4f635f0f1f06cac5d25acd6798
32768,36,196608,98304,18,17,17,1,103866.0,5562.0,False,True,6.0,468,5988,ENSG00000102053,196608,46a1e2296451eef1ce3e532c00e61b5a25ec8c0d4a0b0585cc586960a1e4b812,f34324c6fde36a4f635f0f1f06cac5d25acd6798
32768,36,196608,98304,18,17,17,1,103866.0,5562.0,False,True,6.0,468,5988,ENSG00000149289,196608,e7d274652a8d091c8ff970c9389710a03f316a74841b4116f887bdb484934dee,f34324c6fde36a4f635f0f1f06cac5d25acd6798
32768,36,196608,98304,18,17,17,1,103866.0,5562.0,False,True,6.0,468,5988,ENSG00000178199,196608,5743f8ff9947875570babb229f4ce3748682ce478d44f96fcc45ef4f56378a31,f34324c6fde36a4f635f0f1f06cac5d25acd6798
32768,36,196608,98304,18,17,17,1,103866.0,5562.0,False,True,6.0,468,5988,ENSG00000123200,196608,54732fb3f7a62d6f3e3f0a5f036a2d9307098d396b0b2816e63b518dfc8235d7,f34324c6fde36a4f635f0f1f06cac5d25acd6798
32768,36,196608,98304,18,17,17,1,103866.0,5562.0,False,True,6.0,468,5988,ENSG00000100722,196608,9d9493a2b701ed4236357e320e717a533f16f88c2aaf69e1e0ec44931a055b10,f34324c6fde36a4f635f0f1f06cac5d25acd6798
32768,36,196608,98304,18,17,17,1,103866.0,5562.0,False,True,6.0,468,5988,ENSG00000065548,196608,58fc315635f8b33d23434d02c30c30494daa85ddffdf0bcca5137f19d6d7d5cd,f34324c6fde36a4f635f0f1f06cac5d25acd6798
32768,36,196608,98304,18,17,17,1,103866.0,5562.0,False,True,6.0,468,5988,ENSG00000158545,196608,4db155b3d0fe767cd50659560ea8c1222381b55c9c905c52358239ccae73f555,f34324c6fde36a4f635f0f1f06cac5d25acd6798
32768,36,196608,98304,18,17,17,1,103866.0,5562.0,False,True,6.0,468,5988,ENSG00000105939,196608,9802197e4f5bbe582c3bd09869aad343dff4caa3445102828ed3ecd1850e5547,f34324c6fde36a4f635f0f1f06cac5d25acd6798
32768,36,196608,98304,18,17,17,1,103866.0,5562.0,False,True,6.0,468,5988,ENSG00000091732,196608,b9fd7293070b46b2eb55ef9dafe1a6abbab023739c8fb62e580c3a9eeb3c0d0f,f34324c6fde36a4f635f0f1f06cac5d25acd6798
32768,36,196608,98304,18,17,17,1,103866.0,5562.0,False,True,6.0,468,5988,ENSG00000126970,196608,f7bc1ecf76755d5d7b07f4384aa302deb668a16f2934f7ae68816b5981d1f501,f34324c6fde36a4f635f0f1f06cac5d25acd6798
32768,36,196608,98304,18,17,17,1,103866.0,5562.0,False,True,6.0,468,5988,ENSG00000141664,196608,fea3f0d02dce9d264086cfa6b61788154e86661babee9c7191e8e3c60e7d8dc4,f34324c6fde36a4f635f0f1f06cac5d25acd6798
32768,36,196608,98304,18,17,17,1,103866.0,5562.0,False,True,6.0,468,5988,ENSG00000247315,196608,9e0de5007ba6e1f2dd8d6b4e3039c23c0181253e45c6bfdcdbce7de74ccf96ca,f34324c6fde36a4f635f0f1f06cac5d25acd6798
32768,36,196608,98304,18,17,17,1,103866.0,5562.0,False,True,6.0,468,5988,ENSG00000168228,196608,9aee5ec1b0b80b5539fcf44290da399f576b9c83843391173dc0cdd948bc9fce,f34324c6fde36a4f635f0f1f06cac5d25acd6798
32768,36,196608,98304,18,17,17,1,103866.0,5562.0,False,True,6.0,468,5988,ENSG00000147905,196608,8db150e7e7fe179833c9740cd5f716168c729e94abb62adc7e2e93fb02bf18ba,f34324c6fde36a4f635f0f1f06cac5d25acd6798
32768,36,196608,98304,18,17,17,1,103866.0,5562.0,False,True,6.0,468,5988,ENSG00000033030,196608,7384df50eb7f8ee42dd75c61daedbde53d3040481280b8d4651d189160f2ea06,f34324c6fde36a4f635f0f1f06cac5d25acd6798
32768,36,196608,98304,18,17,17,1,103866.0,5562.0,False,True,6.0,468,5988,ENSG00000131732,196608,685c39a6697026f11326940f1bf110f020c15a801069a659578822e6e3f15ec4,f34324c6fde36a4f635f0f1f06cac5d25acd6798
32768,36,196608,98304,18,17,17,1,103866.0,5562.0,False,True,6.0,468,5988,ENSG00000155329,196608,56198aae7c80a8c1e9d972f4ed4423ff1f94e00c9dd10c782c3cfb148595c607,f34324c6fde36a4f635f0f1f06cac5d25acd6798
32768,36,196608,98304,18,17,17,1,103866.0,5562.0,False,True,6.0,468,5988,ENSG00000174460,196608,bab56456834a87ccc7082065b45635ae493849ed658cde73e71d0e0690d289e9,f34324c6fde36a4f635f0f1f06cac5d25acd6798
32768,36,196608,98304,18,17,17,1,103866.0,5562.0,False,True,6.0,468,5988,ENSG00000187969,196608,350b2d12cf9cb27788b74cabf02f38cd0a5c8b51136e7022981e506a90ecd22b,f34324c6fde36a4f635f0f1f06cac5d25acd6798
32768,36,196608,98304,18,17,17,1,103866.0,5562.0,False,True,6.0,468,5988,ENSG00000140948,196608,e457454a9b26bf7b080a7596319c74e347b2fd5b3eb39184d4ad1cd2db7f35df,f34324c6fde36a4f635f0f1f06cac5d25acd6798
32768,36,196608,98304,18,17,17,1,103866.0,5562.0,False,True,6.0,468,5988,ENSG00000121766,196608,cac44d9c21cc0b6d219dea3015bf668722e1e3159a72f6b89ab1554842801ed0,f34324c6fde36a4f635f0f1f06cac5d25acd6798
32768,36,196608,98304,18,17,17,1,103866.0,5562.0,False,True,6.0,468,5988,ENSG00000166707,196608,f142c081f496f623dbd49b7b0e9395d2dcc920f16b09115aed0f64e6203b7855,f34324c6fde36a4f635f0f1f06cac5d25acd6798
32768,36,196608,98304,18,17,17,1,103866.0,5562.0,False,True,6.0,468,5988,ENSG00000165424,196608,59003382ad8a0bc731b50297727e46c69d67d78ab32c41ffcfec3443315d9fe9,f34324c6fde36a4f635f0f1f06cac5d25acd6798
32768,36,196608,98304,18,17,17,1,103866.0,5562.0,False,True,6.0,468,5988,ENSG00000139168,196608,de1a2d95a646f1f44dace80b1698fd3bc783379a438853ccdcd8ed54ab3fab1e,f34324c6fde36a4f635f0f1f06cac5d25acd6798
32768,36,196608,98304,18,17,17,1,103866.0,5562.0,False,True,6.0,468,5988,ENSG00000078487,196608,a63e285005a9c164a91baa1a2f04c94469ad7fafd56dfe5857a0a6f77c26cc59,f34324c6fde36a4f635f0f1f06cac5d25acd6798
32768,36,196608,98304,18,17,17,1,103866.0,5562.0,False,True,6.0,468,5988,ENSG00000206559,196608,ccd0edea28652c8412d66733708501abc4dc307e22c5266ef67fd2e84291b7c8,f34324c6fde36a4f635f0f1f06cac5d25acd6798
32768,36,196608,98304,18,17,17,1,103866.0,5562.0,False,True,6.0,468,5988,ENSG00000204186,196608,48f93d25b1b914f8e52eb31a2a0a51daa0ebbc0a1cf226bc1be788583739bde2,f34324c6fde36a4f635f0f1f06cac5d25acd6798
32768,36,196608,98304,18,17,17,1,103866.0,5562.0,False,True,6.0,468,5988,ENSG00000159714,196608,8219a874db5f75c3684982fd4e2ffbde9212c12068ef6be01a2eba5704ebb000,f34324c6fde36a4f635f0f1f06cac5d25acd6798
32768,36,196608,98304,18,17,17,1,103866.0,5562.0,False,True,6.0,468,5988,ENSG00000104219,196608,38bfec1b45e544134768df86a61879ce0749de67f77f9c81ab797b1e8aef98ae,f34324c6fde36a4f635f0f1f06cac5d25acd6798
32768,36,196608,98304,18,17,17,1,103866.0,5562.0,False,True,6.0,468,5988,ENSG00000163812,196608,d460b4768766b7a9de3c8f6c12154b8cdb1bff20edb7be67b82b559f24209473,f34324c6fde36a4f635f0f1f06cac5d25acd6798
32768,36,196608,98304,18,17,17,1,103866.0,5562.0,False,True,6.0,468,5988,ENSG00000136247,196608,a9d6a2623064423ed9f5426a9eaad7854de2272e626e16912168437a6d1941cd,f34324c6fde36a4f635f0f1f06cac5d25acd6798
32768,36,196608,98304,18,17,17,1,103866.0,5562.0,False,True,6.0,468,5988,ENSG00000156599,196608,c7639e30702e14f16f843eb4913093a8e4d7e5a01cf30c0240d91915f2a0c84c,f34324c6fde36a4f635f0f1f06cac5d25acd6798
32768,36,196608,98304,18,17,17,1,103866.0,5562.0,False,True,6.0,468,5988,ENSG00000023041,196608,bc0c2771794638403f8edf7c46ef30bce11a9706ee6e42282b39abfd48ba5b72,f34324c6fde36a4f635f0f1f06cac5d25acd6798
32768,36,196608,98304,18,17,17,1,103866.0,5562.0,False,True,6.0,468,5988,ENSG00000153786,196608,20d8a836eb1e125ebebd1c5d1c28040df98e68eb520fb76fa801d0b0b3a6dea7,f34324c6fde36a4f635f0f1f06cac5d25acd6798
32768,36,196608,98304,18,17,17,1,103866.0,5562.0,False,True,6.0,468,5988,ENSG00000099904,196608,4ee8565016a158c5970e90be4c5e9ad820cc834c5e8b4cad9f269863294091e3,f34324c6fde36a4f635f0f1f06cac5d25acd6798
32768,36,196608,98304,18,17,17,1,103866.0,5562.0,False,True,6.0,468,5988,ENSG00000188706,196608,ae50124e5017c7aa873c7596380438a2afeaa02d1dea058db2588cca530bdfc4,f34324c6fde36a4f635f0f1f06cac5d25acd6798
32768,36,196608,98304,18,17,17,1,103866.0,5562.0,False,True,6.0,468,5988,ENSG00000188818,196608,f0a487f07e1bdc2933b8e606a8b258e3cf7e43b5384a1480c27b89378487d06d,f34324c6fde36a4f635f0f1f06cac5d25acd6798
32768,36,196608,98304,18,17,17,1,103866.0,5562.0,False,True,6.0,468,5988,ENSG00000206077,196608,56f6b461fdb90386e0db1a311505eb4c250c657420a7c673117ef84e21dd50a7,f34324c6fde36a4f635f0f1f06cac5d25acd6798
32768,36,196608,98304,18,17,17,1,103866.0,5562.0,False,True,6.0,468,5988,ENSG00000160446,196608,a03957a7b746d32c7024dbf5482980f89e7dcb9e6edaf9974d8f999e26b37c53,f34324c6fde36a4f635f0f1f06cac5d25acd6798
32768,36,196608,98304,18,17,17,1,103866.0,5562.0,False,True,6.0,468,5988,ENSG00000177054,196608,51c6e385e31edef06439801c8246c6f87761168d4f8fb41356c1e9235ec2a259,f34324c6fde36a4f635f0f1f06cac5d25acd6798
32768,36,196608,98304,18,17,17,1,103866.0,5562.0,False,True,6.0,468,5988,ENSG00000175048,196608,e909931dbcaa13563ad181445755d8c464318e25978cbc4a26a538fdd5295060,f34324c6fde36a4f635f0f1f06cac5d25acd6798
32768,36,196608,98304,18,17,17,1,103866.0,5562.0,False,True,6.0,468,5988,ENSG00000102383,196608,bace702b9485ee3d74056e7563d4b2f94bf39651d7ffd14f3d770b2252ccc1a3,f34324c6fde36a4f635f0f1f06cac5d25acd6798
32768,36,196608,98304,18,17,17,1,103866.0,5562.0,False,True,6.0,468,5988,ENSG00000171307,196608,9a51431f5a36e5bfd1647b7913b6ff3a27996e923fedd74ca4ad78dc4bb860d2,f34324c6fde36a4f635f0f1f06cac5d25acd6798
32768,36,196608,98304,18,17,17,1,103866.0,5562.0,False,True,6.0,468,5988,ENSG00000186908,196608,882f759884896abc6e255368ad1d8c012341c2a66bb92d74a7f63403d579fd35,f34324c6fde36a4f635f0f1f06cac5d25acd6798
32768,36,196608,98304,18,17,17,1,103866.0,5562.0,False,True,6.0,468,5988,ENSG00000204160,196608,7cfc929c4ae9e04285cc9cc0c37e852cae43773eae76a0201b5d347efa887994,f34324c6fde36a4f635f0f1f06cac5d25acd6798
32768,36,196608,98304,18,17,17,1,103866.0,5562.0,False,True,6.0,468,5988,ENSG00000163958,196608,ca3dee24e404e9ee4f0153ae915d354aef5ebad2552f9a7c41a7f468832d0b59,f34324c6fde36a4f635f0f1f06cac5d25acd6798
32768,36,196608,98304,18,17,17,1,103866.0,5562.0,False,True,6.0,468,5988,ENSG00000180776,196608,5a77cc5d43f98878e2b6d1a3cd82b826efb64f136681844e832d978d0a92b325,f34324c6fde36a4f635f0f1f06cac5d25acd6798
32768,36,196608,98304,18,17,17,1,103866.0,5562.0,False,True,6.0,468,5988,ENSG00000175893,196608,9d55c02d9819063a60fade3c64fb2a4c264d0a6c25e169502fec89b841a2c0c4,f34324c6fde36a4f635f0f1f06cac5d25acd6798
32768,36,196608,98304,18,17,17,1,103866.0,5562.0,False,True,6.0,468,5988,ENSG00000177108,196608,7884c519bc47a4ac4753501cae43da1a0c556ee2739ebcc8e2b669abf7ec3913,f34324c6fde36a4f635f0f1f06cac5d25acd6798
32768,36,196608,98304,18,17,17,1,103866.0,5562.0,False,True,6.0,468,5988,ENSG00000184307,196608,bc09870b4003d9c3109816d2bf48bcdd774aa5478907b7cdfaa615440c060c31,f34324c6fde36a4f635f0f1f06cac5d25acd6798
32768,36,196608,98304,18,17,17,1,103866.0,5562.0,False,True,6.0,468,5988,ENSG00000174165,196608,4fccfc5535624a634d0179b32860f6cbacf64593436da6a37f147fbfc7031021,f34324c6fde36a4f635f0f1f06cac5d25acd6798
32768,36,196608,98304,18,17,17,1,103866.0,5562.0,False,True,6.0,468,5988,ENSG00000148516,196608,d93ef268eaaf84516c545212bc2f6aea2259d23d5f4bd97f6d8a9430d9a8ec13,f34324c6fde36a4f635f0f1f06cac5d25acd6798
32768,36,196608,98304,18,17,17,1,103866.0,5562.0,False,True,6.0,468,5988,ENSG00000169554,196608,cb89b33467201d572f3f9a800959fbf2bee6d0bb093445a57b573ea170226b6f,f34324c6fde36a4f635f0f1f06cac5d25acd6798
32768,36,196608,98304,18,17,17,1,103866.0,5562.0,False,True,6.0,468,5988,ENSG00000104231,196608,2ecbb571f3528f7dc3cf6df98ff053734bd8321bfc4a63ce1f1b46d30f84ab0e,f34324c6fde36a4f635f0f1f06cac5d25acd6798
32768,36,196608,98304,18,17,17,1,103866.0,5562.0,False,True,6.0,468,5988,ENSG00000178381,196608,0ff74858fe6e40100b750ae350b9dafcac3261f214244646e151855c1c7973e2,f34324c6fde36a4f635f0f1f06cac5d25acd6798
32768,36,196608,98304,18,17,17,1,103866.0,5562.0,False,True,6.0,468,5988,ENSG00000158552,196608,0bbdfd0ca41614a66a293202e101035f61b9066d6d58e8e7de411bf998031416,f34324c6fde36a4f635f0f1f06cac5d25acd6798
32768,36,196608,98304,18,17,17,1,103866.0,5562.0,False,True,6.0,468,5988,ENSG00000156639,196608,a7dcc2328537ee5a34cbd0e600d146c5cd54429df9f7ec44c9f2a0480fbb2fe4,f34324c6fde36a4f635f0f1f06cac5d25acd6798
32768,36,196608,98304,18,17,17,1,103866.0,5562.0,False,True,6.0,468,5988,ENSG00000172671,196608,91e008f408eb9df8f127b1eab68e74771cae41e58cdecf30e4324831bb61e225,f34324c6fde36a4f635f0f1f06cac5d25acd6798
32768,36,196608,98304,18,17,17,1,103866.0,5562.0,False,True,6.0,468,5988,ENSG00000107372,196608,4b70713c55f1527c1a4c78f91dc41da7feff8f89cb431b9d20ae722eab1c40d5,f34324c6fde36a4f635f0f1f06cac5d25acd6798
32768,36,196608,98304,18,17,17,1,103866.0,5562.0,False,True,6.0,468,5988,ENSG00000086666,196608,14b4b62281cb1f78c153cb8b6272f91ca5d8da688855b935a76df77913f82021,f34324c6fde36a4f635f0f1f06cac5d25acd6798
32768,36,196608,98304,18,17,17,1,103866.0,5562.0,False,True,6.0,468,5988,ENSG00000066827,196608,d129b4877c0fdc62ec818c7b83c5b20c0a98fc13b6fb46382751066a64e9448f,f34324c6fde36a4f635f0f1f06cac5d25acd6798
32768,36,196608,98304,18,17,17,1,103866.0,5562.0,False,True,6.0,468,5988,ENSG00000133858,196608,7fc4fd0ae7c3b085f75902ffcc387ccfd4aa7e2e12d45e9a7bd5a48e56d9883b,f34324c6fde36a4f635f0f1f06cac5d25acd6798
32768,36,196608,98304,18,17,17,1,103866.0,5562.0,False,True,6.0,468,5988,ENSG00000136367,196608,12996c2367d2ef1981d2f863f57cef59c47e0c66ce9bc7c8d530a1a05a32ac67,f34324c6fde36a4f635f0f1f06cac5d25acd6798
32768,36,196608,98304,18,17,17,1,103866.0,5562.0,False,True,6.0,468,5988,ENSG00000140836,196608,33c4fcc081f6058a110aaf1b70cf30fddce185dcc089714dc921fe2ff0267d5c,f34324c6fde36a4f635f0f1f06cac5d25acd6798
32768,36,196608,98304,18,17,17,1,103866.0,5562.0,False,True,6.0,468,5988,ENSG00000091656,196608,ed83dfe546a80678b7dec8b483cca24985c9f02ee6fa04be6a9a2f40c3a40e4b,f34324c6fde36a4f635f0f1f06cac5d25acd6798
32768,36,196608,98304,18,17,17,1,103866.0,5562.0,False,True,6.0,468,5988,ENSG00000184517,196608,06a79271e70ac852e50d3118394079094705b8c829a752ccea6cc19419702ca0,f34324c6fde36a4f635f0f1f06cac5d25acd6798
32768,36,196608,98304,18,17,17,1,103866.0,5562.0,False,True,6.0,468,5988,ENSG00000198939,196608,d144d08a586de070b04855bab4d54fbcb91465c87419240cfee8ecaa8c521332,f34324c6fde36a4f635f0f1f06cac5d25acd6798
32768,36,196608,98304,18,17,17,1,103866.0,5562.0,False,True,6.0,468,5988,ENSG00000180787,196608,edec686c6da8dfa790ef06bb1bc2d8cc90d79e0765e6bd48d9458c0626addfba,f34324c6fde36a4f635f0f1f06cac5d25acd6798
32768,36,196608,98304,18,17,17,1,103866.0,5562.0,False,True,6.0,468,5988,ENSG00000142065,196608,99f5826346940e5c1458b7e231d7acc45b0ae9653f07a89cb7d36ec4f467c1f8,f34324c6fde36a4f635f0f1f06cac5d25acd6798
32768,36,196608,98304,18,17,17,1,103866.0,5562.0,False,True,6.0,468,5988,ENSG00000196867,196608,e58cfb4aa50085a753a2150ca27877ce357d765d7dba6c692940b11beb498845,f34324c6fde36a4f635f0f1f06cac5d25acd6798
32768,36,196608,98304,18,17,17,1,103866.0,5562.0,False,True,6.0,468,5988,ENSG00000120784,196608,c14fed648b4222e521e874b800a1519a2d2d6a1099c753c0ebe70e7a0683fb55,f34324c6fde36a4f635f0f1f06cac5d25acd6798
32768,36,196608,98304,18,17,17,1,103866.0,5562.0,False,True,6.0,468,5988,ENSG00000128016,196608,23c2e48d38a696432ad91d40941d5effa4162ad33a8bc340cd0d2ad102febb93,f34324c6fde36a4f635f0f1f06cac5d25acd6798
32768,36,196608,98304,18,17,17,1,103866.0,5562.0,False,True,6.0,468,5988,ENSG00000185650,196608,b86a4877f8cc42eac07db4cac276f0302533d1ee35d9a34817238186d9d6b8d7,f34324c6fde36a4f635f0f1f06cac5d25acd6798
32768,36,196608,98304,18,17,17,1,103866.0,5562.0,False,True,6.0,468,5988,ENSG00000152518,196608,a4755d63fbf8a8332beb554d741e773fa874ca0ca7eae2a30fff2d1bcc85416e,f34324c6fde36a4f635f0f1f06cac5d25acd6798
32768,36,196608,98304,18,17,17,1,103866.0,5562.0,False,True,6.0,468,5988,ENSG00000136866,196608,626c000748deb2b4b670944fb55545dbcd80c8dc358b12cf02ca7926c65b142e,f34324c6fde36a4f635f0f1f06cac5d25acd6798
32768,36,196608,98304,18,17,17,1,103866.0,5562.0,False,True,6.0,468,5988,ENSG00000181638,196608,e48b98ed809942fea520a099a4073f4a81e28b627dd9dd1bf101176ca150430f,f34324c6fde36a4f635f0f1f06cac5d25acd6798
32768,36,196608,98304,18,17,17,1,103866.0,5562.0,False,True,6.0,468,5988,ENSG00000179059,196608,f7dbb71baa8fec81fa682209815ba1902a5c8762b7aa4682ba5ae231ad57ee42,f34324c6fde36a4f635f0f1f06cac5d25acd6798
32768,36,196608,98304,18,17,17,1,103866.0,5562.0,False,True,6.0,468,5988,ENSG00000204644,196608,4aa2b9497271708cd3302dd185ce6c001cb8b6fb3c016fade5c5861c02932bc5,f34324c6fde36a4f635f0f1f06cac5d25acd6798
32768,36,196608,98304,18,17,17,1,103866.0,5562.0,False,True,6.0,468,5988,ENSG00000196670,196608,d2565a72e86489a848dc581ba107efb37f2cb70dc4458301ca26cc0d93898703,f34324c6fde36a4f635f0f1f06cac5d25acd6798
32768,36,196608,98304,18,17,17,1,103866.0,5562.0,False,True,6.0,468,5988,ENSG00000020256,196608,e2b6ca531cfd79f0e4e3047907c8cf57350a30085fbcbc5fbac5b1b441cb9011,f34324c6fde36a4f635f0f1f06cac5d25acd6798
32768,36,196608,98304,18,17,17,1,103866.0,5562.0,False,True,6.0,468,5988,ENSG00000187815,196608,98ebb4327632caa50fcf8012205599c4530b87d882613de11b3479ecc8af59bc,f34324c6fde36a4f635f0f1f06cac5d25acd6798
32768,36,196608,98304,18,17,17,1,103866.0,5562.0,False,True,6.0,468,5988,ENSG00000187801,196608,89d895d2b652e6f7782ba8132b73bb571a10196738be825d23b9841a0cbf322d,f34324c6fde36a4f635f0f1f06cac5d25acd6798
32768,36,196608,98304,18,17,17,1,103866.0,5562.0,False,True,6.0,468,5988,ENSG00000181007,196608,ae5d1efa20de0d13fbf3e56a511e41de8c7c4db13d56415114ed26c6ee53b09b,f34324c6fde36a4f635f0f1f06cac5d25acd6798
32768,36,196608,98304,18,17,17,1,103866.0,5562.0,False,True,6.0,468,5988,ENSG00000184939,196608,b68b8ca56676b35c04bc8129a8681513dde0f4b0398bdc7b8365ff42d653cbd0,f34324c6fde36a4f635f0f1f06cac5d25acd6798
32768,36,196608,98304,18,17,17,1,103866.0,5562.0,False,True,6.0,468,5988,ENSG00000186660,196608,1ee77e3b44005250664544e6e5a8da97db6e292554f6d2d9a5ae29e67c560e72,f34324c6fde36a4f635f0f1f06cac5d25acd6798
32768,36,196608,98304,18,17,17,1,103866.0,5562.0,False,True,6.0,468,5988,ENSG00000189420,196608,dbf95d330b03c36f3b8a55ca7ebc407b3fc010810a658aa158c32c2a44f33f48,f34324c6fde36a4f635f0f1f06cac5d25acd6798
32768,36,196608,98304,18,17,17,1,103866.0,5562.0,False,True,6.0,468,5988,ENSG00000162300,196608,f7c0d0f6e31ea59b0a9a8e8cbdce2d9b983a8b8aebb8ab75fdaaaec6da188add,f34324c6fde36a4f635f0f1f06cac5d25acd6798
32773,36,196608,98304,18,17,17,1,103836.0,5532.0,False,True,5.9990846123333235,498,5988,ENSG00000179588,196608,1137ee84d87772cb4e353b2178d8e63af6c10cad471865767df1fdded0031950,f34324c6fde36a4f635f0f1f06cac5d25acd6798
32768,36,196608,98304,18,17,17,1,103866.0,5562.0,False,True,6.0,468,5988,ENSG00000169946,196608,4ec058ef62506637ace946373a3c668f2256fea07410e7e105368f4c8a183377,f34324c6fde36a4f635f0f1f06cac5d25acd6798
32768,36,196608,98304,18,17,17,1,103866.0,5562.0,False,True,6.0,468,5988,ENSG00000056097,196608,6856f94a66cbb830ccfed8f7de324f857e8a306208f4e2feafd2e109fc38bd11,f34324c6fde36a4f635f0f1f06cac5d25acd6798
32768,36,196608,98304,18,17,17,1,103866.0,5562.0,False,True,6.0,468,5988,ENSG00000105278,196608,5146ff5dbf1032e39ea2ea3ccbba8abc4dd6163694479332e9721573be2dcc3c,f34324c6fde36a4f635f0f1f06cac5d25acd6798
32768,36,196608,98304,18,17,17,1,103866.0,5562.0,False,True,6.0,468,5988,ENSG00000005889,196608,d1552e86f55324eb945fd5fbe6f730c2ec86034dbac1b189dd00d7215c958908,f34324c6fde36a4f635f0f1f06cac5d25acd6798
32768,36,196608,98304,18,17,17,1,103866.0,5562.0,False,True,6.0,468,5988,ENSG00000067646,196608,2457ccb1bcf12c487ae62f0cd4cd97bfaaaf300cc11269e3433602d789f3797a,f34324c6fde36a4f635f0f1f06cac5d25acd6798
32768,36,196608,98304,18,17,17,1,103866.0,5562.0,False,True,6.0,468,5988,ENSG00000165861,196608,db2779808ff097e167300c6ac8618c1786548fcb55a4a2cf2a72293859f3f52c,f34324c6fde36a4f635f0f1f06cac5d25acd6798
32768,36,196608,98304,18,17,17,1,103866.0,5562.0,False,True,6.0,468,5988,ENSG00000157077,196608,14936b8b6ee5acd51d11e28969e5f745323cb95b800ef827f0df23448eb41562,f34324c6fde36a4f635f0f1f06cac5d25acd6798
32768,36,196608,98304,18,17,17,1,103866.0,5562.0,False,True,6.0,468,5988,ENSG00000039319,196608,08c191914dacd47682c8ee6443577ccd357c10fd20c7a2c46a768f96e5a002e8,f34324c6fde36a4f635f0f1f06cac5d25acd6798
32768,36,196608,98304,18,17,17,1,103866.0,5562.0,False,True,6.0,468,5988,ENSG00000166140,196608,7e672f52e0a707aabf1f21703c1bd4391f1fc68bd7d46c71d41fe11e69938c6a,f34324c6fde36a4f635f0f1f06cac5d25acd6798
32768,36,196608,98304,18,17,17,1,103866.0,5562.0,False,True,6.0,468,5988,ENSG00000100711,196608,ee7da2eaac1d4a56c314d192a161ff305848a439dbc5ae092f668bd2a3cff715,f34324c6fde36a4f635f0f1f06cac5d25acd6798
32768,36,196608,98304,18,17,17,1,103866.0,5562.0,False,True,6.0,468,5988,ENSG00000072121,196608,7863bf0d400c56eda3ad7ed48a24c2faa437fbb2eef5855adaef9e2fb563a7c8,f34324c6fde36a4f635f0f1f06cac5d25acd6798
32768,36,196608,98304,18,17,17,1,103866.0,5562.0,False,True,6.0,468,5988,ENSG00000155256,196608,4eca88577e4a50894194142564ba402ad8387084effbe1c12cef74a5a6457d24,f34324c6fde36a4f635f0f1f06cac5d25acd6798
32768,36,196608,98304,18,17,17,1,103866.0,5562.0,False,True,6.0,468,5988,ENSG00000159733,196608,693007f0d33e20efd443495a95812b1ec1ce8f7fe76b6a8d0975be468887b173,f34324c6fde36a4f635f0f1f06cac5d25acd6798
32768,36,196608,98304,18,17,17,1,103866.0,5562.0,False,True,6.0,468,5988,ENSG00000220201,196608,35d7e19574e6494201572d142df97b7e327aa2f3ff4d9bfb3b8e91155957aa76,f34324c6fde36a4f635f0f1f06cac5d25acd6798
32768,36,196608,98304,18,17,17,1,103866.0,5562.0,False,True,6.0,468,5988,ENSG00000197114,196608,cff680a5907687a4cff8c04ab56a50640a46c82e234ef67d3b077c67177604ab,f34324c6fde36a4f635f0f1f06cac5d25acd6798
32768,36,196608,98304,18,17,17,1,103866.0,5562.0,False,True,6.0,468,5988,ENSG00000138658,196608,9c659ed019781c1188100025395a852cb244f9cc7cca6810e7ab8e8efa1c350f,f34324c6fde36a4f635f0f1f06cac5d25acd6798
32768,36,196608,98304,18,17,17,1,103866.0,5562.0,False,True,6.0,468,5988,ENSG00000165156,196608,832e69cd8d10f0548d42daf9fa4538358932c900381c2dfea0d34c20f0ea1477,f34324c6fde36a4f635f0f1f06cac5d25acd6798
32768,36,196608,98304,18,17,17,1,103866.0,5562.0,False,True,6.0,468,5988,ENSG00000178764,196608,583f9e73c4b8bb15c1ad34801b97a88e3c7e6bb32621bfec4cddd1eabe5119db,f34324c6fde36a4f635f0f1f06cac5d25acd6798
32768,36,196608,98304,18,17,17,1,103866.0,5562.0,False,True,6.0,468,5988,ENSG00000174306,196608,bde8086bbb53d9f3b40ac9d7abc451b42b812506cea021afa1790d52d795565c,f34324c6fde36a4f635f0f1f06cac5d25acd6798
32768,36,196608,98304,18,17,17,1,103866.0,5562.0,False,True,6.0,468,5988,ENSG00000152977,196608,3721014719a6d0b50a1bd5e00a36c4400bfd4a3bb286eab1ff43af5961928cb1,f34324c6fde36a4f635f0f1f06cac5d25acd6798
32768,36,196608,98304,18,17,17,1,103866.0,5562.0,False,True,6.0,468,5988,ENSG00000043355,196608,4e62289226281285ddd833aac2368a4634a55bf4c71de9d083d14b275eb0946f,f34324c6fde36a4f635f0f1f06cac5d25acd6798
32768,36,196608,98304,18,17,17,1,103866.0,5562.0,False,True,6.0,468,5988,ENSG00000156925,196608,17204c354a613f2072d18ee005dbfb2f7c391b0e21966c8ef792a919320ca64c,f34324c6fde36a4f635f0f1f06cac5d25acd6798
32768,36,196608,98304,18,17,17,1,103866.0,5562.0,False,True,6.0,468,5988,ENSG00000174963,196608,1e945c2b128f1d9363f63e7cf09709fe03f53e3690d9bd8324596a4279fdb279,f34324c6fde36a4f635f0f1f06cac5d25acd6798
32768,36,196608,98304,18,17,17,1,103866.0,5562.0,False,True,6.0,468,5988,ENSG00000139800,196608,7e4b396dd0554c5b6f9c14858042cbc10aa464ab59f1c47834dc9092e79c531b,f34324c6fde36a4f635f0f1f06cac5d25acd6798
32768,36,196608,98304,18,17,17,1,103866.0,5562.0,False,True,6.0,468,5988,ENSG00000171649,196608,e0a3d30c684ef46e8e89b75ddf7aaf2c3cd56c3ee52b24242272d9e965f83c1c,f34324c6fde36a4f635f0f1f06cac5d25acd6798
32768,36,196608,98304,18,17,17,1,103866.0,5562.0,False,True,6.0,468,5988,ENSG00000269699,196608,46ce1e718667cab5bf307141cdfa1d73c495c8bec0d75a8c20cf9f9bba1a052b,f34324c6fde36a4f635f0f1f06cac5d25acd6798
32768,36,196608,98304,18,17,17,1,103866.0,5562.0,False,True,6.0,468,5988,ENSG00000141946,196608,89aebddfbb0d622c614b0826c0e8debcf5167b1094ec8c0806bc09357741fa2e,f34324c6fde36a4f635f0f1f06cac5d25acd6798
32768,36,196608,98304,18,17,17,1,103866.0,5562.0,False,True,6.0,468,5988,ENSG00000106261,196608,b0c29607180a2e5642f554b642e3cb8bdf16ce58ca61ade1a2689ad5fda945fa,f34324c6fde36a4f635f0f1f06cac5d25acd6798
32768,36,196608,98304,18,17,17,1,103866.0,5562.0,False,True,6.0,468,5988,ENSG00000155592,196608,9612dddb0764359453cb3e1c1fa8aab82ebbc96aa23bc9549b92477cccdcc451,f34324c6fde36a4f635f0f1f06cac5d25acd6798
32768,36,196608,98304,18,17,17,1,103866.0,5562.0,False,True,6.0,468,5988,ENSG00000189298,196608,8dbee43f55ead4690add9194bae734aa0dad8821d4a46eb71ea029282e8eee3e,f34324c6fde36a4f635f0f1f06cac5d25acd6798
32768,36,196608,98304,18,17,17,1,103866.0,5562.0,False,True,6.0,468,5988,ENSG00000187626,196608,8e01763f3054b31daf3cbc13a52003dd7a046ae701cb2aaedb874c4f223e65a2,f34324c6fde36a4f635f0f1f06cac5d25acd6798
32768,36,196608,98304,18,17,17,1,103866.0,5562.0,False,True,6.0,468,5988,ENSG00000196652,196608,73f22af76088a8bd1e9291c1dbb9a1550eb1ac2e4a91691e963502d7f2bbd252,f34324c6fde36a4f635f0f1f06cac5d25acd6798
32768,36,196608,98304,18,17,17,1,103866.0,5562.0,False,True,6.0,468,5988,ENSG00000196345,196608,508de48ab2613c3f0d262b671267bfa15a24aeddb73cd3d8c5f134e4773bb6ca,f34324c6fde36a4f635f0f1f06cac5d25acd6798
32768,36,196608,98304,18,17,17,1,103866.0,5562.0,False,True,6.0,468,5988,ENSG00000198315,196608,75f86f595b7b57f67cba62b9225b3037c4ace4cbbf5ca7e7a2254e206c2d370f,f34324c6fde36a4f635f0f1f06cac5d25acd6798
32768,36,196608,98304,18,17,17,1,103866.0,5562.0,False,True,6.0,468,5988,ENSG00000166432,196608,9c00820bc81b0c0b1b858f1ea09d49e9c14cf83ebb2dde5322fe8489d0697bef,f34324c6fde36a4f635f0f1f06cac5d25acd6798
32768,36,196608,98304,18,17,17,1,103866.0,5562.0,False,True,6.0,468,5988,ENSG00000146007,196608,86fa35673e975875f9ff75fcd38e6bd78ba11c2aee480e67ce9e69f2a2322330,f34324c6fde36a4f635f0f1f06cac5d25acd6798
32768,36,196608,98304,18,17,17,1,103866.0,5562.0,False,True,6.0,468,5988,ENSG00000172667,196608,8805f26a326ace2e47355e17a3bbe275ad84644bb96cdc705ad1efc503686ba8,f34324c6fde36a4f635f0f1f06cac5d25acd6798
32768,36,196608,98304,18,17,17,1,103866.0,5562.0,False,True,6.0,468,5988,ENSG00000165061,196608,ea365ce92825e3b6cf7922fd85e66aac21b75f046cb6cbb2964e6101d91db1c8,f34324c6fde36a4f635f0f1f06cac5d25acd6798
32768,36,196608,98304,18,17,17,1,103866.0,5562.0,False,True,6.0,468,5988,ENSG00000100319,196608,1c12600d086ef118b956a241bcecec892ef1925ac8dab9082a019c15eb2b2bc6,f34324c6fde36a4f635f0f1f06cac5d25acd6798
32768,36,196608,98304,18,17,17,1,103866.0,5562.0,False,True,6.0,468,5988,ENSG00000108175,196608,c30e306cdf7940573e81ac2df839a405b9d4e4a39c2deba72d0afce750d32df2,f34324c6fde36a4f635f0f1f06cac5d25acd6798
32768,36,196608,98304,18,17,17,1,103866.0,5562.0,False,True,6.0,468,5988,ENSG00000122515,196608,b6f1de4f475d0f935644d62d4f223d0af27bc7d699a4c896254e8816ddd0df8f,f34324c6fde36a4f635f0f1f06cac5d25acd6798
32768,36,196608,98304,18,17,17,1,103866.0,5562.0,False,True,6.0,468,5988,ENSG00000197056,196608,3ab6eb90b5f5f5cb888a4214f72ddcb59ec6fd000d130fafad995b98f1afb1c5,f34324c6fde36a4f635f0f1f06cac5d25acd6798
32768,36,196608,98304,18,17,17,1,103866.0,5562.0,False,True,6.0,468,5988,ENSG00000121741,196608,ad36107a4a2a6c6d165471364638c16213594703a98de56e58676388f4e57cd2,f34324c6fde36a4f635f0f1f06cac5d25acd6798
32768,36,196608,98304,18,17,17,1,103866.0,5562.0,False,True,6.0,468,5988,ENSG00000147130,196608,66754383772d9e19c551d52aae9c55e6d6028234e37fc2b0407efdcd1e9292b0,f34324c6fde36a4f635f0f1f06cac5d25acd6798
32768,36,196608,98304,18,17,17,1,103866.0,5562.0,False,True,6.0,468,5988,ENSG00000146463,196608,05ea220fb66829af55fc0d3ab3960bc1f7795d1b238fd22fbc5b80840c3ccf13,f34324c6fde36a4f635f0f1f06cac5d25acd6798
32768,36,196608,98304,18,17,17,1,103866.0,5562.0,False,True,6.0,468,5988,ENSG00000132950,196608,0d88eb5460ca3ff6d633a497886fccdc18f90583714a03fbbcf89d7bb6387ffc,f34324c6fde36a4f635f0f1f06cac5d25acd6798
32768,36,196608,98304,18,17,17,1,103866.0,5562.0,False,True,6.0,468,5988,ENSG00000163867,196608,dfc82e99197134a6252fc5c1e44fb17d775c7304ddd04f2e5e8a9197b2a93a0f,f34324c6fde36a4f635f0f1f06cac5d25acd6798
32768,36,196608,98304,18,17,17,1,103866.0,5562.0,False,True,6.0,468,5988,ENSG00000101040,196608,56e5e3d1aa31696caac8f0ac2a65c5408a1497e09ad601a27b19fe77521dec35,f34324c6fde36a4f635f0f1f06cac5d25acd6798
32768,36,196608,98304,18,17,17,1,103866.0,5562.0,False,True,6.0,468,5988,ENSG00000004838,196608,78d451b520f63ec9b662354d39ce069e11b32c179a9fb076b1d494a513baf37f,f34324c6fde36a4f635f0f1f06cac5d25acd6798
32768,36,196608,98304,18,17,17,1,103866.0,5562.0,False,True,6.0,468,5988,ENSG00000015171,196608,708987b44691dbf84c91fa9aab366457b5e64821c2989d9dadb289bfe2d003c7,f34324c6fde36a4f635f0f1f06cac5d25acd6798
32768,36,196608,98304,18,17,17,1,103866.0,5562.0,False,True,6.0,468,5988,ENSG00000066185,196608,7e8a494e33264ab71dc5d16d06ef55478625624b230e7614aacedd6c078d9391,f34324c6fde36a4f635f0f1f06cac5d25acd6798
32768,36,196608,98304,18,17,17,1,103866.0,5562.0,False,True,6.0,468,5988,ENSG00000141497,196608,5aabd3d84b40cab7597b3acaf225bf2e0d770c31d4acefb085e518f904c82bac,f34324c6fde36a4f635f0f1f06cac5d25acd6798
32768,36,196608,98304,18,17,17,1,103866.0,5562.0,False,True,6.0,468,5988,ENSG00000165724,196608,4b57e5b58ffaeba99c94c645a7014f4e565153edc4ca180a504c0a9bd9da9808,f34324c6fde36a4f635f0f1f06cac5d25acd6798
32768,36,196608,98304,18,17,17,1,103866.0,5562.0,False,True,6.0,468,5988,ENSG00000275111,196608,57f7b9cb006415fce61093de31006d7e473bebe7e0515314fde727d6632a8bd8,f34324c6fde36a4f635f0f1f06cac5d25acd6798
32768,36,196608,98304,18,17,17,1,103866.0,5562.0,False,True,6.0,468,5988,ENSG00000166526,196608,d9cf9e43f635b586b3738754589f19975d2bb6a76906e232be481d3298c1cc50,f34324c6fde36a4f635f0f1f06cac5d25acd6798
32768,36,196608,98304,18,17,17,1,103866.0,5562.0,False,True,6.0,468,5988,ENSG00000147789,196608,205ea7acca0d3bc5c7ffb5646bb03d398c3b0f3babaa07530bab8eea9c53412a,f34324c6fde36a4f635f0f1f06cac5d25acd6798
32768,36,196608,98304,18,17,17,1,103866.0,5562.0,False,True,6.0,468,5988,ENSG00000278129,196608,483d87cb4e8beeff6e6190e84783518dd79f70683ecfd02bc54d81c7e9ebfe5f,f34324c6fde36a4f635f0f1f06cac5d25acd6798
32768,36,196608,98304,18,17,17,1,103866.0,5562.0,False,True,6.0,468,5988,ENSG00000256223,196608,c3cdfcf72ba53f57558d7446c7363322f1abfee7cd958fb6becce01d3bceb91e,f34324c6fde36a4f635f0f1f06cac5d25acd6798
32768,36,196608,98304,18,17,17,1,103866.0,5562.0,False,True,6.0,468,5988,ENSG00000164631,196608,3cb5c846b7fdaecf49fcbf3a3c2321352c172dd8ca520701f26cc43325793b0b,f34324c6fde36a4f635f0f1f06cac5d25acd6798
32768,36,196608,98304,18,17,17,1,103866.0,5562.0,False,True,6.0,468,5988,ENSG00000105708,196608,1f30cfb63b37e287752dbd4165904f554b2c44e0cd0605bd5b3d1769c306cd88,f34324c6fde36a4f635f0f1f06cac5d25acd6798
32768,36,196608,98304,18,17,17,1,103866.0,5562.0,False,True,6.0,468,5988,ENSG00000170631,196608,7d9bd897b33545c044e7ba8ab4941afed2f29429f6c5336886625cbe1678e6fa,f34324c6fde36a4f635f0f1f06cac5d25acd6798
32768,36,196608,98304,18,17,17,1,103866.0,5562.0,False,True,6.0,468,5988,ENSG00000186272,196608,5f0cd394f149e47b33a85ae9c67872f9c86f4eb08a1efb1438db219916004dcf,f34324c6fde36a4f635f0f1f06cac5d25acd6798
32768,36,196608,98304,18,17,17,1,103866.0,5562.0,False,True,6.0,468,5988,ENSG00000154957,196608,8fd01db26bc7c9e298019bb05698e480a156df429f0f5206e27dd6c77dbca308,f34324c6fde36a4f635f0f1f06cac5d25acd6798
32768,36,196608,98304,18,17,17,1,103866.0,5562.0,False,True,6.0,468,5988,ENSG00000157429,196608,243cef738ef6a0c35efa2589f29688303841282ee7e47b60232db5821697ad29,f34324c6fde36a4f635f0f1f06cac5d25acd6798
32768,36,196608,98304,18,17,17,1,103866.0,5562.0,False,True,6.0,468,5988,ENSG00000132010,196608,e98589ea0d03e034a1ef107bdeb5e10b860fe8db2878c0defe850d0bdb3ae93e,f34324c6fde36a4f635f0f1f06cac5d25acd6798
32768,36,196608,98304,18,17,17,1,103866.0,5562.0,False,True,6.0,468,5988,ENSG00000165512,196608,522523105bb58fbe4b04e60f8bd7066b8f1ece1c8261686ac6551a85f560187d,f34324c6fde36a4f635f0f1f06cac5d25acd6798
32768,36,196608,98304,18,17,17,1,103866.0,5562.0,False,True,6.0,468,5988,ENSG00000167377,196608,c443df349f4fc5525494dfcb7f74bdfeca7a25965fa76178e6593b952e4b53c1,f34324c6fde36a4f635f0f1f06cac5d25acd6798
32768,36,196608,98304,18,17,17,1,103866.0,5562.0,False,True,6.0,468,5988,ENSG00000172466,196608,6dff4020647e4aeb3f389c88e3dfe3e35a9312be8e9543536c6c8ff70c693f28,f34324c6fde36a4f635f0f1f06cac5d25acd6798
32768,36,196608,98304,18,17,17,1,103866.0,5562.0,False,True,6.0,468,5988,ENSG00000175395,196608,b186f4be3d9cfec560a4059673d1f35e1bd9f43ecb6456bf4c6ea59d61ce67d5,f34324c6fde36a4f635f0f1f06cac5d25acd6798
32768,36,196608,98304,18,17,17,1,103866.0,5562.0,False,True,6.0,468,5988,ENSG00000198393,196608,950e41668fa4c70d8a51da86855c43e5284989aa2b09e1cfaab328e0a066c0ee,f34324c6fde36a4f635f0f1f06cac5d25acd6798
32768,36,196608,98304,18,17,17,1,103866.0,5562.0,False,True,6.0,468,5988,ENSG00000198538,196608,6b92bd463ceeb07004d25522ec1a87b9c9084e440e80ed0740449cfc1dd35af9,f34324c6fde36a4f635f0f1f06cac5d25acd6798
32768,36,196608,98304,18,17,17,1,103866.0,5562.0,False,True,6.0,468,5988,ENSG00000168661,196608,b6aa4aa5ceeede34e4eabb2e1ccad54ceaf922f509b1f3a99cdf41d72ff19f2c,f34324c6fde36a4f635f0f1f06cac5d25acd6798
32768,36,196608,98304,18,17,17,1,103866.0,5562.0,False,True,6.0,468,5988,ENSG00000169740,196608,3c9346341f0baf6c4193d46d9a6e121f7ba2ae72be10deec77a5b0c8011b76f1,f34324c6fde36a4f635f0f1f06cac5d25acd6798
32768,36,196608,98304,18,17,17,1,103866.0,5562.0,False,True,6.0,468,5988,ENSG00000189180,196608,d1303e3db9ac69aa07ea6d220887d603e4b05ce4c632d5331695444d3169c9e2,f34324c6fde36a4f635f0f1f06cac5d25acd6798
32768,36,196608,98304,18,17,17,1,103866.0,5562.0,False,True,6.0,468,5988,ENSG00000196693,196608,e3c3014277d7b98afc207c6996bc96550c51700a957f41630466397c0eb9a85d,f34324c6fde36a4f635f0f1f06cac5d25acd6798
32768,36,196608,98304,18,17,17,1,103866.0,5562.0,False,True,6.0,468,5988,ENSG00000196378,196608,c42af221e00d8278d38a3bbad28ca745f15dd6994c80ff649993713f6b9573a7,f34324c6fde36a4f635f0f1f06cac5d25acd6798
32768,36,196608,98304,18,17,17,1,103866.0,5562.0,False,True,6.0,468,5988,ENSG00000169981,196608,001ae45fe8f10ae28698d1a5de4542b4d9969fb4795d6c4df028229dcbf272cc,f34324c6fde36a4f635f0f1f06cac5d25acd6798
32768,36,196608,98304,18,17,17,1,103866.0,5562.0,False,True,6.0,468,5988,ENSG00000075407,196608,7f8fa2936cca859dbe72dd18a524ed4189d8369986bb1507bb0459c45bdd52a7,f34324c6fde36a4f635f0f1f06cac5d25acd6798
32768,36,196608,98304,18,17,17,1,103866.0,5562.0,False,True,6.0,468,5988,ENSG00000147124,196608,32b92adc00318f27632c1d314eb36dadb73465b420e3b54d9ddbce7d7162f0ae,f34324c6fde36a4f635f0f1f06cac5d25acd6798
32768,36,196608,98304,18,17,17,1,103866.0,5562.0,False,True,6.0,468,5988,ENSG00000198521,196608,8ea09f43c3fdb743fa960adb8608111205c3953a25ca39f4fec8671354c04be9,f34324c6fde36a4f635f0f1f06cac5d25acd6798
32768,36,196608,98304,18,17,17,1,103866.0,5562.0,False,True,6.0,468,5988,ENSG00000197857,196608,811918452be42dc4b7e54f6d5f040eee8d50f82f3e417191cb95e48c65b0eb8b,f34324c6fde36a4f635f0f1f06cac5d25acd6798
32768,36,196608,98304,18,17,17,1,103866.0,5562.0,False,True,6.0,468,5988,ENSG00000124459,196608,5e667e0aa4e23aaf3ffbfe191bf4e8ce7715921a8749f95c370ccfaf26b1877b,f34324c6fde36a4f635f0f1f06cac5d25acd6798
32768,36,196608,98304,18,17,17,1,103866.0,5562.0,False,True,6.0,468,5988,ENSG00000180035,196608,8b328e6bdc6c7587f85c1f6b657dfae85163d13695485e0ce1881446d60cc75c,f34324c6fde36a4f635f0f1f06cac5d25acd6798
32768,36,196608,98304,18,17,17,1,103866.0,5562.0,False,True,6.0,468,5988,ENSG00000171970,196608,a9589a77f994d05a07c9dc1cc40452e336f356f877ec2218c62549a1d2104039,f34324c6fde36a4f635f0f1f06cac5d25acd6798
32768,36,196608,98304,18,17,17,1,103866.0,5562.0,False,True,6.0,468,5988,ENSG00000160229,196608,de978400a07c5b4d96860aef060ece0f1b0d454b155b4219d8e651e24e396f6d,f34324c6fde36a4f635f0f1f06cac5d25acd6798
32768,36,196608,98304,18,17,17,1,103866.0,5562.0,False,True,6.0,468,5988,ENSG00000198429,196608,d4470516a52827de43ac021ccfbd0e712b616a039e7fb0621cd37283d3b99307,f34324c6fde36a4f635f0f1f06cac5d25acd6798
32768,36,196608,98304,18,17,17,1,103866.0,5562.0,False,True,6.0,468,5988,ENSG00000187792,196608,a22cbc903b06db94556a4891f8cb1c35c6827cc2eda2938812541b2b7bcdc8af,f34324c6fde36a4f635f0f1f06cac5d25acd6798
32768,36,196608,98304,18,17,17,1,103866.0,5562.0,False,True,6.0,468,5988,ENSG00000197951,196608,5cb3ba3e5f419421cd3d5ce6999ed4f565f4010652634b29858cdf6126343f7d,f34324c6fde36a4f635f0f1f06cac5d25acd6798
32768,36,196608,98304,18,17,17,1,103866.0,5562.0,False,True,6.0,468,5988,ENSG00000185252,196608,590be4a1945eb7495553b4889843316830b3267e87ab019ac50014cf8fc134d2,f34324c6fde36a4f635f0f1f06cac5d25acd6798
32768,36,196608,98304,18,17,17,1,103866.0,5562.0,False,True,6.0,468,5988,ENSG00000162086,196608,b360eecb18259a7298e34742537b96a39d032af07d3f3eb9f620edc8315518b4,f34324c6fde36a4f635f0f1f06cac5d25acd6798
32768,36,196608,98304,18,17,17,1,103866.0,5562.0,False,True,6.0,468,5988,ENSG00000186376,196608,5596b405536e2eb1ca6c1a2e8b3ba054fa9187b4c97b1d3ceb1d8ada49e11cc4,f34324c6fde36a4f635f0f1f06cac5d25acd6798
32768,36,196608,98304,18,17,17,1,103866.0,5562.0,False,True,6.0,468,5988,ENSG00000065029,196608,12fe305fb87e6f1ca03147f023281a1dded6430763e42e30eb00bc797a73f199,f34324c6fde36a4f635f0f1f06cac5d25acd6798
32768,36,196608,98304,18,17,17,1,103866.0,5562.0,False,True,6.0,468,5988,ENSG00000175691,196608,63e1617a597e44da5bb9e0fdfb6ae525833241b69ec89223e8a20d755f882251,f34324c6fde36a4f635f0f1f06cac5d25acd6798
32768,36,196608,98304,18,17,17,1,103866.0,5562.0,False,True,6.0,468,5988,ENSG00000196152,196608,70f96fc994ea34aba7a4111201b3247e96a4aee22630a39bd3dd8bb281696b35,f34324c6fde36a4f635f0f1f06cac5d25acd6798
32768,36,196608,98304,18,17,17,1,103866.0,5562.0,False,True,6.0,468,5988,ENSG00000174255,196608,cf0be44c3755261e2d85a761142ad92005c519c8931c719d5328be827dccef8d,f34324c6fde36a4f635f0f1f06cac5d25acd6798
32768,36,196608,98304,18,17,17,1,103866.0,5562.0,False,True,6.0,468,5988,ENSG00000197779,196608,2ffc4e72202cc82551e8298cc98c1195d3ab9e2aebeff00a95cf303631b8a5a7,f34324c6fde36a4f635f0f1f06cac5d25acd6798
32768,36,196608,98304,18,17,17,1,103866.0,5562.0,False,True,6.0,468,5988,ENSG00000167766,196608,7b839f293f524ae597b16df706982e6a34d8161b14c80d82645acc9ac8d216fc,f34324c6fde36a4f635f0f1f06cac5d25acd6798
32768,36,196608,98304,18,17,17,1,103866.0,5562.0,False,True,6.0,468,5988,ENSG00000198040,196608,a436c8c8291cbdb9f94fe20cb2c69ca2e4886384af385d0cec8f70c5a89b79de,f34324c6fde36a4f635f0f1f06cac5d25acd6798
32768,36,196608,98304,18,17,17,1,103866.0,5562.0,False,True,6.0,468,5988,ENSG00000105750,196608,5c05af9af4dcf26d56d3edb9b5079289ed542dc728f2726cd71f8d42d15c76f0,f34324c6fde36a4f635f0f1f06cac5d25acd6798
32768,36,196608,98304,18,17,17,1,103866.0,5562.0,False,True,6.0,468,5988,ENSG00000213988,196608,9bfe79fea9e4539b051c958bde21f77ab6d6d1f06ef7227d3b2d097f17b6a80a,f34324c6fde36a4f635f0f1f06cac5d25acd6798
32768,36,196608,98304,18,17,17,1,103866.0,5562.0,False,True,6.0,468,5988,ENSG00000167232,196608,da5fe803d8e7d4989209a98c058721246131c1f3cbc9a6664268f503c3fd55cb,f34324c6fde36a4f635f0f1f06cac5d25acd6798
32768,36,196608,98304,18,17,17,1,103866.0,5562.0,False,True,6.0,468,5988,ENSG00000146757,196608,8eefa33c1d3661c587fc9ef01b6f302f118432c468c49abda69d777c28bfb149,f34324c6fde36a4f635f0f1f06cac5d25acd6798
32768,36,196608,98304,18,17,17,1,103866.0,5562.0,False,True,6.0,468,5988,ENSG00000184635,196608,a06f36ec02aa106409f532fdbaf07b93d3b8ce93df46517ccb91c6580852e432,f34324c6fde36a4f635f0f1f06cac5d25acd6798
32768,36,196608,98304,18,17,17,1,103866.0,5562.0,False,True,6.0,468,5988,ENSG00000197360,196608,20313ab35b6ea3cbefe367861c36c14ed8ba358968729eb29de98d35b3efa30f,f34324c6fde36a4f635f0f1f06cac5d25acd6798
32768,36,196608,98304,18,17,17,1,103866.0,5562.0,False,True,6.0,468,5988,ENSG00000213973,196608,f23f65183fe6617f76a755009a97069dcdbf8c3e0b1bb89ca0323a432d3b78ce,f34324c6fde36a4f635f0f1f06cac5d25acd6798
32768,36,196608,98304,18,17,17,1,103866.0,5562.0,False,True,6.0,468,5988,ENSG00000197020,196608,11ba1ea17ef1b5264f60d487093091ac6ceac925573916e6201c2cfefa313a60,f34324c6fde36a4f635f0f1f06cac5d25acd6798
32768,36,196608,98304,18,17,17,1,103866.0,5562.0,False,True,6.0,468,5988,ENSG00000181896,196608,9e9502e42f0d3500c48a6a5bd7fa31f4524ad07fede0201dedbcb22246db04de,f34324c6fde36a4f635f0f1f06cac5d25acd6798
32768,36,196608,98304,18,17,17,1,103866.0,5562.0,False,True,6.0,468,5988,ENSG00000103994,196608,cd7fe59a70ddfe5a8ee60559b9ab8d8878115741389e67eb9538d67e839fcb78,f34324c6fde36a4f635f0f1f06cac5d25acd6798
32768,36,196608,98304,18,17,17,1,103866.0,5562.0,False,True,6.0,468,5988,ENSG00000196247,196608,cde9ad89810b5ee9f0b1c78d0c878b54b6ca13082dbcae94ecf6ebca119c820f,f34324c6fde36a4f635f0f1f06cac5d25acd6798
32768,36,196608,98304,18,17,17,1,103866.0,5562.0,False,True,6.0,468,5988,ENSG00000062370,196608,2293f3bbce1f57df7f412c5140b078194d6c9d0a941cff5d4eae2de8f008040b,f34324c6fde36a4f635f0f1f06cac5d25acd6798
32768,36,196608,98304,18,17,17,1,103866.0,5562.0,False,True,6.0,468,5988,ENSG00000178150,196608,780b986e7ebc1f3852b1aaea0d61b535ed443ab12eaaf00ce040f298fc78ef76,f34324c6fde36a4f635f0f1f06cac5d25acd6798
32768,36,196608,98304,18,17,17,1,103866.0,5562.0,False,True,6.0,468,5988,ENSG00000152926,196608,c93ae25f33086a63a24b3e4ded0d3a06e83cbb281703ce88032904f7b3d68c24,f34324c6fde36a4f635f0f1f06cac5d25acd6798
32768,36,196608,98304,18,17,17,1,103866.0,5562.0,False,True,6.0,468,5988,ENSG00000197961,196608,f6821fe3f47e3f23d991f477e26374110e4b0c1b204101624de8e7b3e8cb0f04,f34324c6fde36a4f635f0f1f06cac5d25acd6798
32768,36,196608,98304,18,17,17,1,103866.0,5562.0,False,True,6.0,468,5988,ENSG00000196418,196608,fea676b72f0dffb7dd68e4c99469893e3d9f0b1fde276dee481f4924e9ccac34,f34324c6fde36a4f635f0f1f06cac5d25acd6798
32768,36,196608,98304,18,17,17,1,103866.0,5562.0,False,True,6.0,468,5988,ENSG00000172262,196608,a53a1bca920acd952b94d384011f91817399a821235d04e008bcb9c642b1fcbe,f34324c6fde36a4f635f0f1f06cac5d25acd6798
32768,36,196608,98304,18,17,17,1,103866.0,5562.0,False,True,6.0,468,5988,ENSG00000131849,196608,f68045c277f1d231a16f7cf584fe4b4d709cb4d7e781f7bd5dd2fba1f26f02e8,f34324c6fde36a4f635f0f1f06cac5d25acd6798
32768,36,196608,98304,18,17,17,1,103866.0,5562.0,False,True,6.0,468,5988,ENSG00000125846,196608,affce5ce8263700a5e3caac0fc966cf5e3bcc7319b0f9fbc64b2cb04d7ee79b8,f34324c6fde36a4f635f0f1f06cac5d25acd6798
32768,36,196608,98304,18,17,17,1,103866.0,5562.0,False,True,6.0,468,5988,ENSG00000213762,196608,e92321a291858a654f42420b382aad2e59c948e56eacfd4970c0b6bd9ed1100d,f34324c6fde36a4f635f0f1f06cac5d25acd6798
32768,36,196608,98304,18,17,17,1,103866.0,5562.0,False,True,6.0,468,5988,ENSG00000176293,196608,7b485b23c38ea78da854c204a47b9b03c63ea3b00ebeae014c2c890ec3e2473f,f34324c6fde36a4f635f0f1f06cac5d25acd6798
32768,36,196608,98304,18,17,17,1,103866.0,5562.0,False,True,6.0,468,5988,ENSG00000196646,196608,1e63ef9922cbe4402ef129e3eb1e9307b0a985bec8c6721d4873a07b67107fbd,f34324c6fde36a4f635f0f1f06cac5d25acd6798
32768,36,196608,98304,18,17,17,1,103866.0,5562.0,False,True,6.0,468,5988,ENSG00000197008,196608,39c928254b2ec724e84cde6e7a91e6f7782807eaee56a5af71ffb8f06f48d181,f34324c6fde36a4f635f0f1f06cac5d25acd6798
32768,36,196608,98304,18,17,17,1,103866.0,5562.0,False,True,6.0,468,5988,ENSG00000196387,196608,427a2d72492f93510f2f2e64c8e8862092570edb51f7a24cdf2d6f3b76bd4854,f34324c6fde36a4f635f0f1f06cac5d25acd6798
32768,36,196608,98304,18,17,17,1,103866.0,5562.0,False,True,6.0,468,5988,ENSG00000131127,196608,b0ea8134a9e40b057c96f7b5b4edcf47cfa7d5561d14116d69d3a44d510c395c,f34324c6fde36a4f635f0f1f06cac5d25acd6798
32768,36,196608,98304,18,17,17,1,103866.0,5562.0,False,True,6.0,468,5988,ENSG00000115568,196608,ebb89ea45d01de233ffc4b0bb73c0d3f9e3e5550ee935fc83bb541ebcf48940e,f34324c6fde36a4f635f0f1f06cac5d25acd6798
32768,36,196608,98304,18,17,17,1,103866.0,5562.0,False,True,6.0,468,5988,ENSG00000166478,196608,9352f409aa4ab184655e27c5beec05618afa7fbf07b0b9684abba6d3a0b00e62,f34324c6fde36a4f635f0f1f06cac5d25acd6798
32768,36,196608,98304,18,17,17,1,103866.0,5562.0,False,True,6.0,468,5988,ENSG00000167635,196608,d8a74e94b95297be5a745e35aec916dcf88621e9c8a7ee18365caef4e3c67558,f34324c6fde36a4f635f0f1f06cac5d25acd6798
32768,36,196608,98304,18,17,17,1,103866.0,5562.0,False,True,6.0,468,5988,ENSG00000163848,196608,41b1676779d1a127ccd52d1329c43edad0090df905f4376aa89d808728bf236d,f34324c6fde36a4f635f0f1f06cac5d25acd6798
32768,36,196608,98304,18,17,17,1,103866.0,5562.0,False,True,6.0,468,5988,ENSG00000179909,196608,0d4d616d3ec32ea5e52cbaad7bd7f4143e1e25c95de98db387ef04d1a4319dab,f34324c6fde36a4f635f0f1f06cac5d25acd6798
32768,36,196608,98304,18,17,17,1,103866.0,5562.0,False,True,6.0,468,5988,ENSG00000204920,196608,3a9f635bb2b1758bdb18fe379607a6d27e02f5f5aed7eab55b648e346ec98c15,f34324c6fde36a4f635f0f1f06cac5d25acd6798
32768,36,196608,98304,18,17,17,1,103866.0,5562.0,False,True,6.0,468,5988,ENSG00000147117,196608,aa65ae742efcf62560cc239ca8db822bc2a23a58c722bf1d20878b9fc97be7d7,f34324c6fde36a4f635f0f1f06cac5d25acd6798
32768,36,196608,98304,18,17,17,1,103866.0,5562.0,False,True,6.0,468,5988,ENSG00000170949,196608,c2c497d22b341e6fda97bab5fabc30400e3bb126b410522866d2e14d99c1eb74,f34324c6fde36a4f635f0f1f06cac5d25acd6798
32768,36,196608,98304,18,17,17,1,103866.0,5562.0,False,True,6.0,468,5988,ENSG00000197279,196608,1095c874befe8d6bdc109acc959aa4772979acb0b3c2e5a43eb4a3ff7e426cd2,f34324c6fde36a4f635f0f1f06cac5d25acd6798
32768,36,196608,98304,18,17,17,1,103866.0,5562.0,False,True,6.0,468,5988,ENSG00000175787,196608,32bfb48cd6e371f70c5ad6550f159fa953115fd8d3e1a057644748444e014938,f34324c6fde36a4f635f0f1f06cac5d25acd6798
32768,36,196608,98304,18,17,17,1,103866.0,5562.0,False,True,6.0,468,5988,ENSG00000103343,196608,9bcd4bbee22e01602ccb0cb944c461dadab4c0856aaea979eb3dcc3e209d12bd,f34324c6fde36a4f635f0f1f06cac5d25acd6798
32768,36,196608,98304,18,17,17,1,103866.0,5562.0,False,True,6.0,468,5988,ENSG00000105497,196608,2eca5df2903efd6bd95fa8aef67b90d180c10670e9d4a061de388c2b7f613a3b,f34324c6fde36a4f635f0f1f06cac5d25acd6798
32768,36,196608,98304,18,17,17,1,103866.0,5562.0,False,True,6.0,468,5988,ENSG00000188629,196608,726e5dc967c4379eb6ec8a122c167b521364834bd693bd6ab85269c77a8eae59,f34324c6fde36a4f635f0f1f06cac5d25acd6798
32768,36,196608,98304,18,17,17,1,103866.0,5562.0,False,True,6.0,468,5988,ENSG00000167384,196608,da9826f7381461fb4221485cce7b838e668cd0e2ed3f2c17715d21e9675b04d1,f34324c6fde36a4f635f0f1f06cac5d25acd6798
32768,36,196608,98304,18,17,17,1,103866.0,5562.0,False,True,6.0,468,5988,ENSG00000197841,196608,2b411f84e04ef581376f1c176d70c68a3e8847566f4af9f130c396716fbbc747,f34324c6fde36a4f635f0f1f06cac5d25acd6798
32768,36,196608,98304,18,17,17,1,103866.0,5562.0,False,True,6.0,468,5988,ENSG00000147118,196608,4e6ed579d9d0ef0d0b75b34b5aae3e194532710ea7585fc04aa9c155ec8fcfc5,f34324c6fde36a4f635f0f1f06cac5d25acd6798
32768,36,196608,98304,18,17,17,1,103866.0,5562.0,False,True,6.0,468,5988,ENSG00000096654,196608,9c879166b8fcba3a90f329eb72a1128f52696a09392d8dc16a284a3097e22781,f34324c6fde36a4f635f0f1f06cac5d25acd6798
32768,36,196608,98304,18,17,17,1,103866.0,5562.0,False,True,6.0,468,5988,ENSG00000136870,196608,93e917c35b21f0482be3dd66239d19e3f2a24ae2e7971b368cfc0b3f3f002843,f34324c6fde36a4f635f0f1f06cac5d25acd6798
32768,36,196608,98304,18,17,17,1,103866.0,5562.0,False,True,6.0,468,5988,ENSG00000005801,196608,aa1efeb6e27de7047082f70f7e724b51b8e3601002a121d0746fb4324942ce93,f34324c6fde36a4f635f0f1f06cac5d25acd6798
32768,36,196608,98304,18,17,17,1,103866.0,5562.0,False,True,6.0,468,5988,ENSG00000186448,196608,541be31e2ee7e8a117a03fd45ab4b59ccca8adf336f48199d838a8958fccddc0,f34324c6fde36a4f635f0f1f06cac5d25acd6798
32768,36,196608,98304,18,17,17,1,103866.0,5562.0,False,True,6.0,468,5988,ENSG00000010539,196608,22d0deb7db324243c26953ff55334d13e06fec067ba2a6fd953e3b002a505e65,f34324c6fde36a4f635f0f1f06cac5d25acd6798
32768,36,196608,98304,18,17,17,1,103866.0,5562.0,False,True,6.0,468,5988,ENSG00000166261,196608,2b15f24995448083121c6181ee89acf853b1cb203fc766b304e64b2ef18e72e7,f34324c6fde36a4f635f0f1f06cac5d25acd6798
32768,36,196608,98304,18,17,17,1,103866.0,5562.0,False,True,6.0,468,5988,ENSG00000122386,196608,b42af90b39a6a48c451e4c5b01e249e7059fcf77049cf34a3d43615465a5be77,f34324c6fde36a4f635f0f1f06cac5d25acd6798
32768,36,196608,98304,18,17,17,1,103866.0,5562.0,False,True,6.0,468,5988,ENSG00000010244,196608,633dd36b35ac08d93e980c33adf70cab4eeec80c0c559f01188d1bce500c1f6c,f34324c6fde36a4f635f0f1f06cac5d25acd6798
32768,36,196608,98304,18,17,17,1,103866.0,5562.0,False,True,6.0,468,5988,ENSG00000160321,196608,5ee8cf194d49acfb0cc2e16130c5152a7d0a19f66070ae6951ac57050b80df4e,f34324c6fde36a4f635f0f1f06cac5d25acd6798
32768,36,196608,98304,18,17,17,1,103866.0,5562.0,False,True,6.0,468,5988,ENSG00000121417,196608,3453cc841ea6f2874190a2849323f0a28d228caef0d89f32f709e2478d0960e9,f34324c6fde36a4f635f0f1f06cac5d25acd6798
32768,36,196608,98304,18,17,17,1,103866.0,5562.0,False,True,6.0,468,5988,ENSG00000170260,196608,fd3d0d4c1fe16292337faa01c51f21bce13d980c44c0a3b12b4c50ac6a50bd03,f34324c6fde36a4f635f0f1f06cac5d25acd6798
32768,36,196608,98304,18,17,17,1,103866.0,5562.0,False,True,6.0,468,5988,ENSG00000085644,196608,e26126e7fe11b5862ad3c915087982f14e1a004033a09c030db31473c9d21099,f34324c6fde36a4f635f0f1f06cac5d25acd6798
32768,36,196608,98304,18,17,17,1,103866.0,5562.0,False,True,6.0,468,5988,ENSG00000149050,196608,723835a0aecdf75cef983a98b0768ef74398f1a45146f88c1a40c88fadae9e49,f34324c6fde36a4f635f0f1f06cac5d25acd6798
32768,36,196608,98304,18,17,17,1,103866.0,5562.0,False,True,6.0,468,5988,ENSG00000149054,196608,3754dac140ca50d9749079f4c241dddc0da738abcf9517755e9921f942ad444c,f34324c6fde36a4f635f0f1f06cac5d25acd6798
32768,36,196608,98304,18,17,17,1,103866.0,5562.0,False,True,6.0,468,5988,ENSG00000171940,196608,0ab702dc212e55941b16ef5e28f5435f51310e88d60bb549e11eea83f4151785,f34324c6fde36a4f635f0f1f06cac5d25acd6798
32768,36,196608,98304,18,17,17,1,103866.0,5562.0,False,True,6.0,468,5988,ENSG00000165804,196608,40c53e3ddb5d42938cbd4de7f7be1bbc8df3d21c8ee8e278323d41b13088a373,f34324c6fde36a4f635f0f1f06cac5d25acd6798
32768,36,196608,98304,18,17,17,1,103866.0,5562.0,False,True,6.0,468,5988,ENSG00000159905,196608,3f726f1ab7e4d7ce0f9522eb9d91d73011f27441c13151943bc9f975690e4222,f34324c6fde36a4f635f0f1f06cac5d25acd6798
32768,36,196608,98304,18,17,17,1,103866.0,5562.0,False,True,6.0,468,5988,ENSG00000159885,196608,0843dddab7afc99acc1e27951e00b0cf9184cdfbf112630cfc166eadff751228,f34324c6fde36a4f635f0f1f06cac5d25acd6798
32768,36,196608,98304,18,17,17,1,103866.0,5562.0,False,True,6.0,468,5988,ENSG00000178386,196608,6c80f74cbc63384b8484bcc1134bf324ff7cefb4ae3fcee9157626f9ba1546e0,f34324c6fde36a4f635f0f1f06cac5d25acd6798
32768,36,196608,98304,18,17,17,1,103866.0,5562.0,False,True,6.0,468,5988,ENSG00000267680,196608,805da1192a630944f102b21ab31f82f3de236a0459d265a4d95fddc8f3f9392e,f34324c6fde36a4f635f0f1f06cac5d25acd6798
32768,36,196608,98304,18,17,17,1,103866.0,5562.0,False,True,6.0,468,5988,ENSG00000256294,196608,ffcf43c6823059b2d0ca3f93e97cdfe52b7ec7c3772c57c1c6c8f20c40222e82,f34324c6fde36a4f635f0f1f06cac5d25acd6798
32768,36,196608,98304,18,17,17,1,103866.0,5562.0,False,True,6.0,468,5988,ENSG00000167380,196608,6e1e69478596b848ccfa187850a607f2039ee0931169cdd1331811b621db30a7,f34324c6fde36a4f635f0f1f06cac5d25acd6798
32768,36,196608,98304,18,17,17,1,103866.0,5562.0,False,True,6.0,468,5988,ENSG00000131115,196608,0c4d3cb17f50c0afac2b495a497f788e0d547287e0b9b87771848b1fc92400e5,f34324c6fde36a4f635f0f1f06cac5d25acd6798
32768,36,196608,98304,18,17,17,1,103866.0,5562.0,False,True,6.0,468,5988,ENSG00000278318,196608,5b50a2a98b8068ee9560b86bc39ba5a97545a60a2bcdf43a97941a0237a96bc8,f34324c6fde36a4f635f0f1f06cac5d25acd6798
32768,36,196608,98304,18,17,17,1,103866.0,5562.0,False,True,6.0,468,5988,ENSG00000159882,196608,e1f33543a44f168eb68a8ff33654834ea15e88fe1eb0bd9dcc65552bd904d0fb,f34324c6fde36a4f635f0f1f06cac5d25acd6798
32768,36,196608,98304,18,17,17,1,103866.0,5562.0,False,True,6.0,468,5988,ENSG00000167840,196608,ec419ff4b7fa7d20a5bafbcf7d6b7a477ec6ea449e46ac50276f81216339352b,f34324c6fde36a4f635f0f1f06cac5d25acd6798
32768,36,196608,98304,18,17,17,1,103866.0,5562.0,False,True,6.0,468,5988,ENSG00000159915,196608,c45b12e43c57b4a6a4da523f78dc3810e034582321c1a5bea215a0b6c93f0fe7,f34324c6fde36a4f635f0f1f06cac5d25acd6798
32768,36,196608,98304,18,17,17,1,103866.0,5562.0,False,True,6.0,468,5988,ENSG00000263002,196608,2580e43ee5b808097f2c7fdd946cc13ef92657ddc59afe5acac390c935c10d87,f34324c6fde36a4f635f0f1f06cac5d25acd6798
32768,36,196608,98304,18,17,17,1,103866.0,5562.0,False,True,6.0,468,5988,ENSG00000159917,196608,cb36e97dc66ac3e78132ca5bbb4740c952fd1df660c0967dfccab7adcc509e67,f34324c6fde36a4f635f0f1f06cac5d25acd6798
32768,36,196608,98304,18,17,17,1,103866.0,5562.0,False,True,6.0,468,5988,ENSG00000130856,196608,824b7521bbdbe6fefdded7e587d6f8043268e6062385216e44780ab83dc586a1,f34324c6fde36a4f635f0f1f06cac5d25acd6798
32768,36,196608,98304,18,17,17,1,103866.0,5562.0,False,True,6.0,468,5988,ENSG00000196793,196608,8184d48c140e2cd206922aa08528b31428c77c721d3d32c05b441d3c03f70866,f34324c6fde36a4f635f0f1f06cac5d25acd6798
32768,36,196608,98304,18,17,17,1,103866.0,5562.0,False,True,6.0,468,5988,ENSG00000198105,196608,8d3638f875beb711925ea8e19b466ae6f06cb15b5b2d74ebcf1034ea89f55aa7,f34324c6fde36a4f635f0f1f06cac5d25acd6798
32768,36,196608,98304,18,17,17,1,103866.0,5562.0,False,True,6.0,468,5988,ENSG00000196150,196608,63922ba100c0f9b324594afba9b0a0854d3088eb05a394f755db24ac25ab912c,f34324c6fde36a4f635f0f1f06cac5d25acd6798
32768,36,196608,98304,18,17,17,1,103866.0,5562.0,False,True,6.0,468,5988,ENSG00000198169,196608,b91133563e9e3f4890a5f66af2806660f0a3c492bdafc35660d01908f96034e1,f34324c6fde36a4f635f0f1f06cac5d25acd6798
32768,36,196608,98304,18,17,17,1,103866.0,5562.0,False,True,6.0,468,5988,ENSG00000256771,196608,38888555a2e8b133db1a7b6a31243ec5acffd675a04b438f788bfc678193e5d9,f34324c6fde36a4f635f0f1f06cac5d25acd6798
32768,36,196608,98304,18,17,17,1,103866.0,5562.0,False,True,6.0,468,5988,ENSG00000213096,196608,95a629426ab29fae76ce09c17a9ac3910d8a155aaac24ec15f07f6d3e6ed23c8,f34324c6fde36a4f635f0f1f06cac5d25acd6798
32768,36,196608,98304,18,17,17,1,103866.0,5562.0,False,True,6.0,468,5988,ENSG00000152454,196608,2d9824ba4dcfdb8be5d80a8c695b1e4444fdb87703dc026864177e72cd7097cc,f34324c6fde36a4f635f0f1f06cac5d25acd6798
32768,36,196608,98304,18,17,17,1,103866.0,5562.0,False,True,6.0,468,5988,ENSG00000197134,196608,85b855e23d0b2fedea83a091b2085dae9d88cbb770d0d580940c5841742b0cd5,f34324c6fde36a4f635f0f1f06cac5d25acd6798
32768,36,196608,98304,18,17,17,1,103866.0,5562.0,False,True,6.0,468,5988,ENSG00000254004,196608,e889b29d92036248a556baca0a32c19fd8bece3989035060b13c33d824a58de4,f34324c6fde36a4f635f0f1f06cac5d25acd6798
32768,36,196608,98304,18,17,17,1,103866.0,5562.0,False,True,6.0,468,5988,ENSG00000006194,196608,813f52159caa2a4fb3004b49de49d1fa63df4c999f0eeacff4810e735c40ba9b,f34324c6fde36a4f635f0f1f06cac5d25acd6798
32768,36,196608,98304,18,17,17,1,103866.0,5562.0,False,True,6.0,468,5988,ENSG00000083844,196608,df2d38f97a0a16bc2ceb8fe32754c3d4246d51e916b2eddc5f8a7472faa73d66,f34324c6fde36a4f635f0f1f06cac5d25acd6798
32768,36,196608,98304,18,17,17,1,103866.0,5562.0,False,True,6.0,468,5988,ENSG00000174652,196608,5d1b961b0b680f83e2ac31a101512a56c1d1338cfbca1af365ada410d97c3cfc,f34324c6fde36a4f635f0f1f06cac5d25acd6798
32768,36,196608,98304,18,17,17,1,103866.0,5562.0,False,True,6.0,468,5988,ENSG00000185947,196608,5bf4cd44d59d547df3c3626512edad39c6f31f9409ac310da67f75adfe1f7c0f,f34324c6fde36a4f635f0f1f06cac5d25acd6798
44843,48,196608,98304,24,17,17,7,137490.0,39186.0,False,True,4.3843632227995455,945,5988,ENSG00000090612,196608,cea69e31229a29b28bc81ca54f05d989dbe4a3757e605626f1974fb3214b05b8,f34324c6fde36a4f635f0f1f06cac5d25acd6798
32768,36,196608,98304,18,17,17,1,103866.0,5562.0,False,True,6.0,468,5988,ENSG00000198039,196608,8d56cc9807ce572a9453608fe7782462e3f4bd3531764970ef438ff76505a8c9,f34324c6fde36a4f635f0f1f06cac5d25acd6798
32768,36,196608,98304,18,17,17,1,103866.0,5562.0,False,True,6.0,468,5988,ENSG00000171606,196608,4c1d87d2433760198e42423df210f1d81798da1a713c044ea20a8e2393c8c80e,f34324c6fde36a4f635f0f1f06cac5d25acd6798
32768,36,196608,98304,18,17,17,1,103866.0,5562.0,False,True,6.0,468,5988,ENSG00000063587,196608,7ed3fd11243efaa95c199df43b718fac19706d1d0350ad2fe59986a565792655,f34324c6fde36a4f635f0f1f06cac5d25acd6798
32768,36,196608,98304,18,17,17,1,103866.0,5562.0,False,True,6.0,468,5988,ENSG00000158805,196608,4859180b1ce80e3f682d11fe05061d624d95ab8083e8a06396719fa4f7a89fc0,f34324c6fde36a4f635f0f1f06cac5d25acd6798
32768,36,196608,98304,18,17,17,1,103866.0,5562.0,False,True,6.0,468,5988,ENSG00000198839,196608,c21056c8de26c591cc98834a0ac2290f1210be42e12dbbf851714dec3a818e28,f34324c6fde36a4f635f0f1f06cac5d25acd6798
32768,36,196608,98304,18,17,17,1,103866.0,5562.0,False,True,6.0,468,5988,ENSG00000169548,196608,ac031e3c4ad351de97656acbbb3011b23dda339608d1e44d4f3f540823432b31,f34324c6fde36a4f635f0f1f06cac5d25acd6798
32768,36,196608,98304,18,17,17,1,103866.0,5562.0,False,True,6.0,468,5988,ENSG00000275004,196608,f6629f9a284962f0db4140a4dd37a588b4ebc647d4441d5870081305d0ef771e,f34324c6fde36a4f635f0f1f06cac5d25acd6798
32768,36,196608,98304,18,17,17,1,103866.0,5562.0,False,True,6.0,468,5988,ENSG00000056277,196608,df06c29cb091419b91e4d3d72269f8611249414f812ac040d8ab452328a2df66,f34324c6fde36a4f635f0f1f06cac5d25acd6798
32768,36,196608,98304,18,17,17,1,103866.0,5562.0,False,True,6.0,468,5988,ENSG00000137871,196608,2f1dbf4a7a10db064683cf10371c24eea2c3181f3267aa9b2e4da485e3bee5da,f34324c6fde36a4f635f0f1f06cac5d25acd6798
32768,36,196608,98304,18,17,17,1,103866.0,5562.0,False,True,6.0,468,5988,ENSG00000162702,196608,6f8047ecd94438d18bdeea240552f328d0720fd22813e92bca6d37a827ea1887,f34324c6fde36a4f635f0f1f06cac5d25acd6798
32768,36,196608,98304,18,17,17,1,103866.0,5562.0,False,True,6.0,468,5988,ENSG00000170265,196608,ae5fb2cb09517be3ac823c67a15d53be42c9375380da0302076891fd3bb1a4ca,f34324c6fde36a4f635f0f1f06cac5d25acd6798
32768,36,196608,98304,18,17,17,1,103866.0,5562.0,False,True,6.0,468,5988,ENSG00000167637,196608,456abdd45289ce27eb16804c282fa88968e268b403f940c133b56726dab4c675,f34324c6fde36a4f635f0f1f06cac5d25acd6798
32768,36,196608,98304,18,17,17,1,103866.0,5562.0,False,True,6.0,468,5988,ENSG00000186026,196608,55007a2340aa1196cc57e5e8bab27856ddc24e286619ceebf05c11266e466146,f34324c6fde36a4f635f0f1f06cac5d25acd6798
32768,36,196608,98304,18,17,17,1,103866.0,5562.0,False,True,6.0,468,5988,ENSG00000267508,196608,6b82c6e7bdd7ad784541ac5e88330e708b84031a592dda3ae5ca8c6df481b3ae,f34324c6fde36a4f635f0f1f06cac5d25acd6798
32768,36,196608,98304,18,17,17,1,103866.0,5562.0,False,True,6.0,468,5988,ENSG00000187607,196608,1f22903ad9a8698a0ca8f8b80646292d4190a96a52c920ac92a5c57ce705342b,f34324c6fde36a4f635f0f1f06cac5d25acd6798
32768,36,196608,98304,18,17,17,1,103866.0,5562.0,False,True,6.0,468,5988,ENSG00000141040,196608,f5a0fa9fc2c8a0b285dbe80df2dde6230a958723ea08b00bb550e12d02053bf5,f34324c6fde36a4f635f0f1f06cac5d25acd6798
32768,36,196608,98304,18,17,17,1,103866.0,5562.0,False,True,6.0,468,5988,ENSG00000188994,196608,9419ff611b3389db8699c436c86f5f80261bff89b5d3cb7684a2c1e450329351,f34324c6fde36a4f635f0f1f06cac5d25acd6798
32768,36,196608,98304,18,17,17,1,103866.0,5562.0,False,True,6.0,468,5988,ENSG00000170684,196608,1c8d0759789308d84b150f592843b7c071b7bae2a85851565cc6f4f082b9d41c,f34324c6fde36a4f635f0f1f06cac5d25acd6798
32768,36,196608,98304,18,17,17,1,103866.0,5562.0,False,True,6.0,468,5988,ENSG00000145908,196608,15a5ba017989f7ac4044f5ecf24ba7a1865f64eac84c9a09d6cc10612d0da8f4,f34324c6fde36a4f635f0f1f06cac5d25acd6798
32768,36,196608,98304,18,17,17,1,103866.0,5562.0,False,True,6.0,468,5988,ENSG00000089335,196608,bad2888c241ad0fa777d84a79a21c1ee2dda47aae1846c2786ea6fcc7556e30e,f34324c6fde36a4f635f0f1f06cac5d25acd6798
32768,36,196608,98304,18,17,17,1,103866.0,5562.0,False,True,6.0,468,5988,ENSG00000131845,196608,fc9b355e53805f0c515450a6193b4efd19366bf4a2239a8ac8bb3e7b141a8d8a,f34324c6fde36a4f635f0f1f06cac5d25acd6798
32768,36,196608,98304,18,17,17,1,103866.0,5562.0,False,True,6.0,468,5988,ENSG00000197935,196608,acbcf725919882823fd25184243646b4af72d44550a213bd6b0760fe15a9e74d,f34324c6fde36a4f635f0f1f06cac5d25acd6798
32768,36,196608,98304,18,17,17,1,103866.0,5562.0,False,True,6.0,468,5988,ENSG00000205903,196608,9dbff7ff8b4ec63b0eb01c5798264b55e1cf127417035c63d4e6ab2d375ccb5e,f34324c6fde36a4f635f0f1f06cac5d25acd6798
32768,36,196608,98304,18,17,17,1,103866.0,5562.0,False,True,6.0,468,5988,ENSG00000130803,196608,4f289015ea4c9ebfe27809dfe42d31f500a800c3b6543805d579cb137632c956,f34324c6fde36a4f635f0f1f06cac5d25acd6798
32768,36,196608,98304,18,17,17,1,103866.0,5562.0,False,True,6.0,468,5988,ENSG00000171467,196608,e8bc8a34203e8f788d0a01ffd5bf286ee8b0fc9816935715addea395667cac3e,f34324c6fde36a4f635f0f1f06cac5d25acd6798
32768,36,196608,98304,18,17,17,1,103866.0,5562.0,False,True,6.0,468,5988,ENSG00000166188,196608,ffbec90075f91a68df09bf13eb10a7bcd6c38be7e478aca745da914814b080ed,f34324c6fde36a4f635f0f1f06cac5d25acd6798
32768,36,196608,98304,18,17,17,1,103866.0,5562.0,False,True,6.0,468,5988,ENSG00000182986,196608,23fa1a349009efc5e85216d237e2ba9cc3facb5473cd623fb5ad600b70f3891e,f34324c6fde36a4f635f0f1f06cac5d25acd6798
32768,36,196608,98304,18,17,17,1,103866.0,5562.0,False,True,6.0,468,5988,ENSG00000181315,196608,e2409df394c6dbd4c232fb976ec376b5134825af3dbdde8b1e0957159f26e1ed,f34324c6fde36a4f635f0f1f06cac5d25acd6798
32768,36,196608,98304,18,17,17,1,103866.0,5562.0,False,True,6.0,468,5988,ENSG00000083812,196608,0acbf9e81eaccb9fb79cdd83ad7685d018ad3e5625c703117861ea423ee4822e,f34324c6fde36a4f635f0f1f06cac5d25acd6798
32768,36,196608,98304,18,17,17,1,103866.0,5562.0,False,True,6.0,468,5988,ENSG00000249471,196608,ad11ce9445d7a8c12307dca9e24ce5a5c453144e48e6d662245ed6318c6aeace,f34324c6fde36a4f635f0f1f06cac5d25acd6798
32768,36,196608,98304,18,17,17,1,103866.0,5562.0,False,True,6.0,468,5988,ENSG00000162664,196608,55a8f741b30459bebe6820596ec5331eac6f2e1c8560ca5e75e47fe51f51e026,f34324c6fde36a4f635f0f1f06cac5d25acd6798
32768,36,196608,98304,18,17,17,1,103866.0,5562.0,False,True,6.0,468,5988,ENSG00000181894,196608,625273c8a2613097f5eb1be5982560327e406bce70f97e8583f55ff194c491f5,f34324c6fde36a4f635f0f1f06cac5d25acd6798
32768,36,196608,98304,18,17,17,1,103866.0,5562.0,False,True,6.0,468,5988,ENSG00000109445,196608,a3a64f4619572a882eeb386bffc51a40183f9f529adfca2fdbdc31dd9bc9043a,f34324c6fde36a4f635f0f1f06cac5d25acd6798
32768,36,196608,98304,18,17,17,1,103866.0,5562.0,False,True,6.0,468,5988,ENSG00000130844,196608,2d91f965ef6375a908a4d010fdb646127d94857067f6dae9ee1544f20deede70,f34324c6fde36a4f635f0f1f06cac5d25acd6798
32768,36,196608,98304,18,17,17,1,103866.0,5562.0,False,True,6.0,468,5988,ENSG00000160961,196608,ffa60a73db603d3bf3d30309b20bd73bcae49e88f777964a99663d040db250a8,f34324c6fde36a4f635f0f1f06cac5d25acd6798
32768,36,196608,98304,18,17,17,1,103866.0,5562.0,False,True,6.0,468,5988,ENSG00000198185,196608,7efbfc5fd0afad362acc960718b76c611453386fd950f231bf6ab856a313c85a,f34324c6fde36a4f635f0f1f06cac5d25acd6798
32768,36,196608,98304,18,17,17,1,103866.0,5562.0,False,True,6.0,468,5988,ENSG00000198026,196608,2f4ecc87d59bb994019bff4ce6500e523c3ccb1f1b039b7db862d0c8435a0671,f34324c6fde36a4f635f0f1f06cac5d25acd6798
32768,36,196608,98304,18,17,17,1,103866.0,5562.0,False,True,6.0,468,5988,ENSG00000130684,196608,78bdaef4d57a5f0f525310ae4dbaee29d783fceb6b0c2f56c63af43a1bb0d02c,f34324c6fde36a4f635f0f1f06cac5d25acd6798
32768,36,196608,98304,18,17,17,1,103866.0,5562.0,False,True,6.0,468,5988,ENSG00000131061,196608,e58e314e804b5b7332356b8cfb8c12a25999a0f8bc4c0fbae2fc824bf5e0732d,f34324c6fde36a4f635f0f1f06cac5d25acd6798
32768,36,196608,98304,18,17,17,1,103866.0,5562.0,False,True,6.0,468,5988,ENSG00000088876,196608,6589df6716b1422309db43dcc678250d6dcc3ff5f1f682b41c686c6a38fdbd7b,f34324c6fde36a4f635f0f1f06cac5d25acd6798
32768,36,196608,98304,18,17,17,1,103866.0,5562.0,False,True,6.0,468,5988,ENSG00000251247,196608,cce8ff3613339c3925f72201db156a16e2070ddc3b3d678f0b43c3cb0b652b77,f34324c6fde36a4f635f0f1f06cac5d25acd6798
32768,36,196608,98304,18,17,17,1,103866.0,5562.0,False,True,6.0,468,5988,ENSG00000113761,196608,e8b03cbf8f3e3dfa441211944cbb5abdc3cfecd39993baadfae61bdf61ac1394,f34324c6fde36a4f635f0f1f06cac5d25acd6798
32768,36,196608,98304,18,17,17,1,103866.0,5562.0,False,True,6.0,468,5988,ENSG00000197937,196608,c2e4be74ded29aefc8531929584911e23525a7b0a8cd8eeb49070f6f855ba62c,f34324c6fde36a4f635f0f1f06cac5d25acd6798
32768,36,196608,98304,18,17,17,1,103866.0,5562.0,False,True,6.0,468,5988,ENSG00000256683,196608,7a2ed483280dabd043559c2d75270fd6a52a9747a5e24e32f11c541474172f77,f34324c6fde36a4f635f0f1f06cac5d25acd6798
32768,36,196608,98304,18,17,17,1,103866.0,5562.0,False,True,6.0,468,5988,ENSG00000169131,196608,9607f6daf62d476356ac9f66e836f47c875a82328a3cac895276fa27adf8197e,f34324c6fde36a4f635f0f1f06cac5d25acd6798
32768,36,196608,98304,18,17,17,1,103866.0,5562.0,False,True,6.0,468,5988,ENSG00000178338,196608,34957e02151d9bddf5d71c0bef575b3d8fd91eef425791b0c30db49ee6549300,f34324c6fde36a4f635f0f1f06cac5d25acd6798
32768,36,196608,98304,18,17,17,1,103866.0,5562.0,False,True,6.0,468,5988,ENSG00000177932,196608,25dd70a1dd97da62226a2cde39555cd2ae7770902b800a09c22aada2f9917184,f34324c6fde36a4f635f0f1f06cac5d25acd6798
32768,36,196608,98304,18,17,17,1,103866.0,5562.0,False,True,6.0,468,5988,ENSG00000198816,196608,c24e7a414b197f2d9ac81ef964b54463f3f836f499715f6d724109f4b0f81e2f,f34324c6fde36a4f635f0f1f06cac5d25acd6798
32768,36,196608,98304,18,17,17,1,103866.0,5562.0,False,True,6.0,468,5988,ENSG00000160094,196608,a67560780e8e35f710347b9f13b3196829ca0071bbc877546170476db6c6ea3a,f34324c6fde36a4f635f0f1f06cac5d25acd6798
32768,36,196608,98304,18,17,17,1,103866.0,5562.0,False,True,6.0,468,5988,ENSG00000138311,196608,f26ff29813ff9738950fcb35be88fd5a3a01fb7db21d7aef47870c79b2d862c1,f34324c6fde36a4f635f0f1f06cac5d25acd6798
32768,36,196608,98304,18,17,17,1,103866.0,5562.0,False,True,6.0,468,5988,ENSG00000178175,196608,5bf222e2602daea047f26bb30bad43cef8b27b2cdb4a8d7ba32159b5ebeafd73,f34324c6fde36a4f635f0f1f06cac5d25acd6798
32768,36,196608,98304,18,17,17,1,103866.0,5562.0,False,True,6.0,468,5988,ENSG00000165244,196608,de3cee33ab383f525005c3af1b5efdd715cadf0d40d17882e0541fdd1dea291b,f34324c6fde36a4f635f0f1f06cac5d25acd6798
32768,36,196608,98304,18,17,17,1,103866.0,5562.0,False,True,6.0,468,5988,ENSG00000161298,196608,24c668484aa587049536a7d17179170d1473ea75a12c8d8236adec2decefc262,f34324c6fde36a4f635f0f1f06cac5d25acd6798
32768,36,196608,98304,18,17,17,1,103866.0,5562.0,False,True,6.0,468,5988,ENSG00000188283,196608,624ed71e034c1930d55b22363fc9169bb87f646e5f0e1c005a845a7fff6f87d7,f34324c6fde36a4f635f0f1f06cac5d25acd6798
32768,36,196608,98304,18,17,17,1,103866.0,5562.0,False,True,6.0,468,5988,ENSG00000126746,196608,7ba1f506844946907497b524736b9b2f63cbde5f313b303e6443562406378491,f34324c6fde36a4f635f0f1f06cac5d25acd6798
32768,36,196608,98304,18,17,17,1,103866.0,5562.0,False,True,6.0,468,5988,ENSG00000161642,196608,3153d9ddc46a3f942bea284f377ae53d4aba3443dd687ec4e373bbaffdd2625c,f34324c6fde36a4f635f0f1f06cac5d25acd6798
32768,36,196608,98304,18,17,17,1,103866.0,5562.0,False,True,6.0,468,5988,ENSG00000144331,196608,ae3a93afb2be8f68e02e42bf1a4cbb89f4212d9348223ea5632e150d598bcf75,f34324c6fde36a4f635f0f1f06cac5d25acd6798
32768,36,196608,98304,18,17,17,1,103866.0,5562.0,False,True,6.0,468,5988,ENSG00000187595,196608,64416d7c3a61e10d34dab7a6fdeda40fb2ef3df2bbbc19d3355bddad38ed29dc,f34324c6fde36a4f635f0f1f06cac5d25acd6798
32768,36,196608,98304,18,17,17,1,103866.0,5562.0,False,True,6.0,468,5988,ENSG00000151789,196608,ddb4bb745c466dfe5953a08522d0d20c215e520b8d870996761b272590ca7ceb,f34324c6fde36a4f635f0f1f06cac5d25acd6798
32768,36,196608,98304,18,17,17,1,103866.0,5562.0,False,True,6.0,468,5988,ENSG00000124613,196608,adf71f5e6ff38f0e0df00f0ff35f76440e439f7ee22c3f13f5a0b9c0fd48606a,f34324c6fde36a4f635f0f1f06cac5d25acd6798
32768,36,196608,98304,18,17,17,1,103866.0,5562.0,False,True,6.0,468,5988,ENSG00000160908,196608,842828a39e6ed77b2a55824a4e764fcc4c3b86096c8a6675f2876b9cca7278ff,f34324c6fde36a4f635f0f1f06cac5d25acd6798
32768,36,196608,98304,18,17,17,1,103866.0,5562.0,False,True,6.0,468,5988,ENSG00000186918,196608,fcf52f6ba1b2775e7937fb5374a9145e922e4aa6f31546e515c8e845f53856f1,f34324c6fde36a4f635f0f1f06cac5d25acd6798
32768,36,196608,98304,18,17,17,1,103866.0,5562.0,False,True,6.0,468,5988,ENSG00000186496,196608,d96d1e970b62678ac2ece08dc6116c4c75ef9bf45a46a6218dcacb4c89c66b2d,f34324c6fde36a4f635f0f1f06cac5d25acd6798
32768,36,196608,98304,18,17,17,1,103866.0,5562.0,False,True,6.0,468,5988,ENSG00000186812,196608,be9b26f7dc3856ebbd209b2320c243c508fcc784d88a30a327a1f54c2a1d6579,f34324c6fde36a4f635f0f1f06cac5d25acd6798
32768,36,196608,98304,18,17,17,1,103866.0,5562.0,False,True,6.0,468,5988,ENSG00000197024,196608,720eee7658366c905e8765e8098e2175180b22948e24a4195764b9a06c835c46,f34324c6fde36a4f635f0f1f06cac5d25acd6798
32768,36,196608,98304,18,17,17,1,103866.0,5562.0,False,True,6.0,468,5988,ENSG00000176222,196608,a75bc90f86e09c6829fa8db6818fb8a9f048260376e6a61d7bf2a7b44e08fb1c,f34324c6fde36a4f635f0f1f06cac5d25acd6798
32768,36,196608,98304,18,17,17,1,103866.0,5562.0,False,True,6.0,468,5988,ENSG00000215421,196608,93f1e44e918bb5f8d81e36d6a1a0a9b9f58a39cc42a5a532c1890c224d3f7c86,f34324c6fde36a4f635f0f1f06cac5d25acd6798
32768,36,196608,98304,18,17,17,1,103866.0,5562.0,False,True,6.0,468,5988,ENSG00000175213,196608,cba32b16d751234215e152f8033e767fc2ef866f05bfbe47a634a4950322e74c,f34324c6fde36a4f635f0f1f06cac5d25acd6798
32768,36,196608,98304,18,17,17,1,103866.0,5562.0,False,True,6.0,468,5988,ENSG00000119725,196608,c10d27b13a8870b9302e4dabf052551dfdadf9f988999886799acb90b1716b75,f34324c6fde36a4f635f0f1f06cac5d25acd6798
32768,36,196608,98304,18,17,17,1,103866.0,5562.0,False,True,6.0,468,5988,ENSG00000133250,196608,760907c6b7e995113c185267c4790ba6d2c86828c3431437de63526f37dfa6b8,f34324c6fde36a4f635f0f1f06cac5d25acd6798
32768,36,196608,98304,18,17,17,1,103866.0,5562.0,False,True,6.0,468,5988,ENSG00000170954,196608,3f0074bd0c3acfd7142577a2e172f2f1fcaf8644bede82f82d57a159b5dafcdc,f34324c6fde36a4f635f0f1f06cac5d25acd6798
32768,36,196608,98304,18,17,17,1,103866.0,5562.0,False,True,6.0,468,5988,ENSG00000083817,196608,c1935691d7680738e76871e394a60d23a648a4deb9e75c2d31d38a7f142f83bf,f34324c6fde36a4f635f0f1f06cac5d25acd6798
32768,36,196608,98304,18,17,17,1,103866.0,5562.0,False,True,6.0,468,5988,ENSG00000173480,196608,a38dbefea82fcde2d902a840b6e01f86972f0e7d8508bbbbb2c466937d7f19ec,f34324c6fde36a4f635f0f1f06cac5d25acd6798
32768,36,196608,98304,18,17,17,1,103866.0,5562.0,False,True,6.0,468,5988,ENSG00000196724,196608,5d5765b36926d3a569edc240827681e3d9ee849a9007fec58ba191794b373783,f34324c6fde36a4f635f0f1f06cac5d25acd6798
32768,36,196608,98304,18,17,17,1,103866.0,5562.0,False,True,6.0,468,5988,ENSG00000105136,196608,17fde6addbd45ddb68931446d1b607a4980661012cd26ec8329ca49648793a43,f34324c6fde36a4f635f0f1f06cac5d25acd6798
32768,36,196608,98304,18,17,17,1,103866.0,5562.0,False,True,6.0,468,5988,ENSG00000197050,196608,355228142a03b9ae15e0d356bf35e69921ecdaae965e0f1cffa93972efd3e36d,f34324c6fde36a4f635f0f1f06cac5d25acd6798
32768,36,196608,98304,18,17,17,1,103866.0,5562.0,False,True,6.0,468,5988,ENSG00000102935,196608,12b517a6e6ed51b29f6a2625808f06ab733090bc90baea0a68c9e9972b9e9037,f34324c6fde36a4f635f0f1f06cac5d25acd6798
32768,36,196608,98304,18,17,17,1,103866.0,5562.0,False,True,6.0,468,5988,ENSG00000204947,196608,327b9910427ca19960394d658f3c453ae3a5712b748d2bdf386d9071760a139c,f34324c6fde36a4f635f0f1f06cac5d25acd6798
32768,36,196608,98304,18,17,17,1,103866.0,5562.0,False,True,6.0,468,5988,ENSG00000130818,196608,c6fa4e3ff171e288f942681e5759a159247bea182ba46d869295b18fd26ce4c7,f34324c6fde36a4f635f0f1f06cac5d25acd6798
32768,36,196608,98304,18,17,17,1,103866.0,5562.0,False,True,6.0,468,5988,ENSG00000131116,196608,4ac7933cc479fd955e4a3b0e216f9016fef27dccbc72b58c3cf746ac5644f06b,f34324c6fde36a4f635f0f1f06cac5d25acd6798
32768,36,196608,98304,18,17,17,1,103866.0,5562.0,False,True,6.0,468,5988,ENSG00000197013,196608,e8fc321619e6a300e2701951a80a88a971e4501110fe2da57185e04cb94b6017,f34324c6fde36a4f635f0f1f06cac5d25acd6798
32768,36,196608,98304,18,17,17,1,103866.0,5562.0,False,True,6.0,468,5988,ENSG00000118620,196608,042156996e6082a4ea380f5b0821062fa264a8ddd0fa06fc7d8fdf1361f4eb03,f34324c6fde36a4f635f0f1f06cac5d25acd6798
32768,36,196608,98304,18,17,17,1,103866.0,5562.0,False,True,6.0,468,5988,ENSG00000196705,196608,643e55a1115cb37f26c84569f500257631c393f6a20c88c35f57df191870a944,f34324c6fde36a4f635f0f1f06cac5d25acd6798
32768,36,196608,98304,18,17,17,1,103866.0,5562.0,False,True,6.0,468,5988,ENSG00000256087,196608,b23b029b8fa3dd68f4523e0dbf6bfc4d29484c1bb7f9dfcc834f78e5896f9745,f34324c6fde36a4f635f0f1f06cac5d25acd6798
32768,36,196608,98304,18,17,17,1,103866.0,5562.0,False,True,6.0,468,5988,ENSG00000197647,196608,7e1d5f913897f3719cbd488d91a71f7d69a2e1b8a03193052ad1b1db0634e8d7,f34324c6fde36a4f635f0f1f06cac5d25acd6798
32768,36,196608,98304,18,17,17,1,103866.0,5562.0,False,True,6.0,468,5988,ENSG00000125945,196608,efc83014d68823374df1b3221920a371ec57d4f60e45cccf2d36a02a86116362,f34324c6fde36a4f635f0f1f06cac5d25acd6798
32768,36,196608,98304,18,17,17,1,103866.0,5562.0,False,True,6.0,468,5988,ENSG00000183621,196608,79d4c5b913a2989f57792bc6885ecaec1234a463bf79fabfe4a5c6793bb43ae8,f34324c6fde36a4f635f0f1f06cac5d25acd6798
32768,36,196608,98304,18,17,17,1,103866.0,5562.0,False,True,6.0,468,5988,ENSG00000171291,196608,ff917e39753e4af360a2d512f7f960a77dfc3b9e8cd9f165924fcb9ec0ba89db,f34324c6fde36a4f635f0f1f06cac5d25acd6798
32768,36,196608,98304,18,17,17,1,103866.0,5562.0,False,True,6.0,468,5988,ENSG00000171295,196608,19b03115eb0849bab0fd7f9675ef8f2731f966b1f83d275ab334ebff6f1175fd,f34324c6fde36a4f635f0f1f06cac5d25acd6798
32768,36,196608,98304,18,17,17,1,103866.0,5562.0,False,True,6.0,468,5988,ENSG00000197044,196608,27292a23ecd9e5216e10a3ce98140e7a2594bac1807557edac2472e9bf4ece7a,f34324c6fde36a4f635f0f1f06cac5d25acd6798
32768,36,196608,98304,18,17,17,1,103866.0,5562.0,False,True,6.0,468,5988,ENSG00000198342,196608,55b2bbe42ba6bfeee7a2b178f64ab4a03b952f4ab91770c0a66f684c8496a612,f34324c6fde36a4f635f0f1f06cac5d25acd6798
32768,36,196608,98304,18,17,17,1,103866.0,5562.0,False,True,6.0,468,5988,ENSG00000180855,196608,fa432a5dcebdbbd52b5d124d16f4e95a9fcec3e403c3632789e0308295175087,f34324c6fde36a4f635f0f1f06cac5d25acd6798
32768,36,196608,98304,18,17,17,1,103866.0,5562.0,False,True,6.0,468,5988,ENSG00000167685,196608,12167568e1f48e5730972f12109c68cf553d682eed59d2c8d4e184c4bfd91f50,f34324c6fde36a4f635f0f1f06cac5d25acd6798
32768,36,196608,98304,18,17,17,1,103866.0,5562.0,False,True,6.0,468,5988,ENSG00000185219,196608,6d8223a50d9c220b708bdd11a64e66c08a7e0df1d447347cd20cd8ea646d9bb6,f34324c6fde36a4f635f0f1f06cac5d25acd6798
32768,36,196608,98304,18,17,17,1,103866.0,5562.0,False,True,6.0,468,5988,ENSG00000083838,196608,da5a50f2b28153e98d8e34971fea923887c02e1f897890d6b5eac8046232c78d,f34324c6fde36a4f635f0f1f06cac5d25acd6798
32768,36,196608,98304,18,17,17,1,103866.0,5562.0,False,True,6.0,468,5988,ENSG00000173275,196608,ca52da36318402d31a2e8986b0057d51bea3135941b099e907a9a061c376e41f,f34324c6fde36a4f635f0f1f06cac5d25acd6798
32768,36,196608,98304,18,17,17,1,103866.0,5562.0,False,True,6.0,468,5988,ENSG00000112200,196608,b257427dad82abe747c69b0a3bf4f27c52e779dd7b13fff21e49674b2ed39f6d,f34324c6fde36a4f635f0f1f06cac5d25acd6798
32768,36,196608,98304,18,17,17,1,103866.0,5562.0,False,True,6.0,468,5988,ENSG00000178187,196608,736cd7815cf9fcd3fe59f366386f559c558c4d8fcf1dfcd6356d28f042b0396b,f34324c6fde36a4f635f0f1f06cac5d25acd6798
32768,36,196608,98304,18,17,17,1,103866.0,5562.0,False,True,6.0,468,5988,ENSG00000197714,196608,4d5809ac1b2778df8ef0b113f83ec5dcd5690b1be74b5098b3573da46fe2dce9,f34324c6fde36a4f635f0f1f06cac5d25acd6798
32768,36,196608,98304,18,17,17,1,103866.0,5562.0,False,True,6.0,468,5988,ENSG00000197808,196608,3d51c0fc3e33611b7c1930442238193afdedbd5bb650f575c9b9e3bbcf2dd272,f34324c6fde36a4f635f0f1f06cac5d25acd6798
32768,36,196608,98304,18,17,17,1,103866.0,5562.0,False,True,6.0,468,5988,ENSG00000148143,196608,7b7f3331df6893131c463e9ad8970fc211abe1d8bf15a3e708aaa5f8c8df3595,f34324c6fde36a4f635f0f1f06cac5d25acd6798
32768,36,196608,98304,18,17,17,1,103866.0,5562.0,False,True,6.0,468,5988,ENSG00000181444,196608,319479459dcac2c39d0948443f8ca6326440b1cf7480079066ed2fa1e37b5f47,f34324c6fde36a4f635f0f1f06cac5d25acd6798
32768,36,196608,98304,18,17,17,1,103866.0,5562.0,False,True,6.0,468,5988,ENSG00000204604,196608,30b6ec09e517c7bd396d2a1934e788c3d317b593f8eeb427c55070104b8438d0,f34324c6fde36a4f635f0f1f06cac5d25acd6798
32773,36,196608,98304,18,17,17,1,103861.0,5557.0,False,True,5.9990846123333235,473,5988,ENSG00000225614,196608,f9048abfd6cae7777df065830566316ef639c229ea21d675ef3cd162010cd271,f34324c6fde36a4f635f0f1f06cac5d25acd6798
32768,36,196608,98304,18,17,17,1,103866.0,5562.0,False,True,6.0,468,5988,ENSG00000197016,196608,00d6e8c0f69d39b1f2570baa7aba53ba603654ff693b7c78f8bfc3c688541a9b,f34324c6fde36a4f635f0f1f06cac5d25acd6798
32768,36,196608,98304,18,17,17,1,103866.0,5562.0,False,True,6.0,468,5988,ENSG00000196263,196608,f23b9a6260d4cd4d40336695cec82d87d74757ed2393a6054718e5140fe6f738,f34324c6fde36a4f635f0f1f06cac5d25acd6798
32768,36,196608,98304,18,17,17,1,103866.0,5562.0,False,True,6.0,468,5988,ENSG00000142528,196608,a549323e4cd18b1228fe8df9b1f5e17a7dd124c33dde2cb94fb51a4295a08a0c,f34324c6fde36a4f635f0f1f06cac5d25acd6798
32768,36,196608,98304,18,17,17,1,103866.0,5562.0,False,True,6.0,468,5988,ENSG00000164185,196608,e22514550fe7da96864329f2713ae1cf7e35cb401f6807a5f92382ac4877e7fb,f34324c6fde36a4f635f0f1f06cac5d25acd6798
32768,36,196608,98304,18,17,17,1,103866.0,5562.0,False,True,6.0,468,5988,ENSG00000250803,196608,d9b1025b199c8d4020e1746def3c40a13d2981b50b4264da4305b08762b91411,f34324c6fde36a4f635f0f1f06cac5d25acd6798
32768,36,196608,98304,18,17,17,1,103866.0,5562.0,False,True,6.0,468,5988,ENSG00000185177,196608,97b18f635d014e47c8eaa18c629a8a033f3f76fa50db93aa3707d6eea78bf1a4,f34324c6fde36a4f635f0f1f06cac5d25acd6798
32768,36,196608,98304,18,17,17,1,103866.0,5562.0,False,True,6.0,468,5988,ENSG00000198464,196608,a97a1e0e9384ec9f18021e682e5c176f5c33d24cf8bafc43abaef002cdd7fcf6,f34324c6fde36a4f635f0f1f06cac5d25acd6798
32768,36,196608,98304,18,17,17,1,103866.0,5562.0,False,True,6.0,468,5988,ENSG00000173258,196608,159e24f5a601b89d15fb136d7476ba54f26173083f57123198f98ad0be456efe,f34324c6fde36a4f635f0f1f06cac5d25acd6798
32768,36,196608,98304,18,17,17,1,103866.0,5562.0,False,True,6.0,468,5988,ENSG00000127081,196608,0b8b5fdf59fd65df9a731703af1c149ffab705ff6cfc8dccea9ea10c2e128cfe,f34324c6fde36a4f635f0f1f06cac5d25acd6798
32768,36,196608,98304,18,17,17,1,103866.0,5562.0,False,True,6.0,468,5988,ENSG00000198298,196608,73a2e65145ddcc7df554b4101783c34f790ab66a5202d36ce147e68fc40ac1d8,f34324c6fde36a4f635f0f1f06cac5d25acd6798
32768,36,196608,98304,18,17,17,1,103866.0,5562.0,False,True,6.0,468,5988,ENSG00000256229,196608,f176f9393178c4af5001311d89f05a75f10a2a093defed11dd9aa802cca42b54,f34324c6fde36a4f635f0f1f06cac5d25acd6798
32768,36,196608,98304,18,17,17,1,103866.0,5562.0,False,True,6.0,468,5988,ENSG00000243660,196608,8ead7925266a9d8f4da29a97a40e4865fe7f7c64dbf8981b2cf13583c8992d0b,f34324c6fde36a4f635f0f1f06cac5d25acd6798
32768,36,196608,98304,18,17,17,1,103866.0,5562.0,False,True,6.0,468,5988,ENSG00000265763,196608,94df6e310628fad9329cf8da5edf4aa0009dc4eece5ba59d6bd29bd2286f5144,f34324c6fde36a4f635f0f1f06cac5d25acd6798
32768,36,196608,98304,18,17,17,1,103866.0,5562.0,False,True,6.0,468,5988,ENSG00000188033,196608,fcc8a2d8800acd2d6c4df4fce658102a99c9eb264566ab004762fcec25309ac0,f34324c6fde36a4f635f0f1f06cac5d25acd6798
32768,36,196608,98304,18,17,17,1,103866.0,5562.0,False,True,6.0,468,5988,ENSG00000177599,196608,7049c4d10135d0a041e67b83b701da07eb2841dc5b3669b150b9fd6a65a8cb60,f34324c6fde36a4f635f0f1f06cac5d25acd6798
32768,36,196608,98304,18,17,17,1,103866.0,5562.0,False,True,6.0,468,5988,ENSG00000229676,196608,a069623c87ac98f8b315145a603ae4e071dc5256f5a460d04262b5a95175f359,f34324c6fde36a4f635f0f1f06cac5d25acd6798
32768,36,196608,98304,18,17,17,1,103866.0,5562.0,False,True,6.0,468,5988,ENSG00000196268,196608,d346425c966e3dc7d69f80e623b45423f2cc99b14f24eb8e8f5adaf93b1ba411,f34324c6fde36a4f635f0f1f06cac5d25acd6798
32768,36,196608,98304,18,17,17,1,103866.0,5562.0,False,True,6.0,468,5988,ENSG00000162714,196608,cc91cc23e350106b7b7cc5a9dc3ec15bfe01eaf0267eb89c0178ed33c719b16a,f34324c6fde36a4f635f0f1f06cac5d25acd6798
32768,36,196608,98304,18,17,17,1,103866.0,5562.0,False,True,6.0,468,5988,ENSG00000174586,196608,8113be021b819205f4da11ea5e28f74175d66455d2949ff4c2d875bd9b20833b,f34324c6fde36a4f635f0f1f06cac5d25acd6798
32768,36,196608,98304,18,17,17,1,103866.0,5562.0,False,True,6.0,468,5988,ENSG00000103199,196608,dbd93b1344f20c7b389b029e2c6ded8a0094a7a13ca2a31ccb40b403e8f028e7,f34324c6fde36a4f635f0f1f06cac5d25acd6798
32768,36,196608,98304,18,17,17,1,103866.0,5562.0,False,True,6.0,468,5988,ENSG00000186446,196608,9acdb20ea30246e5c3db4a479cf7e9cd75ddaaecc1cb7d4986cb641f35c7e51f,f34324c6fde36a4f635f0f1f06cac5d25acd6798
32768,36,196608,98304,18,17,17,1,103866.0,5562.0,False,True,6.0,468,5988,ENSG00000196653,196608,334ddea4f64dd39784836ee38bd7e6827b4f06e7fa24e2d61982ecc6585d2fcb,f34324c6fde36a4f635f0f1f06cac5d25acd6798
32768,36,196608,98304,18,17,17,1,103866.0,5562.0,False,True,6.0,468,5988,ENSG00000165655,196608,f0e53385be3fca46ccbd17d913259a32a291d3291bed455fb6b86d49dbb897e1,f34324c6fde36a4f635f0f1f06cac5d25acd6798
32768,36,196608,98304,18,17,17,1,103866.0,5562.0,False,True,6.0,468,5988,ENSG00000081665,196608,0d13a7307b26df4e07bc8e6df1969ee282b9b358d686b84b49ff6a58870eb600,f34324c6fde36a4f635f0f1f06cac5d25acd6798
32768,36,196608,98304,18,17,17,1,103866.0,5562.0,False,True,6.0,468,5988,ENSG00000168813,196608,e5054b3e73402ca08395e147c67feaa7e42e1de9af1e765c2cbc5c1a9159baa7,f34324c6fde36a4f635f0f1f06cac5d25acd6798
32768,36,196608,98304,18,17,17,1,103866.0,5562.0,False,True,6.0,468,5988,ENSG00000081386,196608,f9ee6c42bba868c3a4cfc1c053a5afafa11b4d7984327150ae9a6cc0f9330b50,f34324c6fde36a4f635f0f1f06cac5d25acd6798
32768,36,196608,98304,18,17,17,1,103866.0,5562.0,False,True,6.0,468,5988,ENSG00000198546,196608,602531282025a96932c32092369a1ed578cf9e2ad86b464a0ea934ff583b48d7,f34324c6fde36a4f635f0f1f06cac5d25acd6798
32768,36,196608,98304,18,17,17,1,103866.0,5562.0,False,True,6.0,468,5988,ENSG00000243943,196608,caf33fd386b6a9e151dfa9473880c929ab52f6b8f1ab49be0043b045c9b1ac7e,f34324c6fde36a4f635f0f1f06cac5d25acd6798
32768,36,196608,98304,18,17,17,1,103866.0,5562.0,False,True,6.0,468,5988,ENSG00000196700,196608,de90fbb88abb4ae43b1c6f325ddcaa65764112313f27bcb60e545217ab5fa77e,f34324c6fde36a4f635f0f1f06cac5d25acd6798
32768,36,196608,98304,18,17,17,1,103866.0,5562.0,False,True,6.0,468,5988,ENSG00000163795,196608,9f9f40606e29b44678b848b3cc07b1ae879ec19c129824ab38a77217cf963e12,f34324c6fde36a4f635f0f1f06cac5d25acd6798
32768,36,196608,98304,18,17,17,1,103866.0,5562.0,False,True,6.0,468,5988,ENSG00000144026,196608,424729de4b8808091a758d27a008ab9d1997100d6bebbfda28b86039703aae15,f34324c6fde36a4f635f0f1f06cac5d25acd6798
32768,36,196608,98304,18,17,17,1,103866.0,5562.0,False,True,6.0,468,5988,ENSG00000101493,196608,ecf5bdb9736aceb19892ca8ac76eb7cb4d4c8571be1dfcac43076f6806c61257,f34324c6fde36a4f635f0f1f06cac5d25acd6798
32768,36,196608,98304,18,17,17,1,103866.0,5562.0,False,True,6.0,468,5988,ENSG00000197363,196608,802b7d70a9300770ab735fa3ca76e74ab2b0246b97bca103a8c319604154e439,f34324c6fde36a4f635f0f1f06cac5d25acd6798
32768,36,196608,98304,18,17,17,1,103866.0,5562.0,False,True,6.0,468,5988,ENSG00000177853,196608,109e70c171ed2ab2e3164d4aec55c4e84eb4bfde7a81364761e5e61637c2ceb1,f34324c6fde36a4f635f0f1f06cac5d25acd6798
32768,36,196608,98304,18,17,17,1,103866.0,5562.0,False,True,6.0,468,5988,ENSG00000178163,196608,ed035481e6cd836dccb1cd82d07c2d64e82808fd247b717d2eee6de6e0c43cbd,f34324c6fde36a4f635f0f1f06cac5d25acd6798
32768,36,196608,98304,18,17,17,1,103866.0,5562.0,False,True,6.0,468,5988,ENSG00000175322,196608,6c3cf202abc0bb82521a55d0a42ee8e16ae24865bf3d604bf94bd022d86fb3c5,f34324c6fde36a4f635f0f1f06cac5d25acd6798
32768,36,196608,98304,18,17,17,1,103866.0,5562.0,False,True,6.0,468,5988,ENSG00000198795,196608,7993ec6bbad4d5ee30d78994973f0c7cc9d6c3dd5be0da729aa63040756b4c5f,f34324c6fde36a4f635f0f1f06cac5d25acd6798
32768,36,196608,98304,18,17,17,1,103866.0,5562.0,False,True,6.0,468,5988,ENSG00000171443,196608,3508518c584e87bfedd4ba9b94f8e0a448266f28426923508aee3fe64ab2d6b3,f34324c6fde36a4f635f0f1f06cac5d25acd6798
32768,36,196608,98304,18,17,17,1,103866.0,5562.0,False,True,6.0,468,5988,ENSG00000203326,196608,52cb6e7758d95490b985ed10788ba6c1890eebf67db8f887136884fa1e114485,f34324c6fde36a4f635f0f1f06cac5d25acd6798
32768,36,196608,98304,18,17,17,1,103866.0,5562.0,False,True,6.0,468,5988,ENSG00000167625,196608,27868f62fba4070fe17a36f58a6ed944f4e8c5b19e2831334f0a4447c7c7cc2c,f34324c6fde36a4f635f0f1f06cac5d25acd6798
32768,36,196608,98304,18,17,17,1,103866.0,5562.0,False,True,6.0,468,5988,ENSG00000189164,196608,b7383e62d08fb1ef164b8870a9771150083a6ad0d6ab825f794c5b3370aca2a6,f34324c6fde36a4f635f0f1f06cac5d25acd6798
32768,36,196608,98304,18,17,17,1,103866.0,5562.0,False,True,6.0,468,5988,ENSG00000167555,196608,74bfea3885132a2c9942965008df0bfed6aa6a2dad14d587a11245e0196a2f37,f34324c6fde36a4f635f0f1f06cac5d25acd6798
32768,36,196608,98304,18,17,17,1,103866.0,5562.0,False,True,6.0,468,5988,ENSG00000186020,196608,b9bb1d0f302ad5891f30fa7e6847ba619b49c81b78cc1a792b2584133a8c6308,f34324c6fde36a4f635f0f1f06cac5d25acd6798
32768,36,196608,98304,18,17,17,1,103866.0,5562.0,False,True,6.0,468,5988,ENSG00000183647,196608,5bbbc690b940a53236e03ed6d590effc543488ba2dcb34b54c436dcd121267b0,f34324c6fde36a4f635f0f1f06cac5d25acd6798
32768,36,196608,98304,18,17,17,1,103866.0,5562.0,False,True,6.0,468,5988,ENSG00000074657,196608,20dabac269c71081b5de3f94d9e6cca16b6d2bb7b0a70df67c20f1c1ecf97e11,f34324c6fde36a4f635f0f1f06cac5d25acd6798
32768,36,196608,98304,18,17,17,1,103866.0,5562.0,False,True,6.0,468,5988,ENSG00000198633,196608,29576d34cfa3cb727690c10c93e4a6f4193196f7968ac04be155247f157d7a0d,f34324c6fde36a4f635f0f1f06cac5d25acd6798
32768,36,196608,98304,18,17,17,1,103866.0,5562.0,False,True,6.0,468,5988,ENSG00000198597,196608,e41668172b88a3af763c960f0e08897f38b5008ef337b969092e2f399447846b,f34324c6fde36a4f635f0f1f06cac5d25acd6798
32768,36,196608,98304,18,17,17,1,103866.0,5562.0,False,True,6.0,468,5988,ENSG00000171817,196608,dce1faeeda6d6075c914d6167561edb38ec2485626f89b9b19883f12b1bbc34e,f34324c6fde36a4f635f0f1f06cac5d25acd6798
32768,36,196608,98304,18,17,17,1,103866.0,5562.0,False,True,6.0,468,5988,ENSG00000118156,196608,4e512b706b697966526a0b0d70a0851c40f6fc5a9eb75fd44331211970582b25,f34324c6fde36a4f635f0f1f06cac5d25acd6798
32768,36,196608,98304,18,17,17,1,103866.0,5562.0,False,True,6.0,468,5988,ENSG00000178229,196608,06fbfda19408e080c528563053feea90e4341a231aff8a3db5ceb7bd85c2a219,f34324c6fde36a4f635f0f1f06cac5d25acd6798
32768,36,196608,98304,18,17,17,1,103866.0,5562.0,False,True,6.0,468,5988,ENSG00000198131,196608,eaad593084286eb5ce5e9cac2e1dc9357887210718d62742c8597f4c14453da5,f34324c6fde36a4f635f0f1f06cac5d25acd6798
32768,36,196608,98304,18,17,17,1,103866.0,5562.0,False,True,6.0,468,5988,ENSG00000187187,196608,9d123438d812416f5b83cf9e9638de5b43d9074d0d89e0299d30f62e07d25682,f34324c6fde36a4f635f0f1f06cac5d25acd6798
32768,36,196608,98304,18,17,17,1,103866.0,5562.0,False,True,6.0,468,5988,ENSG00000152433,196608,7e6b8bb95548684535c01babd3af1a694f881707a66094f3a77425ba4806148d,f34324c6fde36a4f635f0f1f06cac5d25acd6798
32768,36,196608,98304,18,17,17,1,103866.0,5562.0,False,True,6.0,468,5988,ENSG00000188785,196608,6dc3cf225d156a84c064ce943bebcc182851e729ce2577fdec0000846d61a2f1,f34324c6fde36a4f635f0f1f06cac5d25acd6798
32768,36,196608,98304,18,17,17,1,103866.0,5562.0,False,True,6.0,468,5988,ENSG00000121406,196608,d6a1249f582e3ecb7ee0a1fc3213a624006e10c8f64e9390a1f4cce30e96977e,f34324c6fde36a4f635f0f1f06cac5d25acd6798
32768,36,196608,98304,18,17,17,1,103866.0,5562.0,False,True,6.0,468,5988,ENSG00000251369,196608,69e034e499a92434709c1ae0ece3d1977d46e20c929533f794eb175df9ba2255,f34324c6fde36a4f635f0f1f06cac5d25acd6798
32768,36,196608,98304,18,17,17,1,103866.0,5562.0,False,True,6.0,468,5988,ENSG00000204519,196608,48c91a1c2864c75d2de873fbbf5afe49629e44657591dcc4119bf674eb8c9c0a,f34324c6fde36a4f635f0f1f06cac5d25acd6798
32768,36,196608,98304,18,17,17,1,103866.0,5562.0,False,True,6.0,468,5988,ENSG00000178935,196608,abc02dd8a0cda80b89995b27f543de8d1dc05930b8928bb64e85540c45fe666a,f34324c6fde36a4f635f0f1f06cac5d25acd6798
32768,36,196608,98304,18,17,17,1,103866.0,5562.0,False,True,6.0,468,5988,ENSG00000172006,196608,3decacf1b11d9d576ccad8f0956130a4ec7da0a4d7132a766f2288cc27c755be,f34324c6fde36a4f635f0f1f06cac5d25acd6798
32768,36,196608,98304,18,17,17,1,103866.0,5562.0,False,True,6.0,468,5988,ENSG00000186300,196608,bd5d59ce3d9e5b82dadae181c252260c528e13834a1ec74b4d4f0f3c463044c2,f34324c6fde36a4f635f0f1f06cac5d25acd6798
32768,36,196608,98304,18,17,17,1,103866.0,5562.0,False,True,6.0,468,5988,ENSG00000172000,196608,8181834a5d16bf11adc036173fb8f3e5193a26edf5146bf081a91ec0a5fad9e9,f34324c6fde36a4f635f0f1f06cac5d25acd6798
32768,36,196608,98304,18,17,17,1,103866.0,5562.0,False,True,6.0,468,5988,ENSG00000130544,196608,4b5dc2ab1b9fb41378b8aff61c24ac6267ec3fe17c277459e57f814d21f53c81,f34324c6fde36a4f635f0f1f06cac5d25acd6798
32768,36,196608,98304,18,17,17,1,103866.0,5562.0,False,True,6.0,468,5988,ENSG00000167785,196608,2fc6d723ebc6144e3e2fd418bf4c47d16c34abc0ba475b994d1a0a1fe0aaa9d4,f34324c6fde36a4f635f0f1f06cac5d25acd6798
32768,36,196608,98304,18,17,17,1,103866.0,5562.0,False,True,6.0,468,5988,ENSG00000188321,196608,5d3eb199caf434c5821e8e2a9a33800e8a5991872e9f6e91f4a3071333c6718e,f34324c6fde36a4f635f0f1f06cac5d25acd6798
32768,36,196608,98304,18,17,17,1,103866.0,5562.0,False,True,6.0,468,5988,ENSG00000198028,196608,382473cef79e5f8227fff2668eb93082eb20eaaf2424f7e4d3fbcc8ba719902a,f34324c6fde36a4f635f0f1f06cac5d25acd6798
32768,36,196608,98304,18,17,17,1,103866.0,5562.0,False,True,6.0,468,5988,ENSG00000171469,196608,3323fdf360b4077c615e31f3d18bb15742b3501e69597ab34f230f3b64aec129,f34324c6fde36a4f635f0f1f06cac5d25acd6798
32768,36,196608,98304,18,17,17,1,103866.0,5562.0,False,True,6.0,468,5988,ENSG00000171466,196608,40e5a59413d9b968885fc1316871805d42c894cf2ce3e9c1bf366fdb2d52690e,f34324c6fde36a4f635f0f1f06cac5d25acd6798
32768,36,196608,98304,18,17,17,1,103866.0,5562.0,False,True,6.0,468,5988,ENSG00000188868,196608,d18f87ce3010e0d7df88a2fa03caad40cc573e1b807ff6e93d7e56c91dbe1424,f34324c6fde36a4f635f0f1f06cac5d25acd6798
32768,36,196608,98304,18,17,17,1,103866.0,5562.0,False,True,6.0,468,5988,ENSG00000249709,196608,a57f1d3bb5a31668f2c783c413c6f6b5023d5ade318cfa30384079e7bfab1efa,f34324c6fde36a4f635f0f1f06cac5d25acd6798
32768,36,196608,98304,18,17,17,1,103866.0,5562.0,False,True,6.0,468,5988,ENSG00000196357,196608,78493ca69ac874b559dd1f2eecf1759c34e99ee57e1d014e2f205815fe7bcccd,f34324c6fde36a4f635f0f1f06cac5d25acd6798
32768,36,196608,98304,18,17,17,1,103866.0,5562.0,False,True,6.0,468,5988,ENSG00000186017,196608,d2c35f336239aaba62b1bd3e9738a958ea47fd8cbdd72a7ef8a42bf376fd4518,f34324c6fde36a4f635f0f1f06cac5d25acd6798
32768,36,196608,98304,18,17,17,1,103866.0,5562.0,False,True,6.0,468,5988,ENSG00000189042,196608,f2bea2f5afa776b4c1c0b43d3f0b58fd97eb2dc10b9d1afad7a37978258f55a9,f34324c6fde36a4f635f0f1f06cac5d25acd6798
32768,36,196608,98304,18,17,17,1,103866.0,5562.0,False,True,6.0,468,5988,ENSG00000198453,196608,54a72d102026c378d296e846d6d304f4aacd8a60bd58e7fe95e999f1f7993337,f34324c6fde36a4f635f0f1f06cac5d25acd6798
32768,36,196608,98304,18,17,17,1,103866.0,5562.0,False,True,6.0,468,5988,ENSG00000196437,196608,1c88af255a2aa325c8d628928ee05a34a35ddf7c6b1c27b2db14882477b3c92c,f34324c6fde36a4f635f0f1f06cac5d25acd6798
32768,36,196608,98304,18,17,17,1,103866.0,5562.0,False,True,6.0,468,5988,ENSG00000171827,196608,a39b5295e436c6612d97228614f7449910f1b32c703b27032e40d924d8b9f0f5,f34324c6fde36a4f635f0f1f06cac5d25acd6798
32768,36,196608,98304,18,17,17,1,103866.0,5562.0,False,True,6.0,468,5988,ENSG00000180479,196608,caa5d631de1174c789e24d1b0a5b4966293e4322026b312d7f9ec0df0a916c51,f34324c6fde36a4f635f0f1f06cac5d25acd6798
32768,36,196608,98304,18,17,17,1,103866.0,5562.0,False,True,6.0,468,5988,ENSG00000180938,196608,e0a6aa90fce0f2f6158c4c886c322bf9516a9c6fde41abd70096ac54d5e99a8a,f34324c6fde36a4f635f0f1f06cac5d25acd6798
32768,36,196608,98304,18,17,17,1,103866.0,5562.0,False,True,6.0,468,5988,ENSG00000189144,196608,94637eb7163de4f0902e34ef9cfcba6e7fe7808d3d17c87736a50d2303ffee76,f34324c6fde36a4f635f0f1f06cac5d25acd6798
32768,36,196608,98304,18,17,17,1,103866.0,5562.0,False,True,6.0,468,5988,ENSG00000105732,196608,2534b2ad39563122ec17ca9df4f72f48f000bbcb4d390f5dd8ab5caffb95d290,f34324c6fde36a4f635f0f1f06cac5d25acd6798
32768,36,196608,98304,18,17,17,1,103866.0,5562.0,False,True,6.0,468,5988,ENSG00000176472,196608,490d62e35c6ed71c11460f41a8eafd93034d95f2baa2795b3937fbbc04386a49,f34324c6fde36a4f635f0f1f06cac5d25acd6798
32768,36,196608,98304,18,17,17,1,103866.0,5562.0,False,True,6.0,468,5988,ENSG00000124444,196608,81e34585347008f4524ac880b17e1a5aeb88a457c4921b379b4d8adbc1188f2f,f34324c6fde36a4f635f0f1f06cac5d25acd6798
32768,36,196608,98304,18,17,17,1,103866.0,5562.0,False,True,6.0,468,5988,ENSG00000161551,196608,70c6836752ce34fd7de0c1965dc0ac3cfdf3e7df7eea17b89ceb8966e7c2560c,f34324c6fde36a4f635f0f1f06cac5d25acd6798
32768,36,196608,98304,18,17,17,1,103866.0,5562.0,False,True,6.0,468,5988,ENSG00000258405,196608,9fb57df420c80c7e8c083c210409289ce7ae412d22fb9ef5d3efb81c7cc6559e,f34324c6fde36a4f635f0f1f06cac5d25acd6798
32768,36,196608,98304,18,17,17,1,103866.0,5562.0,False,True,6.0,468,5988,ENSG00000218891,196608,121ace3429326d120f82187b28a518a8a2b3dfdafff5c9ee15e6a533f708fe5b,f34324c6fde36a4f635f0f1f06cac5d25acd6798
32768,36,196608,98304,18,17,17,1,103866.0,5562.0,False,True,6.0,468,5988,ENSG00000213015,196608,db685aa7fb0dc2346c83a2a1779b4faba109b699f6383ca662f60b2650d4815d,f34324c6fde36a4f635f0f1f06cac5d25acd6798
32768,36,196608,98304,18,17,17,1,103866.0,5562.0,False,True,6.0,468,5988,ENSG00000171425,196608,8d1d8dd18216dfc9d88d8c4727d1ae449e113843f5c6d212cd656e3a22d9bddb,f34324c6fde36a4f635f0f1f06cac5d25acd6798
32768,36,196608,98304,18,17,17,1,103866.0,5562.0,False,True,6.0,468,5988,ENSG00000018869,196608,bbe7e02526641c19394ac4b234e062b699b72612156cc8510078d8cde6fcfde7,f34324c6fde36a4f635f0f1f06cac5d25acd6798
32768,36,196608,98304,18,17,17,1,103866.0,5562.0,False,True,6.0,468,5988,ENSG00000198440,196608,99437c1fe9981c5fa89b6c77c2a1b8774a8a3d1e6eddabf7a5fa65574ad72c44,f34324c6fde36a4f635f0f1f06cac5d25acd6798
32768,36,196608,98304,18,17,17,1,103866.0,5562.0,False,True,6.0,468,5988,ENSG00000171574,196608,40b89c280b9459c6330762b8dba3ead9fdb6a5b7f14f33cc88427eee65bc27b2,f34324c6fde36a4f635f0f1f06cac5d25acd6798
32768,36,196608,98304,18,17,17,1,103866.0,5562.0,False,True,6.0,468,5988,ENSG00000196967,196608,171dcd2c601bdf641f6f54eb74baeba4fbc4c606fc92ca1e5bf5ac5debaca45e,f34324c6fde36a4f635f0f1f06cac5d25acd6798
32768,36,196608,98304,18,17,17,1,103866.0,5562.0,False,True,6.0,468,5988,ENSG00000245680,196608,14c7f8e49e1756e1c6d079d4aa7d4782c309ddc724371a5f2b399556133b07d8,f34324c6fde36a4f635f0f1f06cac5d25acd6798
32768,36,196608,98304,18,17,17,1,103866.0,5562.0,False,True,6.0,468,5988,ENSG00000083828,196608,1ea44288b15eede6c7a72be64320fb37fd2b8edc1c980d2b340e94685fc677a9,f34324c6fde36a4f635f0f1f06cac5d25acd6798
32768,36,196608,98304,18,17,17,1,103866.0,5562.0,False,True,6.0,468,5988,ENSG00000198466,196608,743c1bdc199ad9e8c505efea908c1bcd02b4570774172af20734aaf26738b256,f34324c6fde36a4f635f0f1f06cac5d25acd6798
32768,36,196608,98304,18,17,17,1,103866.0,5562.0,False,True,6.0,468,5988,ENSG00000269343,196608,0c543d520ed1b12d801241ac001cce0012d2b1f6be4804da0939e8a0dbd40761,f34324c6fde36a4f635f0f1f06cac5d25acd6798
32768,36,196608,98304,18,17,17,1,103866.0,5562.0,False,True,6.0,468,5988,ENSG00000164048,196608,e3de213d1c554a85d7f41645908c18570f0d3d4ec51a95cdb639641187117ddc,f34324c6fde36a4f635f0f1f06cac5d25acd6798
32768,36,196608,98304,18,17,17,1,103866.0,5562.0,False,True,6.0,468,5988,ENSG00000166716,196608,3b6b01ae5981fca2ad14b1fe25f0c60d1742403838775f7a75e49a34a21a671a,f34324c6fde36a4f635f0f1f06cac5d25acd6798
32768,36,196608,98304,18,17,17,1,103866.0,5562.0,False,True,6.0,468,5988,ENSG00000142684,196608,d69abbfc2e38d076c8b2ee5a7c8d9a0696baea2ba2efcab93c26241ade88ae49,f34324c6fde36a4f635f0f1f06cac5d25acd6798
32768,36,196608,98304,18,17,17,1,103866.0,5562.0,False,True,6.0,468,5988,ENSG00000180626,196608,5bfc6626ae935f441f2ed06a6faaafda901768aa7841c06db2548b823923c896,f34324c6fde36a4f635f0f1f06cac5d25acd6798
78588,85,196608,98304,42,66,66,-24,39727.0,-58577.0,False,True,2.501755993281417,792,5988,ENSG00000272602,196608,0604c3b09b4e35df448f8f9567442aba1717dcf9417e328119162fe5221e8e56,f34324c6fde36a4f635f0f1f06cac5d25acd6798
32768,36,196608,98304,18,17,17,1,103866.0,5562.0,False,True,6.0,468,5988,ENSG00000172748,196608,96b541747b09040470bc4bb1a1030dac859d8da007793a0de28b05dbf46699b4,f34324c6fde36a4f635f0f1f06cac5d25acd6798
32768,36,196608,98304,18,17,17,1,103866.0,5562.0,False,True,6.0,468,5988,ENSG00000167981,196608,42a1ed5d9ee6ad4f0bf32fba31187425868ac206c0f2e6a039eeb2a37e5d032b,f34324c6fde36a4f635f0f1f06cac5d25acd6798
32768,36,196608,98304,18,17,17,1,103866.0,5562.0,False,True,6.0,468,5988,ENSG00000167962,196608,adc23faed76c6bb13f3db8ea629afe9eee3a0b060a1b1054e6c6bc33102fe745,f34324c6fde36a4f635f0f1f06cac5d25acd6798
32768,36,196608,98304,18,17,17,1,103866.0,5562.0,False,True,6.0,468,5988,ENSG00000153896,196608,58480cffb23ba635fc17904c1a2cd2290edc4fb170781e5c51a6c8ad773a2fc4,f34324c6fde36a4f635f0f1f06cac5d25acd6798
32768,36,196608,98304,18,17,17,1,103866.0,5562.0,False,True,6.0,468,5988,ENSG00000189190,196608,a134bf2d57f94753524342ef0bd5a97c9b2a8a945bfc56091cb1581733e200e2,f34324c6fde36a4f635f0f1f06cac5d25acd6798
32768,36,196608,98304,18,17,17,1,103866.0,5562.0,False,True,6.0,468,5988,ENSG00000196458,196608,52e16a649e32bd1cce0462c4d9cf4afa521316ef095fcdc3508e7b4a62ecc349,f34324c6fde36a4f635f0f1f06cac5d25acd6798
32768,36,196608,98304,18,17,17,1,103866.0,5562.0,False,True,6.0,468,5988,ENSG00000166704,196608,99c8f90763910b15c87fee243886c469b45155e02fd8dccf00c4e70c33888dd1,f34324c6fde36a4f635f0f1f06cac5d25acd6798
32768,36,196608,98304,18,17,17,1,103866.0,5562.0,False,True,6.0,468,5988,ENSG00000198182,196608,db3b981301ffc081c4dce299f35268daa0c5b4bb918a47df5aadbf124b0c7521,f34324c6fde36a4f635f0f1f06cac5d25acd6798
32768,36,196608,98304,18,17,17,1,103866.0,5562.0,False,True,6.0,468,5988,ENSG00000168916,196608,10f055601351f20684d88f2ca935ba4fd4ee5a846a457042737003c212cae6e1,f34324c6fde36a4f635f0f1f06cac5d25acd6798
32768,36,196608,98304,18,17,17,1,103866.0,5562.0,False,True,6.0,468,5988,ENSG00000180357,196608,61eff921d77d26bb9bebdcb056d089fa7d892ee0d16f1025c7a2c175405f3894,f34324c6fde36a4f635f0f1f06cac5d25acd6798
32768,36,196608,98304,18,17,17,1,103866.0,5562.0,False,True,6.0,468,5988,ENSG00000167554,196608,1193d9227dc342843b144fc232e2ead88f37a7e3a347be03775f9a2d6b98fc99,f34324c6fde36a4f635f0f1f06cac5d25acd6798
32768,36,196608,98304,18,17,17,1,103866.0,5562.0,False,True,6.0,468,5988,ENSG00000213020,196608,9a1544f9184b33fde55f6ba7446f77070aa0454c6d715fd889c2f520b179d8d7,f34324c6fde36a4f635f0f1f06cac5d25acd6798
32768,36,196608,98304,18,17,17,1,103866.0,5562.0,False,True,6.0,468,5988,ENSG00000176024,196608,f350f64377ffe5952407f62b754032df42eddcb625fca7a4dccf4ad7d15e9d68,f34324c6fde36a4f635f0f1f06cac5d25acd6798
32768,36,196608,98304,18,17,17,1,103866.0,5562.0,False,True,6.0,468,5988,ENSG00000142556,196608,d78452d5e1f2083d1974e142acc7d3c7fbe99b59a0290efc629f5a8bf6ae4f6f,f34324c6fde36a4f635f0f1f06cac5d25acd6798
32768,36,196608,98304,18,17,17,1,103866.0,5562.0,False,True,6.0,468,5988,ENSG00000197619,196608,4d8b761bd29a3881c46e6f4f46869c581eaa096593d3e78681e3f39f880ddc03,f34324c6fde36a4f635f0f1f06cac5d25acd6798
32768,36,196608,98304,18,17,17,1,103866.0,5562.0,False,True,6.0,468,5988,ENSG00000204611,196608,2268bf55764cdf378bac12027720bbf47c79669fdf145b231e24f52c16bc075f,f34324c6fde36a4f635f0f1f06cac5d25acd6798
32768,36,196608,98304,18,17,17,1,103866.0,5562.0,False,True,6.0,468,5988,ENSG00000157657,196608,927166399a1e7c04529f894ee8f6bb71a99d16bcd4789f2ec3e4c39757b1924e,f34324c6fde36a4f635f0f1f06cac5d25acd6798
32768,36,196608,98304,18,17,17,1,103866.0,5562.0,False,True,6.0,468,5988,ENSG00000177873,196608,8f88f5703a158f39d27a96e0e92083aacc092a29a1abdf9df5c1d4d52e768048,f34324c6fde36a4f635f0f1f06cac5d25acd6798
32768,36,196608,98304,18,17,17,1,103866.0,5562.0,False,True,6.0,468,5988,ENSG00000177842,196608,42e645186dc0c309f6615e1146c1011bd4c518adb2840e4a12fbb701a1060aaa,f34324c6fde36a4f635f0f1f06cac5d25acd6798
32768,36,196608,98304,18,17,17,1,103866.0,5562.0,False,True,6.0,468,5988,ENSG00000172888,196608,00956cbfb4fb854dd76df0d50255f5127b2b6424791cd5cd8f64d658349ca885,f34324c6fde36a4f635f0f1f06cac5d25acd6798
32768,36,196608,98304,18,17,17,1,103866.0,5562.0,False,True,6.0,468,5988,ENSG00000173545,196608,17bc4ee9b36887210cbdce471c5a793056eb4342fe41d547c0fe45fd6ea6e2c9,f34324c6fde36a4f635f0f1f06cac5d25acd6798
32768,36,196608,98304,18,17,17,1,103866.0,5562.0,False,True,6.0,468,5988,ENSG00000183309,196608,ed72183e4a79cc9ef6ea37cdd9eee6757b6016765eebc9d11ac1c182a36874ee,f34324c6fde36a4f635f0f1f06cac5d25acd6798
32768,36,196608,98304,18,17,17,1,103866.0,5562.0,False,True,6.0,468,5988,ENSG00000197566,196608,059db011e89ba3c29365ff86e3ac972f5acda31d252a341944ff2b336d79130d,f34324c6fde36a4f635f0f1f06cac5d25acd6798
32768,36,196608,98304,18,17,17,1,103866.0,5562.0,False,True,6.0,468,5988,ENSG00000257591,196608,0f9f8f5b4b43ca6fe6cbbda274a38402a80e22703eb0d718d4f1992f2cabc547,f34324c6fde36a4f635f0f1f06cac5d25acd6798
32768,36,196608,98304,18,17,17,1,103866.0,5562.0,False,True,6.0,468,5988,ENSG00000188171,196608,579ff011386070e7675d46652295b5e7e5a1984c48497e2c3ae794584178d41e,f34324c6fde36a4f635f0f1f06cac5d25acd6798
32768,36,196608,98304,18,17,17,1,103866.0,5562.0,False,True,6.0,468,5988,ENSG00000198551,196608,48ddfb3b2338eb079b50dd350453d437a09264c5144c3da36fe7655d3c9075ff,f34324c6fde36a4f635f0f1f06cac5d25acd6798
32768,36,196608,98304,18,17,17,1,103866.0,5562.0,False,True,6.0,468,5988,ENSG00000197483,196608,7cb29b20596251162abf970fd51cbbc302c01b4c087d43d96337d2156b9fac51,f34324c6fde36a4f635f0f1f06cac5d25acd6798
32768,36,196608,98304,18,17,17,1,103866.0,5562.0,False,True,6.0,468,5988,ENSG00000102870,196608,929470e7142faed212ba5a18e6bc90f40631035b3582a2d78754d2ad46400f0a,f34324c6fde36a4f635f0f1f06cac5d25acd6798
32768,36,196608,98304,18,17,17,1,103866.0,5562.0,False,True,6.0,468,5988,ENSG00000221994,196608,5e02b2e4b71a9a9615170e29b50023cd918ad0d3a645d781855e2e17979147ba,f34324c6fde36a4f635f0f1f06cac5d25acd6798
32768,36,196608,98304,18,17,17,1,103866.0,5562.0,False,True,6.0,468,5988,ENSG00000075292,196608,794c19125d7404649b23ee7e842d27448fdb10586ab56fede7fe674691fca2d6,f34324c6fde36a4f635f0f1f06cac5d25acd6798
32768,36,196608,98304,18,17,17,1,103866.0,5562.0,False,True,6.0,468,5988,ENSG00000121864,196608,ed997b17181b022700e68d7916f9ed40f270bd3bb7c91cd96fa10a53aa10a2ee,f34324c6fde36a4f635f0f1f06cac5d25acd6798
32768,36,196608,98304,18,17,17,1,103866.0,5562.0,False,True,6.0,468,5988,ENSG00000167528,196608,d21643af6bde6562e65f0e1fb6b32e5e518edce553b8565413fa049a515442d4,f34324c6fde36a4f635f0f1f06cac5d25acd6798
32768,36,196608,98304,18,17,17,1,103866.0,5562.0,False,True,6.0,468,5988,ENSG00000122482,196608,ca4f3e61702302618d44db9c2dfc48631d6ce7717bc04b350d63e1a6eac80d19,f34324c6fde36a4f635f0f1f06cac5d25acd6798
32768,36,196608,98304,18,17,17,1,103866.0,5562.0,False,True,6.0,468,5988,ENSG00000167395,196608,724ddddd844a80f8236951d7be1c18fc37064595e7051705db074e5169a8aee5,f34324c6fde36a4f635f0f1f06cac5d25acd6798
32768,36,196608,98304,18,17,17,1,103866.0,5562.0,False,True,6.0,468,5988,ENSG00000179930,196608,cd13e1c3291be467bad3c7ab42778369dc4c8755dbaa6d4ea4279fcbf3fcd110,f34324c6fde36a4f635f0f1f06cac5d25acd6798
32768,36,196608,98304,18,17,17,1,103866.0,5562.0,False,True,6.0,468,5988,ENSG00000198093,196608,647d78ec6a50a1bc9412eaf03f1eabf94e534ef5e1eac96a549802215898b44b,f34324c6fde36a4f635f0f1f06cac5d25acd6798
32768,36,196608,98304,18,17,17,1,103866.0,5562.0,False,True,6.0,468,5988,ENSG00000198740,196608,ef874c72c9c8ca87709511608b26b4160b0976ac8ddeb69d1fb828785963bb03,f34324c6fde36a4f635f0f1f06cac5d25acd6798
32768,36,196608,98304,18,17,17,1,103866.0,5562.0,False,True,6.0,468,5988,ENSG00000161914,196608,9f6defc7bff6e246f0190f1716d56c554b3911ab3ec8bce445eb5e5cbcb432fc,f34324c6fde36a4f635f0f1f06cac5d25acd6798
32768,36,196608,98304,18,17,17,1,103866.0,5562.0,False,True,6.0,468,5988,ENSG00000175105,196608,7256e32b66bded350888cbe8e21e442b60105dd6c43f4f6c65c2e63a67f2162d,f34324c6fde36a4f635f0f1f06cac5d25acd6798
32768,36,196608,98304,18,17,17,1,103866.0,5562.0,False,True,6.0,468,5988,ENSG00000197343,196608,f04dd4115291770159f8e3a64f60625763d866fd7b5d58ccec77ffcb80900b09,f34324c6fde36a4f635f0f1f06cac5d25acd6798
32768,36,196608,98304,18,17,17,1,103866.0,5562.0,False,True,6.0,468,5988,ENSG00000274349,196608,cf3383b037c1297c060b18b7142f69f3f5171974ca92b1ba236b57412294d556,f34324c6fde36a4f635f0f1f06cac5d25acd6798
32768,36,196608,98304,18,17,17,1,103866.0,5562.0,False,True,6.0,468,5988,ENSG00000144792,196608,57d2087fc5373a70c24b9b5bc5e0c414baf1f538f4faccbcabc69dd94be4c90a,f34324c6fde36a4f635f0f1f06cac5d25acd6798
32768,36,196608,98304,18,17,17,1,103866.0,5562.0,False,True,6.0,468,5988,ENSG00000182983,196608,f58852c47eac2125d77d881b829364a50995e10d9b7a3954146f399848ce43b8,f34324c6fde36a4f635f0f1f06cac5d25acd6798
32768,36,196608,98304,18,17,17,1,103866.0,5562.0,False,True,6.0,468,5988,ENSG00000179195,196608,356c2ccc91c89a6594ebe5d06dba8cab91d4ed37c8c4742ef3232e0d80356ca8,f34324c6fde36a4f635f0f1f06cac5d25acd6798
32768,36,196608,98304,18,17,17,1,103866.0,5562.0,False,True,6.0,468,5988,ENSG00000197497,196608,50703b75603afa2093996c1f5f54e1623e5ea7b9d1b779ed4c579d091aa019b3,f34324c6fde36a4f635f0f1f06cac5d25acd6798
32768,36,196608,98304,18,17,17,1,103866.0,5562.0,False,True,6.0,468,5988,ENSG00000198046,196608,9e36788a6615798fd7276679d8a8b02f7e1d8539f0926a9e0e0ad1634751946a,f34324c6fde36a4f635f0f1f06cac5d25acd6798
32768,36,196608,98304,18,17,17,1,103866.0,5562.0,False,True,6.0,468,5988,ENSG00000167394,196608,3075110d495a9127455fe3314e552144da19c812de3104e025de017e5d223ce0,f34324c6fde36a4f635f0f1f06cac5d25acd6798
32768,36,196608,98304,18,17,17,1,103866.0,5562.0,False,True,6.0,468,5988,ENSG00000188295,196608,fa03805e27284cf8ec4451ed57006e8005bb57d081ab70e35f2fdca83954ca5e,f34324c6fde36a4f635f0f1f06cac5d25acd6798
32768,36,196608,98304,18,17,17,1,103866.0,5562.0,False,True,6.0,468,5988,ENSG00000277462,196608,3b1864e5b2042008b2fdcca32693d46dd87aef4a21f3941ab4dd7244cd842a4d,f34324c6fde36a4f635f0f1f06cac5d25acd6798
32768,36,196608,98304,18,17,17,1,103866.0,5562.0,False,True,6.0,468,5988,ENSG00000083814,196608,0650de4539bdabc0445c22222467b1a0cc2bd2292035d94355c3c58b09683f2c,f34324c6fde36a4f635f0f1f06cac5d25acd6798
32773,36,196608,98304,18,17,17,1,103841.0,5537.0,False,True,5.9990846123333235,493,5988,ENSG00000171161,196608,eb1ad4f18848bfd2f7bc928261444c34cd5a4ceede75ab1aaabc413466b4c561,f34324c6fde36a4f635f0f1f06cac5d25acd6798
32768,36,196608,98304,18,17,17,1,103866.0,5562.0,False,True,6.0,468,5988,ENSG00000251192,196608,9c5bcb921681a55aa1c3105ae98e72b776201e563933519f881a5151c2a4e263,f34324c6fde36a4f635f0f1f06cac5d25acd6798
32768,36,196608,98304,18,17,17,1,103866.0,5562.0,False,True,6.0,468,5988,ENSG00000197372,196608,4892548cf0199b3a7b6f09b6eada69744364329c01ac8ae943871d620933a7cb,f34324c6fde36a4f635f0f1f06cac5d25acd6798
32768,36,196608,98304,18,17,17,1,103866.0,5562.0,False,True,6.0,468,5988,ENSG00000196109,196608,55866b39e099228c20b786d61598eb2b0ea7727e37018350cd9cc451fbf50928,f34324c6fde36a4f635f0f1f06cac5d25acd6798
32768,36,196608,98304,18,17,17,1,103866.0,5562.0,False,True,6.0,468,5988,ENSG00000197928,196608,5e76982892cecb7d3dc0cb08e1909d0d1f2549145d3d5bb2f3e7c0f7d9acc41c,f34324c6fde36a4f635f0f1f06cac5d25acd6798
32768,36,196608,98304,18,17,17,1,103866.0,5562.0,False,True,6.0,468,5988,ENSG00000181450,196608,a8b2fed1279774c83c06429bb516dfe06d5a4b622cf1272618dc0b2e7381e32e,f34324c6fde36a4f635f0f1f06cac5d25acd6798
32768,36,196608,98304,18,17,17,1,103866.0,5562.0,False,True,6.0,468,5988,ENSG00000197123,196608,19ca20e467d6a84fcfc3c5faf8f01e75753c50c5475054c72c370d9318073ab3,f34324c6fde36a4f635f0f1f06cac5d25acd6798
32768,36,196608,98304,18,17,17,1,103866.0,5562.0,False,True,6.0,468,5988,ENSG00000173041,196608,669a1919a7f1ee89a3d617470c403ad94645488810902641425b90b98a6a16f6,f34324c6fde36a4f635f0f1f06cac5d25acd6798
32768,36,196608,98304,18,17,17,1,103866.0,5562.0,False,True,6.0,468,5988,ENSG00000196172,196608,da74436c186128cef0d619c056594bbd723af2353977acf1786d14f6c4c59031,f34324c6fde36a4f635f0f1f06cac5d25acd6798
32768,36,196608,98304,18,17,17,1,103866.0,5562.0,False,True,6.0,468,5988,ENSG00000197124,196608,976682635ff3d2eca04e7df07c2d7e9cbcdc08fe04013411dd272080c74ad6a2,f34324c6fde36a4f635f0f1f06cac5d25acd6798
32768,36,196608,98304,18,17,17,1,103866.0,5562.0,False,True,6.0,468,5988,ENSG00000176083,196608,d5673d916c9372cdd42273ab29bb82156d9a9bcf1f600d3bf1ed94bbff5b2df4,f34324c6fde36a4f635f0f1f06cac5d25acd6798
32768,36,196608,98304,18,17,17,1,103866.0,5562.0,False,True,6.0,468,5988,ENSG00000117010,196608,a0d351c5cd54dfa2ac45e125830c934b19c8598cf00df96ad8c5b653d06e496c,f34324c6fde36a4f635f0f1f06cac5d25acd6798
32768,36,196608,98304,18,17,17,1,103866.0,5562.0,False,True,6.0,468,5988,ENSG00000143373,196608,905b0859f74c2a7a97e945a571110ca2d2fca213da5a821987904cf84041e971,f34324c6fde36a4f635f0f1f06cac5d25acd6798
32768,36,196608,98304,18,17,17,1,103866.0,5562.0,False,True,6.0,468,5988,ENSG00000229809,196608,6b36deed643ce78f1426cdb9fa03f877715b85f2941e8fbec7ec770c7440ca91,f34324c6fde36a4f635f0f1f06cac5d25acd6798
32768,36,196608,98304,18,17,17,1,103866.0,5562.0,False,True,6.0,468,5988,ENSG00000156853,196608,e96b502788ef0d68117244593d2beecb07306f9844622208f97be83a9f43bc15,f34324c6fde36a4f635f0f1f06cac5d25acd6798
32768,36,196608,98304,18,17,17,1,103866.0,5562.0,False,True,6.0,468,5988,ENSG00000164011,196608,20303001f0849b1e065e1cb5516114ce910d0eff6ccc9cf2e1989327a70c3619,f34324c6fde36a4f635f0f1f06cac5d25acd6798
41908,45,196608,98304,22,27,27,-5,71447.0,-26857.0,False,True,4.691419299417772,998,5988,ENSG00000171163,196608,37d150476942064cc30abd3ae4e71d92595eed1d094e4f339f7d46d83a51f250,f34324c6fde36a4f635f0f1f06cac5d25acd6798
32768,36,196608,98304,18,17,17,1,103866.0,5562.0,False,True,6.0,468,5988,ENSG00000197472,196608,a9108dac48a1f2c6d2c1a633e9210fe4e6238e229ae673cb240a2152318b6fea,f34324c6fde36a4f635f0f1f06cac5d25acd6798
32768,36,196608,98304,18,17,17,1,103866.0,5562.0,False,True,6.0,468,5988,ENSG00000185730,196608,8cb07c5ab3bd7bacd8397520931639c5bd4f4bc7c23988ff32ade45e78a43e9f,f34324c6fde36a4f635f0f1f06cac5d25acd6798
32768,36,196608,98304,18,17,17,1,103866.0,5562.0,False,True,6.0,468,5988,ENSG00000143067,196608,d27022bac8be9e8233b84388c07815b3ef4c92bd73b2c2d4bbfae2f363863743,f34324c6fde36a4f635f0f1f06cac5d25acd6798
32768,36,196608,98304,18,17,17,1,103866.0,5562.0,False,True,6.0,468,5988,ENSG00000196110,196608,9e95f80da3ed7e5af278b66a6bebd4492e399b98b6e265389663821dfa3a097b,f34324c6fde36a4f635f0f1f06cac5d25acd6798
32768,36,196608,98304,18,17,17,1,103866.0,5562.0,False,True,6.0,468,5988,ENSG00000196757,196608,c3902614c49e675582211d2b7bfa22682e9b11eb1aa9ddb2594d600b6bd24f51,f34324c6fde36a4f635f0f1f06cac5d25acd6798
32768,36,196608,98304,18,17,17,1,103866.0,5562.0,False,True,6.0,468,5988,ENSG00000167562,196608,e8e0811438bc2c2b5d8e0cfa6d1c1396d25e74d23adec26497f24c8cb5cf36d7,f34324c6fde36a4f635f0f1f06cac5d25acd6798
32768,36,196608,98304,18,17,17,1,103866.0,5562.0,False,True,6.0,468,5988,ENSG00000183779,196608,46a993ae546452d8b67c6cea86b041aa212f2cd68a45be3b7fd3ebc2497500f5,f34324c6fde36a4f635f0f1f06cac5d25acd6798
32768,36,196608,98304,18,17,17,1,103866.0,5562.0,False,True,6.0,468,5988,ENSG00000164684,196608,f570dbead0f18005f54806a1c5aff9d7c4f0db2989c1c3f30f17cb2469c36df4,f34324c6fde36a4f635f0f1f06cac5d25acd6798
32768,36,196608,98304,18,17,17,1,103866.0,5562.0,False,True,6.0,468,5988,ENSG00000196946,196608,bbf39efc789a4585e4284792b1e030f1980ac3524029218165e7336108f8f120,f34324c6fde36a4f635f0f1f06cac5d25acd6798
32768,36,196608,98304,18,17,17,1,103866.0,5562.0,False,True,6.0,468,5988,ENSG00000215356,196608,49b342ccdca9e3f6e5e0a8b12c313e5da3e40d1ad514101dfbe0c3d79f92c919,f34324c6fde36a4f635f0f1f06cac5d25acd6798
32768,36,196608,98304,18,17,17,1,103866.0,5562.0,False,True,6.0,468,5988,ENSG00000215343,196608,8a47052de6514bc7169f5b2fd7136fa947db3b114ec67142a52cfc09d084dcb7,f34324c6fde36a4f635f0f1f06cac5d25acd6798
32768,36,196608,98304,18,17,17,1,103866.0,5562.0,False,True,6.0,468,5988,ENSG00000215372,196608,b476838acdb6b643d44720eed77fb834191af3cbef9fdc8b43dd9deb55a68ef7,f34324c6fde36a4f635f0f1f06cac5d25acd6798
32768,36,196608,98304,18,17,17,1,103866.0,5562.0,False,True,6.0,468,5988,ENSG00000120963,196608,4365481b85e6d6f900fd127e18dad5a945ad17aa67ce9fd45ecf5ae3fe647b47,f34324c6fde36a4f635f0f1f06cac5d25acd6798
32768,36,196608,98304,18,17,17,1,103866.0,5562.0,False,True,6.0,468,5988,ENSG00000181135,196608,2934f08397f53bad872925fe3236d4a7509c188b6d084a9af7621402447ac52d,f34324c6fde36a4f635f0f1f06cac5d25acd6798
32768,36,196608,98304,18,17,17,1,103866.0,5562.0,False,True,6.0,468,5988,ENSG00000182141,196608,dc1f45075643f99eee2d2af6f6c9e545c6e449686575e17f5e11eeb431aa04f6,f34324c6fde36a4f635f0f1f06cac5d25acd6798
32768,36,196608,98304,18,17,17,1,103866.0,5562.0,False,True,6.0,468,5988,ENSG00000242852,196608,ee890ae039ab3faef52b00d82b5716ff6c78995fe8f681a133209e0c32a90370,f34324c6fde36a4f635f0f1f06cac5d25acd6798
32768,36,196608,98304,18,17,17,1,103866.0,5562.0,False,True,6.0,468,5988,ENSG00000140548,196608,20a96c40a4691666b2cdc62b822c052c9e328a8030049bbb5945c73caed32d9d,f34324c6fde36a4f635f0f1f06cac5d25acd6798
32768,36,196608,98304,18,17,17,1,103866.0,5562.0,False,True,6.0,468,5988,ENSG00000147180,196608,989304af8444b8bae38d364ed4442dfb56196c8f14ace7b3db5844d54aaf44f8,f34324c6fde36a4f635f0f1f06cac5d25acd6798
32768,36,196608,98304,18,17,17,1,103866.0,5562.0,False,True,6.0,468,5988,ENSG00000178665,196608,8ffb2a00600b00778dff97700076047fbf6f4e4591434854d08cd7bd8b894e4e,f34324c6fde36a4f635f0f1f06cac5d25acd6798
32768,36,196608,98304,18,17,17,1,103866.0,5562.0,False,True,6.0,468,5988,ENSG00000160352,196608,1209093aaf85183198f6968e67422fe68ad6ca81b6babd92b7dea522a18022f2,f34324c6fde36a4f635f0f1f06cac5d25acd6798
32768,36,196608,98304,18,17,17,1,103866.0,5562.0,False,True,6.0,468,5988,ENSG00000182111,196608,66daed650b471a78a2a77f1fe7b3f9c7faaca4fbe075617a69d58bbadbfbe448,f34324c6fde36a4f635f0f1f06cac5d25acd6798
32768,36,196608,98304,18,17,17,1,103866.0,5562.0,False,True,6.0,468,5988,ENSG00000227124,196608,b6b3edf3b6d4602b2c11d28a30acee7c42d7a1b0f2d234324fbb9ee9f46667cb,f34324c6fde36a4f635f0f1f06cac5d25acd6798
32768,36,196608,98304,18,17,17,1,103866.0,5562.0,False,True,6.0,468,5988,ENSG00000250312,196608,634c26952452a96fd4c0ffcd9d94284d7f4e03fa632d01944f9f73a081a515d6,f34324c6fde36a4f635f0f1f06cac5d25acd6798
32768,36,196608,98304,18,17,17,1,103866.0,5562.0,False,True,6.0,468,5988,ENSG00000182903,196608,f6d0e9e4a319e039bbebfe8686edc13da5bb53f0776d2a0dd46b4cb7ee80e3ba,f34324c6fde36a4f635f0f1f06cac5d25acd6798
32768,36,196608,98304,18,17,17,1,103866.0,5562.0,False,True,6.0,468,5988,ENSG00000268696,196608,7d479345837c8b295a7422038655774c4b3cc7dad0caa9b06f27cb03b418f92e,f34324c6fde36a4f635f0f1f06cac5d25acd6798
32768,36,196608,98304,18,17,17,1,103866.0,5562.0,False,True,6.0,468,5988,ENSG00000196081,196608,eb656d973b5c6747bed71b2f30cce0cda972f6c3d2e469e7a7be5148be0969aa,f34324c6fde36a4f635f0f1f06cac5d25acd6798
32768,36,196608,98304,18,17,17,1,103866.0,5562.0,False,True,6.0,468,5988,ENSG00000213967,196608,4a436ba527ace946faeb90bbc9e836c7488fc4f489a840e67b6f6b36b3e8fdb3,f34324c6fde36a4f635f0f1f06cac5d25acd6798
32768,36,196608,98304,18,17,17,1,103866.0,5562.0,False,True,6.0,468,5988,ENSG00000214652,196608,4d03fe4169f97ef85a84ef320701aa48e1627243f68118d0a9c26e6fbbff0286,f34324c6fde36a4f635f0f1f06cac5d25acd6798
32768,36,196608,98304,18,17,17,1,103866.0,5562.0,False,True,6.0,468,5988,ENSG00000269067,196608,34d970066d94e6d89a67adbda9d64456c49c7142239525f3be3d2bdad197191c,f34324c6fde36a4f635f0f1f06cac5d25acd6798
32768,36,196608,98304,18,17,17,1,103866.0,5562.0,False,True,6.0,468,5988,ENSG00000196350,196608,e02bbd35deba65beadaa1043d8b520b688fb969fbf02990cfe7c100e77860202,f34324c6fde36a4f635f0f1f06cac5d25acd6798
32768,36,196608,98304,18,17,17,1,103866.0,5562.0,False,True,6.0,468,5988,ENSG00000183850,196608,810e92277c1ec269c98fa0bbdbc31bd76be898fefa4fb4d45d2f12abf9a68ff3,f34324c6fde36a4f635f0f1f06cac5d25acd6798
32768,36,196608,98304,18,17,17,1,103866.0,5562.0,False,True,6.0,468,5988,ENSG00000186777,196608,ac0ad05b16843a72675725f65fd5aafec4312573aefdf3e1ca073d3b87711d31,f34324c6fde36a4f635f0f1f06cac5d25acd6798
32768,36,196608,98304,18,17,17,1,103866.0,5562.0,False,True,6.0,468,5988,ENSG00000223614,196608,15e9ed77e1f88144b91e7643f3ec1054517d099c8c09d11cb1ce64c88a642f3c,f34324c6fde36a4f635f0f1f06cac5d25acd6798
32768,36,196608,98304,18,17,17,1,103866.0,5562.0,False,True,6.0,468,5988,ENSG00000234444,196608,5a1ddb08f8bf5b23c64c624f09369b3e2ba8f72adab84a0e0d61cdbf450ea73a,f34324c6fde36a4f635f0f1f06cac5d25acd6798
32768,36,196608,98304,18,17,17,1,103866.0,5562.0,False,True,6.0,468,5988,ENSG00000237440,196608,6395b446d234ddc649996679335673a02eb44c5e5309c3e9e622fea333b845e7,f34324c6fde36a4f635f0f1f06cac5d25acd6798
32768,36,196608,98304,18,17,17,1,103866.0,5562.0,False,True,6.0,468,5988,ENSG00000172687,196608,8c190504489cb24b9c874aebef72d43d824f8559c72f6bd59688c4966d845b5b,f34324c6fde36a4f635f0f1f06cac5d25acd6798
32768,36,196608,98304,18,17,17,1,103866.0,5562.0,False,True,6.0,468,5988,ENSG00000139651,196608,2fb7a47755356a1ee12ab77d2aed11960f6a230612cf38a36cdbcb6e6935dc45,f34324c6fde36a4f635f0f1f06cac5d25acd6798
32768,36,196608,98304,18,17,17,1,103866.0,5562.0,False,True,6.0,468,5988,ENSG00000181220,196608,f1698fea7dfba98655fe37e4b9c5f999e4a873beef3c1274363c0c12a968aba3,f34324c6fde36a4f635f0f1f06cac5d25acd6798
32768,36,196608,98304,18,17,17,1,103866.0,5562.0,False,True,6.0,468,5988,ENSG00000169955,196608,c2e7d05b09a5facaca46a3c429a42577e51f341cfc3eaa35fa72e2f51cab83b0,f34324c6fde36a4f635f0f1f06cac5d25acd6798
32768,36,196608,98304,18,17,17,1,103866.0,5562.0,False,True,6.0,468,5988,ENSG00000186230,196608,f9df71b02bf59e2cf3cf11ab234fd3e6b16362f2908b370130fad57ded4c9e6a,f34324c6fde36a4f635f0f1f06cac5d25acd6798
32768,36,196608,98304,18,17,17,1,103866.0,5562.0,False,True,6.0,468,5988,ENSG00000141579,196608,acb63cce7627cc04c6174efbc4fb18d760b76c2f2c43df31d92312c173f4f7ea,f34324c6fde36a4f635f0f1f06cac5d25acd6798
32768,36,196608,98304,18,17,17,1,103866.0,5562.0,False,True,6.0,468,5988,ENSG00000160336,196608,282ebdf9b5b1e73d8084ecb95795a8e650977cf03c33f778d2ea4f26ac39b1dd,f34324c6fde36a4f635f0f1f06cac5d25acd6798
32768,36,196608,98304,18,17,17,1,103866.0,5562.0,False,True,6.0,468,5988,ENSG00000197054,196608,1b7e24a9411e95b23f61c1dd97dbb9517dbf7cf9ff644a1b50ed6d3523be5049,f34324c6fde36a4f635f0f1f06cac5d25acd6798
32768,36,196608,98304,18,17,17,1,103866.0,5562.0,False,True,6.0,468,5988,ENSG00000169951,196608,87666d1c0493ae15346b0eeeb3c2953d65e01b39a7aedc5d373b813b0a80d26f,f34324c6fde36a4f635f0f1f06cac5d25acd6798
32768,36,196608,98304,18,17,17,1,103866.0,5562.0,False,True,6.0,468,5988,ENSG00000196417,196608,bc3ad680d12bb4d3e6fe0d49bd13fdf8cbbb423725230678300271b9dda11b69,f34324c6fde36a4f635f0f1f06cac5d25acd6798
32768,36,196608,98304,18,17,17,1,103866.0,5562.0,False,True,6.0,468,5988,ENSG00000196214,196608,484c835020fab40ed39a1d35fa228538b3074b412c0930f3cadffb9e968e4e78,f34324c6fde36a4f635f0f1f06cac5d25acd6798
32768,36,196608,98304,18,17,17,1,103866.0,5562.0,False,True,6.0,468,5988,ENSG00000169957,196608,d94169464ea333b81af6612d25459e8ddf3e1ab9de1b4eab855a57b4b5739b42,f34324c6fde36a4f635f0f1f06cac5d25acd6798
32768,36,196608,98304,18,17,17,1,103866.0,5562.0,False,True,6.0,468,5988,ENSG00000198146,196608,15b94df4e39e8a11fd6d4e4f8302a32eb0639df1866cb7a905c0ad3a2806331d,f34324c6fde36a4f635f0f1f06cac5d25acd6798
32768,36,196608,98304,18,17,17,1,103866.0,5562.0,False,True,6.0,468,5988,ENSG00000179965,196608,a176e0a7a095a6f1100aa5a5fd3fd19a59ec6fc5e27abc73ef8b20b5885aec94,f34324c6fde36a4f635f0f1f06cac5d25acd6798
32768,36,196608,98304,18,17,17,1,103866.0,5562.0,False,True,6.0,468,5988,ENSG00000197128,196608,8415132b11a2ac5611bbdbd28252bd76283a5dd93e068082c804348b44ec5884,f34324c6fde36a4f635f0f1f06cac5d25acd6798
32768,36,196608,98304,18,17,17,1,103866.0,5562.0,False,True,6.0,468,5988,ENSG00000152439,196608,f5716ca16392b956dd0de143347f8ff0091c65a3450cc20600df2d30db66f4f3,f34324c6fde36a4f635f0f1f06cac5d25acd6798
32768,36,196608,98304,18,17,17,1,103866.0,5562.0,False,True,6.0,468,5988,ENSG00000196391,196608,6c44cab7d39d378f992496007559f488623ddf46e7967c749a624aea2387d4dd,f34324c6fde36a4f635f0f1f06cac5d25acd6798
32768,36,196608,98304,18,17,17,1,103866.0,5562.0,False,True,6.0,468,5988,ENSG00000196456,196608,5387f096a94ab525eb3471ea873c3da550136a79606c48144621e22c16c29fca,f34324c6fde36a4f635f0f1f06cac5d25acd6798
32768,36,196608,98304,18,17,17,1,103866.0,5562.0,False,True,6.0,468,5988,ENSG00000152443,196608,5afc0159120491ff5fba696d5306e98796b4792614ffb9736a988079dd605c23,f34324c6fde36a4f635f0f1f06cac5d25acd6798
32768,36,196608,98304,18,17,17,1,103866.0,5562.0,False,True,6.0,468,5988,ENSG00000196453,196608,50c5e3dfc5a5a8170169a15a686306a8dc7e9a0852284a99ee8265b4d1469d4e,f34324c6fde36a4f635f0f1f06cac5d25acd6798
32768,36,196608,98304,18,17,17,1,103866.0,5562.0,False,True,6.0,468,5988,ENSG00000170100,196608,1c7e7deb8ca78ca163d9a9ef46a97ac81740de9435104434bad7afc2c8dcd13b,f34324c6fde36a4f635f0f1f06cac5d25acd6798
32768,36,196608,98304,18,17,17,1,103866.0,5562.0,False,True,6.0,468,5988,ENSG00000197782,196608,c32797cf5041a50f855b116d6792519ba5616032d9321af12cab23fddf8c9f51,f34324c6fde36a4f635f0f1f06cac5d25acd6798
32768,36,196608,98304,18,17,17,1,103866.0,5562.0,False,True,6.0,468,5988,ENSG00000128000,196608,68c5448af957e5b63862bf697faf7d6b0b90920fcfef129de9d680294a89b1d3,f34324c6fde36a4f635f0f1f06cac5d25acd6798
32768,36,196608,98304,18,17,17,1,103866.0,5562.0,False,True,6.0,468,5988,ENSG00000196597,196608,19d0328d076f91da726edacb4b1db37ea68c140ebcfed6443f7624d59623bf9d,f34324c6fde36a4f635f0f1f06cac5d25acd6798
32768,36,196608,98304,18,17,17,1,103866.0,5562.0,False,True,6.0,468,5988,ENSG00000204946,196608,83dc6f1261d787018b5361af9f05b778228e36565056ce587f883326879caa07,f34324c6fde36a4f635f0f1f06cac5d25acd6798
32768,36,196608,98304,18,17,17,1,103866.0,5562.0,False,True,6.0,468,5988,ENSG00000179922,196608,09d08048c483ea861331a3f1ed1083605d422b1aff4a790ea6a73948e1090ede,f34324c6fde36a4f635f0f1f06cac5d25acd6798
32768,36,196608,98304,18,17,17,1,103866.0,5562.0,False,True,6.0,468,5988,ENSG00000197162,196608,72e39468dd00e796b23822802d933026c10455731a776880ddb077cb8b434797,f34324c6fde36a4f635f0f1f06cac5d25acd6798
32768,36,196608,98304,18,17,17,1,103866.0,5562.0,False,True,6.0,468,5988,ENSG00000197362,196608,fb33d410d77ff62959a40dd74bb6bf2a24b01f4f2b3661aabf82703ccb75c723,f34324c6fde36a4f635f0f1f06cac5d25acd6798
32768,36,196608,98304,18,17,17,1,103866.0,5562.0,False,True,6.0,468,5988,ENSG00000142409,196608,cebf099c41e2e57adbc5d00c0b2cfe789689560f598c7f7ed64c4496bfcfef6c,f34324c6fde36a4f635f0f1f06cac5d25acd6798
32768,36,196608,98304,18,17,17,1,103866.0,5562.0,False,True,6.0,468,5988,ENSG00000198556,196608,6b645ced2aadad21d9bc0ef500cd6e1cecc4df8a56f749849c981453a31079de,f34324c6fde36a4f635f0f1f06cac5d25acd6798
32768,36,196608,98304,18,17,17,1,103866.0,5562.0,False,True,6.0,468,5988,ENSG00000197863,196608,e21f62d83bea12d6897a0f2f8eb732d987728989f41541318a5f091d1b23870b,f34324c6fde36a4f635f0f1f06cac5d25acd6798
32768,36,196608,98304,18,17,17,1,103866.0,5562.0,False,True,6.0,468,5988,ENSG00000173875,196608,8b5ab7db49aa33f10baa3ed0c4832823206a7317a716a84931d2cd4e3533c25c,f34324c6fde36a4f635f0f1f06cac5d25acd6798
32768,36,196608,98304,18,17,17,1,103866.0,5562.0,False,True,6.0,468,5988,ENSG00000180884,196608,bc742655251c1d35d3c954521dda44ac7daffa8f33b0c3e8a7264e63583b75af,f34324c6fde36a4f635f0f1f06cac5d25acd6798
32768,36,196608,98304,18,17,17,1,103866.0,5562.0,False,True,6.0,468,5988,ENSG00000188227,196608,f60f849953a792c110fb24a60fc4594d5b571fa556c2e6e8b4ebb46c8a09777f,f34324c6fde36a4f635f0f1f06cac5d25acd6798
32768,36,196608,98304,18,17,17,1,103866.0,5562.0,False,True,6.0,468,5988,ENSG00000196466,196608,86eea7c4720eb173b06eb246bf2e92d51455368826b83527197e06976bdb843c,f34324c6fde36a4f635f0f1f06cac5d25acd6798
32768,36,196608,98304,18,17,17,1,103866.0,5562.0,False,True,6.0,468,5988,ENSG00000048405,196608,974a3e34e820f3fc94cc62d0e8a222ee0b236a11785e27a7ac3ded6f06d5c404,f34324c6fde36a4f635f0f1f06cac5d25acd6798
32768,36,196608,98304,18,17,17,1,103866.0,5562.0,False,True,6.0,468,5988,ENSG00000170396,196608,6e87b41b13e6efe976ab1fd7f14fdfdb7e4b461013e18b8711bd23fab2b814c8,f34324c6fde36a4f635f0f1f06cac5d25acd6798
32768,36,196608,98304,18,17,17,1,103866.0,5562.0,False,True,6.0,468,5988,ENSG00000182348,196608,b8b853ed8224e313e576396e530e82d97bf54fcc70365476d8013197e1e78119,f34324c6fde36a4f635f0f1f06cac5d25acd6798
32768,36,196608,98304,18,17,17,1,103866.0,5562.0,False,True,6.0,468,5988,ENSG00000204524,196608,076ab77d878deb083918f8bafae069a3b26216dc0c9f8445a30616d5600b5d34,f34324c6fde36a4f635f0f1f06cac5d25acd6798
32768,36,196608,98304,18,17,17,1,103866.0,5562.0,False,True,6.0,468,5988,ENSG00000198482,196608,339f26db85f897ed6eef17c4ae97b86276cb4184eea00893c72dc4af861b70bc,f34324c6fde36a4f635f0f1f06cac5d25acd6798
32768,36,196608,98304,18,17,17,1,103866.0,5562.0,False,True,6.0,468,5988,ENSG00000198346,196608,26e43a29a0b6fb25b9b6044de851c30b8dc88b2df8db1b0617cdb10fa568f25b,f34324c6fde36a4f635f0f1f06cac5d25acd6798
32768,36,196608,98304,18,17,17,1,103866.0,5562.0,False,True,6.0,468,5988,ENSG00000204514,196608,a6c7068be84c2fdc4ab15c9ce93f102d2a04c370ab94fa3cedaccc627abeeb95,f34324c6fde36a4f635f0f1f06cac5d25acd6798
32768,36,196608,98304,18,17,17,1,103866.0,5562.0,False,True,6.0,468,5988,ENSG00000180257,196608,773bfcfb3e82a0bc6ba002dd77dace66244290401a97ba0a8f6955435afbcf18,f34324c6fde36a4f635f0f1f06cac5d25acd6798
32768,36,196608,98304,18,17,17,1,103866.0,5562.0,False,True,6.0,468,5988,ENSG00000102984,196608,ce6397de3adf5ad9b6e9f2de5131cdb557765738cf29fdc55600d9b95a217a8f,f34324c6fde36a4f635f0f1f06cac5d25acd6798
32768,36,196608,98304,18,17,17,1,103866.0,5562.0,False,True,6.0,468,5988,ENSG00000197933,196608,d73e26bac88591544cb217b96ed747f155f844301c1a75f2d3d2f87357b5ec7d,f34324c6fde36a4f635f0f1f06cac5d25acd6798
32768,36,196608,98304,18,17,17,1,103866.0,5562.0,False,True,6.0,468,5988,ENSG00000151612,196608,6c74e60e340be3142d8c0a53d7cb4693400d0f25c1345e55cb75b339f7db566e,f34324c6fde36a4f635f0f1f06cac5d25acd6798
32768,36,196608,98304,18,17,17,1,103866.0,5562.0,False,True,6.0,468,5988,ENSG00000185869,196608,4af874932ad5c686f821129b511b559938ebead0655f85c9ef2923cccbecd167,f34324c6fde36a4f635f0f1f06cac5d25acd6798
32768,36,196608,98304,18,17,17,1,103866.0,5562.0,False,True,6.0,468,5988,ENSG00000198783,196608,661f6624f017ee1e9e9b456544d20ac5dc5bddeb653c420eb3c9db05dc3a0f6a,f34324c6fde36a4f635f0f1f06cac5d25acd6798
32768,36,196608,98304,18,17,17,1,103866.0,5562.0,False,True,6.0,468,5988,ENSG00000124203,196608,8c3c862ee422557b9cceb50b13895e3b7a95daa5adbd6eb79bbe0f6201ac0253,f34324c6fde36a4f635f0f1f06cac5d25acd6798
32768,36,196608,98304,18,17,17,1,103866.0,5562.0,False,True,6.0,468,5988,ENSG00000127903,196608,07aa36ee3b70d1becfbfd6f0cf6157eac073a9d7d899c1f91d80a962e19b3ad9,f34324c6fde36a4f635f0f1f06cac5d25acd6798
32768,36,196608,98304,18,17,17,1,103866.0,5562.0,False,True,6.0,468,5988,ENSG00000196267,196608,8e1f738f5bcb77412a6e1a5abfa245bea63b83a34a2bf17c96d3c6bcd7dba14e,f34324c6fde36a4f635f0f1f06cac5d25acd6798
32768,36,196608,98304,18,17,17,1,103866.0,5562.0,False,True,6.0,468,5988,ENSG00000152475,196608,e85175a025b38e8d678564e028a0afea58050e28f5e4e4f7dcf98f402a08e05f,f34324c6fde36a4f635f0f1f06cac5d25acd6798
32768,36,196608,98304,18,17,17,1,103866.0,5562.0,False,True,6.0,468,5988,ENSG00000022976,196608,a135907d4f5ef8cc8b947dd0f0c0b56f3f045d9fa598cb85e6504d219d597f1a,f34324c6fde36a4f635f0f1f06cac5d25acd6798
32768,36,196608,98304,18,17,17,1,103866.0,5562.0,False,True,6.0,468,5988,ENSG00000197608,196608,5781d85bd95c1187b5a43280c3e78ac7d016559d6543ebf61b0a7075bd62a92b,f34324c6fde36a4f635f0f1f06cac5d25acd6798
32768,36,196608,98304,18,17,17,1,103866.0,5562.0,False,True,6.0,468,5988,ENSG00000176723,196608,d161c0145a6bb9ec3bc7a20d47230fd63b37e6412f523d48ac489c72aa78aa6f,f34324c6fde36a4f635f0f1f06cac5d25acd6798
32768,36,196608,98304,18,17,17,1,103866.0,5562.0,False,True,6.0,468,5988,ENSG00000223547,196608,1fe7b8e7db5fcc155eabc6aabf24b9913312124a296a5ae1efe09276a65cc4af,f34324c6fde36a4f635f0f1f06cac5d25acd6798
32768,36,196608,98304,18,17,17,1,103866.0,5562.0,False,True,6.0,468,5988,ENSG00000213799,196608,e3365b2e8036c176805d2432ab897abe6744a741db603f6e7f24aab7fa9ee518,f34324c6fde36a4f635f0f1f06cac5d25acd6798
32768,36,196608,98304,18,17,17,1,103866.0,5562.0,False,True,6.0,468,5988,ENSG00000196605,196608,eb2a7171d512c2eac6ec2d7a9d082e1b2276dd89e682b4b085e6b5799f605e85,f34324c6fde36a4f635f0f1f06cac5d25acd6798
32768,36,196608,98304,18,17,17,1,103866.0,5562.0,False,True,6.0,468,5988,ENSG00000267041,196608,5ab28687428525a245b64b3c164a28730753c7503d32cbfad0cc95ffff76a535,f34324c6fde36a4f635f0f1f06cac5d25acd6798
32768,36,196608,98304,18,17,17,1,103866.0,5562.0,False,True,6.0,468,5988,ENSG00000178917,196608,f90351d1c7263cd6b886943580804d3995aa31c03c9b2bf648a4fd2622d2d1b3,f34324c6fde36a4f635f0f1f06cac5d25acd6798
32768,36,196608,98304,18,17,17,1,103866.0,5562.0,False,True,6.0,468,5988,ENSG00000236609,196608,c52d4f4fa4f2dc8e64a9d0c7014de210a398818726db2cad82a7b7019f1bc8de,f34324c6fde36a4f635f0f1f06cac5d25acd6798
32768,36,196608,98304,18,17,17,1,103866.0,5562.0,False,True,6.0,468,5988,ENSG00000197385,196608,9e2300710a7319541076c4043bc3548f083849b6196cdb00bf8594aafa50288c,f34324c6fde36a4f635f0f1f06cac5d25acd6798
32768,36,196608,98304,18,17,17,1,103866.0,5562.0,False,True,6.0,468,5988,ENSG00000106479,196608,6eddf26c64d1e999d6685b16f2e2cc9461bec5418ef20e2e0e986f69f07ac2ae,f34324c6fde36a4f635f0f1f06cac5d25acd6798
32768,36,196608,98304,18,17,17,1,103866.0,5562.0,False,True,6.0,468,5988,ENSG00000261221,196608,9524ca2e8d59b2bb64af4b6f9ff7a6f32deefd3c1763baf776e2ddeaf7f2334c,f34324c6fde36a4f635f0f1f06cac5d25acd6798
32768,36,196608,98304,18,17,17,1,103866.0,5562.0,False,True,6.0,468,5988,ENSG00000181666,196608,5f2662e698e34cafe553f0e88fdf4295281eda161fc2c9d1d892a8ae018994bc,f34324c6fde36a4f635f0f1f06cac5d25acd6798
32768,36,196608,98304,18,17,17,1,103866.0,5562.0,False,True,6.0,468,5988,ENSG00000257446,196608,1c897a2117620871713a12593dcf0682585079f24adb034e697830fd2fe02b4d,f34324c6fde36a4f635f0f1f06cac5d25acd6798
32768,36,196608,98304,18,17,17,1,103866.0,5562.0,False,True,6.0,468,5988,ENSG00000234284,196608,e9612065f5674f4f92346b3e03c345c8da07f4949690aba797b9e127275d33c2,f34324c6fde36a4f635f0f1f06cac5d25acd6798
32768,36,196608,98304,18,17,17,1,103866.0,5562.0,False,True,6.0,468,5988,ENSG00000221923,196608,b9f123d85e448ad3f3cc1e3abf2adec4a8b8d5122b08e87327b0583eec29a9ae,f34324c6fde36a4f635f0f1f06cac5d25acd6798
32768,36,196608,98304,18,17,17,1,103866.0,5562.0,False,True,6.0,468,5988,ENSG00000228623,196608,66b68dadc20aafc6a684059a379973d57fc55d9d27aa83f5d9c0f51d8eaa230e,f34324c6fde36a4f635f0f1f06cac5d25acd6798
32768,36,196608,98304,18,17,17,1,103866.0,5562.0,False,True,6.0,468,5988,ENSG00000213793,196608,e52b5f6ec48603980f1b26ed730a68a296fa332e8bf9a7ef7b97f5f532a912fc,f34324c6fde36a4f635f0f1f06cac5d25acd6798
32768,36,196608,98304,18,17,17,1,103866.0,5562.0,False,True,6.0,468,5988,ENSG00000214029,196608,d5bd84614cc7bfb614b6a3427ef4eff08f017746e9de7967893cccc475b26fd2,f34324c6fde36a4f635f0f1f06cac5d25acd6798
32768,36,196608,98304,18,17,17,1,103866.0,5562.0,False,True,6.0,468,5988,ENSG00000124201,196608,500d9d50b72dfaf96a2fee3e50cf38d38eb38e9fa2a7ee313fe93cf8b67dc9d5,f34324c6fde36a4f635f0f1f06cac5d25acd6798
32768,36,196608,98304,18,17,17,1,103866.0,5562.0,False,True,6.0,468,5988,ENSG00000106400,196608,276a741fbc4fb5370203cd9df03e0b577944bb97e1708d460b3a25ec09fb9fa3,f34324c6fde36a4f635f0f1f06cac5d25acd6798
32768,36,196608,98304,18,17,17,1,103866.0,5562.0,False,True,6.0,468,5988,ENSG00000174276,196608,2d6c0e1dd2927a878fcff084b0234e27d58796dd7eb2b3359b0636523471c9b7,f34324c6fde36a4f635f0f1f06cac5d25acd6798
32768,36,196608,98304,18,17,17,1,103866.0,5562.0,False,True,6.0,468,5988,ENSG00000273611,196608,f5279a131fc91f6c1ccd0d3eedcc9b7177cfc6cbb196552659d973f28e96c2a0,f34324c6fde36a4f635f0f1f06cac5d25acd6798
32768,36,196608,98304,18,17,17,1,103866.0,5562.0,False,True,6.0,468,5988,ENSG00000117174,196608,deff47a6561f02bd695c4da6546836b68c0ee8f65f2afe33f2a5291b7eec744d,f34324c6fde36a4f635f0f1f06cac5d25acd6798
32768,36,196608,98304,18,17,17,1,103866.0,5562.0,False,True,6.0,468,5988,ENSG00000109917,196608,0a0ecb74e7afe33e68ae390e9da9e172e2d7c79bd32cdc7d9862abfd3bf5d7e0,f34324c6fde36a4f635f0f1f06cac5d25acd6798
32768,36,196608,98304,18,17,17,1,103866.0,5562.0,False,True,6.0,468,5988,ENSG00000019995,196608,33d219a4caf05e4739d6de19609090be4b76c498c5b6059cfda9d203c82e4888,f34324c6fde36a4f635f0f1f06cac5d25acd6798
32768,36,196608,98304,18,17,17,1,103866.0,5562.0,False,True,6.0,468,5988,ENSG00000132485,196608,b730f19b63d7f5f7521628034022967aa88280d4adc515e2abf16abddf8895fa,f34324c6fde36a4f635f0f1f06cac5d25acd6798
32768,36,196608,98304,18,17,17,1,103866.0,5562.0,False,True,6.0,468,5988,ENSG00000121988,196608,b5e38ff4aa8fad1eb83a974f41ab30482d38035a59cc9f0f3c1c0283e6dfbd87,f34324c6fde36a4f635f0f1f06cac5d25acd6798
32768,36,196608,98304,18,17,17,1,103866.0,5562.0,False,True,6.0,468,5988,ENSG00000169249,196608,ff565ce6c6f5d9926d5f99a3c19d766fe2a41d3c262881da1eafcf34b16aef81,f34324c6fde36a4f635f0f1f06cac5d25acd6798
32768,36,196608,98304,18,17,17,1,103866.0,5562.0,False,True,6.0,468,5988,ENSG00000152467,196608,3e91170fd56a7a2d913dffdb2f19788bf66f9a508dd2c4cbc1cac69005940e62,f34324c6fde36a4f635f0f1f06cac5d25acd6798
32768,36,196608,98304,18,17,17,1,103866.0,5562.0,False,True,6.0,468,5988,ENSG00000176371,196608,d77a9e4312592ab8e51f883290de904eae8cfa8dbad4d30a6744920d6c737741,f34324c6fde36a4f635f0f1f06cac5d25acd6798
32768,36,196608,98304,18,17,17,1,103866.0,5562.0,False,True,6.0,468,5988,ENSG00000180532,196608,ce3cd341ff5dc2b52471e85017f233b63ada4093223b51b519566a63156f28ea,f34324c6fde36a4f635f0f1f06cac5d25acd6798
32768,36,196608,98304,18,17,17,1,103866.0,5562.0,False,True,6.0,468,5988,ENSG00000131848,196608,5c3f9256a359a5ab7f8e2d093755b58af8f31cbf208899407251a5c36d5e974b,f34324c6fde36a4f635f0f1f06cac5d25acd6798
32768,36,196608,98304,18,17,17,1,103866.0,5562.0,False,True,6.0,468,5988,ENSG00000197213,196608,fe5f6bef463ceb0f0147b4a9d6b73befdb67e8acf3d282bf95a9ffa91a2bacc8,f34324c6fde36a4f635f0f1f06cac5d25acd6798
32768,36,196608,98304,18,17,17,1,103866.0,5562.0,False,True,6.0,468,5988,ENSG00000204532,196608,3f6186bc9fee323cc6f0238e27ad674c381a702b1cd53e245ec939983e1a728d,f34324c6fde36a4f635f0f1f06cac5d25acd6798
32768,36,196608,98304,18,17,17,1,103866.0,5562.0,False,True,6.0,468,5988,ENSG00000137185,196608,d8edc5d122563f11572e64d044a302025eae819ac90dfecf1c13cc34c1631f15,f34324c6fde36a4f635f0f1f06cac5d25acd6798
32768,36,196608,98304,18,17,17,1,103866.0,5562.0,False,True,6.0,468,5988,ENSG00000130182,196608,c63aa862818c35cf0b4a7a798544fd3a559a06e83ce33c078bd8a5bb735c56a9,f34324c6fde36a4f635f0f1f06cac5d25acd6798
32768,36,196608,98304,18,17,17,1,103866.0,5562.0,False,True,6.0,468,5988,ENSG00000158691,196608,96e0387ad6f343adcb4d6dec73464aa33e14b3bb9b13ac1297b1a29b79a14c51,f34324c6fde36a4f635f0f1f06cac5d25acd6798
32768,36,196608,98304,18,17,17,1,103866.0,5562.0,False,True,6.0,468,5988,ENSG00000196812,196608,2cc9351e48e40eec997b4d0408722e0310e0030b9a5b2fd916e84f8c2572ed9d,f34324c6fde36a4f635f0f1f06cac5d25acd6798
32768,36,196608,98304,18,17,17,1,103866.0,5562.0,False,True,6.0,468,5988,ENSG00000121413,196608,48298f3dfb1370471c3f7a93ee5b88dcced0984ad57b883fa47294a82bc99df1,f34324c6fde36a4f635f0f1f06cac5d25acd6798
32768,36,196608,98304,18,17,17,1,103866.0,5562.0,False,True,6.0,468,5988,ENSG00000121903,196608,c5d1e2b01caac37302400425a392be5ec25e4d0af998894fc89eac6a902bd543,f34324c6fde36a4f635f0f1f06cac5d25acd6798
32768,36,196608,98304,18,17,17,1,103866.0,5562.0,False,True,6.0,468,5988,ENSG00000166529,196608,7aea7e0a17b970341f6c1501b3b82001b7751c95f1d0678eaa5aaed8c62aaabe,f34324c6fde36a4f635f0f1f06cac5d25acd6798
32768,36,196608,98304,18,17,17,1,103866.0,5562.0,False,True,6.0,468,5988,ENSG00000182318,196608,9dfadd05b20ddd7747f19ed5960e175a6c9a6b0564efbf23f41b5cf607cdc066,f34324c6fde36a4f635f0f1f06cac5d25acd6798
32768,36,196608,98304,18,17,17,1,103866.0,5562.0,False,True,6.0,468,5988,ENSG00000187987,196608,71d46315dfb69ae7d875dd50a8728e5ace8c665b079bae58f17843328e6f7965,f34324c6fde36a4f635f0f1f06cac5d25acd6798
32768,36,196608,98304,18,17,17,1,103866.0,5562.0,False,True,6.0,468,5988,ENSG00000197037,196608,84be0c63006285ef6a9113b761baf8f2c129d927f6cb785a9b9e0d12fa82450b,f34324c6fde36a4f635f0f1f06cac5d25acd6798
32768,36,196608,98304,18,17,17,1,103866.0,5562.0,False,True,6.0,468,5988,ENSG00000197062,196608,8e3595c315309f81a43ecc6fc22bb2893153061ef322950b3114750a8a4739c3,f34324c6fde36a4f635f0f1f06cac5d25acd6798
32768,36,196608,98304,18,17,17,1,103866.0,5562.0,False,True,6.0,468,5988,ENSG00000140265,196608,b5fb998bf97aaca3c65480fdfbf35d4c99b16ac1c2482fdd1199e844722fdccd,f34324c6fde36a4f635f0f1f06cac5d25acd6798
32768,36,196608,98304,18,17,17,1,103866.0,5562.0,False,True,6.0,468,5988,ENSG00000186814,196608,30bc706de0824819aaa9db393c2086058e0a75aa274d43dab818ce942e85b480,f34324c6fde36a4f635f0f1f06cac5d25acd6798
32768,36,196608,98304,18,17,17,1,103866.0,5562.0,False,True,6.0,468,5988,ENSG00000235109,196608,46d45954dae6a17b0eba6a7728264a6d9600cbcdfabd2179760335f0d4d1630c,f34324c6fde36a4f635f0f1f06cac5d25acd6798
32768,36,196608,98304,18,17,17,1,103866.0,5562.0,False,True,6.0,468,5988,ENSG00000140987,196608,97626d9c7e3b3c8be7209ac00a4c502a1efb73a5b94577c9cf75c1cef5a8f8eb,f34324c6fde36a4f635f0f1f06cac5d25acd6798
32768,36,196608,98304,18,17,17,1,103866.0,5562.0,False,True,6.0,468,5988,ENSG00000168612,196608,2b13e6ceeaa15f5fd4e2083e44f8f82fd9a9656f5d655ce96f6adeab58bd17df,f34324c6fde36a4f635f0f1f06cac5d25acd6798
32768,36,196608,98304,18,17,17,1,103866.0,5562.0,False,True,6.0,468,5988,ENSG00000163012,196608,248bf144f7782bb606623ee78039adafac9eaadef854996d07a5523c855970f3,f34324c6fde36a4f635f0f1f06cac5d25acd6798
32768,36,196608,98304,18,17,17,1,103866.0,5562.0,False,True,6.0,468,5988,ENSG00000132801,196608,47155452a7d682c224852be80542135955bfff129137f9c956ecec6c9bd2f33f,f34324c6fde36a4f635f0f1f06cac5d25acd6798
32768,36,196608,98304,18,17,17,1,103866.0,5562.0,False,True,6.0,468,5988,ENSG00000132003,196608,a13d0a23ede9213d4360e8f66276d4107866e7bf966f9c226f5b3bd0f42d2d53,f34324c6fde36a4f635f0f1f06cac5d25acd6798
32768,36,196608,98304,18,17,17,1,103866.0,5562.0,False,True,6.0,468,5988,ENSG00000162415,196608,228e4e4c30221129938e2d0b099cb60d6d11689e18812779d4e0b4e7595f3dbd,f34324c6fde36a4f635f0f1f06cac5d25acd6798
32768,36,196608,98304,18,17,17,1,103866.0,5562.0,False,True,6.0,468,5988,ENSG00000130449,196608,992c959bc672fe1849465d16e46804e8d1f02e828a863cd77fcd72fd8e0a953b,f34324c6fde36a4f635f0f1f06cac5d25acd6798
32768,36,196608,98304,18,17,17,1,103866.0,5562.0,False,True,6.0,468,5988,ENSG00000214941,196608,10d987591dd067c2007fd3244fc4df0c947060355d58da78f8c974c0b34df38e,f34324c6fde36a4f635f0f1f06cac5d25acd6798
32768,36,196608,98304,18,17,17,1,103866.0,5562.0,False,True,6.0,468,5988,ENSG00000214655,196608,35116d2a2df9f6099702f7d27f7859834cfaa0e421b5573819661ba3c6f6bc38,f34324c6fde36a4f635f0f1f06cac5d25acd6798
32768,36,196608,98304,18,17,17,1,103866.0,5562.0,False,True,6.0,468,5988,ENSG00000185453,196608,80df7486c1aa72dd20c577b61579323defecc9d7a9c3bb14f42b335d0758866d,f34324c6fde36a4f635f0f1f06cac5d25acd6798
32768,36,196608,98304,18,17,17,1,103866.0,5562.0,False,True,6.0,468,5988,ENSG00000153975,196608,bdcbe81ba6111b6e26995f441b2cae012cc91fe06db71b04a0c1bc4cf86a92e5,f34324c6fde36a4f635f0f1f06cac5d25acd6798
32768,36,196608,98304,18,17,17,1,103866.0,5562.0,False,True,6.0,468,5988,ENSG00000198205,196608,7f4f12d9bf912a8a52f729ac744e2066a3bfabb72692ea1828ef8747cc083ae7,f34324c6fde36a4f635f0f1f06cac5d25acd6798
32768,36,196608,98304,18,17,17,1,103866.0,5562.0,False,True,6.0,468,5988,ENSG00000198455,196608,cb4fa6a7070d80cd5d727d48f02b7be44518c130892ff99379101d9d55ccd579,f34324c6fde36a4f635f0f1f06cac5d25acd6798
32768,36,196608,98304,18,17,17,1,103866.0,5562.0,False,True,6.0,468,5988,ENSG00000070476,196608,822b25781b1640529236a56aa2388ecbd0c5dbe9d051ab4c9a6060e9f70d8afe,f34324c6fde36a4f635f0f1f06cac5d25acd6798
32768,36,196608,98304,18,17,17,1,103866.0,5562.0,False,True,6.0,468,5988,ENSG00000074755,196608,9dc931bafe237bbd6e925e0d7d446cb31613c675c29ecaf9393f653a22ddef17,f34324c6fde36a4f635f0f1f06cac5d25acd6798
32768,36,196608,98304,18,17,17,1,103866.0,5562.0,False,True,6.0,468,5988,ENSG00000036549,196608,8aa186574b2566279ce927089ac06d63c0e9f0931acce7eb68124730fa76e229,f34324c6fde36a4f635f0f1f06cac5d25acd6798
32768,36,196608,98304,18,17,17,1,103866.0,5562.0,False,True,6.0,468,5988,ENSG00000113722,196608,4cf7e9b2201de8b733bc153d83ff3795e8821c1d903405be3c0bfde8a067874e,f34324c6fde36a4f635f0f1f06cac5d25acd6798
32768,36,196608,98304,18,17,17,1,103866.0,5562.0,False,True,6.0,468,5988,ENSG00000165556,196608,af382300724ce85ab0daccaa8888b17d1950674593f6b5d4de5b2d86d91ee81f,f34324c6fde36a4f635f0f1f06cac5d25acd6798
32768,36,196608,98304,18,17,17,1,103866.0,5562.0,False,True,6.0,468,5988,ENSG00000131264,196608,17def87a06af1ed7ff3f93bcb4ea19f5d0b0a8b86530f9d8ca28ac2c0d58f002,f34324c6fde36a4f635f0f1f06cac5d25acd6798
32768,36,196608,98304,18,17,17,1,103866.0,5562.0,False,True,6.0,468,5988,ENSG00000143418,196608,c6a5521368024fe69db67cd7e998c1dce917a6ba372f46ae7fb987f2ea306484,f34324c6fde36a4f635f0f1f06cac5d25acd6798
32768,36,196608,98304,18,17,17,1,103866.0,5562.0,False,True,6.0,468,5988,ENSG00000154227,196608,a33cc3727092942ead31b1d7a4e01e5404a1b4038e397e46d68c2778c48b4e50,f34324c6fde36a4f635f0f1f06cac5d25acd6798
32768,36,196608,98304,18,17,17,1,103866.0,5562.0,False,True,6.0,468,5988,ENSG00000090661,196608,23e545ed56a01312df120c8fd83a772a3da796fafae23b2dfae807b81ea0d9f7,f34324c6fde36a4f635f0f1f06cac5d25acd6798
32768,36,196608,98304,18,17,17,1,103866.0,5562.0,False,True,6.0,468,5988,ENSG00000139624,196608,d35bb49b74817006c53cfd660c6595cae7bd51bdb0fece5ec9db5a668eb6324d,f34324c6fde36a4f635f0f1f06cac5d25acd6798
32768,36,196608,98304,18,17,17,1,103866.0,5562.0,False,True,6.0,468,5988,ENSG00000172292,196608,90caee1bf4cf7b5dc0aa36bab4406cf624257c510857379141f1fe619120c03e,f34324c6fde36a4f635f0f1f06cac5d25acd6798
81503,88,196608,98304,44,17,17,27,156700.0,58396.0,False,True,2.412279302602358,245,5988,ENSG00000198824,196608,4fff3860b57d7d9ed884afd11330fb1020e78dc6fdfbd473c2ced2755915f6d0,f34324c6fde36a4f635f0f1f06cac5d25acd6798
32768,36,196608,98304,18,17,17,1,103866.0,5562.0,False,True,6.0,468,5988,ENSG00000148337,196608,8e134a92ba4a0dcd08147505433cab9f53ed75642dc8e90aefe407a801b709c9,f34324c6fde36a4f635f0f1f06cac5d25acd6798
32768,36,196608,98304,18,17,17,1,103866.0,5562.0,False,True,6.0,468,5988,ENSG00000134852,196608,64e3a7f3517bff0ac51d4cfe7746f8ec18619afb4b638d6704112356e578c2b2,f34324c6fde36a4f635f0f1f06cac5d25acd6798
32768,36,196608,98304,18,17,17,1,103866.0,5562.0,False,True,6.0,468,5988,ENSG00000169714,196608,44708ced30d260f254973bb1af3cb953a168d7ac594e985f2e796e87701fad93,f34324c6fde36a4f635f0f1f06cac5d25acd6798
32768,36,196608,98304,18,17,17,1,103866.0,5562.0,False,True,6.0,468,5988,ENSG00000080802,196608,5e90fed4427e057b6b3c06af9d99bc2318e22e83f601cea26eca027b7ec5b70e,f34324c6fde36a4f635f0f1f06cac5d25acd6798
32768,36,196608,98304,18,17,17,1,103866.0,5562.0,False,True,6.0,468,5988,ENSG00000160917,196608,a755967b9033b0ba21dfb1d55d2c13abebe618c4b047c63018c26101bf6a3f09,f34324c6fde36a4f635f0f1f06cac5d25acd6798
32768,36,196608,98304,18,17,17,1,103866.0,5562.0,False,True,6.0,468,5988,ENSG00000187959,196608,85a8e879a1e88ec080a6e67299aa8696cd19bf6c728289d4e8ad284138e81eb2,f34324c6fde36a4f635f0f1f06cac5d25acd6798
32768,36,196608,98304,18,17,17,1,103866.0,5562.0,False,True,6.0,468,5988,ENSG00000147183,196608,1cf46741ffaaccc67ae61ac4bc1adc278258f334139420cadf445e68dd59716b,f34324c6fde36a4f635f0f1f06cac5d25acd6798
32768,36,196608,98304,18,17,17,1,103866.0,5562.0,False,True,6.0,468,5988,ENSG00000107175,196608,c72f2dbda7544adc87514000a836e1bba71a2b33dc2f525094563e2f22211360,f34324c6fde36a4f635f0f1f06cac5d25acd6798
32768,36,196608,98304,18,17,17,1,103866.0,5562.0,False,True,6.0,468,5988,ENSG00000157613,196608,d724804a4b7dc6e048e273d64cab0a2416b92d7957addb9fc7c99d932a85b3b8,f34324c6fde36a4f635f0f1f06cac5d25acd6798
32768,36,196608,98304,18,17,17,1,103866.0,5562.0,False,True,6.0,468,5988,ENSG00000182158,196608,ee08d832884fdc4c19c32ce3fa1e7b7df461f7c1766749ce9fdd6ff39fb17e39,f34324c6fde36a4f635f0f1f06cac5d25acd6798
32768,36,196608,98304,18,17,17,1,103866.0,5562.0,False,True,6.0,468,5988,ENSG00000060566,196608,6c816674ad7d85e0680ec5bc969ad8ade75f21aac1db580070551e5f97f5f7b6,f34324c6fde36a4f635f0f1f06cac5d25acd6798
32768,36,196608,98304,18,17,17,1,103866.0,5562.0,False,True,6.0,468,5988,ENSG00000143578,196608,baf4f6c2ebf94226bca59bf151ab930596656040e4e6aea32e34c9d391111c23,f34324c6fde36a4f635f0f1f06cac5d25acd6798
32768,36,196608,98304,18,17,17,1,103866.0,5562.0,False,True,6.0,468,5988,ENSG00000146592,196608,26f5fb5bf01976e7e77a5033b94d8c563292bca67fcb1e41cfdfde2fe6d934d9,f34324c6fde36a4f635f0f1f06cac5d25acd6798
32768,36,196608,98304,18,17,17,1,103866.0,5562.0,False,True,6.0,468,5988,ENSG00000005339,196608,79091e20ea39ee31bfb01d172f454b2960b04d53bab49e6a0adb000390191329,f34324c6fde36a4f635f0f1f06cac5d25acd6798
32768,36,196608,98304,18,17,17,1,103866.0,5562.0,False,True,6.0,468,5988,ENSG00000105392,196608,222ff2a6066d05912cb3c924b129f24595a66e536d8c774d37825b215e3e014c,f34324c6fde36a4f635f0f1f06cac5d25acd6798
32768,36,196608,98304,18,17,17,1,103866.0,5562.0,False,True,6.0,468,5988,ENSG00000102974,196608,58bfe8daad33a6b02b1f524db8bde6f2aed8bbc2b5336bdb4775267b67c6e04f,f34324c6fde36a4f635f0f1f06cac5d25acd6798
32768,36,196608,98304,18,17,17,1,103866.0,5562.0,False,True,6.0,468,5988,ENSG00000257923,196608,9e93099ecdb8a39d3d946f65f5c1b60506f3d91919243b575b2e248b135edb92,f34324c6fde36a4f635f0f1f06cac5d25acd6798
32768,36,196608,98304,18,17,17,1,103866.0,5562.0,False,True,6.0,468,5988,ENSG00000111249,196608,bdba59601f2228b6884225efc004be9f5f7513e3d07d674baa331d353754b1ab,f34324c6fde36a4f635f0f1f06cac5d25acd6798
32768,36,196608,98304,18,17,17,1,103866.0,5562.0,False,True,6.0,468,5988,ENSG00000154832,196608,6e3ffc14a109a16872e1407d2e02cbf4387878be894076c10de7524815a9c83c,f34324c6fde36a4f635f0f1f06cac5d25acd6798
32768,36,196608,98304,18,17,17,1,103866.0,5562.0,False,True,6.0,468,5988,ENSG00000168772,196608,56f92bf494ba204a472ce464e7eff19dea79becbd2c6fdbf9232f65f15881e58,f34324c6fde36a4f635f0f1f06cac5d25acd6798
32768,36,196608,98304,18,17,17,1,103866.0,5562.0,False,True,6.0,468,5988,ENSG00000171604,196608,65cc1fed9df742bd01a4a7c299767d364ee8456c71015ae86174a378131014d8,f34324c6fde36a4f635f0f1f06cac5d25acd6798
32768,36,196608,98304,18,17,17,1,103866.0,5562.0,False,True,6.0,468,5988,ENSG00000006634,196608,d6ae8b1aa35281895135a3a5c682dee4d5150f2ca615602cf62b70a3e1ca3048,f34324c6fde36a4f635f0f1f06cac5d25acd6798
32768,36,196608,98304,18,17,17,1,103866.0,5562.0,False,True,6.0,468,5988,ENSG00000161692,196608,5f4f2e23ec187a503ca26c2d436bd275b312c9b3888795d22498ca0e92674b38,f34324c6fde36a4f635f0f1f06cac5d25acd6798
32768,36,196608,98304,18,17,17,1,103866.0,5562.0,False,True,6.0,468,5988,ENSG00000105516,196608,cbf4f5f03ba1683f7f6d6adcd1470dd675f4371e48a03cb0e9cb1ca80ca53002,f34324c6fde36a4f635f0f1f06cac5d25acd6798
32768,36,196608,98304,18,17,17,1,103866.0,5562.0,False,True,6.0,468,5988,ENSG00000109851,196608,318859595d4d983d31faa4c9b5ca095f1b12183179e8ebbbc84e37b6875f81d6,f34324c6fde36a4f635f0f1f06cac5d25acd6798
32768,36,196608,98304,18,17,17,1,103866.0,5562.0,False,True,6.0,468,5988,ENSG00000185610,196608,debd299a9b9313aa38a22517e71fafb02ff16b01a6098e80b98423b714b8e02d,f34324c6fde36a4f635f0f1f06cac5d25acd6798
32768,36,196608,98304,18,17,17,1,103866.0,5562.0,False,True,6.0,468,5988,ENSG00000198924,196608,4275616599a716ae0acff75557a6821cb748f7b02f70cf815125beec45973d34,f34324c6fde36a4f635f0f1f06cac5d25acd6798
32768,36,196608,98304,18,17,17,1,103866.0,5562.0,False,True,6.0,468,5988,ENSG00000118197,196608,57bdce16f63edf9b72ec8c30ab73e33d54a9b14b27bd7a7243f323c7fddc43c0,f34324c6fde36a4f635f0f1f06cac5d25acd6798
32768,36,196608,98304,18,17,17,1,103866.0,5562.0,False,True,6.0,468,5988,ENSG00000177030,196608,cd9a57a28873b84f0f86703ccfc65b958932a3568d0dbef313ef0d3b3b500f89,f34324c6fde36a4f635f0f1f06cac5d25acd6798
32768,36,196608,98304,18,17,17,1,103866.0,5562.0,False,True,6.0,468,5988,ENSG00000163214,196608,5151ea58fb320644b25b5e9299959fe8b1f45c1227e06415b2c5562280407956,f34324c6fde36a4f635f0f1f06cac5d25acd6798
32768,36,196608,98304,18,17,17,1,103866.0,5562.0,False,True,6.0,468,5988,ENSG00000144355,196608,e442dc9c5a8743900fe4e44a292006ce1b56e558f836898c410a79fc5e51b326,f34324c6fde36a4f635f0f1f06cac5d25acd6798
32768,36,196608,98304,18,17,17,1,103866.0,5562.0,False,True,6.0,468,5988,ENSG00000115844,196608,a395ea225977d80abf8dec35f7800298c45cdd29ec24c2baeecc02a855c2b2c8,f34324c6fde36a4f635f0f1f06cac5d25acd6798
32768,36,196608,98304,18,17,17,1,103866.0,5562.0,False,True,6.0,468,5988,ENSG00000064195,196608,30eb924f3b0bd25f6f133f0121b7eabc05c0131635221b99ea9c57a2eb65f8cd,f34324c6fde36a4f635f0f1f06cac5d25acd6798
32768,36,196608,98304,18,17,17,1,103866.0,5562.0,False,True,6.0,468,5988,ENSG00000108813,196608,2e81fb430b068895e38bba495444ce79a758389aee874daefbac22e4329cdc21,f34324c6fde36a4f635f0f1f06cac5d25acd6798
32768,36,196608,98304,18,17,17,1,103866.0,5562.0,False,True,6.0,468,5988,ENSG00000105880,196608,3de59ee24943f58039e7ebf2063fb7f794773c3fb938a52807d03875ea183681,f34324c6fde36a4f635f0f1f06cac5d25acd6798
32768,36,196608,98304,18,17,17,1,103866.0,5562.0,False,True,6.0,468,5988,ENSG00000006377,196608,2c52cf71ad32520c3973db94dbb8e00cad7a4dc6fe3221e28402823a895cbd2c,f34324c6fde36a4f635f0f1f06cac5d25acd6798
32768,36,196608,98304,18,17,17,1,103866.0,5562.0,False,True,6.0,468,5988,ENSG00000197587,196608,23a76007dc3316a8125095a0e746e4fac93a7cb7be0fb1caf2cfd57000a39801,f34324c6fde36a4f635f0f1f06cac5d25acd6798
32768,36,196608,98304,18,17,17,1,103866.0,5562.0,False,True,6.0,468,5988,ENSG00000198947,196608,8bcbd786f3870cbcccb47ca8f0de614b1ae07c9cd1693fc0130de3c0c9cf755d,f34324c6fde36a4f635f0f1f06cac5d25acd6798
32768,36,196608,98304,18,17,17,1,103866.0,5562.0,False,True,6.0,468,5988,ENSG00000168724,196608,be40dc02ffac176e9fd58e274cac0f408bcf2a9baf085e8aea6e02bda6e495d7,f34324c6fde36a4f635f0f1f06cac5d25acd6798
32768,36,196608,98304,18,17,17,1,103866.0,5562.0,False,True,6.0,468,5988,ENSG00000213221,196608,3d23383659269a65da2ed6817d71be846f2d9668ce28b7bf2ac8ddb8ae8936c8,f34324c6fde36a4f635f0f1f06cac5d25acd6798
32768,36,196608,98304,18,17,17,1,103866.0,5562.0,False,True,6.0,468,5988,ENSG00000130816,196608,dc54867fb9226ab4e5343f65bbb31cdccb0c889aeb19765486b2d611923aba46,f34324c6fde36a4f635f0f1f06cac5d25acd6798
32768,36,196608,98304,18,17,17,1,103866.0,5562.0,False,True,6.0,468,5988,ENSG00000011332,196608,519de57c8b8c315add4a26cbb994aaeea00544737443ec64c0c84ffc0c1a7330,f34324c6fde36a4f635f0f1f06cac5d25acd6798
32768,36,196608,98304,18,17,17,1,103866.0,5562.0,False,True,6.0,468,5988,ENSG00000133884,196608,964a56de79e3745c4c1fd93445ec86a8aae98d87f26fb873f8337b8ddd0fc472,f34324c6fde36a4f635f0f1f06cac5d25acd6798
32768,36,196608,98304,18,17,17,1,103866.0,5562.0,False,True,6.0,468,5988,ENSG00000205683,196608,caea851d3caef6e8b0be37b0581ff6ec3b0e09f71c10e82a37e6f95df875af97,f34324c6fde36a4f635f0f1f06cac5d25acd6798
32768,36,196608,98304,18,17,17,1,103866.0,5562.0,False,True,6.0,468,5988,ENSG00000204595,196608,c33d686349ec6fa40728162ee10e8373b378bea05259754ebbf684da810bcb15,f34324c6fde36a4f635f0f1f06cac5d25acd6798
32768,36,196608,98304,18,17,17,1,103866.0,5562.0,False,True,6.0,468,5988,ENSG00000165606,196608,c416555975c1129b9ce2f015b87daad8d1c03c99aa196929f044ea064d765cd3,f34324c6fde36a4f635f0f1f06cac5d25acd6798
32768,36,196608,98304,18,17,17,1,103866.0,5562.0,False,True,6.0,468,5988,ENSG00000102385,196608,81e1cccb7fdfd6ef495d3d7a1c46b09f27f713a78c18d99ce374cc968ce15a2a,f34324c6fde36a4f635f0f1f06cac5d25acd6798
32768,36,196608,98304,18,17,17,1,103866.0,5562.0,False,True,6.0,468,5988,ENSG00000134769,196608,66ea79688a3f7fa6f475247a30a80ceaecac3227048acf87e120552725b8133f,f34324c6fde36a4f635f0f1f06cac5d25acd6798
32768,36,196608,98304,18,17,17,1,103866.0,5562.0,False,True,6.0,468,5988,ENSG00000138101,196608,5b84806af5956a251bfda2ae019b2916061f35c3d6785a801b22f04651979ad4,f34324c6fde36a4f635f0f1f06cac5d25acd6798
32768,36,196608,98304,18,17,17,1,103866.0,5562.0,False,True,6.0,468,5988,ENSG00000141994,196608,62062bb3eee80ba593a3cb76ded4cc24fc609cbe775780ab23ee3d5d6b00842e,f34324c6fde36a4f635f0f1f06cac5d25acd6798
32768,36,196608,98304,18,17,17,1,103866.0,5562.0,False,True,6.0,468,5988,ENSG00000081721,196608,ac862f2988a00457bcdceedda506e95f36a3125009884ec4ee3b44421e9dceab,f34324c6fde36a4f635f0f1f06cac5d25acd6798
32768,36,196608,98304,18,17,17,1,103866.0,5562.0,False,True,6.0,468,5988,ENSG00000258873,196608,90fd6f2951217b8e6e423320cf9089510cf94bf2a8667b9ff818533da94f3a83,f34324c6fde36a4f635f0f1f06cac5d25acd6798
32768,36,196608,98304,18,17,17,1,103866.0,5562.0,False,True,6.0,468,5988,ENSG00000282757,196608,aeaa0a1465918a4135989e73a3abd1b1275d06a5473cd9e411dd79508b872082,f34324c6fde36a4f635f0f1f06cac5d25acd6798
32768,36,196608,98304,18,17,17,1,103866.0,5562.0,False,True,6.0,468,5988,ENSG00000232125,196608,a98eb17405b07979734921e44fed8fe5df9ff661fbb886c1c37a2d17fc5cf6be,f34324c6fde36a4f635f0f1f06cac5d25acd6798
32768,36,196608,98304,18,17,17,1,103866.0,5562.0,False,True,6.0,468,5988,ENSG00000134874,196608,3dbb1af040bf7e7c258ff7cca140779c39a0eff99a1ec2164865cbca983dd66b,f34324c6fde36a4f635f0f1f06cac5d25acd6798
32768,36,196608,98304,18,17,17,1,103866.0,5562.0,False,True,6.0,468,5988,ENSG00000158163,196608,d0c8f8515638c1a28bc8c1f8cd9c0277eef4a5acb7898d42ffddeb762a04de33,f34324c6fde36a4f635f0f1f06cac5d25acd6798
32768,36,196608,98304,18,17,17,1,103866.0,5562.0,False,True,6.0,468,5988,ENSG00000101412,196608,915c898355db6a8eab849ac2ea8fbbab8e0a2fb29bcd21d6c92999e22901817f,f34324c6fde36a4f635f0f1f06cac5d25acd6798
32768,36,196608,98304,18,17,17,1,103866.0,5562.0,False,True,6.0,468,5988,ENSG00000007968,196608,73ec3f031f40c1005dd0072edcd139869f322026057f7f9de01a12c08512bb7d,f34324c6fde36a4f635f0f1f06cac5d25acd6798
32768,36,196608,98304,18,17,17,1,103866.0,5562.0,False,True,6.0,468,5988,ENSG00000112242,196608,8ed49e9e35144e4533fb1f350f56bfa77b128e627c3283c28c030e6f73de77ac,f34324c6fde36a4f635f0f1f06cac5d25acd6798
32768,36,196608,98304,18,17,17,1,103866.0,5562.0,False,True,6.0,468,5988,ENSG00000205250,196608,bd04c5cd217f44b3f0cd0f2c36cf3331d6d80afc8e7c1d80a995bc3f95413714,f34324c6fde36a4f635f0f1f06cac5d25acd6798
32768,36,196608,98304,18,17,17,1,103866.0,5562.0,False,True,6.0,468,5988,ENSG00000133740,196608,aa9936f9bfa31b0509639b7a06456778867d3435d094931500ac884ee9f81795,f34324c6fde36a4f635f0f1f06cac5d25acd6798
32768,36,196608,98304,18,17,17,1,103866.0,5562.0,False,True,6.0,468,5988,ENSG00000169016,196608,717c36176cdbef8f2cd9a874f53b2c3fa73969f43c6700e5ece5c815bdf6a8c2,f34324c6fde36a4f635f0f1f06cac5d25acd6798
32768,36,196608,98304,18,17,17,1,103866.0,5562.0,False,True,6.0,468,5988,ENSG00000165891,196608,2831bfbb19a94183c24c28e61720ba39bda086aaa5d0f79d238102f43c39bcce,f34324c6fde36a4f635f0f1f06cac5d25acd6798
32768,36,196608,98304,18,17,17,1,103866.0,5562.0,False,True,6.0,468,5988,ENSG00000129173,196608,7bd58e62968c78708ed2f084cf88a32d58cfc71216b097a59cafcd996a110c03,f34324c6fde36a4f635f0f1f06cac5d25acd6798
32768,36,196608,98304,18,17,17,1,103866.0,5562.0,False,True,6.0,468,5988,ENSG00000167967,196608,94bc118465e9e9fede877733268474b88e4b56d290cc51148a8e74baf05c6d18,f34324c6fde36a4f635f0f1f06cac5d25acd6798
32768,36,196608,98304,18,17,17,1,103866.0,5562.0,False,True,6.0,468,5988,ENSG00000164330,196608,5db9a43f4c49c176579a6a539f66cb04014f5f170814e38b0665b30d96d441b6,f34324c6fde36a4f635f0f1f06cac5d25acd6798
32768,36,196608,98304,18,17,17,1,103866.0,5562.0,False,True,6.0,468,5988,ENSG00000221818,196608,52170371c7a8fbd2045b14105c3cb3eddc548a60664d0888ef88a4ac7bfe6c9b,f34324c6fde36a4f635f0f1f06cac5d25acd6798
32768,36,196608,98304,18,17,17,1,103866.0,5562.0,False,True,6.0,468,5988,ENSG00000108001,196608,14a9badcd90662400f7f0ffda9d4953f6f7f3eed51ef86e34b0a73bd3fd8ccde,f34324c6fde36a4f635f0f1f06cac5d25acd6798
32768,36,196608,98304,18,17,17,1,103866.0,5562.0,False,True,6.0,468,5988,ENSG00000088881,196608,9c33e799b25a232effb587e3fe25a9a197bab700a219ce0523b837dc6fd11073,f34324c6fde36a4f635f0f1f06cac5d25acd6798
32768,36,196608,98304,18,17,17,1,103866.0,5562.0,False,True,6.0,468,5988,ENSG00000102189,196608,d1e6acb1d3d1e794a5fc03f6793cc9bb5932d2141e61f3ccc80cfbeaec337606,f34324c6fde36a4f635f0f1f06cac5d25acd6798
32768,36,196608,98304,18,17,17,1,103866.0,5562.0,False,True,6.0,468,5988,ENSG00000135766,196608,88e36b14d72c1b59e0d71d9aa92869bf0be3aa48f4231abf8849e185fbb8289e,f34324c6fde36a4f635f0f1f06cac5d25acd6798
32768,36,196608,98304,18,17,17,1,103866.0,5562.0,False,True,6.0,468,5988,ENSG00000120738,196608,951c817a5e3ab6b9e90747a410229556d7889f29bcf9e1df7e2210a07f346ccd,f34324c6fde36a4f635f0f1f06cac5d25acd6798
32768,36,196608,98304,18,17,17,1,103866.0,5562.0,False,True,6.0,468,5988,ENSG00000122877,196608,a6fada5a47031ff9857bbb79b6293e42b2e6268def47e5256495b701f3d45614,f34324c6fde36a4f635f0f1f06cac5d25acd6798
32768,36,196608,98304,18,17,17,1,103866.0,5562.0,False,True,6.0,468,5988,ENSG00000179388,196608,19d8afe17c3c9d37759558895d89733bfaeb96c1bcf2868e7bb8f422d4954b27,f34324c6fde36a4f635f0f1f06cac5d25acd6798
32768,36,196608,98304,18,17,17,1,103866.0,5562.0,False,True,6.0,468,5988,ENSG00000135625,196608,1f15cfeb0ec03b99d28fe11f385939670963e7ba8e3319a07689a03360587eb9,f34324c6fde36a4f635f0f1f06cac5d25acd6798
32768,36,196608,98304,18,17,17,1,103866.0,5562.0,False,True,6.0,468,5988,ENSG00000135373,196608,86085f934fd36067285af637be140f8e56474921d789e7f6e3170f62a5046d4f,f34324c6fde36a4f635f0f1f06cac5d25acd6798
32768,36,196608,98304,18,17,17,1,103866.0,5562.0,False,True,6.0,468,5988,ENSG00000120690,196608,2ef671126917b087d3d553ebe1010a53ad964593d2d6e693682a868a992b01bf,f34324c6fde36a4f635f0f1f06cac5d25acd6798
32768,36,196608,98304,18,17,17,1,103866.0,5562.0,False,True,6.0,468,5988,ENSG00000109381,196608,3016b9e43d45775b32c2e2e2293c26e195d7e9d88ed9270a7c4bfa493315bfb4,f34324c6fde36a4f635f0f1f06cac5d25acd6798
32768,36,196608,98304,18,17,17,1,103866.0,5562.0,False,True,6.0,468,5988,ENSG00000163435,196608,f05803927b34bda8aa9f2d4a24b4a5fa8c2d765aa512615b1304cd05cb27e182,f34324c6fde36a4f635f0f1f06cac5d25acd6798
32768,36,196608,98304,18,17,17,1,103866.0,5562.0,False,True,6.0,468,5988,ENSG00000102034,196608,9292f1c73438bf466e6c00e325fe3f33628a0d3ae784d0eafd69b502b9269531,f34324c6fde36a4f635f0f1f06cac5d25acd6798
32768,36,196608,98304,18,17,17,1,103866.0,5562.0,False,True,6.0,468,5988,ENSG00000135374,196608,e4a4b619fdbf9fee34debb0d85b99813503682ef0919838635ca2218abad5a07,f34324c6fde36a4f635f0f1f06cac5d25acd6798
32768,36,196608,98304,18,17,17,1,103866.0,5562.0,False,True,6.0,468,5988,ENSG00000126767,196608,3ddaf21811271a9042c79cd68512476c4d394d6cdd22967f1797399de8b31232,f34324c6fde36a4f635f0f1f06cac5d25acd6798
32768,36,196608,98304,18,17,17,1,103866.0,5562.0,False,True,6.0,468,5988,ENSG00000111145,196608,d6afa07d3ac49436ddf82e09b1c101734f261506e21494e2d25e5d3376221c4e,f34324c6fde36a4f635f0f1f06cac5d25acd6798
32768,36,196608,98304,18,17,17,1,103866.0,5562.0,False,True,6.0,468,5988,ENSG00000158711,196608,8b64850b1c969e2c4ab8c5bd1f44361b89f5370646a16d884e0c46cee0f38e3c,f34324c6fde36a4f635f0f1f06cac5d25acd6798
32768,36,196608,98304,18,17,17,1,103866.0,5562.0,False,True,6.0,468,5988,ENSG00000135638,196608,a828c9240d5f81b5fd0f0f20e6fdbadc2dc238a86a839ae1aaa72a5fe845c023,f34324c6fde36a4f635f0f1f06cac5d25acd6798
32768,36,196608,98304,18,17,17,1,103866.0,5562.0,False,True,6.0,468,5988,ENSG00000170370,196608,aa499dbaf77a6c706d886733f6007d478cfb2b15ede08122a2a2719d4304381d,f34324c6fde36a4f635f0f1f06cac5d25acd6798
32768,36,196608,98304,18,17,17,1,103866.0,5562.0,False,True,6.0,468,5988,ENSG00000163064,196608,8d421462af6d95c5e5e9f0e433dbadaf1049bfa585894a2f547c86d12463ccf0,f34324c6fde36a4f635f0f1f06cac5d25acd6798
32768,36,196608,98304,18,17,17,1,103866.0,5562.0,False,True,6.0,468,5988,ENSG00000164778,196608,d4e8dea4ddb671dd1e7c37c5189fbdf8e69fe55c573efc9d8e17f4f16879114a,f34324c6fde36a4f635f0f1f06cac5d25acd6798
32768,36,196608,98304,18,17,17,1,103866.0,5562.0,False,True,6.0,468,5988,ENSG00000163508,196608,a027c06004eeed4f1212309e82c8b42282297fb1798739ebd238e8e3287a1ea7,f34324c6fde36a4f635f0f1f06cac5d25acd6798
32768,36,196608,98304,18,17,17,1,103866.0,5562.0,False,True,6.0,468,5988,ENSG00000100393,196608,e6c8d14e7d8305e243576c64f5708f4ae660d38a625f17401b94bdc35e9b194e,f34324c6fde36a4f635f0f1f06cac5d25acd6798
32768,36,196608,98304,18,17,17,1,103866.0,5562.0,False,True,6.0,468,5988,ENSG00000116016,196608,af2326edfabbfc9a4007381c3be839d3b8bf60d0338c3fcb72aad18b60fddad5,f34324c6fde36a4f635f0f1f06cac5d25acd6798
32768,36,196608,98304,18,17,17,1,103866.0,5562.0,False,True,6.0,468,5988,ENSG00000104884,196608,e202794dcb85c5ed2b2e091e27982897c1543d49ac7622a504fe8cf4ef8ff459,f34324c6fde36a4f635f0f1f06cac5d25acd6798
32768,36,196608,98304,18,17,17,1,103866.0,5562.0,False,True,6.0,468,5988,ENSG00000163161,196608,a39752356b98b52a5486f255c8ae53fa2b476686cbc1a0ba5c5a175a4660beb7,f34324c6fde36a4f635f0f1f06cac5d25acd6798
32768,36,196608,98304,18,17,17,1,103866.0,5562.0,False,True,6.0,468,5988,ENSG00000105722,196608,7c8cc44aa7c81dec0e1cc9d37f002fbae9f57c96164b391bfc8fdad8180b1aca,f34324c6fde36a4f635f0f1f06cac5d25acd6798
32768,36,196608,98304,18,17,17,1,103866.0,5562.0,False,True,6.0,468,5988,ENSG00000157554,196608,91a00bbe56a84779fa02838aa089cd6cade179c1e4a82efe903ac09d55d851dd,f34324c6fde36a4f635f0f1f06cac5d25acd6798
32768,36,196608,98304,18,17,17,1,103866.0,5562.0,False,True,6.0,468,5988,ENSG00000196678,196608,a72af2484246c2b200bec5213889ebc1818ddc17ae52ed97c59f521349b7b0c9,f34324c6fde36a4f635f0f1f06cac5d25acd6798
32768,36,196608,98304,18,17,17,1,103866.0,5562.0,False,True,6.0,468,5988,ENSG00000164588,196608,a44bd4664d892483577d496cddf2b7d7cf0b4d57feeb0abfe1650349abe942ee,f34324c6fde36a4f635f0f1f06cac5d25acd6798
32768,36,196608,98304,18,17,17,1,103866.0,5562.0,False,True,6.0,468,5988,ENSG00000099822,196608,e786518b87e6c46a5ce413fe4822a5df853fbec35b995bf3746737fbee593290,f34324c6fde36a4f635f0f1f06cac5d25acd6798
32768,36,196608,98304,18,17,17,1,103866.0,5562.0,False,True,6.0,468,5988,ENSG00000143630,196608,3ece7e40b0b12f30be6dca054873ebc9307113fc997d7b766ce9963cd65677a1,f34324c6fde36a4f635f0f1f06cac5d25acd6798
32768,36,196608,98304,18,17,17,1,103866.0,5562.0,False,True,6.0,468,5988,ENSG00000138622,196608,a7df470fccc9ffea120e590c538816eb34af9210d4cd145902bcbd24fd651a21,f34324c6fde36a4f635f0f1f06cac5d25acd6798
32768,36,196608,98304,18,17,17,1,103866.0,5562.0,False,True,6.0,468,5988,ENSG00000122986,196608,be26a2469ec070ba0119b14894efcec608ec0297c05bf929e1e6f9ceb1aec2ec,f34324c6fde36a4f635f0f1f06cac5d25acd6798
32768,36,196608,98304,18,17,17,1,103866.0,5562.0,False,True,6.0,468,5988,ENSG00000111262,196608,241dae66e61d0bd19478b7185693b8e9edb14faf4b88db551f877973feb1a5ce,f34324c6fde36a4f635f0f1f06cac5d25acd6798
32768,36,196608,98304,18,17,17,1,103866.0,5562.0,False,True,6.0,468,5988,ENSG00000177301,196608,a57c89afd5a0f8aaee4194edd216e83305a611ae9dfc6148f74be8ba1faa2377,f34324c6fde36a4f635f0f1f06cac5d25acd6798
32768,36,196608,98304,18,17,17,1,103866.0,5562.0,False,True,6.0,468,5988,ENSG00000177272,196608,e57a1b6219705358181208d4f19c309df45d24154fbf5e99b85735d94f5518ad,f34324c6fde36a4f635f0f1f06cac5d25acd6798
32768,36,196608,98304,18,17,17,1,103866.0,5562.0,False,True,6.0,468,5988,ENSG00000182255,196608,8009ac66710731feaf7ed1e97f1d5af88bc3f7b3ef470a453038aa062e81a55d,f34324c6fde36a4f635f0f1f06cac5d25acd6798
32768,36,196608,98304,18,17,17,1,103866.0,5562.0,False,True,6.0,468,5988,ENSG00000130037,196608,8c7f258c98a6c265ac26902ab43c651bfd019146fb75368fb8511cb9955284a3,f34324c6fde36a4f635f0f1f06cac5d25acd6798
32768,36,196608,98304,18,17,17,1,103866.0,5562.0,False,True,6.0,468,5988,ENSG00000151079,196608,c437ff22e156b84dfe3f545e0da3c26965d1faf1c855463a0325e8266c53cb2f,f34324c6fde36a4f635f0f1f06cac5d25acd6798
32768,36,196608,98304,18,17,17,1,103866.0,5562.0,False,True,6.0,468,5988,ENSG00000104848,196608,722472e53dbd63007dadbff7abfa71a8342909142c755cc96eca79004e502bda,f34324c6fde36a4f635f0f1f06cac5d25acd6798
32768,36,196608,98304,18,17,17,1,103866.0,5562.0,False,True,6.0,468,5988,ENSG00000143105,196608,df43bc33a8dd1d1007cea125c649fb9894e5ffe67c5c30140875275611050cbd,f34324c6fde36a4f635f0f1f06cac5d25acd6798
32768,36,196608,98304,18,17,17,1,103866.0,5562.0,False,True,6.0,468,5988,ENSG00000158445,196608,c08f415c33d79b2ceb16b60f640a022edb9f975392da70494923771111fc02de,f34324c6fde36a4f635f0f1f06cac5d25acd6798
32768,36,196608,98304,18,17,17,1,103866.0,5562.0,False,True,6.0,468,5988,ENSG00000182674,196608,10fec3eb8fc3ad08008fa8958c2f9ed4455929386e633f26bc4fda0d20c63350,f34324c6fde36a4f635f0f1f06cac5d25acd6798
32768,36,196608,98304,18,17,17,1,103866.0,5562.0,False,True,6.0,468,5988,ENSG00000129159,196608,0f4266cd981d7efc7b2eb8e1ed1c37415530537cca734043e4a0013a390d8eaf,f34324c6fde36a4f635f0f1f06cac5d25acd6798
32768,36,196608,98304,18,17,17,1,103866.0,5562.0,False,True,6.0,468,5988,ENSG00000166006,196608,04b2be5ec80092cfc4bfa111d7b63c7b2f1dbe63bbae94cb6af1463935e337e8,f34324c6fde36a4f635f0f1f06cac5d25acd6798
32768,36,196608,98304,18,17,17,1,103866.0,5562.0,False,True,6.0,468,5988,ENSG00000131398,196608,8d21f993adb6e2a6435649df047226b0e0a8d60b4e0f10f0f77b85eb6186835b,f34324c6fde36a4f635f0f1f06cac5d25acd6798
32768,36,196608,98304,18,17,17,1,103866.0,5562.0,False,True,6.0,468,5988,ENSG00000116396,196608,0092d346b1be66c7b48a39f3dd14eb37c0b32753cf948f987baa44b27e8f0b53,f34324c6fde36a4f635f0f1f06cac5d25acd6798
32768,36,196608,98304,18,17,17,1,103866.0,5562.0,False,True,6.0,468,5988,ENSG00000102057,196608,3cec21e2a48400a6a8483dfaad55f72b7e0f6ec45129d8cc62fb0c048d3e9b2c,f34324c6fde36a4f635f0f1f06cac5d25acd6798
32768,36,196608,98304,18,17,17,1,103866.0,5562.0,False,True,6.0,468,5988,ENSG00000184408,196608,358338768f82212650522389a007aa87ab2e0232f7e5fd5be783373611d8252c,f34324c6fde36a4f635f0f1f06cac5d25acd6798
32768,36,196608,98304,18,17,17,1,103866.0,5562.0,False,True,6.0,468,5988,ENSG00000171385,196608,8f77450c90e98f9b7615fdb1436865722457c70fb024ac8af4b449f2983a1de4,f34324c6fde36a4f635f0f1f06cac5d25acd6798
32768,36,196608,98304,18,17,17,1,103866.0,5562.0,False,True,6.0,468,5988,ENSG00000162975,196608,1e56613a9a1e51a29cc3100231113dabf2a951751a89f8c21e3afd61df72d34e,f34324c6fde36a4f635f0f1f06cac5d25acd6798
32768,36,196608,98304,18,17,17,1,103866.0,5562.0,False,True,6.0,468,5988,ENSG00000026559,196608,15894a93b789e2e87acdf0b75cb3c0720ee71666080364a2f2204ac436acd46d,f34324c6fde36a4f635f0f1f06cac5d25acd6798
32768,36,196608,98304,18,17,17,1,103866.0,5562.0,False,True,6.0,468,5988,ENSG00000178342,196608,bed7764f9b4f7ddec4acf367a41501ef6a441b55128af431bb5d28c0b465502c,f34324c6fde36a4f635f0f1f06cac5d25acd6798
32768,36,196608,98304,18,17,17,1,103866.0,5562.0,False,True,6.0,468,5988,ENSG00000171126,196608,14c4369b7b7c6f9d906c5022d39f22acd4ca2d22b339f1afa7d929afc6df2079,f34324c6fde36a4f635f0f1f06cac5d25acd6798
32768,36,196608,98304,18,17,17,1,103866.0,5562.0,False,True,6.0,468,5988,ENSG00000168418,196608,7bcf4244d6a955fd6e0cece4d7fcec858c2b1d9fd00e61a20e0e5578c3621399,f34324c6fde36a4f635f0f1f06cac5d25acd6798
32768,36,196608,98304,18,17,17,1,103866.0,5562.0,False,True,6.0,468,5988,ENSG00000143473,196608,cb7b487b728c8f3619376bc4d63ac8eb9bfbe5656ce9617815c364ebee8fad96,f34324c6fde36a4f635f0f1f06cac5d25acd6798
32768,36,196608,98304,18,17,17,1,103866.0,5562.0,False,True,6.0,468,5988,ENSG00000055118,196608,713dc19495af19f7eb4f747c4852f8b4cb43baa6f901a7c622fa7de0a7636a26,f34324c6fde36a4f635f0f1f06cac5d25acd6798
32768,36,196608,98304,18,17,17,1,103866.0,5562.0,False,True,6.0,468,5988,ENSG00000135519,196608,ebcbe0cb1dedbf9baf2c7681ae99e066a3431d4e6df30f493e0879c4f82c8919,f34324c6fde36a4f635f0f1f06cac5d25acd6798
32768,36,196608,98304,18,17,17,1,103866.0,5562.0,False,True,6.0,468,5988,ENSG00000089558,196608,bb93faead2e274ac7b9eff65c6f73f68065f86fb801cc1002417cdf5df4ed402,f34324c6fde36a4f635f0f1f06cac5d25acd6798
32768,36,196608,98304,18,17,17,1,103866.0,5562.0,False,True,6.0,468,5988,ENSG00000140015,196608,9f794e6e11bf7faf6821403cc3a7fe3e6db735374eee98bac3d3ec0ea29e0541,f34324c6fde36a4f635f0f1f06cac5d25acd6798
32768,36,196608,98304,18,17,17,1,103866.0,5562.0,False,True,6.0,468,5988,ENSG00000173826,196608,50ebd2d7ffc70fbc44284a7c57bc8e74ee8b52a5938d90581275d859b7b15003,f34324c6fde36a4f635f0f1f06cac5d25acd6798
32768,36,196608,98304,18,17,17,1,103866.0,5562.0,False,True,6.0,468,5988,ENSG00000184611,196608,a79c3d7630ae8b9b457662bc1626cd0574b30c301cf38d9c6d55ccb3e4881f3e,f34324c6fde36a4f635f0f1f06cac5d25acd6798
32768,36,196608,98304,18,17,17,1,103866.0,5562.0,False,True,6.0,468,5988,ENSG00000183960,196608,bf64990f9347452c19afc68c5f713e1f47352b0483702fe4e315472e5ddc0e49,f34324c6fde36a4f635f0f1f06cac5d25acd6798
32768,36,196608,98304,18,17,17,1,103866.0,5562.0,False,True,6.0,468,5988,ENSG00000151704,196608,8c52fc703f73156c2c8f265b80203084605a95eacebd133f93653e25180faa7e,f34324c6fde36a4f635f0f1f06cac5d25acd6798
32768,36,196608,98304,18,17,17,1,103866.0,5562.0,False,True,6.0,468,5988,ENSG00000123700,196608,e37a5d0999c2feff5f77680fbc6313f1d8a197f7f0b3e586d853f863d742532a,f34324c6fde36a4f635f0f1f06cac5d25acd6798
32768,36,196608,98304,18,17,17,1,103866.0,5562.0,False,True,6.0,468,5988,ENSG00000162989,196608,72991657e6b15bb75ac04f9094c3a951ad60fba1561842363f740c1af752781f,f34324c6fde36a4f635f0f1f06cac5d25acd6798
32768,36,196608,98304,18,17,17,1,103866.0,5562.0,False,True,6.0,468,5988,ENSG00000168135,196608,1709f4a9fc3d685d808e5759049d092cb323ff09bf24b8a52d11480a70ec6fda,f34324c6fde36a4f635f0f1f06cac5d25acd6798
32768,36,196608,98304,18,17,17,1,103866.0,5562.0,False,True,6.0,468,5988,ENSG00000120457,196608,7eecc00a527cd1b481a5dd0be515f09295c53e71b6668b524083125fe66efff0,f34324c6fde36a4f635f0f1f06cac5d25acd6798
32768,36,196608,98304,18,17,17,1,103866.0,5562.0,False,True,6.0,468,5988,ENSG00000157542,196608,de76ca4adb3c014601181fc7ed9d7296758221916f65ba2249e41f26680f063f,f34324c6fde36a4f635f0f1f06cac5d25acd6798
32768,36,196608,98304,18,17,17,1,103866.0,5562.0,False,True,6.0,468,5988,ENSG00000121361,196608,baceedc0b65c681bf152931222a3c736439f6dbd1c21238c6c08e6a1867500fb,f34324c6fde36a4f635f0f1f06cac5d25acd6798
32768,36,196608,98304,18,17,17,1,103866.0,5562.0,False,True,6.0,468,5988,ENSG00000162728,196608,8e90942941d1a1b25d0ded320fa46a6ba58fb2bda4b50d9b501fa188a9752590,f34324c6fde36a4f635f0f1f06cac5d25acd6798
32768,36,196608,98304,18,17,17,1,103866.0,5562.0,False,True,6.0,468,5988,ENSG00000177807,196608,b9c6cff4bf78bdae52cd5d569ee4b243070b1b59e1a071d513ff86b22cc12fdc,f34324c6fde36a4f635f0f1f06cac5d25acd6798
32768,36,196608,98304,18,17,17,1,103866.0,5562.0,False,True,6.0,468,5988,ENSG00000187486,196608,57b50db62263d78cbdb800288ac933914e0911f0288698f8c2c397dd333f112f,f34324c6fde36a4f635f0f1f06cac5d25acd6798
32768,36,196608,98304,18,17,17,1,103866.0,5562.0,False,True,6.0,468,5988,ENSG00000184185,196608,0623c812626edaafadb44e905314bc5f3e41e2cf3d9fa5ebca901b5796aae4a5,f34324c6fde36a4f635f0f1f06cac5d25acd6798
32768,36,196608,98304,18,17,17,1,103866.0,5562.0,False,True,6.0,468,5988,ENSG00000115474,196608,687f41423df7046a94f9490cc7d5a18909d327ed6b98d9028e1e641690e4686c,f34324c6fde36a4f635f0f1f06cac5d25acd6798
32768,36,196608,98304,18,17,17,1,103866.0,5562.0,False,True,6.0,468,5988,ENSG00000182324,196608,297d5748a61eda6f48c7faf299915e9ee5db912f9af91379c24297f85f0bd687,f34324c6fde36a4f635f0f1f06cac5d25acd6798
32768,36,196608,98304,18,17,17,1,103866.0,5562.0,False,True,6.0,468,5988,ENSG00000157551,196608,525fb67c95e2d0b08e232cdda9d5781df26720f430217b19bd036c9d99e52030,f34324c6fde36a4f635f0f1f06cac5d25acd6798
32768,36,196608,98304,18,17,17,1,103866.0,5562.0,False,True,6.0,468,5988,ENSG00000153822,196608,8a6dd2ceed8ec3920b98db75311ab5ccfc97f1ab50ea9814075819ada28f70ba,f34324c6fde36a4f635f0f1f06cac5d25acd6798
32768,36,196608,98304,18,17,17,1,103866.0,5562.0,False,True,6.0,468,5988,ENSG00000260458,196608,692ed190347c989030543d967b72d52195d5c3a6f54f593d15886d9b23b08eb7,f34324c6fde36a4f635f0f1f06cac5d25acd6798
32768,36,196608,98304,18,17,17,1,103866.0,5562.0,False,True,6.0,468,5988,ENSG00000135750,196608,1745c331d3489bbc079de94d87d7a74136b5c5d30db1324163a4a18d37a7bd8c,f34324c6fde36a4f635f0f1f06cac5d25acd6798
32768,36,196608,98304,18,17,17,1,103866.0,5562.0,False,True,6.0,468,5988,ENSG00000082482,196608,8442d670fb280cb304d0c9545774b7236b14d665bc44ec0109e6abd00a687708,f34324c6fde36a4f635f0f1f06cac5d25acd6798
32768,36,196608,98304,18,17,17,1,103866.0,5562.0,False,True,6.0,468,5988,ENSG00000171303,196608,394cfcc158de8c02009e346b38607c5dac81d2b994cd726e211416c1a9f13323,f34324c6fde36a4f635f0f1f06cac5d25acd6798
32768,36,196608,98304,18,17,17,1,103866.0,5562.0,False,True,6.0,468,5988,ENSG00000182450,196608,a13e6a7ed7af9b9778a7b9db175cdb4c643987e868b32bfae4ca935b62eba70a,f34324c6fde36a4f635f0f1f06cac5d25acd6798
32768,36,196608,98304,18,17,17,1,103866.0,5562.0,False,True,6.0,468,5988,ENSG00000164626,196608,162afb6afccd9f5fe2b18dc036f5a98029cf1d9986b0881b0790baf75fc1c74a,f34324c6fde36a4f635f0f1f06cac5d25acd6798
32768,36,196608,98304,18,17,17,1,103866.0,5562.0,False,True,6.0,468,5988,ENSG00000099337,196608,5ea46070e8051a68b7dbdfd00c1633be9a3e17c95cfbd0a4a0b48376e8c8550a,f34324c6fde36a4f635f0f1f06cac5d25acd6798
32768,36,196608,98304,18,17,17,1,103866.0,5562.0,False,True,6.0,468,5988,ENSG00000173338,196608,dbfd9a97a3a9f6fcefdda04e0ac3c217fddf1f9ee0b42a4ebb12d805e615bad7,f34324c6fde36a4f635f0f1f06cac5d25acd6798
32768,36,196608,98304,18,17,17,1,103866.0,5562.0,False,True,6.0,468,5988,ENSG00000169427,196608,3f0993c0cf701a95149b90dbc30e0538d437393537f7ab55804cb4146d7e3efb,f34324c6fde36a4f635f0f1f06cac5d25acd6798
32768,36,196608,98304,18,17,17,1,103866.0,5562.0,False,True,6.0,468,5988,ENSG00000100433,196608,b3d6d0c515653ea5b1bda9450677a7caab6cd12f767af09a0b36d09ed0c541e9,f34324c6fde36a4f635f0f1f06cac5d25acd6798
32768,36,196608,98304,18,17,17,1,103866.0,5562.0,False,True,6.0,468,5988,ENSG00000184261,196608,a8acd6a32625f910d91d91db1d0c1aabe3f62f4f3c776aa6fcb22ce78b7e7b18,f34324c6fde36a4f635f0f1f06cac5d25acd6798
32768,36,196608,98304,18,17,17,1,103866.0,5562.0,False,True,6.0,468,5988,ENSG00000152315,196608,9f906acc32c3553b2a5623cffa16482ca8d9c34e8febd6cf74e767127faaef49,f34324c6fde36a4f635f0f1f06cac5d25acd6798
32768,36,196608,98304,18,17,17,1,103866.0,5562.0,False,True,6.0,468,5988,ENSG00000124249,196608,f3f51708199ea4848a1e10aa2f67641bb97c4ec195cee9eb44460fb1b507eb37,f34324c6fde36a4f635f0f1f06cac5d25acd6798
32768,36,196608,98304,18,17,17,1,103866.0,5562.0,False,True,6.0,468,5988,ENSG00000095981,196608,d0de606f5721fff385745c6bffc39255015ea4c16ce352e3c3c05cb93538c04f,f34324c6fde36a4f635f0f1f06cac5d25acd6798
32768,36,196608,98304,18,17,17,1,103866.0,5562.0,False,True,6.0,468,5988,ENSG00000124780,196608,8c8ecde855715c6caf5e073399d8dc5eca748f15ae21373f15e4a1a4a0d0010b,f34324c6fde36a4f635f0f1f06cac5d25acd6798
32768,36,196608,98304,18,17,17,1,103866.0,5562.0,False,True,6.0,468,5988,ENSG00000186795,196608,7bff2951fa0066b549925cdfaae58bf14b3c337f33bf2dfac4d64d5834132bb9,f34324c6fde36a4f635f0f1f06cac5d25acd6798
32768,36,196608,98304,18,17,17,1,103866.0,5562.0,False,True,6.0,468,5988,ENSG00000156113,196608,49bd245666da8a0fb02536a12251f3576352900416a61a584b9de21acac11263,f34324c6fde36a4f635f0f1f06cac5d25acd6798
32768,36,196608,98304,18,17,17,1,103866.0,5562.0,False,True,6.0,468,5988,ENSG00000145936,196608,65168a9e414ed56a75955a9550ddcff958fdba288dadfafc72cf11289f9174de,f34324c6fde36a4f635f0f1f06cac5d25acd6798
32768,36,196608,98304,18,17,17,1,103866.0,5562.0,False,True,6.0,468,5988,ENSG00000197584,196608,5d78c2461e5165d61e43fefe468580b63dab859d2a0e25f0740fc4c8f514ea93,f34324c6fde36a4f635f0f1f06cac5d25acd6798
32768,36,196608,98304,18,17,17,1,103866.0,5562.0,False,True,6.0,468,5988,ENSG00000171121,196608,cefa8bc8c2ee603ff91a2ad95e6f0167829289d24348fe30d990720b55e70ee3,f34324c6fde36a4f635f0f1f06cac5d25acd6798
32768,36,196608,98304,18,17,17,1,103866.0,5562.0,False,True,6.0,468,5988,ENSG00000135643,196608,0857f2fd189777e627f6de5bfe6e3bcdefc174b2c23592953e972554416977b0,f34324c6fde36a4f635f0f1f06cac5d25acd6798
32768,36,196608,98304,18,17,17,1,103866.0,5562.0,False,True,6.0,468,5988,ENSG00000105642,196608,ba2294102d1d952ae1afe9e0a030aef77422142003d82b296c7a45abd2008997,f34324c6fde36a4f635f0f1f06cac5d25acd6798
32768,36,196608,98304,18,17,17,1,103866.0,5562.0,False,True,6.0,468,5988,ENSG00000080709,196608,02603b01768e57c771ea678763514b7475bbac60a7efaf5118cb75c144bfd529,f34324c6fde36a4f635f0f1f06cac5d25acd6798
32768,36,196608,98304,18,17,17,1,103866.0,5562.0,False,True,6.0,468,5988,ENSG00000143603,196608,338ad0b5fac863a079f97d2ad7e0da6392f9330d22530448bcb63039bd4efff3,f34324c6fde36a4f635f0f1f06cac5d25acd6798
32768,36,196608,98304,18,17,17,1,103866.0,5562.0,False,True,6.0,468,5988,ENSG00000104783,196608,99dbaee9f9d7c73e3fc1d687fab42b1094912339c001e4b6200416caf7e52412,f34324c6fde36a4f635f0f1f06cac5d25acd6798
32768,36,196608,98304,18,17,17,1,103866.0,5562.0,False,True,6.0,468,5988,ENSG00000053918,196608,8db43f9a83812cf9c4765406d9ebae3d86f6b9eea2c224eacf47d17206a17da0,f34324c6fde36a4f635f0f1f06cac5d25acd6798
32768,36,196608,98304,18,17,17,1,103866.0,5562.0,False,True,6.0,468,5988,ENSG00000075043,196608,e17298f8cc1d6c50ee5d5b37f849b0c173dbdfc71c2fcde2cc9f61ed23a16777,f34324c6fde36a4f635f0f1f06cac5d25acd6798
32768,36,196608,98304,18,17,17,1,103866.0,5562.0,False,True,6.0,468,5988,ENSG00000184156,196608,a9ca4c681a3de127ff3d3a639f4e0422e35bd298b1b1112ad5fbe35714a6bd2f,f34324c6fde36a4f635f0f1f06cac5d25acd6798
32768,36,196608,98304,18,17,17,1,103866.0,5562.0,False,True,6.0,468,5988,ENSG00000117013,196608,150bde41be1e94e4187e8bb0333417aae5bee429c26a8dbd909e1d1c038e7538,f34324c6fde36a4f635f0f1f06cac5d25acd6798
32768,36,196608,98304,18,17,17,1,103866.0,5562.0,False,True,6.0,468,5988,ENSG00000185760,196608,fe0826c928a06db6d17fceb856bacd6fe2f4602d52a54dda6c4b00dbcbeb4e0b,f34324c6fde36a4f635f0f1f06cac5d25acd6798
32768,36,196608,98304,18,17,17,1,103866.0,5562.0,False,True,6.0,468,5988,ENSG00000124134,196608,db8b6b7da6f537a8298c73f2be82e3255b2da3e1745bcea80b3b7170d946e930,f34324c6fde36a4f635f0f1f06cac5d25acd6798
32768,36,196608,98304,18,17,17,1,103866.0,5562.0,False,True,6.0,468,5988,ENSG00000156486,196608,3d41cbc169d6f3cfa5f5d8b9abbe4883cf402e2ed684107ef7305b20eb305b6b,f34324c6fde36a4f635f0f1f06cac5d25acd6798
32768,36,196608,98304,18,17,17,1,103866.0,5562.0,False,True,6.0,468,5988,ENSG00000170745,196608,29f06cb970fc8317178220aba0b90aee6e26b2ccd5d0de2c27798b2d3bd0a486,f34324c6fde36a4f635f0f1f06cac5d25acd6798
32768,36,196608,98304,18,17,17,1,103866.0,5562.0,False,True,6.0,468,5988,ENSG00000107147,196608,6d95f3e4668c7f9cdb384421cb20640d5a2c5aa30c44e38d114e626fef1a76cf,f34324c6fde36a4f635f0f1f06cac5d25acd6798
32768,36,196608,98304,18,17,17,1,103866.0,5562.0,False,True,6.0,468,5988,ENSG00000162687,196608,1af6fd46fe857bfcefdabaf75c0cb4404311ff121451705db41665013156292f,f34324c6fde36a4f635f0f1f06cac5d25acd6798
32768,36,196608,98304,18,17,17,1,103866.0,5562.0,False,True,6.0,468,5988,ENSG00000215262,196608,69100954c33a8b6d189e37cd22c5e81700e144922930237b08289cab8ddd6a2b,f34324c6fde36a4f635f0f1f06cac5d25acd6798
32768,36,196608,98304,18,17,17,1,103866.0,5562.0,False,True,6.0,468,5988,ENSG00000164794,196608,57a5c9ea500e67e7d2d912c2c200c0c12c48bb9a221ea142842301512b44bd7a,f34324c6fde36a4f635f0f1f06cac5d25acd6798
32768,36,196608,98304,18,17,17,1,103866.0,5562.0,False,True,6.0,468,5988,ENSG00000168263,196608,456402c25ee1abff1e370e306e82effb6d4d22d83d98ce954013beac69b3ec9b,f34324c6fde36a4f635f0f1f06cac5d25acd6798
32768,36,196608,98304,18,17,17,1,103866.0,5562.0,False,True,6.0,468,5988,ENSG00000136802,196608,b9555b55991a7ee772015626a9c5355d96a9e62046c0e73159ada2deea5d12ae,f34324c6fde36a4f635f0f1f06cac5d25acd6798
32768,36,196608,98304,18,17,17,1,103866.0,5562.0,False,True,6.0,468,5988,ENSG00000197147,196608,ec28e7a51c765f393f7df366b4612c63d3decad111492fc4308d5ca3e2778de8,f34324c6fde36a4f635f0f1f06cac5d25acd6798
32768,36,196608,98304,18,17,17,1,103866.0,5562.0,False,True,6.0,468,5988,ENSG00000171488,196608,964c15a0114a47ecddb84a09ca1f72cd0ef72b462541c8dbfd630d7f04188dde,f34324c6fde36a4f635f0f1f06cac5d25acd6798
32768,36,196608,98304,18,17,17,1,103866.0,5562.0,False,True,6.0,468,5988,ENSG00000171492,196608,3138aa93c2aac7214f382b307cdb3566741c9d4d5198446dc7d3af6a7b9e4563,f34324c6fde36a4f635f0f1f06cac5d25acd6798
32768,36,196608,98304,18,17,17,1,103866.0,5562.0,False,True,6.0,468,5988,ENSG00000171017,196608,732eb49c712541a4eaef86704bf3d7e16de8b6e0d12b0c512d334c14732d7e94,f34324c6fde36a4f635f0f1f06cac5d25acd6798
32768,36,196608,98304,18,17,17,1,103866.0,5562.0,False,True,6.0,468,5988,ENSG00000110881,196608,fde77af4a162b3a25ed6064da4b0c2a41cf7ea1fadbfccd6c964662ff07657f0,f34324c6fde36a4f635f0f1f06cac5d25acd6798
32768,36,196608,98304,18,17,17,1,103866.0,5562.0,False,True,6.0,468,5988,ENSG00000108684,196608,30ba2fe9e385722fc6a0a0bba10f29527dcdf56b2093857d78ed786f088f20b1,f34324c6fde36a4f635f0f1f06cac5d25acd6798
32768,36,196608,98304,18,17,17,1,103866.0,5562.0,False,True,6.0,468,5988,ENSG00000213199,196608,e106d4a6cc30b35860448bee6d8e35b4ee2883e5a1f26ef138cb877619b0818f,f34324c6fde36a4f635f0f1f06cac5d25acd6798
32768,36,196608,98304,18,17,17,1,103866.0,5562.0,False,True,6.0,468,5988,ENSG00000072182,196608,8bbf98ebed839b9274af7fd256f6c89718b3a5a9f0ac7c526f582bdf8f51069f,f34324c6fde36a4f635f0f1f06cac5d25acd6798
32768,36,196608,98304,18,17,17,1,103866.0,5562.0,False,True,6.0,468,5988,ENSG00000256394,196608,893d81ecf4d7ed152bac04ed1724b9a4e828ba64e67adcbf8232d065b8483313,f34324c6fde36a4f635f0f1f06cac5d25acd6798
32768,36,196608,98304,18,17,17,1,103866.0,5562.0,False,True,6.0,468,5988,ENSG00000090674,196608,c9bc97b88eb382235b6887295ced93857218b69730b09581108212ec48d6c846,f34324c6fde36a4f635f0f1f06cac5d25acd6798
32768,36,196608,98304,18,17,17,1,103866.0,5562.0,False,True,6.0,468,5988,ENSG00000153898,196608,075d4cc09c468eefc9dc14afc5ba78c4f1f4f297b89633f825b7cf084b617a61,f34324c6fde36a4f635f0f1f06cac5d25acd6798
32768,36,196608,98304,18,17,17,1,103866.0,5562.0,False,True,6.0,468,5988,ENSG00000055732,196608,f87d860eab53b5fabf8c9305cf29bda2a14d7d731a4bfad404568cb6a3ebc1f1,f34324c6fde36a4f635f0f1f06cac5d25acd6798
32768,36,196608,98304,18,17,17,1,103866.0,5562.0,False,True,6.0,468,5988,ENSG00000102452,196608,a91f44061101f9702766173b9df465f0edd239d6e9d5ab266642c6680ea99c62,f34324c6fde36a4f635f0f1f06cac5d25acd6798
32768,36,196608,98304,18,17,17,1,103866.0,5562.0,False,True,6.0,468,5988,ENSG00000103335,196608,baf8cd9b96b7a02e26fd2e56a0ce20fbe3d08b094b59649145f10397b5c1b3ff,f34324c6fde36a4f635f0f1f06cac5d25acd6798
32768,36,196608,98304,18,17,17,1,103866.0,5562.0,False,True,6.0,468,5988,ENSG00000154864,196608,325fd26d8417329c86b00c5f4b79f52fcd97cb967bda453bcc7905d5ab66ad2d,f34324c6fde36a4f635f0f1f06cac5d25acd6798
32768,36,196608,98304,18,17,17,1,103866.0,5562.0,False,True,6.0,468,5988,ENSG00000118762,196608,4bd409a8dd42b9d2866a32bca96961308ff5794da4d6b583de573115b0c71a23,f34324c6fde36a4f635f0f1f06cac5d25acd6798
32768,36,196608,98304,18,17,17,1,103866.0,5562.0,False,True,6.0,468,5988,ENSG00000107593,196608,88f98d0d3934f136662b12ff59803091ff939fea400ec9b8a7831128e5df912a,f34324c6fde36a4f635f0f1f06cac5d25acd6798
32768,36,196608,98304,18,17,17,1,103866.0,5562.0,False,True,6.0,468,5988,ENSG00000078795,196608,52fcb920e6137409543d3e256591c8235f392ad1ce8445357a1ae1c49cb6de19,f34324c6fde36a4f635f0f1f06cac5d25acd6798
32768,36,196608,98304,18,17,17,1,103866.0,5562.0,False,True,6.0,468,5988,ENSG00000144285,196608,cc37f9c5fcd3b5f0c2145d28d0934ac730a6a5ee257edd30c8c2f0cf5009377a,f34324c6fde36a4f635f0f1f06cac5d25acd6798
32768,36,196608,98304,18,17,17,1,103866.0,5562.0,False,True,6.0,468,5988,ENSG00000105711,196608,a942251f41c1410b24ec2c5aefbc99fddd0b31bbbb7f09ddccbc25e18d440def,f34324c6fde36a4f635f0f1f06cac5d25acd6798
32768,36,196608,98304,18,17,17,1,103866.0,5562.0,False,True,6.0,468,5988,ENSG00000136531,196608,996c87950d64f46ba625773c8ecbf58fbdfdbf1acdc8bd0736dcbc91126b305c,f34324c6fde36a4f635f0f1f06cac5d25acd6798
32768,36,196608,98304,18,17,17,1,103866.0,5562.0,False,True,6.0,468,5988,ENSG00000149575,196608,2c63d7c6227ce15207e967fc6d4d52c050e4d778f0c9a05eedfc13953d51601e,f34324c6fde36a4f635f0f1f06cac5d25acd6798
32768,36,196608,98304,18,17,17,1,103866.0,5562.0,False,True,6.0,468,5988,ENSG00000153253,196608,8224c48df39439c14117233ecb7f5a00d56822a6cdc706cabb4bd518839e3094,f34324c6fde36a4f635f0f1f06cac5d25acd6798
32768,36,196608,98304,18,17,17,1,103866.0,5562.0,False,True,6.0,468,5988,ENSG00000166257,196608,7af7d39f87d5e801f5b736e7224cd9761d089e49c25b66b44a67f78865218fef,f34324c6fde36a4f635f0f1f06cac5d25acd6798
32768,36,196608,98304,18,17,17,1,103866.0,5562.0,False,True,6.0,468,5988,ENSG00000007314,196608,a4ece8381d15dd0033d3af95a634c19674fa067cc5b5a961c5847fa1f21ea545,f34324c6fde36a4f635f0f1f06cac5d25acd6798
32768,36,196608,98304,18,17,17,1,103866.0,5562.0,False,True,6.0,468,5988,ENSG00000177098,196608,3ac2dce1c5a4c436b48f400798c7cd710ce14e9e00f42c5136f41b9144bc7f38,f34324c6fde36a4f635f0f1f06cac5d25acd6798
32768,36,196608,98304,18,17,17,1,103866.0,5562.0,False,True,6.0,468,5988,ENSG00000183873,196608,200b8bb527fc63ba3ccf4e75df0ab17a1bf29f33ccd05c45c4cc7503e1ff5bb1,f34324c6fde36a4f635f0f1f06cac5d25acd6798
32768,36,196608,98304,18,17,17,1,103866.0,5562.0,False,True,6.0,468,5988,ENSG00000196876,196608,dc929472556f777714177fdbd8fd973519bc24fbca013e46bcc40ade37d4d4aa,f34324c6fde36a4f635f0f1f06cac5d25acd6798
32768,36,196608,98304,18,17,17,1,103866.0,5562.0,False,True,6.0,468,5988,ENSG00000169432,196608,38dbfef3a5c8cc59e70b25b20b0855a7c0fb524c331495269862d93337012759,f34324c6fde36a4f635f0f1f06cac5d25acd6798
32768,36,196608,98304,18,17,17,1,103866.0,5562.0,False,True,6.0,468,5988,ENSG00000185313,196608,b08a0c572682458b6c1966f7bd2900853b20cfe1a84891abc21f31e7560c6029,f34324c6fde36a4f635f0f1f06cac5d25acd6798
32768,36,196608,98304,18,17,17,1,103866.0,5562.0,False,True,6.0,468,5988,ENSG00000168356,196608,8166d8b8619b3f7d28149042096ba43ddb051a5f7e7a24a0dbde82fecb71392a,f34324c6fde36a4f635f0f1f06cac5d25acd6798
32768,36,196608,98304,18,17,17,1,103866.0,5562.0,False,True,6.0,468,5988,ENSG00000111319,196608,86dfe5f248813036ae08436a71af2ccbc4132928fb438820223d0cddace62e8f,f34324c6fde36a4f635f0f1f06cac5d25acd6798
32768,36,196608,98304,18,17,17,1,103866.0,5562.0,False,True,6.0,468,5988,ENSG00000168447,196608,cd8af81aee2e5cf2c3c5fa1e4f28a89caa55d5410ab9457f178a8714b5f8fe98,f34324c6fde36a4f635f0f1f06cac5d25acd6798
32768,36,196608,98304,18,17,17,1,103866.0,5562.0,False,True,6.0,468,5988,ENSG00000162572,196608,fc02b0d12536b7bf107d71124e3acb03a92050063eed8ba5ff8136f4060cbe4b,f34324c6fde36a4f635f0f1f06cac5d25acd6798
32768,36,196608,98304,18,17,17,1,103866.0,5562.0,False,True,6.0,468,5988,ENSG00000166828,196608,2fab0c1d2f7f2e8e723a06eeac993eeb269ee3b2da46373add344d8a5fd57a35,f34324c6fde36a4f635f0f1f06cac5d25acd6798
32768,36,196608,98304,18,17,17,1,103866.0,5562.0,False,True,6.0,468,5988,ENSG00000141837,196608,c4638e57ffcc69189c9bc35645317e13fc3b091c27b2248e59a125cd66ee9a28,f34324c6fde36a4f635f0f1f06cac5d25acd6798
32768,36,196608,98304,18,17,17,1,103866.0,5562.0,False,True,6.0,468,5988,ENSG00000148408,196608,5341e6a0c88a963509d6ee3e233aba75593c9afc2f6ce1075cb9412c8ef1f77d,f34324c6fde36a4f635f0f1f06cac5d25acd6798
32768,36,196608,98304,18,17,17,1,103866.0,5562.0,False,True,6.0,468,5988,ENSG00000151067,196608,c12ff4cc49d373c4ef2b47f3af06463dede2f5cf95908425779a2547373d6e6f,f34324c6fde36a4f635f0f1f06cac5d25acd6798
32768,36,196608,98304,18,17,17,1,103866.0,5562.0,False,True,6.0,468,5988,ENSG00000157388,196608,ce80e92efff398fa528f45b98fb732133c533174a05cb7b758cdec5a06779b8a,f34324c6fde36a4f635f0f1f06cac5d25acd6798
32768,36,196608,98304,18,17,17,1,103866.0,5562.0,False,True,6.0,468,5988,ENSG00000198216,196608,b8a44a8b3c79467b587569517d23f58accd53a47cd06db0b0afff084fe07414c,f34324c6fde36a4f635f0f1f06cac5d25acd6798
32768,36,196608,98304,18,17,17,1,103866.0,5562.0,False,True,6.0,468,5988,ENSG00000102001,196608,94264a6f305a1a3f0a97e7517484a3ff57d60a03b58d0049c2c7e5e0a0f90ed7,f34324c6fde36a4f635f0f1f06cac5d25acd6798
32768,36,196608,98304,18,17,17,1,103866.0,5562.0,False,True,6.0,468,5988,ENSG00000006283,196608,7619b6cf281e0f682e25b01754491b02574455880576aa704c1786c19102bbd0,f34324c6fde36a4f635f0f1f06cac5d25acd6798
32768,36,196608,98304,18,17,17,1,103866.0,5562.0,False,True,6.0,468,5988,ENSG00000196557,196608,128456a5d3dc538b265f32d106b5dbcfa1a6b8540b39e960cd6967260c625444,f34324c6fde36a4f635f0f1f06cac5d25acd6798
32768,36,196608,98304,18,17,17,1,103866.0,5562.0,False,True,6.0,468,5988,ENSG00000100346,196608,2eea7367b924696ecd7194056361efbeb8f998b0e2335429a594e41f377adfc2,f34324c6fde36a4f635f0f1f06cac5d25acd6798
32768,36,196608,98304,18,17,17,1,103866.0,5562.0,False,True,6.0,468,5988,ENSG00000081248,196608,b545391b6da1baf518d62d4706c1fdb0dfdc14cde0f7e7fbb5676328bd391971,f34324c6fde36a4f635f0f1f06cac5d25acd6798
32768,36,196608,98304,18,17,17,1,103866.0,5562.0,False,True,6.0,468,5988,ENSG00000175294,196608,e73eb564419d739123a8fd24efde405844ddbd15ded2d5fbb4760b254c050918,f34324c6fde36a4f635f0f1f06cac5d25acd6798
32768,36,196608,98304,18,17,17,1,103866.0,5562.0,False,True,6.0,468,5988,ENSG00000166762,196608,e48c36cf97333f658d19fa35fc5fd02aff90aa83e230dba31a97d2e0e1c0ee59,f34324c6fde36a4f635f0f1f06cac5d25acd6798
32768,36,196608,98304,18,17,17,1,103866.0,5562.0,False,True,6.0,468,5988,ENSG00000152705,196608,35f723331a131ec19f18527ec4418e49e2dd0d2a3da9ee57361df26ee313c1e7,f34324c6fde36a4f635f0f1f06cac5d25acd6798
32768,36,196608,98304,18,17,17,1,103866.0,5562.0,False,True,6.0,468,5988,ENSG00000188782,196608,f88295fabcf3a092f6e3faff2ec0c03e338e5fae17f2bbf9ce78e88e30a36845,f34324c6fde36a4f635f0f1f06cac5d25acd6798
32768,36,196608,98304,18,17,17,1,103866.0,5562.0,False,True,6.0,468,5988,ENSG00000165091,196608,18ccb29b1c0bb61c51253fb93cb2ef16792d7ce235b5c2957b9ceb8b606bdc7a,f34324c6fde36a4f635f0f1f06cac5d25acd6798
32768,36,196608,98304,18,17,17,1,103866.0,5562.0,False,True,6.0,468,5988,ENSG00000149488,196608,4e547bfafa902e0edb30e35452fe3667d4f18fc4ea6aa1bca6c1a1575cec062e,f34324c6fde36a4f635f0f1f06cac5d25acd6798
32768,36,196608,98304,18,17,17,1,103866.0,5562.0,False,True,6.0,468,5988,ENSG00000188869,196608,18ba5d63979d7b44511e3a9611ba45a26c69a6f92060bbf8d5d9839887b15466,f34324c6fde36a4f635f0f1f06cac5d25acd6798
32768,36,196608,98304,18,17,17,1,103866.0,5562.0,False,True,6.0,468,5988,ENSG00000167608,196608,b09370a7ddaa77bb28d3adac8a9d25d685d61c1070ee5bb6a10488443fb6e89f,f34324c6fde36a4f635f0f1f06cac5d25acd6798
32768,36,196608,98304,18,17,17,1,103866.0,5562.0,False,True,6.0,468,5988,ENSG00000103534,196608,1f17758e900ea2c7427c032f550b178ffb45cb98f5c32bd8721469b989e243ad,f34324c6fde36a4f635f0f1f06cac5d25acd6798
32768,36,196608,98304,18,17,17,1,103866.0,5562.0,False,True,6.0,468,5988,ENSG00000141524,196608,d556c4a0720242d0d389e90a7e9384e0bbb1f047ec84a253767ff98c2e5b5c7d,f34324c6fde36a4f635f0f1f06cac5d25acd6798
32768,36,196608,98304,18,17,17,1,103866.0,5562.0,False,True,6.0,468,5988,ENSG00000170537,196608,206de3fb4e442d63fbb5074f42b2be3be84656ef8151a8265dbcb2929b59394e,f34324c6fde36a4f635f0f1f06cac5d25acd6798
32768,36,196608,98304,18,17,17,1,103866.0,5562.0,False,True,6.0,468,5988,ENSG00000167895,196608,f74e71ec6c24fc5fea94188bc04a3aaf4db7f208d15a67986b1875a1ed48db20,f34324c6fde36a4f635f0f1f06cac5d25acd6798
32768,36,196608,98304,18,17,17,1,103866.0,5562.0,False,True,6.0,468,5988,ENSG00000186815,196608,ff6e4162168957ef5e3d3e73704e0086429ba0b3579c2dcc552188d306babd77,f34324c6fde36a4f635f0f1f06cac5d25acd6798
32768,36,196608,98304,18,17,17,1,103866.0,5562.0,False,True,6.0,468,5988,ENSG00000162341,196608,533c158f6db64377033a46a300903a83a6c3fec0e73d08468b887655c74948b4,f34324c6fde36a4f635f0f1f06cac5d25acd6798
32768,36,196608,98304,18,17,17,1,103866.0,5562.0,False,True,6.0,468,5988,ENSG00000104321,196608,fe5ebe65c394f50ba3ea1174c8cbdb957f9fe1b3a0fafd4b95fd231dc5929fa2,f34324c6fde36a4f635f0f1f06cac5d25acd6798
32768,36,196608,98304,18,17,17,1,103866.0,5562.0,False,True,6.0,468,5988,ENSG00000144935,196608,a5624940492812a996b1b64af6271013ff0cb25d1824566c1eb4d483188fae83,f34324c6fde36a4f635f0f1f06cac5d25acd6798
32768,36,196608,98304,18,17,17,1,103866.0,5562.0,False,True,6.0,468,5988,ENSG00000138741,196608,c364ffc19c99ffbb46111fc10b36e3c823e4f253f1df613b5ab4373139ddc6d5,f34324c6fde36a4f635f0f1f06cac5d25acd6798
32768,36,196608,98304,18,17,17,1,103866.0,5562.0,False,True,6.0,468,5988,ENSG00000133107,196608,75fa551d4d4c2c0d41beb056846a3c7e0f13be044debed616c1b31981901f70a,f34324c6fde36a4f635f0f1f06cac5d25acd6798
32768,36,196608,98304,18,17,17,1,103866.0,5562.0,False,True,6.0,468,5988,ENSG00000072315,196608,fb41aedeecc731dc1ae465d201c70c031c5580e923d454eb0d1bf732e40e8386,f34324c6fde36a4f635f0f1f06cac5d25acd6798
32768,36,196608,98304,18,17,17,1,103866.0,5562.0,False,True,6.0,468,5988,ENSG00000137672,196608,9b46e9b894d3f7947f771569cb2d25c6c3ebd7ed2fed5900a729d14899f2fa1e,f34324c6fde36a4f635f0f1f06cac5d25acd6798
32768,36,196608,98304,18,17,17,1,103866.0,5562.0,False,True,6.0,468,5988,ENSG00000069018,196608,0024b712fcf058781b20394870a78011a92ed9d7cc29cf6c35dee8f18105cdce,f34324c6fde36a4f635f0f1f06cac5d25acd6798
32768,36,196608,98304,18,17,17,1,103866.0,5562.0,False,True,6.0,468,5988,ENSG00000134160,196608,8d8f04242ef4c71a8ad7f91e68ffe76ec93ae0645bdb72307423e61c0756ecc2,f34324c6fde36a4f635f0f1f06cac5d25acd6798
32768,36,196608,98304,18,17,17,1,103866.0,5562.0,False,True,6.0,468,5988,ENSG00000142185,196608,ea1410c085e192eb4947c127e15da93eca9e3b4f166791578ab9dd61e739bd1b,f34324c6fde36a4f635f0f1f06cac5d25acd6798
32768,36,196608,98304,18,17,17,1,103866.0,5562.0,False,True,6.0,468,5988,ENSG00000083067,196608,315cb8df52ed3800773b84d28af83378d891e9de0335642288d00857befe569b,f34324c6fde36a4f635f0f1f06cac5d25acd6798
32768,36,196608,98304,18,17,17,1,103866.0,5562.0,False,True,6.0,468,5988,ENSG00000130529,196608,369501bdef434d0e63a37986e742a8c0861cba34059f77ed5f8c2464aabdcee2,f34324c6fde36a4f635f0f1f06cac5d25acd6798
32768,36,196608,98304,18,17,17,1,103866.0,5562.0,False,True,6.0,468,5988,ENSG00000070985,196608,5f24acec13ed017827721fcc179f8575f5c3c679f204ae0b8f4f4ef1c5cb37c7,f34324c6fde36a4f635f0f1f06cac5d25acd6798
32768,36,196608,98304,18,17,17,1,103866.0,5562.0,False,True,6.0,468,5988,ENSG00000144481,196608,f2084a901e5bfd4f7ea2065ea19370b5c368398258cb010e95d143fe0143216e,f34324c6fde36a4f635f0f1f06cac5d25acd6798
32768,36,196608,98304,18,17,17,1,103866.0,5562.0,False,True,6.0,468,5988,ENSG00000196689,196608,ee29b8f5148e593cb6b7d763d3cd9e0cb01e2804b843ff7fd75a2ca85b6b70d7,f34324c6fde36a4f635f0f1f06cac5d25acd6798
32768,36,196608,98304,18,17,17,1,103866.0,5562.0,False,True,6.0,468,5988,ENSG00000187688,196608,4a820d772f6c77285ce7b976401343f4eb5240c2dc455a0c0bb749f356bf593a,f34324c6fde36a4f635f0f1f06cac5d25acd6798
32768,36,196608,98304,18,17,17,1,103866.0,5562.0,False,True,6.0,468,5988,ENSG00000167723,196608,bc5df71f5b55a16c2bb0a4d089c2e20d235b3ef1fbe4fd5a98f0468eb2dc13f4,f34324c6fde36a4f635f0f1f06cac5d25acd6798
32768,36,196608,98304,18,17,17,1,103866.0,5562.0,False,True,6.0,468,5988,ENSG00000111199,196608,4eee9e964c6277d16688246b4d23c9cd21cc10a914ff6cfafbf1b121aa561b67,f34324c6fde36a4f635f0f1f06cac5d25acd6798
32768,36,196608,98304,18,17,17,1,103866.0,5562.0,False,True,6.0,468,5988,ENSG00000127412,196608,9682ad79c9e9b104a447f4dd9146ba5dc0d0200a10ee554e1aa010fe61cd4e9c,f34324c6fde36a4f635f0f1f06cac5d25acd6798
32768,36,196608,98304,18,17,17,1,103866.0,5562.0,False,True,6.0,468,5988,ENSG00000165125,196608,7fdc179205dd528c1f2e1afe038ee7f2487eb15e15f6ea1976683b0f152e7301,f34324c6fde36a4f635f0f1f06cac5d25acd6798
32768,36,196608,98304,18,17,17,1,103866.0,5562.0,False,True,6.0,468,5988,ENSG00000133958,196608,4509959899f5f107398047b09dae2ac5650f73d1395bd5d78730ddd2530cc0d0,f34324c6fde36a4f635f0f1f06cac5d25acd6798
32768,36,196608,98304,18,17,17,1,103866.0,5562.0,False,True,6.0,468,5988,ENSG00000144406,196608,5465c0036899f96c38417d91365a3af1d61ce6ec4849f9f05b266c2d6ca2db21,f34324c6fde36a4f635f0f1f06cac5d25acd6798
32768,36,196608,98304,18,17,17,1,103866.0,5562.0,False,True,6.0,468,5988,ENSG00000213585,196608,b856ca1e46dd8a1553d7f36fd44b81cb70284b9bec9f258dc0e6414dda11a00e,f34324c6fde36a4f635f0f1f06cac5d25acd6798
32768,36,196608,98304,18,17,17,1,103866.0,5562.0,False,True,6.0,468,5988,ENSG00000165637,196608,691d01da4d8d09ade38b896cf97dc7f6a15963b0eade0f6c901c65f435635478,f34324c6fde36a4f635f0f1f06cac5d25acd6798
32768,36,196608,98304,18,17,17,1,103866.0,5562.0,False,True,6.0,468,5988,ENSG00000078668,196608,fc15e05d5d4d439bdc6373753c0758dcba013f2e0e302f10c0bfefd22f6ed34e,f34324c6fde36a4f635f0f1f06cac5d25acd6798
32768,36,196608,98304,18,17,17,1,103866.0,5562.0,False,True,6.0,468,5988,ENSG00000186919,196608,ba171c55beba18e57d8d637faf84ee9fa1795e161b89078bb0f836482ab847e1,f34324c6fde36a4f635f0f1f06cac5d25acd6798
32768,36,196608,98304,18,17,17,1,103866.0,5562.0,False,True,6.0,468,5988,ENSG00000001626,196608,d6972c6f05e7358b7b3c82d6f4e16031a41cb4ab758bbbe610e1d061bfc4573b,f34324c6fde36a4f635f0f1f06cac5d25acd6798
32768,36,196608,98304,18,17,17,1,103866.0,5562.0,False,True,6.0,468,5988,ENSG00000016490,196608,b714ed007ecaa294d520216d88f3d89bc5208d195e29a5e52213698a8564d46a,f34324c6fde36a4f635f0f1f06cac5d25acd6798
32768,36,196608,98304,18,17,17,1,103866.0,5562.0,False,True,6.0,468,5988,ENSG00000137975,196608,e7ff235d497c50a053d25ba331c7cc4c051b192eb73864c4df8273752c0d3a8b,f34324c6fde36a4f635f0f1f06cac5d25acd6798
32768,36,196608,98304,18,17,17,1,103866.0,5562.0,False,True,6.0,468,5988,ENSG00000016602,196608,fad15db36febd95405b356eb51d79cb78b89e188edb7ea74a38762ee5f1a8a40,f34324c6fde36a4f635f0f1f06cac5d25acd6798
32768,36,196608,98304,18,17,17,1,103866.0,5562.0,False,True,6.0,468,5988,ENSG00000188037,196608,b84b03167477a04edfcb0693d9c1170924894b1e6d0fa8395a6853672435b9d2,f34324c6fde36a4f635f0f1f06cac5d25acd6798
32768,36,196608,98304,18,17,17,1,103866.0,5562.0,False,True,6.0,468,5988,ENSG00000114859,196608,3502a98af4528fc9215209fc22441be4030794c90636c7bc279d0f53e205db27,f34324c6fde36a4f635f0f1f06cac5d25acd6798
32768,36,196608,98304,18,17,17,1,103866.0,5562.0,False,True,6.0,468,5988,ENSG00000109572,196608,d6ab9197804d0c532f2d142a354c318fd31a4ee97b4dbc23fcc8be4fa97fa98e,f34324c6fde36a4f635f0f1f06cac5d25acd6798
32768,36,196608,98304,18,17,17,1,103866.0,5562.0,False,True,6.0,468,5988,ENSG00000073464,196608,8db69ca0a099d0d1d668c5c0c1b4b1c7f2865e74896630e4e01ed2b1c447930f,f34324c6fde36a4f635f0f1f06cac5d25acd6798
32768,36,196608,98304,18,17,17,1,103866.0,5562.0,False,True,6.0,468,5988,ENSG00000171365,196608,cac9fb25e7ee64e3d4cb41b19b4f030cc92c07563269b9867616d0c088a10f78,f34324c6fde36a4f635f0f1f06cac5d25acd6798
32768,36,196608,98304,18,17,17,1,103866.0,5562.0,False,True,6.0,468,5988,ENSG00000011021,196608,21a1ae573dc5f7386fcca23968a16526dea073c722675a792e6837335ab77874,f34324c6fde36a4f635f0f1f06cac5d25acd6798
32768,36,196608,98304,18,17,17,1,103866.0,5562.0,False,True,6.0,468,5988,ENSG00000103249,196608,b6533719f249a0c1edc5a5b89fde520a6dc220f84c321232f59f2416d3198d1e,f34324c6fde36a4f635f0f1f06cac5d25acd6798
32768,36,196608,98304,18,17,17,1,103866.0,5562.0,False,True,6.0,468,5988,ENSG00000186510,196608,9b23a26f0eb19bdd422b5ed7c4b6cb72ab04dbece7765e11b3363a66ba642dda,f34324c6fde36a4f635f0f1f06cac5d25acd6798
32768,36,196608,98304,18,17,17,1,103866.0,5562.0,False,True,6.0,468,5988,ENSG00000184908,196608,5881d6854ca454e23a0a30ef3d7ead3c1e97ed77185a17c6526c0940caa9a177,f34324c6fde36a4f635f0f1f06cac5d25acd6798
32768,36,196608,98304,18,17,17,1,103866.0,5562.0,False,True,6.0,468,5988,ENSG00000213719,196608,45c82743f40468323bf882ea24adc0c2808f8865034f1798fd0641cb7ce00073,f34324c6fde36a4f635f0f1f06cac5d25acd6798
32768,36,196608,98304,18,17,17,1,103866.0,5562.0,False,True,6.0,468,5988,ENSG00000155962,196608,a0e37789d28707bf1c292e6aaa55ce850321c91219fe4c9ccf6f6cd7b2f3d625,f34324c6fde36a4f635f0f1f06cac5d25acd6798
32768,36,196608,98304,18,17,17,1,103866.0,5562.0,False,True,6.0,468,5988,ENSG00000169583,196608,05ecd56dd930b8bb223e8aa44d8a12838deb0958e4727316f93d70d2a28757e9,f34324c6fde36a4f635f0f1f06cac5d25acd6798
32768,36,196608,98304,18,17,17,1,103866.0,5562.0,False,True,6.0,468,5988,ENSG00000169504,196608,4e018d39847688ac2d693973a91d861897302605494b07a23527b12fba66333b,f34324c6fde36a4f635f0f1f06cac5d25acd6798
32768,36,196608,98304,18,17,17,1,103866.0,5562.0,False,True,6.0,468,5988,ENSG00000112782,196608,cac245da9bcb0dd7fd4c9a4e9587305e7afdd01e4e26da8a9aca67e93df687f2,f34324c6fde36a4f635f0f1f06cac5d25acd6798
32768,36,196608,98304,18,17,17,1,103866.0,5562.0,False,True,6.0,468,5988,ENSG00000159212,196608,51dbd78b16ce352f74d212a1c7e236905e6f7bd2524408689baa3b0c23bc24bf,f34324c6fde36a4f635f0f1f06cac5d25acd6798
32768,36,196608,98304,18,17,17,1,103866.0,5562.0,False,True,6.0,468,5988,ENSG00000198515,196608,6024433830be4881926d585232ea71f7586169d7c429b72d79a13bade9171b82,f34324c6fde36a4f635f0f1f06cac5d25acd6798
32768,36,196608,98304,18,17,17,1,103866.0,5562.0,False,True,6.0,468,5988,ENSG00000183862,196608,ea2c34dc978219f85dba39bac42bacae3ee204279c5bd8a60622ff16afe96248,f34324c6fde36a4f635f0f1f06cac5d25acd6798
32768,36,196608,98304,18,17,17,1,103866.0,5562.0,False,True,6.0,468,5988,ENSG00000144191,196608,001e1da27ae9cdabe9a406fcfa631ce4e6778452a7f4253103ac1eed4cffa804,f34324c6fde36a4f635f0f1f06cac5d25acd6798
32768,36,196608,98304,18,17,17,1,103866.0,5562.0,False,True,6.0,468,5988,ENSG00000132259,196608,f156d5c40a485e5de08d5627f92fa29a8da74f69a89cc253b377ef1c9d60428b,f34324c6fde36a4f635f0f1f06cac5d25acd6798
32768,36,196608,98304,18,17,17,1,103866.0,5562.0,False,True,6.0,468,5988,ENSG00000070729,196608,4d5fa9a762029c3cb8de1b69de46533ba7efee6722a3cbb219277bba42f20424,f34324c6fde36a4f635f0f1f06cac5d25acd6798
32768,36,196608,98304,18,17,17,1,103866.0,5562.0,False,True,6.0,468,5988,ENSG00000170289,196608,59e1343493450856e2319a93307792f64d1f3079d437d5157c5d331cc4b757a2,f34324c6fde36a4f635f0f1f06cac5d25acd6798
32768,36,196608,98304,18,17,17,1,103866.0,5562.0,False,True,6.0,468,5988,ENSG00000213088,196608,efac3bad57e110bb884a39a2b6a7453fbff8876ad1f704eaafe515cc82adca6c,f34324c6fde36a4f635f0f1f06cac5d25acd6798
32768,36,196608,98304,18,17,17,1,103866.0,5562.0,False,True,6.0,468,5988,ENSG00000144648,196608,544424e747ebc999a0f11f456cc42b16fa96477a6a4e8df3d1bcf286bf333557,f34324c6fde36a4f635f0f1f06cac5d25acd6798
32768,36,196608,98304,18,17,17,1,103866.0,5562.0,False,True,6.0,468,5988,ENSG00000144476,196608,54e58eafa4200eb07a4a3cc119752a474ea956d0604eb04cbe226776e8e102d5,f34324c6fde36a4f635f0f1f06cac5d25acd6798
32768,36,196608,98304,18,17,17,1,103866.0,5562.0,False,True,6.0,468,5988,ENSG00000129048,196608,1b712baffefb754705de2b0aed2c09b3d53c027b7204a36c59b218e858d0927b,f34324c6fde36a4f635f0f1f06cac5d25acd6798
32768,36,196608,98304,18,17,17,1,103866.0,5562.0,False,True,6.0,468,5988,ENSG00000166856,196608,168df1e37fe6f3612df3e90d93b03f6bc07fc6ecac721f786f44e52741a95e4d,f34324c6fde36a4f635f0f1f06cac5d25acd6798
32768,36,196608,98304,18,17,17,1,103866.0,5562.0,False,True,6.0,468,5988,ENSG00000197177,196608,1086e333d6433367ffd3089bff41de909099f0310934db73fd9f58eb0b00ff0e,f34324c6fde36a4f635f0f1f06cac5d25acd6798
32768,36,196608,98304,18,17,17,1,103866.0,5562.0,False,True,6.0,468,5988,ENSG00000020181,196608,0aea45b2d7fb1bb54b782764519c4681e7f75e7bcc408b5c4a6ada4a1bd35cfe,f34324c6fde36a4f635f0f1f06cac5d25acd6798
32768,36,196608,98304,18,17,17,1,103866.0,5562.0,False,True,6.0,468,5988,ENSG00000152990,196608,03f305e7c4cc9f1e2d073ad09d25453fff7ed0506f6eb59483fd6f32f6d9334a,f34324c6fde36a4f635f0f1f06cac5d25acd6798
32768,36,196608,98304,18,17,17,1,103866.0,5562.0,False,True,6.0,468,5988,ENSG00000181790,196608,e6866e99432fdfeb839753cd3e5a6318a71538dc99641e74d7a7d65b5b8629e0,f34324c6fde36a4f635f0f1f06cac5d25acd6798
32768,36,196608,98304,18,17,17,1,103866.0,5562.0,False,True,6.0,468,5988,ENSG00000121753,196608,345bdbd161a2f80b0e84838319c019504f33151baaf6dbb5b0268b2bcefcd200,f34324c6fde36a4f635f0f1f06cac5d25acd6798
32768,36,196608,98304,18,17,17,1,103866.0,5562.0,False,True,6.0,468,5988,ENSG00000135298,196608,4047e3635e1d7137b4e69e8af4e056a747c247c05cfed6ac7e4ac285963a818e,f34324c6fde36a4f635f0f1f06cac5d25acd6798
32768,36,196608,98304,18,17,17,1,103866.0,5562.0,False,True,6.0,468,5988,ENSG00000111452,196608,2ed1ec612f2e9a2c229cc31b8cacb775b733e730a639fe74c53475b15d3ba59b,f34324c6fde36a4f635f0f1f06cac5d25acd6798
32768,36,196608,98304,18,17,17,1,103866.0,5562.0,False,True,6.0,468,5988,ENSG00000180264,196608,6308ac854279a948e95252b9cf6e37e62e683728c254ae355e1f19dfc48ec193,f34324c6fde36a4f635f0f1f06cac5d25acd6798
32768,36,196608,98304,18,17,17,1,103866.0,5562.0,False,True,6.0,468,5988,ENSG00000174837,196608,849998dab12a6e875689a1a2354ad392551f80e33cfa9270d780dda307717469,f34324c6fde36a4f635f0f1f06cac5d25acd6798
32768,36,196608,98304,18,17,17,1,103866.0,5562.0,False,True,6.0,468,5988,ENSG00000127507,196608,9659292e45053d1f2ae559f434b4403aea8ba83e0215e4814ba6a4dd7d4b75bf,f34324c6fde36a4f635f0f1f06cac5d25acd6798
32768,36,196608,98304,18,17,17,1,103866.0,5562.0,False,True,6.0,468,5988,ENSG00000131355,196608,7d79c3cdca6d272b6c34cc7bafdcb509f9c327c9e464cc5ecc25fcd9678f46ba,f34324c6fde36a4f635f0f1f06cac5d25acd6798
32768,36,196608,98304,18,17,17,1,103866.0,5562.0,False,True,6.0,468,5988,ENSG00000123146,196608,448c4903e2518c7f73fc378f513b219f576d17c530d7f749e0e0bbaeedad43ab,f34324c6fde36a4f635f0f1f06cac5d25acd6798
32768,36,196608,98304,18,17,17,1,103866.0,5562.0,False,True,6.0,468,5988,ENSG00000153292,196608,127532e894d1958f2e371385ec5aece2f3bd7ed2d63745158421ddd5cb86c7ba,f34324c6fde36a4f635f0f1f06cac5d25acd6798
32768,36,196608,98304,18,17,17,1,103866.0,5562.0,False,True,6.0,468,5988,ENSG00000173567,196608,d35382d550362ad3aaba78fa2f0e00e1d0ebb27ae12c0e7e51a6fbb5fc107636,f34324c6fde36a4f635f0f1f06cac5d25acd6798
32768,36,196608,98304,18,17,17,1,103866.0,5562.0,False,True,6.0,468,5988,ENSG00000153294,196608,c592a45e71b4bc0ec1cb6a77437892c7f0be99607d2d655b04e5e692add3f775,f34324c6fde36a4f635f0f1f06cac5d25acd6798
32768,36,196608,98304,18,17,17,1,103866.0,5562.0,False,True,6.0,468,5988,ENSG00000069122,196608,3af89b5aa6695fe9474e2ddb5912278ec9824636c27773118ffb1f19f3b186fe,f34324c6fde36a4f635f0f1f06cac5d25acd6798
32768,36,196608,98304,18,17,17,1,103866.0,5562.0,False,True,6.0,468,5988,ENSG00000205336,196608,169fdfe2cb611bb8bda2c35cf9a7c564685b7d9075c756f8c7003d3a642032ec,f34324c6fde36a4f635f0f1f06cac5d25acd6798
32768,36,196608,98304,18,17,17,1,103866.0,5562.0,False,True,6.0,468,5988,ENSG00000173698,196608,119e59837b94a3d1037b7fc3eb12e4d590a5a57adf9f89b436189b7bbf1d9900,f34324c6fde36a4f635f0f1f06cac5d25acd6798
32768,36,196608,98304,18,17,17,1,103866.0,5562.0,False,True,6.0,468,5988,ENSG00000182885,196608,26ddae03c6eeaf4698b2418eeea6889f6a346fdd87a57e679873e809fc11d96d,f34324c6fde36a4f635f0f1f06cac5d25acd6798
32768,36,196608,98304,18,17,17,1,103866.0,5562.0,False,True,6.0,468,5988,ENSG00000156920,196608,8948c318932ebffaaf676d98a584be80c710b3d1aa04294a9e0d29e91a3a71bf,f34324c6fde36a4f635f0f1f06cac5d25acd6798
32768,36,196608,98304,18,17,17,1,103866.0,5562.0,False,True,6.0,468,5988,ENSG00000159618,196608,1d68b6327765505c9f7535f6045682b9124fac22f646aa7f0c2907e46835ee0f,f34324c6fde36a4f635f0f1f06cac5d25acd6798
32768,36,196608,98304,18,17,17,1,103866.0,5562.0,False,True,6.0,468,5988,ENSG00000112414,196608,ae3c5927d4a1128dd56e6b26f015e5702ac451e15dca8418616426aae30a9c78,f34324c6fde36a4f635f0f1f06cac5d25acd6798
32768,36,196608,98304,18,17,17,1,103866.0,5562.0,False,True,6.0,468,5988,ENSG00000144820,196608,25c763304a53d2adadfccf78c8f98e60d44e9062d022e75170f34631f8b0747b,f34324c6fde36a4f635f0f1f06cac5d25acd6798
32768,36,196608,98304,18,17,17,1,103866.0,5562.0,False,True,6.0,468,5988,ENSG00000072071,196608,8a1b13c22c8d6a41f8a141372b947c6b0213a33cec4fdf5ffa20fee19e0f0cbb,f34324c6fde36a4f635f0f1f06cac5d25acd6798
32768,36,196608,98304,18,17,17,1,103866.0,5562.0,False,True,6.0,468,5988,ENSG00000117114,196608,dc8553e76088a2475ef13b7cf167804282e1cb9175b19e2df8093a20706f6e16,f34324c6fde36a4f635f0f1f06cac5d25acd6798
32768,36,196608,98304,18,17,17,1,103866.0,5562.0,False,True,6.0,468,5988,ENSG00000150471,196608,0ca32c0d243965ee85b93ef1aa1e35ac9f927fbf36f8a897542f3153829b46b1,f34324c6fde36a4f635f0f1f06cac5d25acd6798
32768,36,196608,98304,18,17,17,1,103866.0,5562.0,False,True,6.0,468,5988,ENSG00000162618,196608,cb37a3f63880665afadf470587a503a47cf43e9921a6f984ff5571ffa6890522,f34324c6fde36a4f635f0f1f06cac5d25acd6798
32768,36,196608,98304,18,17,17,1,103866.0,5562.0,False,True,6.0,468,5988,ENSG00000164199,196608,164052fbb0cc76f6f898495a82c912cb817ddb48f02aaf800a1cb4c07bce4599,f34324c6fde36a4f635f0f1f06cac5d25acd6798
32768,36,196608,98304,18,17,17,1,103866.0,5562.0,False,True,6.0,468,5988,ENSG00000120907,196608,fd48f7ab5f946091c38b36a4ef37cff342c3a313daa1224f414f9332c9406e4e,f34324c6fde36a4f635f0f1f06cac5d25acd6798
32768,36,196608,98304,18,17,17,1,103866.0,5562.0,False,True,6.0,468,5988,ENSG00000170214,196608,3a0044b97bf0b0cb979781293ec0d5c755d600be0fba2627b2ec72cab43d14b8,f34324c6fde36a4f635f0f1f06cac5d25acd6798
32768,36,196608,98304,18,17,17,1,103866.0,5562.0,False,True,6.0,468,5988,ENSG00000171873,196608,5b3288dadc5d6390ebf765377923979a2d66db372f953c2b7f03f9b1e6b7a4c7,f34324c6fde36a4f635f0f1f06cac5d25acd6798
32768,36,196608,98304,18,17,17,1,103866.0,5562.0,False,True,6.0,468,5988,ENSG00000150594,196608,0b83468eb8887efdd6b62e8c5b908724152c6e55e4e9d7b738412e4a9a4da6ad,f34324c6fde36a4f635f0f1f06cac5d25acd6798
32768,36,196608,98304,18,17,17,1,103866.0,5562.0,False,True,6.0,468,5988,ENSG00000274286,196608,4303ed0fd2d9c282057b440d6d912934ed674df2086a1b5f9c63c36f156aa644,f34324c6fde36a4f635f0f1f06cac5d25acd6798
32768,36,196608,98304,18,17,17,1,103866.0,5562.0,False,True,6.0,468,5988,ENSG00000184160,196608,839c36a1ce50f8c783dbcbbdadb5e01f51c887b5b9790b68b6cda908c26aed21,f34324c6fde36a4f635f0f1f06cac5d25acd6798
32768,36,196608,98304,18,17,17,1,103866.0,5562.0,False,True,6.0,468,5988,ENSG00000043591,196608,ea16dd153dbc54bf133c39ddfd23ce23f21fb4da77695d3d2abbf9f57d17fd48,f34324c6fde36a4f635f0f1f06cac5d25acd6798
32768,36,196608,98304,18,17,17,1,103866.0,5562.0,False,True,6.0,468,5988,ENSG00000169252,196608,df1ad7410c2292005bb18de7a941f607360936b1af166c0b9a9a235cb2745b4a,f34324c6fde36a4f635f0f1f06cac5d25acd6798
32768,36,196608,98304,18,17,17,1,103866.0,5562.0,False,True,6.0,468,5988,ENSG00000188778,196608,ab3cdfc591799b73f4169bac22c8a53583ea04f03e7a99d654984462b3fa4707,f34324c6fde36a4f635f0f1f06cac5d25acd6798
32768,36,196608,98304,18,17,17,1,103866.0,5562.0,False,True,6.0,468,5988,ENSG00000157240,196608,1b1d4f1cc83d2c1ed5529c7938cd3602a3f7d1f987aa340d54884b1287143014,f34324c6fde36a4f635f0f1f06cac5d25acd6798
32768,36,196608,98304,18,17,17,1,103866.0,5562.0,False,True,6.0,468,5988,ENSG00000180340,196608,7a85fecb53907e3c7dd2fbb69e21ce4a8109a9200cce67dbdf5a854f101beeb0,f34324c6fde36a4f635f0f1f06cac5d25acd6798
32768,36,196608,98304,18,17,17,1,103866.0,5562.0,False,True,6.0,468,5988,ENSG00000104290,196608,1fc0d9b4cad520c98d75b381f26237053d2595fb9c18ac508bf56c4f7929b5ce,f34324c6fde36a4f635f0f1f06cac5d25acd6798
32768,36,196608,98304,18,17,17,1,103866.0,5562.0,False,True,6.0,468,5988,ENSG00000174804,196608,2ecb3198d53c31007ad3c519bd4ec1cbf8817a8ba043f6f9947b407a2442bf6e,f34324c6fde36a4f635f0f1f06cac5d25acd6798
32768,36,196608,98304,18,17,17,1,103866.0,5562.0,False,True,6.0,468,5988,ENSG00000163251,196608,e5caa2731eeb151f5a40a72aa00fc72928c613fce5fdb59113c552816e7e626e,f34324c6fde36a4f635f0f1f06cac5d25acd6798
32768,36,196608,98304,18,17,17,1,103866.0,5562.0,False,True,6.0,468,5988,ENSG00000164930,196608,0f05d0b00df7623ba81bd0fdecf6937f61dbd7abb2475fb4c6852f0114dda70a,f34324c6fde36a4f635f0f1f06cac5d25acd6798
32768,36,196608,98304,18,17,17,1,103866.0,5562.0,False,True,6.0,468,5988,ENSG00000155760,196608,ca0dc8ce00eed614bdf20f4e559e90b1674ed8e57b2a001598f394eff425d0d9,f34324c6fde36a4f635f0f1f06cac5d25acd6798
32768,36,196608,98304,18,17,17,1,103866.0,5562.0,False,True,6.0,468,5988,ENSG00000177283,196608,b731d19f83b67aa176206dd32da6ec26d07f109d9c3c83ff658acd89406509f1,f34324c6fde36a4f635f0f1f06cac5d25acd6798
32768,36,196608,98304,18,17,17,1,103866.0,5562.0,False,True,6.0,468,5988,ENSG00000188763,196608,dc26264de2dffc1a280f2a47b116143e98d91fb9934d5582547e2c48bb405c8e,f34324c6fde36a4f635f0f1f06cac5d25acd6798
32768,36,196608,98304,18,17,17,1,103866.0,5562.0,False,True,6.0,468,5988,ENSG00000111432,196608,2e16d427e4348d87002be6ec36a3ab41164cd752e5dfd7049e877050bcb28ae0,f34324c6fde36a4f635f0f1f06cac5d25acd6798
32768,36,196608,98304,18,17,17,1,103866.0,5562.0,False,True,6.0,468,5988,ENSG00000181773,196608,ec1f7cee6295ddcdccf8aab38e497ea150565ada7864a01d3185917c4a401371,f34324c6fde36a4f635f0f1f06cac5d25acd6798
32768,36,196608,98304,18,17,17,1,103866.0,5562.0,False,True,6.0,468,5988,ENSG00000177464,196608,616a2cc1ded1b1e770871e352c74bc80877791b285dddf0a86b53cf6a707c16e,f34324c6fde36a4f635f0f1f06cac5d25acd6798
32768,36,196608,98304,18,17,17,1,103866.0,5562.0,False,True,6.0,468,5988,ENSG00000146360,196608,3e9c2a3f64892aa627be6a6a1248bac920c512d79f78fd4e50690a1bc758b4d5,f34324c6fde36a4f635f0f1f06cac5d25acd6798
32768,36,196608,98304,18,17,17,1,103866.0,5562.0,False,True,6.0,468,5988,ENSG00000132975,196608,b536a55e8f6e71895b98d17af18eeb29b82eb7aecb869e6967b1adf5284e382b,f34324c6fde36a4f635f0f1f06cac5d25acd6798
32768,36,196608,98304,18,17,17,1,103866.0,5562.0,False,True,6.0,468,5988,ENSG00000154165,196608,144b3bf2fe414cd94b0f4c939738ecaa36e23279c5c29c3136fb66b3db98b697,f34324c6fde36a4f635f0f1f06cac5d25acd6798
32768,36,196608,98304,18,17,17,1,103866.0,5562.0,False,True,6.0,468,5988,ENSG00000144230,196608,781593ca4f7f1b8d400b1d343e3c0deb3ff3d2a1bf837b5f0d4d9605a8799806,f34324c6fde36a4f635f0f1f06cac5d25acd6798
32768,36,196608,98304,18,17,17,1,103866.0,5562.0,False,True,6.0,468,5988,ENSG00000125245,196608,fb21dabddeef0a8a676fd1b634764dfccfd10cc08269f608fa9a0383c40153da,f34324c6fde36a4f635f0f1f06cac5d25acd6798
32768,36,196608,98304,18,17,17,1,103866.0,5562.0,False,True,6.0,468,5988,ENSG00000183150,196608,fb4ef033e885060ac47ced70fa88d13d6ff1bfbcba932ab7b7d00faf88cf480a,f34324c6fde36a4f635f0f1f06cac5d25acd6798
32768,36,196608,98304,18,17,17,1,103866.0,5562.0,False,True,6.0,468,5988,ENSG00000204882,196608,8a119c1db553ae6af1d648efe1bfd49d092c447d236d17fea70f368703a60b90,f34324c6fde36a4f635f0f1f06cac5d25acd6798
32768,36,196608,98304,18,17,17,1,103866.0,5562.0,False,True,6.0,468,5988,ENSG00000188394,196608,18a2b1430dfdfd3196d508e137b33e65eaa5b603b6f3acb826d508498b9b01c8,f34324c6fde36a4f635f0f1f06cac5d25acd6798
32768,36,196608,98304,18,17,17,1,103866.0,5562.0,False,True,6.0,468,5988,ENSG00000172209,196608,6a9e126c6b7b7f21d67ccb0c4045288e60447fd7f4c007e1018a3aab85f5d878,f34324c6fde36a4f635f0f1f06cac5d25acd6798
32768,36,196608,98304,18,17,17,1,103866.0,5562.0,False,True,6.0,468,5988,ENSG00000170128,196608,5c00a7893ccf0dcfc283507b344e31b7301a892fad4e504b22bc5c2ad86f51c3,f34324c6fde36a4f635f0f1f06cac5d25acd6798
32768,36,196608,98304,18,17,17,1,103866.0,5562.0,False,True,6.0,468,5988,ENSG00000154478,196608,b53638265a41ddd4d785a436a3bc32ace8632095e0d86ed9012d2100c5e91ba6,f34324c6fde36a4f635f0f1f06cac5d25acd6798
32768,36,196608,98304,18,17,17,1,103866.0,5562.0,False,True,6.0,468,5988,ENSG00000170837,196608,a921544bd0c8ec013bc8c2b823854b32919cd3c4e0b3a4ca3f4754afa3f181a8,f34324c6fde36a4f635f0f1f06cac5d25acd6798
32768,36,196608,98304,18,17,17,1,103866.0,5562.0,False,True,6.0,468,5988,ENSG00000120436,196608,b3ab33cf981675001fe45bca6306041d5ac659a0417b1423d51b313f1db88138,f34324c6fde36a4f635f0f1f06cac5d25acd6798
32768,36,196608,98304,18,17,17,1,103866.0,5562.0,False,True,6.0,468,5988,ENSG00000142511,196608,69210e3df52d4d049b9991e9aeed6296af7b44d34020835d7b1db94298c5500e,f34324c6fde36a4f635f0f1f06cac5d25acd6798
32768,36,196608,98304,18,17,17,1,103866.0,5562.0,False,True,6.0,468,5988,ENSG00000214943,196608,3da552f72df029f00b57c940e5af920fa250197e845acddddb6becc7941be9b4,f34324c6fde36a4f635f0f1f06cac5d25acd6798
32768,36,196608,98304,18,17,17,1,103866.0,5562.0,False,True,6.0,468,5988,ENSG00000171659,196608,8d8fdefe0777af2b1b806e91232ee0b8067f6fbc4a18dc1a4e408336b60963cf,f34324c6fde36a4f635f0f1f06cac5d25acd6798
32768,36,196608,98304,18,17,17,1,103866.0,5562.0,False,True,6.0,468,5988,ENSG00000178623,196608,ed1eb4d3007a3eccaab6bb239c5211e0a93089f5eaacfaf629aad216428637d8,f34324c6fde36a4f635f0f1f06cac5d25acd6798
32768,36,196608,98304,18,17,17,1,103866.0,5562.0,False,True,6.0,468,5988,ENSG00000170775,196608,944c775160ed003beb73c6e13ce9c788abe303bcb2b2b2b70a2865f27ac0e31a,f34324c6fde36a4f635f0f1f06cac5d25acd6798
32768,36,196608,98304,18,17,17,1,103866.0,5562.0,False,True,6.0,468,5988,ENSG00000170075,196608,5b56bcd39b0e889557549fc02e61bda679fc49745f4eef52227b373a428b1839,f34324c6fde36a4f635f0f1f06cac5d25acd6798
32768,36,196608,98304,18,17,17,1,103866.0,5562.0,False,True,6.0,468,5988,ENSG00000183840,196608,c1cfba80394b88575aac00eb67061e1cf226edd73c9be9863fb3eecdfbdb50a0,f34324c6fde36a4f635f0f1f06cac5d25acd6798
32768,36,196608,98304,18,17,17,1,103866.0,5562.0,False,True,6.0,468,5988,ENSG00000126251,196608,03d712a9e81536a69728ce8faa5b0a2fd45124b91cd40e9d4be821382b1bc502,f34324c6fde36a4f635f0f1f06cac5d25acd6798
32768,36,196608,98304,18,17,17,1,103866.0,5562.0,False,True,6.0,468,5988,ENSG00000135973,196608,a5e7e257703a14e9053f4daf9cf1c22d51facc22dc1b14621b1d5cf8733652fa,f34324c6fde36a4f635f0f1f06cac5d25acd6798
32768,36,196608,98304,18,17,17,1,103866.0,5562.0,False,True,6.0,468,5988,ENSG00000102195,196608,5297aa67de620ed5d35e18dc780400f8ba4156fc3c6defdbef2ba06c1f4a6de0,f34324c6fde36a4f635f0f1f06cac5d25acd6798
32768,36,196608,98304,18,17,17,1,103866.0,5562.0,False,True,6.0,468,5988,ENSG00000203737,196608,c79f25a9e3a97b3c5b458ff1d5c7181df90d663fbc8b4f63b43d7e169b54c9ae,f34324c6fde36a4f635f0f1f06cac5d25acd6798
32768,36,196608,98304,18,17,17,1,103866.0,5562.0,False,True,6.0,468,5988,ENSG00000135898,196608,318fa98f1488121144744f145f772932f5d193e290f51be81dcdef6ccf20419b,f34324c6fde36a4f635f0f1f06cac5d25acd6798
32768,36,196608,98304,18,17,17,1,103866.0,5562.0,False,True,6.0,468,5988,ENSG00000156097,196608,bb4ba9d1859fe5f24625eaa9d4c571a8445b94f17d2d54f8b8d14a2bef2b804c,f34324c6fde36a4f635f0f1f06cac5d25acd6798
32768,36,196608,98304,18,17,17,1,103866.0,5562.0,False,True,6.0,468,5988,ENSG00000180929,196608,dc2e71b62eb0a38bf5223b5594e68679d7bdb1e8063403e0b4f7d9f181688910,f34324c6fde36a4f635f0f1f06cac5d25acd6798
32768,36,196608,98304,18,17,17,1,103866.0,5562.0,False,True,6.0,468,5988,ENSG00000112218,196608,a12ca765c2af966f172cbe6a5759a19636b0195d35aa43fd96458a4f15fe3336,f34324c6fde36a4f635f0f1f06cac5d25acd6798
32768,36,196608,98304,18,17,17,1,103866.0,5562.0,False,True,6.0,468,5988,ENSG00000140030,196608,746e487d7262d17e00a6d8511576d1316217e0100a331dabe931c6de53f3cff1,f34324c6fde36a4f635f0f1f06cac5d25acd6798
32768,36,196608,98304,18,17,17,1,103866.0,5562.0,False,True,6.0,468,5988,ENSG00000119714,196608,997b64da2618b2b32f5575207fd0f60db51d7cd6fefc377ebbef5eb1938f3612,f34324c6fde36a4f635f0f1f06cac5d25acd6798
32768,36,196608,98304,18,17,17,1,103866.0,5562.0,False,True,6.0,468,5988,ENSG00000119737,196608,081fca8de2d848bb83f18b173b8930a7af5abf78661285d9952567ed59e3461c,f34324c6fde36a4f635f0f1f06cac5d25acd6798
32768,36,196608,98304,18,17,17,1,103866.0,5562.0,False,True,6.0,468,5988,ENSG00000155269,196608,e58af6b1501640d3ecd829cae5cf85f7edccf26f39cbc6df48b6c5181ea9e680,f34324c6fde36a4f635f0f1f06cac5d25acd6798
32768,36,196608,98304,18,17,17,1,103866.0,5562.0,False,True,6.0,468,5988,ENSG00000171657,196608,f0b6e767227b6c5c8e42d189160332fc768cf3a0cca5b13cbd2b713dea83a3da,f34324c6fde36a4f635f0f1f06cac5d25acd6798
32768,36,196608,98304,18,17,17,1,103866.0,5562.0,False,True,6.0,468,5988,ENSG00000123901,196608,2b55f9e2ff8c94e61faaa0164221e9548f1d4f2cccdc3fad836d0c907e28be11,f34324c6fde36a4f635f0f1f06cac5d25acd6798
32768,36,196608,98304,18,17,17,1,103866.0,5562.0,False,True,6.0,468,5988,ENSG00000139572,196608,d32f6a0552ca01587bad28dc1ab59b1610dafa892266702bc60bd4dcc70177b3,f34324c6fde36a4f635f0f1f06cac5d25acd6798
32768,36,196608,98304,18,17,17,1,103866.0,5562.0,False,True,6.0,468,5988,ENSG00000164604,196608,2398511b7a4d384c9237263ac8dbc2dc889ba495a05bf54210c9b694523dc40c,f34324c6fde36a4f635f0f1f06cac5d25acd6798
32768,36,196608,98304,18,17,17,1,103866.0,5562.0,False,True,6.0,468,5988,ENSG00000138271,196608,0e8d0d9a72ac4becb9f1e81bd3258e27d56cff4d434c0371dda996d55cacd123,f34324c6fde36a4f635f0f1f06cac5d25acd6798
32768,36,196608,98304,18,17,17,1,103866.0,5562.0,False,True,6.0,468,5988,ENSG00000181656,196608,2adfe31ae70edcb091d081551b2d986486c4ba9b3b66dc2b38fbcbc3d91a774d,f34324c6fde36a4f635f0f1f06cac5d25acd6798
32768,36,196608,98304,18,17,17,1,103866.0,5562.0,False,True,6.0,468,5988,ENSG00000165370,196608,4c14626680c876259c695930ec391612dfb850a85be40795e81b9c6e423276f1,f34324c6fde36a4f635f0f1f06cac5d25acd6798
32768,36,196608,98304,18,17,17,1,103866.0,5562.0,False,True,6.0,468,5988,ENSG00000147262,196608,970b3f7f373636549e3b4452d35d2880b8ff2940621f5c0f9f01869525804942,f34324c6fde36a4f635f0f1f06cac5d25acd6798
32768,36,196608,98304,18,17,17,1,103866.0,5562.0,False,True,6.0,468,5988,ENSG00000183484,196608,9687598f38f96c096eabe87b6add5c04a0dac77fea4b1da97f6f4f6e4b6a41b6,f34324c6fde36a4f635f0f1f06cac5d25acd6798
32768,36,196608,98304,18,17,17,1,103866.0,5562.0,False,True,6.0,468,5988,ENSG00000181619,196608,b484f580d95bf6e475bd6b2aaa45b1e55f60752ab50bdd25e8c532e638ecfaee,f34324c6fde36a4f635f0f1f06cac5d25acd6798
32768,36,196608,98304,18,17,17,1,103866.0,5562.0,False,True,6.0,468,5988,ENSG00000180269,196608,02652790d1481ac6416821dba28b4bed8f3e3a12bfcdfd79cecb833f04d82787,f34324c6fde36a4f635f0f1f06cac5d25acd6798
32768,36,196608,98304,18,17,17,1,103866.0,5562.0,False,True,6.0,468,5988,ENSG00000187037,196608,db5c1d2965c3fb9cf923d76b8d756f69f8864796f777f52ca40f8d97acfddb17,f34324c6fde36a4f635f0f1f06cac5d25acd6798
32768,36,196608,98304,18,17,17,1,103866.0,5562.0,False,True,6.0,468,5988,ENSG00000257008,196608,9587ff0b76b4370da9aaa8dc4fc8f3cb25b4f22b1d4a05122e7129ad113d8d9d,f34324c6fde36a4f635f0f1f06cac5d25acd6798
32768,36,196608,98304,18,17,17,1,103866.0,5562.0,False,True,6.0,468,5988,ENSG00000164849,196608,a9c719901ba375e575d6121a98ff1c2b77c8c7c7447afb8f6bd4928639aaa173,f34324c6fde36a4f635f0f1f06cac5d25acd6798
32768,36,196608,98304,18,17,17,1,103866.0,5562.0,False,True,6.0,468,5988,ENSG00000173302,196608,0ce8ea6943a738027da8bf0b3520c4a692ea31428a92929c866bf13cf120e8fa,f34324c6fde36a4f635f0f1f06cac5d25acd6798
32768,36,196608,98304,18,17,17,1,103866.0,5562.0,False,True,6.0,468,5988,ENSG00000174948,196608,da118ed080f79e322ffd310a4319303b121c192cc797600d5fce8e47355429e2,f34324c6fde36a4f635f0f1f06cac5d25acd6798
32768,36,196608,98304,18,17,17,1,103866.0,5562.0,False,True,6.0,468,5988,ENSG00000178015,196608,2509495e320794a3f8871361328bc6302f88d2e7f2ab3bd3ecab5e76826c70b3,f34324c6fde36a4f635f0f1f06cac5d25acd6798
32768,36,196608,98304,18,17,17,1,103866.0,5562.0,False,True,6.0,468,5988,ENSG00000173250,196608,644ca72d9a85f48ae8ffc4c0c81ef97b6b601e4028e182e06006550253936e67,f34324c6fde36a4f635f0f1f06cac5d25acd6798
32768,36,196608,98304,18,17,17,1,103866.0,5562.0,False,True,6.0,468,5988,ENSG00000175514,196608,70d225fb7dd1317eb43580491646e4a8f23c90bffac538f263dca5b49dcaaa05,f34324c6fde36a4f635f0f1f06cac5d25acd6798
32768,36,196608,98304,18,17,17,1,103866.0,5562.0,False,True,6.0,468,5988,ENSG00000158292,196608,c4eccca0ea1551693e7a41c39f79a04362839433b010257c3a3b23ab4464c2d0,f34324c6fde36a4f635f0f1f06cac5d25acd6798
32768,36,196608,98304,18,17,17,1,103866.0,5562.0,False,True,6.0,468,5988,ENSG00000175697,196608,dcfd44ac573b72a70205917aa29deb7354c8aba0ce071d816735780dbd55d37e,f34324c6fde36a4f635f0f1f06cac5d25acd6798
32768,36,196608,98304,18,17,17,1,103866.0,5562.0,False,True,6.0,468,5988,ENSG00000151025,196608,28e035470ef1691cfaf1ae51fbf37b1072345feae9040fc9d9bcc3d20e276311,f34324c6fde36a4f635f0f1f06cac5d25acd6798
32768,36,196608,98304,18,17,17,1,103866.0,5562.0,False,True,6.0,468,5988,ENSG00000173890,196608,deb1f626771fa60dc250c87753190ee43455d0c79bf17cbac24f2b503625dbf9,f34324c6fde36a4f635f0f1f06cac5d25acd6798
32768,36,196608,98304,18,17,17,1,103866.0,5562.0,False,True,6.0,468,5988,ENSG00000143147,196608,713537a8886cbe42046a6db3547e13aee14db87bd03b6e92659229fcc68df5c8,f34324c6fde36a4f635f0f1f06cac5d25acd6798
32773,36,196608,98304,18,17,17,1,103846.0,5542.0,False,True,5.9990846123333235,488,5988,ENSG00000250510,196608,f4d642501b89a72a099a693faa0f1519f67c17b2c7ca5ba525779d3b7166e6d9,f34324c6fde36a4f635f0f1f06cac5d25acd6798
32768,36,196608,98304,18,17,17,1,103866.0,5562.0,False,True,6.0,468,5988,ENSG00000174946,196608,a9cca0c724dc8b4ddc1d394494d3052e2609b192ec67918ad2a487183cc1f0d0,f34324c6fde36a4f635f0f1f06cac5d25acd6798
32768,36,196608,98304,18,17,17,1,103866.0,5562.0,False,True,6.0,468,5988,ENSG00000184194,196608,65526fc30671bfa00db584c9612311d0051ca0d16e4601a5539d05c7d35e21cc,f34324c6fde36a4f635f0f1f06cac5d25acd6798
32768,36,196608,98304,18,17,17,1,103866.0,5562.0,False,True,6.0,468,5988,ENSG00000147138,196608,2f3480878d6ce6e0c5fb76011b8c208040353bf4c4849609653e90228754503e,f34324c6fde36a4f635f0f1f06cac5d25acd6798
32768,36,196608,98304,18,17,17,1,103866.0,5562.0,False,True,6.0,468,5988,ENSG00000166073,196608,c587194d0abcfc84362fcf05ef5bda2647411d626fc83eaa48b189008c005d20,f34324c6fde36a4f635f0f1f06cac5d25acd6798
32768,36,196608,98304,18,17,17,1,103866.0,5562.0,False,True,6.0,468,5988,ENSG00000277399,196608,e3cb4f3547f6917404413548add5affd584b530b93759ba96333dc849a53190f,f34324c6fde36a4f635f0f1f06cac5d25acd6798
32768,36,196608,98304,18,17,17,1,103866.0,5562.0,False,True,6.0,468,5988,ENSG00000169508,196608,bc98e8eadb2b9731246384ed07ba304781955331310904b9a82021d080b96e8a,f34324c6fde36a4f635f0f1f06cac5d25acd6798
32768,36,196608,98304,18,17,17,1,103866.0,5562.0,False,True,6.0,468,5988,ENSG00000013588,196608,a783d0fa06f42d03976bb844dd30a5a4d57b5dcfc80e82694ceee38a612ec253,f34324c6fde36a4f635f0f1f06cac5d25acd6798
32768,36,196608,98304,18,17,17,1,103866.0,5562.0,False,True,6.0,468,5988,ENSG00000167191,196608,3bede922b62ccbe551e2decddead7ad97981653247dcddc4a064997664caead9,f34324c6fde36a4f635f0f1f06cac5d25acd6798
32768,36,196608,98304,18,17,17,1,103866.0,5562.0,False,True,6.0,468,5988,ENSG00000170412,196608,6c0dc2a745301d92f98358699462745d9238b237a1b69ca7b6975bd3a3aac9e1,f34324c6fde36a4f635f0f1f06cac5d25acd6798
32768,36,196608,98304,18,17,17,1,103866.0,5562.0,False,True,6.0,468,5988,ENSG00000111291,196608,cf75bc5a11c6da76646ad930467d1037c3744c5d81e6743c52d5e3d6ae65595e,f34324c6fde36a4f635f0f1f06cac5d25acd6798
32768,36,196608,98304,18,17,17,1,103866.0,5562.0,False,True,6.0,468,5988,ENSG00000178394,196608,4b1981e2f135beafa50c6051301aa0e932b8c27dfd01999a38d34cecf1080981,f34324c6fde36a4f635f0f1f06cac5d25acd6798
32768,36,196608,98304,18,17,17,1,103866.0,5562.0,False,True,6.0,468,5988,ENSG00000135312,196608,28c23b23ae02a867e7617849dd28b270095a34d195ef563d12c621805c6c4e86,f34324c6fde36a4f635f0f1f06cac5d25acd6798
32768,36,196608,98304,18,17,17,1,103866.0,5562.0,False,True,6.0,468,5988,ENSG00000179546,196608,9c06881fe2ac5d78859571996be007c33520e6aaadddb8666a357a20a4c5d634,f34324c6fde36a4f635f0f1f06cac5d25acd6798
32768,36,196608,98304,18,17,17,1,103866.0,5562.0,False,True,6.0,468,5988,ENSG00000168830,196608,21fc74793ad105a665742c2222c1efa65ce7ce32c4f8ffa755ece0021e43aace,f34324c6fde36a4f635f0f1f06cac5d25acd6798
32768,36,196608,98304,18,17,17,1,103866.0,5562.0,False,True,6.0,468,5988,ENSG00000179097,196608,ee5fbf78cfe3c5a38eb818299f0d3e40e9f949ba9d1a9c959a2fa24c94991f33,f34324c6fde36a4f635f0f1f06cac5d25acd6798
32768,36,196608,98304,18,17,17,1,103866.0,5562.0,False,True,6.0,468,5988,ENSG00000102468,196608,78111dc3ea556e85df95e0d8a3a86a31ffb8a385bffa5fb114a68e297550e13c,f34324c6fde36a4f635f0f1f06cac5d25acd6798
32768,36,196608,98304,18,17,17,1,103866.0,5562.0,False,True,6.0,468,5988,ENSG00000135914,196608,6fcde2354617c94b21e2208413d9bd49d4d4e1818813835564e49a1b2d1a977c,f34324c6fde36a4f635f0f1f06cac5d25acd6798
32768,36,196608,98304,18,17,17,1,103866.0,5562.0,False,True,6.0,468,5988,ENSG00000147246,196608,fa500202e4fd3dfa695ce78adbf352694e93553aa36c7d50c9b37739bf712c49,f34324c6fde36a4f635f0f1f06cac5d25acd6798
32768,36,196608,98304,18,17,17,1,103866.0,5562.0,False,True,6.0,468,5988,ENSG00000166736,196608,19730ae38ac33ff1e5d8e90c25bce5f0358e69b787d89748f9422af700727866,f34324c6fde36a4f635f0f1f06cac5d25acd6798
32768,36,196608,98304,18,17,17,1,103866.0,5562.0,False,True,6.0,468,5988,ENSG00000149305,196608,29c47530c6f82d72df8200fb955375f5249f481139d6781c7af0e3888491fc4b,f34324c6fde36a4f635f0f1f06cac5d25acd6798
32768,36,196608,98304,18,17,17,1,103866.0,5562.0,False,True,6.0,468,5988,ENSG00000178084,196608,b20889c36d581015dd031ac95f0d8f00fa7a59ef1d597385a7dfc88b33ef41a9,f34324c6fde36a4f635f0f1f06cac5d25acd6798
32768,36,196608,98304,18,17,17,1,103866.0,5562.0,False,True,6.0,468,5988,ENSG00000186090,196608,443061da1ae0f091c044c8ce19cb82839c7b5d0c22543b6bb67e22daee7e241c,f34324c6fde36a4f635f0f1f06cac5d25acd6798
32768,36,196608,98304,18,17,17,1,103866.0,5562.0,False,True,6.0,468,5988,ENSG00000186038,196608,bda133e82e7284830f49faf5908aec29c98f459cf7d1db3ee6efb7e6c2bdae24,f34324c6fde36a4f635f0f1f06cac5d25acd6798
32768,36,196608,98304,18,17,17,1,103866.0,5562.0,False,True,6.0,468,5988,ENSG00000164270,196608,4d84ccd91cb49630cd9f1824d66558d01ab57c55ba5b1f917195d968829a32a8,f34324c6fde36a4f635f0f1f06cac5d25acd6798
32768,36,196608,98304,18,17,17,1,103866.0,5562.0,False,True,6.0,468,5988,ENSG00000157219,196608,2b7e14c4c5fe2cad156cbb150965545d9e71de1d964ee7f79e440f5bd171fe4c,f34324c6fde36a4f635f0f1f06cac5d25acd6798
32768,36,196608,98304,18,17,17,1,103866.0,5562.0,False,True,6.0,468,5988,ENSG00000158748,196608,815f6dc0496b80de23390f7d8844867caf35a535493709cd80909538c595f6f1,f34324c6fde36a4f635f0f1f06cac5d25acd6798
32768,36,196608,98304,18,17,17,1,103866.0,5562.0,False,True,6.0,468,5988,ENSG00000148680,196608,2b6f5a920450eff5913584a37e1f42c7634c4c2e587a1e600730baae7ed02ac5,f34324c6fde36a4f635f0f1f06cac5d25acd6798
32768,36,196608,98304,18,17,17,1,103866.0,5562.0,False,True,6.0,468,5988,ENSG00000205213,196608,8b3c84afa3dfcd71d47f3a73f42b09c1ec48c7bfa9a9aae32820fdfa987ad092,f34324c6fde36a4f635f0f1f06cac5d25acd6798
32768,36,196608,98304,18,17,17,1,103866.0,5562.0,False,True,6.0,468,5988,ENSG00000139292,196608,8ef2a2ac18f207e7894bc4bf7727f9edb2208066f7713e0b4ab9ae0246893805,f34324c6fde36a4f635f0f1f06cac5d25acd6798
32768,36,196608,98304,18,17,17,1,103866.0,5562.0,False,True,6.0,468,5988,ENSG00000133067,196608,0d4ee05a9edbe61c773a4c3b9dd83d53ea6ddeecec87568b1034e4d7fd82db4d,f34324c6fde36a4f635f0f1f06cac5d25acd6798
32768,36,196608,98304,18,17,17,1,103866.0,5562.0,False,True,6.0,468,5988,ENSG00000130368,196608,ef6aad39cee25f11ceb379ca61a22030337b0ba9bca539bc56b3a9e149e3b0a1,f34324c6fde36a4f635f0f1f06cac5d25acd6798
32768,36,196608,98304,18,17,17,1,103866.0,5562.0,False,True,6.0,468,5988,ENSG00000204687,196608,72f22a65668de9e8a9fcc48cb92fa35c78969a72e1f86886a733478017a4172b,f34324c6fde36a4f635f0f1f06cac5d25acd6798
32768,36,196608,98304,18,17,17,1,103866.0,5562.0,False,True,6.0,468,5988,ENSG00000172938,196608,1641d6ec0ad9a936c32edcfb7b3d6b11caecc74f6d56b554381e294cc3cba182,f34324c6fde36a4f635f0f1f06cac5d25acd6798
32768,36,196608,98304,18,17,17,1,103866.0,5562.0,False,True,6.0,468,5988,ENSG00000184350,196608,90a95283a3dcd169be24cab60b953365c2d17602b97843639adec6391538ffc5,f34324c6fde36a4f635f0f1f06cac5d25acd6798
32768,36,196608,98304,18,17,17,1,103866.0,5562.0,False,True,6.0,468,5988,ENSG00000172935,196608,a0a769d105d416aed35331060e49ea35990b51f7163e44edf1d38d125ee798e6,f34324c6fde36a4f635f0f1f06cac5d25acd6798
32768,36,196608,98304,18,17,17,1,103866.0,5562.0,False,True,6.0,468,5988,ENSG00000182170,196608,c1747ee490527ad66ef0b9ae2ce25cf1857cb64a0226bfae939685a619284228,f34324c6fde36a4f635f0f1f06cac5d25acd6798
32768,36,196608,98304,18,17,17,1,103866.0,5562.0,False,True,6.0,468,5988,ENSG00000170255,196608,0054c03c2b2eacada6c8134fb9910e8a87565cd19a2b0ccb73499139c3391874,f34324c6fde36a4f635f0f1f06cac5d25acd6798
32768,36,196608,98304,18,17,17,1,103866.0,5562.0,False,True,6.0,468,5988,ENSG00000183695,196608,9d095ab78db076a97d416a3284a397c21327bb36309ea428b10b3022e444c999,f34324c6fde36a4f635f0f1f06cac5d25acd6798
32768,36,196608,98304,18,17,17,1,103866.0,5562.0,False,True,6.0,468,5988,ENSG00000179826,196608,088bed586cecd84ff8e41ccf2cad1f98546d8fbd1c8778e97bedbf10b225401b,f34324c6fde36a4f635f0f1f06cac5d25acd6798
32768,36,196608,98304,18,17,17,1,103866.0,5562.0,False,True,6.0,468,5988,ENSG00000179817,196608,6c5f9d1eda2c2e2e7ec80dd5557373b5da964484a008eb4ff6967cb8f4bdccac,f34324c6fde36a4f635f0f1f06cac5d25acd6798
32768,36,196608,98304,18,17,17,1,103866.0,5562.0,False,True,6.0,468,5988,ENSG00000116329,196608,216be82e9c1c35459f08933f1ea7423ccd2a41367fed32a2be888d5d76e56fdb,f34324c6fde36a4f635f0f1f06cac5d25acd6798
32768,36,196608,98304,18,17,17,1,103866.0,5562.0,False,True,6.0,468,5988,ENSG00000082556,196608,2713f16398aa22e391cb4a939269d41eeda1bdf1edf8b88a0967a9f9b8c5cb4a,f34324c6fde36a4f635f0f1f06cac5d25acd6798
32768,36,196608,98304,18,17,17,1,103866.0,5562.0,False,True,6.0,468,5988,ENSG00000125510,196608,7dd2f6c4155f59047df993b2af08eaac190d5a3ccdb3882a457a866fac82cd04,f34324c6fde36a4f635f0f1f06cac5d25acd6798
32768,36,196608,98304,18,17,17,1,103866.0,5562.0,False,True,6.0,468,5988,ENSG00000112038,196608,e6d7fadc9a00862e827e9e52ce12237a5cff5abc6fffd825c2361bafa63c5e8d,f34324c6fde36a4f635f0f1f06cac5d25acd6798
32768,36,196608,98304,18,17,17,1,103866.0,5562.0,False,True,6.0,468,5988,ENSG00000172146,196608,c0645f8a7574b8e6cfcd4d37980ac0e002fe40e7f2507c7740e248139ca35356,f34324c6fde36a4f635f0f1f06cac5d25acd6798
32768,36,196608,98304,18,17,17,1,103866.0,5562.0,False,True,6.0,468,5988,ENSG00000172150,196608,ff0e414de29af354e63e786ef577f365d81f8888e1fb0457c9033d945ff8f5a1,f34324c6fde36a4f635f0f1f06cac5d25acd6798
32768,36,196608,98304,18,17,17,1,103866.0,5562.0,False,True,6.0,468,5988,ENSG00000280094,196608,7fe9d33114d68c29d8384d9b3bfe919eb0d32ed62d3b204a1d624739c7dd2a86,f34324c6fde36a4f635f0f1f06cac5d25acd6798
32768,36,196608,98304,18,17,17,1,103866.0,5562.0,False,True,6.0,468,5988,ENSG00000221888,196608,e59833bec85374eb4649edbb884d5978349f89fc99a4535aa41d29a5a08aac98,f34324c6fde36a4f635f0f1f06cac5d25acd6798
32768,36,196608,98304,18,17,17,1,103866.0,5562.0,False,True,6.0,468,5988,ENSG00000184166,196608,8b16d9708e6f2dd342c63222154da97a1af6a59cba6fff96371d606a48f3611a,f34324c6fde36a4f635f0f1f06cac5d25acd6798
32768,36,196608,98304,18,17,17,1,103866.0,5562.0,False,True,6.0,468,5988,ENSG00000262628,196608,04e3210b72a07c325ce7da1ea9b19f9863814c6f2cd03efbcd9ee6ca5b78cb99,f34324c6fde36a4f635f0f1f06cac5d25acd6798
32768,36,196608,98304,18,17,17,1,103866.0,5562.0,False,True,6.0,468,5988,ENSG00000180016,196608,dde3b93cdea57889ced8e0fa41fd5005f7ff7386a1f3e5a29e0b17ce65fdefd9,f34324c6fde36a4f635f0f1f06cac5d25acd6798
32768,36,196608,98304,18,17,17,1,103866.0,5562.0,False,True,6.0,468,5988,ENSG00000127780,196608,cf68dddf0382b2aa7e6cafb43b55e9f616ce4b55112438606fc744d8adcfdada,f34324c6fde36a4f635f0f1f06cac5d25acd6798
32768,36,196608,98304,18,17,17,1,103866.0,5562.0,False,True,6.0,468,5988,ENSG00000168124,196608,5eed9a433acefe9efe03413e8af7435bc27584753be2a48037a0292dd66259a6,f34324c6fde36a4f635f0f1f06cac5d25acd6798
32768,36,196608,98304,18,17,17,1,103866.0,5562.0,False,True,6.0,468,5988,ENSG00000183024,196608,0c5b7536a61c454b4e6c71b5e215b90ee6462f8e0d8edae93ccb92c9f5cca680,f34324c6fde36a4f635f0f1f06cac5d25acd6798
32768,36,196608,98304,18,17,17,1,103866.0,5562.0,False,True,6.0,468,5988,ENSG00000094661,196608,b0c580157e720b012c1781517d430246b8da02b70aef6aa8f10f6caa8519601b,f34324c6fde36a4f635f0f1f06cac5d25acd6798
32768,36,196608,98304,18,17,17,1,103866.0,5562.0,False,True,6.0,468,5988,ENSG00000136834,196608,5485dc6424a54abbccb94d664379f1fbc1b4d3638979559895674b30ec0a4956,f34324c6fde36a4f635f0f1f06cac5d25acd6798
32768,36,196608,98304,18,17,17,1,103866.0,5562.0,False,True,6.0,468,5988,ENSG00000197233,196608,a7e4637988f64f06c1535a3e0ed5b0611024147e6bec2aff102935053862e293,f34324c6fde36a4f635f0f1f06cac5d25acd6798
32768,36,196608,98304,18,17,17,1,103866.0,5562.0,False,True,6.0,468,5988,ENSG00000239590,196608,17f3f18164bcfd55ed4f98141c13aff4f9b522fca25901b80ad890b63bdfa36f,f34324c6fde36a4f635f0f1f06cac5d25acd6798
32768,36,196608,98304,18,17,17,1,103866.0,5562.0,False,True,6.0,468,5988,ENSG00000165204,196608,b0897ee38853425dcb6ebf54c94437d138ef827a2845c77b11f68b9e6cb9325c,f34324c6fde36a4f635f0f1f06cac5d25acd6798
32768,36,196608,98304,18,17,17,1,103866.0,5562.0,False,True,6.0,468,5988,ENSG00000173679,196608,823dff64c82af1918e05902707a7189735646ebbf57ae0b6f058dfb1fe137019,f34324c6fde36a4f635f0f1f06cac5d25acd6798
32768,36,196608,98304,18,17,17,1,103866.0,5562.0,False,True,6.0,468,5988,ENSG00000171481,196608,f336cc11238e8c33f62dc5bf8595ed6b410d739d9913a46ee2864b808e393555,f34324c6fde36a4f635f0f1f06cac5d25acd6798
32768,36,196608,98304,18,17,17,1,103866.0,5562.0,False,True,6.0,468,5988,ENSG00000136939,196608,afbd7495b9ed0cb755f3425c3b0db306291bb0d6e8143e5ed31bc180c05c883b,f34324c6fde36a4f635f0f1f06cac5d25acd6798
32768,36,196608,98304,18,17,17,1,103866.0,5562.0,False,True,6.0,468,5988,ENSG00000171459,196608,c0e2d2618ebd220f95b5a09fce60ed80feb4ce598d7a0034154baf65141ac730,f34324c6fde36a4f635f0f1f06cac5d25acd6798
32768,36,196608,98304,18,17,17,1,103866.0,5562.0,False,True,6.0,468,5988,ENSG00000171496,196608,b4aef1d241221117370b69ba4d2571227cde2439e144ed4d33f7a8c31a76e8a5,f34324c6fde36a4f635f0f1f06cac5d25acd6798
32768,36,196608,98304,18,17,17,1,103866.0,5562.0,False,True,6.0,468,5988,ENSG00000170929,196608,45b55a6e678cf862988a9e56854cd86aafe9065c68931cb562e4ed69f7b83f49,f34324c6fde36a4f635f0f1f06cac5d25acd6798
32768,36,196608,98304,18,17,17,1,103866.0,5562.0,False,True,6.0,468,5988,ENSG00000171505,196608,9190a5327a34c55a5e5a4e5d16b57dc218bb048456c29a4f4017b6510219f176,f34324c6fde36a4f635f0f1f06cac5d25acd6798
32768,36,196608,98304,18,17,17,1,103866.0,5562.0,False,True,6.0,468,5988,ENSG00000171501,196608,dce17854f485fccc36714c17705003c18462b70c8749e588420da7f403112d86,f34324c6fde36a4f635f0f1f06cac5d25acd6798
32768,36,196608,98304,18,17,17,1,103866.0,5562.0,False,True,6.0,468,5988,ENSG00000262085,196608,c133c1103d4fe34e953a4e0fa19883df814c5af5eeb657dc0e4f2892a5c6ebc5,f34324c6fde36a4f635f0f1f06cac5d25acd6798
32768,36,196608,98304,18,17,17,1,103866.0,5562.0,False,True,6.0,468,5988,ENSG00000165202,196608,1a87117685eee4fbe421029b7be8e66f48d3747d61031949aa7b7fd704a30e05,f34324c6fde36a4f635f0f1f06cac5d25acd6798
32768,36,196608,98304,18,17,17,1,103866.0,5562.0,False,True,6.0,468,5988,ENSG00000280204,196608,12f4d27fa8df88cc08eb0cdbfef25d78cee6925f634612180ae4e1c5d8fa5b74,f34324c6fde36a4f635f0f1f06cac5d25acd6798
32768,36,196608,98304,18,17,17,1,103866.0,5562.0,False,True,6.0,468,5988,ENSG00000197887,196608,5cb647c3a2fec0708ae0883c98b127a85439e7f3a9008728042f7985a6f221a3,f34324c6fde36a4f635f0f1f06cac5d25acd6798
32768,36,196608,98304,18,17,17,1,103866.0,5562.0,False,True,6.0,468,5988,ENSG00000221970,196608,6862133c162670c800b678bc5fe1925e42838ef70993cda7084c2c10fbdaa009,f34324c6fde36a4f635f0f1f06cac5d25acd6798
32768,36,196608,98304,18,17,17,1,103866.0,5562.0,False,True,6.0,468,5988,ENSG00000221989,196608,cf25fc616349efdbd23cba6284b5caed77f01420fb9681aa9a781876cf4c820d,f34324c6fde36a4f635f0f1f06cac5d25acd6798
32768,36,196608,98304,18,17,17,1,103866.0,5562.0,False,True,6.0,468,5988,ENSG00000180658,196608,e84c99cecdcdf4ff2c166a5890ae24734cfa0bb07a71af00b25850520743bffb,f34324c6fde36a4f635f0f1f06cac5d25acd6798
32768,36,196608,98304,18,17,17,1,103866.0,5562.0,False,True,6.0,468,5988,ENSG00000221836,196608,8baea6db7d60210b01697b37c25e433c474b70efb779beab279650832471e923,f34324c6fde36a4f635f0f1f06cac5d25acd6798
32768,36,196608,98304,18,17,17,1,103866.0,5562.0,False,True,6.0,468,5988,ENSG00000243896,196608,a6b0dd259d3526b330ac214e8721cc21782caaf6d61485873add5a0a4f543ee7,f34324c6fde36a4f635f0f1f06cac5d25acd6798
32768,36,196608,98304,18,17,17,1,103866.0,5562.0,False,True,6.0,468,5988,ENSG00000221858,196608,4ac9c1330725f62389536cbe16dc9b17b01a299c47ca2baaba9b4f51281c034a,f34324c6fde36a4f635f0f1f06cac5d25acd6798
32768,36,196608,98304,18,17,17,1,103866.0,5562.0,False,True,6.0,468,5988,ENSG00000221938,196608,d7c1a70f456d99ac5dab8aca413ce18b02fa51928761774e602238d0df1f05a1,f34324c6fde36a4f635f0f1f06cac5d25acd6798
32768,36,196608,98304,18,17,17,1,103866.0,5562.0,False,True,6.0,468,5988,ENSG00000221933,196608,d247a261f9a72f21790efa5b1ead6cf02d0cff7bca526bf031637ea196871237,f34324c6fde36a4f635f0f1f06cac5d25acd6798
32768,36,196608,98304,18,17,17,1,103866.0,5562.0,False,True,6.0,468,5988,ENSG00000212807,196608,ce9d2f486b948920f3bd81ad8affc61e868526b48bb8e6610d1009a1eadcce42,f34324c6fde36a4f635f0f1f06cac5d25acd6798
32768,36,196608,98304,18,17,17,1,103866.0,5562.0,False,True,6.0,468,5988,ENSG00000244623,196608,76921f7bd9b08700e414d068e520b25849b4a4255af7f7f5f4a642d89e8f1bc5,f34324c6fde36a4f635f0f1f06cac5d25acd6798
32768,36,196608,98304,18,17,17,1,103866.0,5562.0,False,True,6.0,468,5988,ENSG00000279486,196608,d93e5c901030be47a40e848dcaa06f1a1fd38decee85eb130e64580f6630b951,f34324c6fde36a4f635f0f1f06cac5d25acd6798
32768,36,196608,98304,18,17,17,1,103866.0,5562.0,False,True,6.0,468,5988,ENSG00000188124,196608,dba29d6bb9e625ab11baec7247259aab30bc79fa68ba394401184426e87e9440,f34324c6fde36a4f635f0f1f06cac5d25acd6798
32768,36,196608,98304,18,17,17,1,103866.0,5562.0,False,True,6.0,468,5988,ENSG00000177275,196608,91f38ff2f8edf4623f57239e058097d0fcd0861d36326d6bca07b3556b50e241,f34324c6fde36a4f635f0f1f06cac5d25acd6798
32768,36,196608,98304,18,17,17,1,103866.0,5562.0,False,True,6.0,468,5988,ENSG00000187080,196608,abeba7e0322ad33d1910f06ecfa3f755394c4997bd978beef3e1c850739ae6f8,f34324c6fde36a4f635f0f1f06cac5d25acd6798
32768,36,196608,98304,18,17,17,1,103866.0,5562.0,False,True,6.0,468,5988,ENSG00000179615,196608,ce720c4475299a1b22ec768f70220775fe7d267f2e35bf89de0e29571d1197c5,f34324c6fde36a4f635f0f1f06cac5d25acd6798
32768,36,196608,98304,18,17,17,1,103866.0,5562.0,False,True,6.0,468,5988,ENSG00000171561,196608,08fbf1d0782d853eb6cdcc3eb2662992dc390743c4055f14ad54fc57c7b7f5c5,f34324c6fde36a4f635f0f1f06cac5d25acd6798
32768,36,196608,98304,18,17,17,1,103866.0,5562.0,False,True,6.0,468,5988,ENSG00000168131,196608,2b609a4878437a2984f8907da95e179fd02065c9b11a0811a5996790bff80712,f34324c6fde36a4f635f0f1f06cac5d25acd6798
32768,36,196608,98304,18,17,17,1,103866.0,5562.0,False,True,6.0,468,5988,ENSG00000204703,196608,360e1d3ca5f05f44a404de18458d49efc5a9d120387b31714ca4a5a889fd4dd3,f34324c6fde36a4f635f0f1f06cac5d25acd6798
32768,36,196608,98304,18,17,17,1,103866.0,5562.0,False,True,6.0,468,5988,ENSG00000124657,196608,2cfbb749ab20d14b7e5ff67386f6e1a9814a4ac58bb80d0a489ba299e099f5e4,f34324c6fde36a4f635f0f1f06cac5d25acd6798
32768,36,196608,98304,18,17,17,1,103866.0,5562.0,False,True,6.0,468,5988,ENSG00000182477,196608,1d332003f2ed6777b759103c6c79fd1cb3bedec64c0b0c0680f7b7e531d4979f,f34324c6fde36a4f635f0f1f06cac5d25acd6798
32768,36,196608,98304,18,17,17,1,103866.0,5562.0,False,True,6.0,468,5988,ENSG00000177535,196608,dbfaf3803ff58573899bb0806e845e4081fd62737415df43c1d87b33f6b081a5,f34324c6fde36a4f635f0f1f06cac5d25acd6798
32768,36,196608,98304,18,17,17,1,103866.0,5562.0,False,True,6.0,468,5988,ENSG00000168158,196608,68d10a725958fa523c3f9dcf8920f743f9c25b42c6af0f9f57632977af5be047,f34324c6fde36a4f635f0f1f06cac5d25acd6798
32768,36,196608,98304,18,17,17,1,103866.0,5562.0,False,True,6.0,468,5988,ENSG00000196242,196608,ee30929b132ef51cc1c85f6ef83f47e1ed2971241be333148de37681b495b30d,f34324c6fde36a4f635f0f1f06cac5d25acd6798
32768,36,196608,98304,18,17,17,1,103866.0,5562.0,False,True,6.0,468,5988,ENSG00000166368,196608,8a64cd5323bcf9bd08861153ad49f594d17d03b5e13360c40509111a5a1992ba,f34324c6fde36a4f635f0f1f06cac5d25acd6798
32768,36,196608,98304,18,17,17,1,103866.0,5562.0,False,True,6.0,468,5988,ENSG00000178358,196608,7fcab6940d5ea0c14ae8759eb719e7e1546d56bc9a66cb823a25f41d3de3aefe,f34324c6fde36a4f635f0f1f06cac5d25acd6798
32768,36,196608,98304,18,17,17,1,103866.0,5562.0,False,True,6.0,468,5988,ENSG00000213215,196608,a61b342ddb8a05cf552c885df0c127ee0e3d50ec2fd43cd325bbcd63dfb511d4,f34324c6fde36a4f635f0f1f06cac5d25acd6798
32768,36,196608,98304,18,17,17,1,103866.0,5562.0,False,True,6.0,468,5988,ENSG00000221910,196608,a0e79f6fb0f626542d4755cf54f5ca40059243895ef5d3a4fd33f0df24e40c3c,f34324c6fde36a4f635f0f1f06cac5d25acd6798
32768,36,196608,98304,18,17,17,1,103866.0,5562.0,False,True,6.0,468,5988,ENSG00000177489,196608,e036004c989c0ad1a6e1bb5ea816afdd4842754224b0a4ecdb6ee4218124fa22,f34324c6fde36a4f635f0f1f06cac5d25acd6798
32768,36,196608,98304,18,17,17,1,103866.0,5562.0,False,True,6.0,468,5988,ENSG00000177476,196608,ecc30f74dd02ef15880a9e134e9fdb663d236e7a55e979efea455672436a5323,f34324c6fde36a4f635f0f1f06cac5d25acd6798
32768,36,196608,98304,18,17,17,1,103866.0,5562.0,False,True,6.0,468,5988,ENSG00000188558,196608,1915e9f283b15e4055fee08f839ecdd01132024a0c247e0aaf591d50d5c2ed66,f34324c6fde36a4f635f0f1f06cac5d25acd6798
32768,36,196608,98304,18,17,17,1,103866.0,5562.0,False,True,6.0,468,5988,ENSG00000204688,196608,f5354c8b3cfc3e25ef07baf36d8f58e62bb16db9cd439920c157794603ac50cd,f34324c6fde36a4f635f0f1f06cac5d25acd6798
32768,36,196608,98304,18,17,17,1,103866.0,5562.0,False,True,6.0,468,5988,ENSG00000204657,196608,104ecaa03d9c09e295389f32cf0093d9d19f9d8127386e2eaafeecc4f117dc27,f34324c6fde36a4f635f0f1f06cac5d25acd6798
32768,36,196608,98304,18,17,17,1,103866.0,5562.0,False,True,6.0,468,5988,ENSG00000237988,196608,2c0d7580b7c0950f69ac2bc8ea8b742d82f37df5b781ec7554776db27e2cb19b,f34324c6fde36a4f635f0f1f06cac5d25acd6798
32768,36,196608,98304,18,17,17,1,103866.0,5562.0,False,True,6.0,468,5988,ENSG00000204702,196608,32cfad13c9491911a484fa47dcfdb2923e6f305b9aaa2a0434771d86bb8af92d,f34324c6fde36a4f635f0f1f06cac5d25acd6798
32768,36,196608,98304,18,17,17,1,103866.0,5562.0,False,True,6.0,468,5988,ENSG00000204700,196608,f2b9c7e2a5588be08ccb0101ec4dbd15d504017d0bf92b3d6f67a4f62c9ea828,f34324c6fde36a4f635f0f1f06cac5d25acd6798
32768,36,196608,98304,18,17,17,1,103866.0,5562.0,False,True,6.0,468,5988,ENSG00000204701,196608,3ec07a38a4e51797c63381c27ae55821300536e9daa9a2d3972910c8bd13cd84,f34324c6fde36a4f635f0f1f06cac5d25acd6798
32768,36,196608,98304,18,17,17,1,103866.0,5562.0,False,True,6.0,468,5988,ENSG00000171133,196608,e48a1f5eb258b3ec334e408f9fd6d6a36749722ebe348216b3df1b6a3b21d473,f34324c6fde36a4f635f0f1f06cac5d25acd6798
32768,36,196608,98304,18,17,17,1,103866.0,5562.0,False,True,6.0,468,5988,ENSG00000203663,196608,a3ace0bc6a3f5d87a80fdbbf4970182c48244c3cc20e5b953828855cd9cc5d98,f34324c6fde36a4f635f0f1f06cac5d25acd6798
32768,36,196608,98304,18,17,17,1,103866.0,5562.0,False,True,6.0,468,5988,ENSG00000198128,196608,ab54475361f782bf56d4fbfde95630d0119df5bd81d82db73dc64194acd91ac4,f34324c6fde36a4f635f0f1f06cac5d25acd6798
32768,36,196608,98304,18,17,17,1,103866.0,5562.0,False,True,6.0,468,5988,ENSG00000197454,196608,6f49a912e86d03d35afa2dec37e32818ec2138a0d36ba7404b5b55b6554521a1,f34324c6fde36a4f635f0f1f06cac5d25acd6798
32768,36,196608,98304,18,17,17,1,103866.0,5562.0,False,True,6.0,468,5988,ENSG00000279263,196608,555ba683e28a2b081ef0e4c6502bd74ea4997911adf0aba6c0f064fb7cccdd8e,f34324c6fde36a4f635f0f1f06cac5d25acd6798
32768,36,196608,98304,18,17,17,1,103866.0,5562.0,False,True,6.0,468,5988,ENSG00000196071,196608,08a449d780e707dc2558e303dbe0ea3851a336d40d84817d4db788f8d10706fa,f34324c6fde36a4f635f0f1f06cac5d25acd6798
32768,36,196608,98304,18,17,17,1,103866.0,5562.0,False,True,6.0,468,5988,ENSG00000198601,196608,7ce0437dafa106eac3ff976ebd1f1f409972534a5e9858355e58f74028adc983,f34324c6fde36a4f635f0f1f06cac5d25acd6798
32768,36,196608,98304,18,17,17,1,103866.0,5562.0,False,True,6.0,468,5988,ENSG00000228198,196608,6e55343dcc7b1b3feec4c889d7c7ae3a88af31e8461760c3e7b04fe49a189e6b,f34324c6fde36a4f635f0f1f06cac5d25acd6798
32768,36,196608,98304,18,17,17,1,103866.0,5562.0,False,True,6.0,468,5988,ENSG00000171180,196608,7e0d54a727b94e4cea4a35b438f80818de068162e66d89e53b640816caeaa90b,f34324c6fde36a4f635f0f1f06cac5d25acd6798
32768,36,196608,98304,18,17,17,1,103866.0,5562.0,False,True,6.0,468,5988,ENSG00000162727,196608,5bddab003206cfb789bc95270d512e1b700e3b4e6e53acb55d3d1a70e32ca221,f34324c6fde36a4f635f0f1f06cac5d25acd6798
32768,36,196608,98304,18,17,17,1,103866.0,5562.0,False,True,6.0,468,5988,ENSG00000177186,196608,6ba42d66969e736fa2d1ed646a89ee45b5c1ee869a83cb0d69059be59b4cd1dd,f34324c6fde36a4f635f0f1f06cac5d25acd6798
32768,36,196608,98304,18,17,17,1,103866.0,5562.0,False,True,6.0,468,5988,ENSG00000278889,196608,bcd60ba2ba996058c612adc2564dd1be42f5a55cf0411eb2f9cc5f9690b24fe9,f34324c6fde36a4f635f0f1f06cac5d25acd6798
32768,36,196608,98304,18,17,17,1,103866.0,5562.0,False,True,6.0,468,5988,ENSG00000175143,196608,6eb635ee4de9ae5882f5e9602d78d8de0a1b2864bc4d54cfd6cd97ebb596f2de,f34324c6fde36a4f635f0f1f06cac5d25acd6798
32768,36,196608,98304,18,17,17,1,103866.0,5562.0,False,True,6.0,468,5988,ENSG00000196240,196608,976cb645c76c167c81ebd0590ff5da77dd5b807fad61f8e83c561571ed4121a6,f34324c6fde36a4f635f0f1f06cac5d25acd6798
32768,36,196608,98304,18,17,17,1,103866.0,5562.0,False,True,6.0,468,5988,ENSG00000196539,196608,5c17ced65a591b0ced19a1d1bf13b78cd70c42c805658c0713d5212e89eb2be0,f34324c6fde36a4f635f0f1f06cac5d25acd6798
32768,36,196608,98304,18,17,17,1,103866.0,5562.0,False,True,6.0,468,5988,ENSG00000196944,196608,13620d0ea38f81362248661a1f6ab522a3c9059cd31384485ba53c0f8063f0ef,f34324c6fde36a4f635f0f1f06cac5d25acd6798
32768,36,196608,98304,18,17,17,1,103866.0,5562.0,False,True,6.0,468,5988,ENSG00000203661,196608,19776699798a1f45da5445f0b4182f9e889d01c2a81949d74f9d28ec90e5f082,f34324c6fde36a4f635f0f1f06cac5d25acd6798
32768,36,196608,98304,18,17,17,1,103866.0,5562.0,False,True,6.0,468,5988,ENSG00000198104,196608,b3fbdc1f0d344debb321a7fe64472892e4df66ef5dead5251eed457240406379,f34324c6fde36a4f635f0f1f06cac5d25acd6798
32768,36,196608,98304,18,17,17,1,103866.0,5562.0,False,True,6.0,468,5988,ENSG00000227152,196608,3c33c23f80786bfa03a72309c66bba2c56b3e63a2b3b8c2835b3f57f42d6ebbb,f34324c6fde36a4f635f0f1f06cac5d25acd6798
32768,36,196608,98304,18,17,17,1,103866.0,5562.0,False,True,6.0,468,5988,ENSG00000177462,196608,6738268c0bee14d9cfa8c4fa0492db56cb76576c67aac54e9ae209d7e3802084,f34324c6fde36a4f635f0f1f06cac5d25acd6798
32768,36,196608,98304,18,17,17,1,103866.0,5562.0,False,True,6.0,468,5988,ENSG00000184022,196608,b6887ed7cdc380e474a69b99169695571987f1af384ade1b9aa048b1c1a0b34b,f34324c6fde36a4f635f0f1f06cac5d25acd6798
32768,36,196608,98304,18,17,17,1,103866.0,5562.0,False,True,6.0,468,5988,ENSG00000279301,196608,175a17de129318e350afe05512b14e8e3eff1a05b5ec298047078c246aaa121b,f34324c6fde36a4f635f0f1f06cac5d25acd6798
32768,36,196608,98304,18,17,17,1,103866.0,5562.0,False,True,6.0,468,5988,ENSG00000177201,196608,aa498d1e07106847011da5a2562964270f956f71ded1102e9073d5d4727f87e1,f34324c6fde36a4f635f0f1f06cac5d25acd6798
32773,36,196608,98304,18,17,17,1,103841.0,5537.0,False,True,5.9990846123333235,493,5988,ENSG00000187701,196608,f30acd30397e0d7478026ea76cf8da195549178aec6df4717339e1dd2aacd797,f34324c6fde36a4f635f0f1f06cac5d25acd6798
32768,36,196608,98304,18,17,17,1,103866.0,5562.0,False,True,6.0,468,5988,ENSG00000182783,196608,7f36dbbba148e95f0cd0b79e25040f5216488512c27f28d2bf8e1214c3bdc87f,f34324c6fde36a4f635f0f1f06cac5d25acd6798
32768,36,196608,98304,18,17,17,1,103866.0,5562.0,False,True,6.0,468,5988,ENSG00000177212,196608,c7585801ecfe3f767c9332615bd186b4fc07269a2ddd19ad32869e90ac1c30a3,f34324c6fde36a4f635f0f1f06cac5d25acd6798
32768,36,196608,98304,18,17,17,1,103866.0,5562.0,False,True,6.0,468,5988,ENSG00000183310,196608,7900828c08f58e0ac02536b416550fa00ef2018f94bec2d528dace44341d1b0c,f34324c6fde36a4f635f0f1f06cac5d25acd6798
32768,36,196608,98304,18,17,17,1,103866.0,5562.0,False,True,6.0,468,5988,ENSG00000177151,196608,84f34a3be6e8a0f281b66753900dbc199fe06ce7c0c5c02f22635088b16dadd5,f34324c6fde36a4f635f0f1f06cac5d25acd6798
32768,36,196608,98304,18,17,17,1,103866.0,5562.0,False,True,6.0,468,5988,ENSG00000185372,196608,5979f929604b26d0fb52f1ec2ef870138bd9e2ae642b417d8ed8ceb2dd61899c,f34324c6fde36a4f635f0f1f06cac5d25acd6798
32768,36,196608,98304,18,17,17,1,103866.0,5562.0,False,True,6.0,468,5988,ENSG00000182613,196608,96096e0f274771a9326974753e7bb9adc527b981f44f61a319877ed336a6d2c6,f34324c6fde36a4f635f0f1f06cac5d25acd6798
32768,36,196608,98304,18,17,17,1,103866.0,5562.0,False,True,6.0,468,5988,ENSG00000204704,196608,30f7ee984a805846b3a2bfd2c93c22f6569eeac08b6371ac8f9df3d993d9e6aa,f34324c6fde36a4f635f0f1f06cac5d25acd6798
32768,36,196608,98304,18,17,17,1,103866.0,5562.0,False,True,6.0,468,5988,ENSG00000238243,196608,3df2ec69f11e4934fe7ff5e658b61f1536c0401b0fa7dfa6bc722d8d80664331,f34324c6fde36a4f635f0f1f06cac5d25acd6798
32768,36,196608,98304,18,17,17,1,103866.0,5562.0,False,True,6.0,468,5988,ENSG00000174339,196608,7f329d179338bebf6bf1ace98437b5fa9baab6f4570d67d07563edc1d2280563,f34324c6fde36a4f635f0f1f06cac5d25acd6798
32768,36,196608,98304,18,17,17,1,103866.0,5562.0,False,True,6.0,468,5988,ENSG00000181733,196608,a8f7e782f4cc59d08fcbc3eb91c0b1fd2cab14432de1c69529b8087da06a7ddd,f34324c6fde36a4f635f0f1f06cac5d25acd6798
32768,36,196608,98304,18,17,17,1,103866.0,5562.0,False,True,6.0,468,5988,ENSG00000180090,196608,dc52b6c65ff55c9cd97b757c8a50ec56475e87e3ec1e44c49d7a93fc534039f9,f34324c6fde36a4f635f0f1f06cac5d25acd6798
32768,36,196608,98304,18,17,17,1,103866.0,5562.0,False,True,6.0,468,5988,ENSG00000221882,196608,658c738d53f19a118cb7efbad1f6037babc85e717565e45eaffeb63e89a6288d,f34324c6fde36a4f635f0f1f06cac5d25acd6798
32768,36,196608,98304,18,17,17,1,103866.0,5562.0,False,True,6.0,468,5988,ENSG00000159961,196608,5bc0e76136ba8c0544707af933e0bc67939ad3dab12a70d1af9fd7c9620d2dae,f34324c6fde36a4f635f0f1f06cac5d25acd6798
32768,36,196608,98304,18,17,17,1,103866.0,5562.0,False,True,6.0,468,5988,ENSG00000221840,196608,520f42d9ea42ec2ecc2bf5c8a04dec140bc93a1f34ddec7e248024d47c895628,f34324c6fde36a4f635f0f1f06cac5d25acd6798
32768,36,196608,98304,18,17,17,1,103866.0,5562.0,False,True,6.0,468,5988,ENSG00000225997,196608,7b9401aa95d08ef84e34636c15fe45574aabf455e04069dd8b8ac3dc99bc14b9,f34324c6fde36a4f635f0f1f06cac5d25acd6798
32768,36,196608,98304,18,17,17,1,103866.0,5562.0,False,True,6.0,468,5988,ENSG00000181958,196608,fc0066a58071cef2246733c240521dfffd474cd83ab51d0be618b89f05d2e91b,f34324c6fde36a4f635f0f1f06cac5d25acd6798
32768,36,196608,98304,18,17,17,1,103866.0,5562.0,False,True,6.0,468,5988,ENSG00000181961,196608,7c9053ce5242ec8a11d0ccb36c93487308829b46b460dd1bc5588bfece72790d,f34324c6fde36a4f635f0f1f06cac5d25acd6798
32768,36,196608,98304,18,17,17,1,103866.0,5562.0,False,True,6.0,468,5988,ENSG00000237388,196608,65b7753756fc65ed70f85ffd2147ff2016c428b9a4bb2bb2a994a3e8a563a2c8,f34324c6fde36a4f635f0f1f06cac5d25acd6798
32768,36,196608,98304,18,17,17,1,103866.0,5562.0,False,True,6.0,468,5988,ENSG00000175619,196608,70055c0d34f36a574f025c2413008bf175ddc09c56aa4d6d9c3c153fed804a44,f34324c6fde36a4f635f0f1f06cac5d25acd6798
32768,36,196608,98304,18,17,17,1,103866.0,5562.0,False,True,6.0,468,5988,ENSG00000176547,196608,a6edeaf5567954056e87020cf3378ff3bc6165ab988ab97deabc0f106a5a97e3,f34324c6fde36a4f635f0f1f06cac5d25acd6798
32768,36,196608,98304,18,17,17,1,103866.0,5562.0,False,True,6.0,468,5988,ENSG00000176540,196608,79dda02c6c858985b53af8c2bf6166f3bd07a7b94cc11f2f03cbc5d5a19170fe,f34324c6fde36a4f635f0f1f06cac5d25acd6798
32768,36,196608,98304,18,17,17,1,103866.0,5562.0,False,True,6.0,468,5988,ENSG00000181903,196608,28b661699bb7bb081bc052a722f462b2ea08c28f59a5b5b66939c0b662b5a495,f34324c6fde36a4f635f0f1f06cac5d25acd6798
32768,36,196608,98304,18,17,17,1,103866.0,5562.0,False,True,6.0,468,5988,ENSG00000172188,196608,446a8bbc5904784aed71e84e5c972085ca3a377b56c1108541fe76cd1d90febd,f34324c6fde36a4f635f0f1f06cac5d25acd6798
32768,36,196608,98304,18,17,17,1,103866.0,5562.0,False,True,6.0,468,5988,ENSG00000221954,196608,dd05139ee3c1e7223b672074ab5ea518f077ef140e9e24401a06dbbe91c1d4a3,f34324c6fde36a4f635f0f1f06cac5d25acd6798
32768,36,196608,98304,18,17,17,1,103866.0,5562.0,False,True,6.0,468,5988,ENSG00000258817,196608,41f8f53bcf9cf0e60faa12b996df3d8b01bf1839d12e795112158c7b3fdf6750,f34324c6fde36a4f635f0f1f06cac5d25acd6798
32768,36,196608,98304,18,17,17,1,103866.0,5562.0,False,True,6.0,468,5988,ENSG00000181939,196608,4aef3b7ab4e07a66f73f5a96586a78e76e053032d2421485a6f2d235165675c5,f34324c6fde36a4f635f0f1f06cac5d25acd6798
32768,36,196608,98304,18,17,17,1,103866.0,5562.0,False,True,6.0,468,5988,ENSG00000279514,196608,e9188833cc1e7b1c84c623a80d5ae9b284632916ea981ab9e523d9ae1c953f76,f34324c6fde36a4f635f0f1f06cac5d25acd6798
32768,36,196608,98304,18,17,17,1,103866.0,5562.0,False,True,6.0,468,5988,ENSG00000260811,196608,e9c1fdb56bb367aeee5675f6aa5f0cf9506d00488a97d0fbc42a134ecd2b5dba,f34324c6fde36a4f635f0f1f06cac5d25acd6798
48918,53,196608,98304,26,17,17,9,148698.0,50394.0,False,True,4.01913406108181,350,5988,ENSG00000185926,196608,2c100902a8e4e05c79f1b744b153c1e974bb96bd2d4e81b8478a6830c259938d,f34324c6fde36a4f635f0f1f06cac5d25acd6798
32768,36,196608,98304,18,17,17,1,103866.0,5562.0,False,True,6.0,468,5988,ENSG00000141194,196608,54c58717ae356c68df121dd209be54e7011084c4f844f2fcce73ad6e9b3379ab,f34324c6fde36a4f635f0f1f06cac5d25acd6798
32768,36,196608,98304,18,17,17,1,103866.0,5562.0,False,True,6.0,468,5988,ENSG00000255713,196608,51ead3f5448fe8f032c05c08b24c151aab630009ec0058c0d35bfb7500069054,f34324c6fde36a4f635f0f1f06cac5d25acd6798
32768,36,196608,98304,18,17,17,1,103866.0,5562.0,False,True,6.0,468,5988,ENSG00000171014,196608,7806ab635b75f9e13968bb5395be45307d9a4441cefd1e60bc416aaedbbba019,f34324c6fde36a4f635f0f1f06cac5d25acd6798
32768,36,196608,98304,18,17,17,1,103866.0,5562.0,False,True,6.0,468,5988,ENSG00000166884,196608,f05269fdf5c8ce43341bd9d446016a7e5979627cf6239e6f1ab71bd336bb2f49,f34324c6fde36a4f635f0f1f06cac5d25acd6798
32768,36,196608,98304,18,17,17,1,103866.0,5562.0,False,True,6.0,468,5988,ENSG00000172742,196608,f6d919344c74f5b063a3f344327b6ba7c28764b9654e3bf4ffdc599dfb8e1cee,f34324c6fde36a4f635f0f1f06cac5d25acd6798
32768,36,196608,98304,18,17,17,1,103866.0,5562.0,False,True,6.0,468,5988,ENSG00000254466,196608,7e7612a729747c844d1ad69f4a41a9931ae20c519303e1724ba621f1e7757425,f34324c6fde36a4f635f0f1f06cac5d25acd6798
32768,36,196608,98304,18,17,17,1,103866.0,5562.0,False,True,6.0,468,5988,ENSG00000176200,196608,307d1f832af4ac94a109c189a21448ccc25448f368d374b33a5c21f5a91e91b0,f34324c6fde36a4f635f0f1f06cac5d25acd6798
32768,36,196608,98304,18,17,17,1,103866.0,5562.0,False,True,6.0,468,5988,ENSG00000276240,196608,9df4111b3924f6bef516c2b1de95a885e0a0895c255bf6a1cf13388c7607a33a,f34324c6fde36a4f635f0f1f06cac5d25acd6798
32768,36,196608,98304,18,17,17,1,103866.0,5562.0,False,True,6.0,468,5988,ENSG00000221977,196608,3de1226865650761c1ec74487cc08a1214ff3372573f3945e2b7557ec6a5cded,f34324c6fde36a4f635f0f1f06cac5d25acd6798
32768,36,196608,98304,18,17,17,1,103866.0,5562.0,False,True,6.0,468,5988,ENSG00000230178,196608,a7ca42f14fa2128f8487c46559f033bcb3222891a7dd5d25fe99adb65a6a12f9,f34324c6fde36a4f635f0f1f06cac5d25acd6798
66293,71,196608,98304,35,53,53,-18,33189.0,-65115.0,False,True,2.9657429894559004,998,5988,ENSG00000177693,196608,51d7ea6eeb06df35b718694597cada521a7264472e271a401dfa0d161679c342,f34324c6fde36a4f635f0f1f06cac5d25acd6798
68508,74,196608,98304,37,55,55,-18,35057.0,-63247.0,False,True,2.8698546155193556,998,5988,ENSG00000186092,196608,a723d7647125ebb580c9a1296889e5e0a967a8b4a78fb3d7545fa45227f46734,f34324c6fde36a4f635f0f1f06cac5d25acd6798
32768,36,196608,98304,18,17,17,1,103866.0,5562.0,False,True,6.0,468,5988,ENSG00000184140,196608,20f11d2620f351898dd360af09b2908b730ace5e3e21f407a732ba8dbcc0cc6d,f34324c6fde36a4f635f0f1f06cac5d25acd6798
32768,36,196608,98304,18,17,17,1,103866.0,5562.0,False,True,6.0,468,5988,ENSG00000182854,196608,0a80c8df2bfd6a8f8284d76ea3f2a5d1fc4416f2774e6ada39d2ff14b3b2d00b,f34324c6fde36a4f635f0f1f06cac5d25acd6798
32768,36,196608,98304,18,17,17,1,103866.0,5562.0,False,True,6.0,468,5988,ENSG00000284662,196608,715a283d8dd1cd653fa956c240e8434b4123c6c7b4dbdafcaba4f580313267de,f34324c6fde36a4f635f0f1f06cac5d25acd6798
75438,81,196608,98304,40,63,63,-23,37859.0,-60445.0,False,True,2.606219677085819,998,5988,ENSG00000176695,196608,edd55ccd9e5b4c7d82b7393a448f1864c193b8c3662d62d165ee732270a97e2d,f34324c6fde36a4f635f0f1f06cac5d25acd6798
32768,36,196608,98304,18,17,17,1,103866.0,5562.0,False,True,6.0,468,5988,ENSG00000176269,196608,bf27a845d0087812b4a8875f74c5b510ed3ab8ad90798216394037b0e3fea379,f34324c6fde36a4f635f0f1f06cac5d25acd6798
44433,48,196608,98304,24,29,29,-5,67520.0,-30784.0,False,True,4.42481939099318,998,5988,ENSG00000284733,196608,aa56665f8574e0b00cadf9f3a9d90335ad2c61dbdad4ab65202fe113d03bfff7,f34324c6fde36a4f635f0f1f06cac5d25acd6798
32768,36,196608,98304,18,17,17,1,103866.0,5562.0,False,True,6.0,468,5988,ENSG00000155249,196608,d7bab5f8eca42ff918f4dfe956808e7a5e4d843426c387426198e3c60d1518a3,f34324c6fde36a4f635f0f1f06cac5d25acd6798
32768,36,196608,98304,18,17,17,1,103866.0,5562.0,False,True,6.0,468,5988,ENSG00000165762,196608,e8e9abe80da6407f25ae60b38557f6641a45053feca0c3decf119842ff1f0784,f34324c6fde36a4f635f0f1f06cac5d25acd6798
32768,36,196608,98304,18,17,17,1,103866.0,5562.0,False,True,6.0,468,5988,ENSG00000176290,196608,a69bc20c94d9e3854ea996415f6a0e6fcc5fe554a30ee0dc06d364eae92cfe5c,f34324c6fde36a4f635f0f1f06cac5d25acd6798
32768,36,196608,98304,18,17,17,1,103866.0,5562.0,False,True,6.0,468,5988,ENSG00000176281,196608,ea7eb0f1deb5798255ce9bec2ed9b1f2cca53400a3710e7a11b4fad862666cc2,f34324c6fde36a4f635f0f1f06cac5d25acd6798
32768,36,196608,98304,18,17,17,1,103866.0,5562.0,False,True,6.0,468,5988,ENSG00000176253,196608,8c2d0a425c9471f49feb1f5bbad99c7f2d77ee80e9402fff180a1dfec09520ca,f34324c6fde36a4f635f0f1f06cac5d25acd6798
32768,36,196608,98304,18,17,17,1,103866.0,5562.0,False,True,6.0,468,5988,ENSG00000169484,196608,c5e8e5f1174400d00b5c3e9ed85a3beef016a000a0d97eed47d355c0c1a72728,f34324c6fde36a4f635f0f1f06cac5d25acd6798
32768,36,196608,98304,18,17,17,1,103866.0,5562.0,False,True,6.0,468,5988,ENSG00000169488,196608,87c8b1c4a38362cfe36165094c8d8d22297bacceded14c2537c44d9a8a2a9617,f34324c6fde36a4f635f0f1f06cac5d25acd6798
32768,36,196608,98304,18,17,17,1,103866.0,5562.0,False,True,6.0,468,5988,ENSG00000176230,196608,fb29d432460e805be28286a8638d184b99b2f61728890848d6ae4c87cbd65b50,f34324c6fde36a4f635f0f1f06cac5d25acd6798
32768,36,196608,98304,18,17,17,1,103866.0,5562.0,False,True,6.0,468,5988,ENSG00000176246,196608,abc3840b89c248e63e56baae7d2c4dad0de6995eabb74255d601fc269fbdf966,f34324c6fde36a4f635f0f1f06cac5d25acd6798
32768,36,196608,98304,18,17,17,1,103866.0,5562.0,False,True,6.0,468,5988,ENSG00000176299,196608,63776b6355cd1d38c3682477a2375c807c3dc31232b35b4e59ab1af6d0227c0e,f34324c6fde36a4f635f0f1f06cac5d25acd6798
32768,36,196608,98304,18,17,17,1,103866.0,5562.0,False,True,6.0,468,5988,ENSG00000274102,196608,e4495b9fcd536350eb942202b11c5f37190cf638f00ad872e5c1d3a52810bec6,f34324c6fde36a4f635f0f1f06cac5d25acd6798
32768,36,196608,98304,18,17,17,1,103866.0,5562.0,False,True,6.0,468,5988,ENSG00000182974,196608,e47eee9ab123d6292d45377a6443ac51d550771de23950351149f2b977f83d53,f34324c6fde36a4f635f0f1f06cac5d25acd6798
32768,36,196608,98304,18,17,17,1,103866.0,5562.0,False,True,6.0,468,5988,ENSG00000176294,196608,51b6fbc463429e6f236f4588f2e587e63d314c6c982dba536ff04c552b2e9c35,f34324c6fde36a4f635f0f1f06cac5d25acd6798
32768,36,196608,98304,18,17,17,1,103866.0,5562.0,False,True,6.0,468,5988,ENSG00000183706,196608,269f8270b4c9516009c135ad1c8602714eaa436e01a96a660827a324deda94f0,f34324c6fde36a4f635f0f1f06cac5d25acd6798
32768,36,196608,98304,18,17,17,1,103866.0,5562.0,False,True,6.0,468,5988,ENSG00000279408,196608,6c1132d8bdef4e8e29f5ffe95b1f9f26e293aea4816bae013763bf31133ed1d9,f34324c6fde36a4f635f0f1f06cac5d25acd6798
32768,36,196608,98304,18,17,17,1,103866.0,5562.0,False,True,6.0,468,5988,ENSG00000184394,196608,1d2306e6ae8977be945673a19bf8a192b13f390070cf3dc757f5183010023b4d,f34324c6fde36a4f635f0f1f06cac5d25acd6798
32768,36,196608,98304,18,17,17,1,103866.0,5562.0,False,True,6.0,468,5988,ENSG00000181927,196608,9ad214b9dd876a4c68ed2ab34bb4314c0f7d6bef5d01efa73b9a5883a13709af,f34324c6fde36a4f635f0f1f06cac5d25acd6798
32768,36,196608,98304,18,17,17,1,103866.0,5562.0,False,True,6.0,468,5988,ENSG00000182652,196608,26207ab243f5e91450ef99bff6e4c97a0ffe43461db069a580aabcb2992f467c,f34324c6fde36a4f635f0f1f06cac5d25acd6798
32768,36,196608,98304,18,17,17,1,103866.0,5562.0,False,True,6.0,468,5988,ENSG00000176555,196608,7eb89cda3593a705490f0a64fbb9481fe363c9978dcd55b913fd39e11e320095,f34324c6fde36a4f635f0f1f06cac5d25acd6798
32768,36,196608,98304,18,17,17,1,103866.0,5562.0,False,True,6.0,468,5988,ENSG00000174982,196608,f85064c898f1bcc524b72a1f600f8699a6c1434c67fb84c4a9063e18055fb9c8,f34324c6fde36a4f635f0f1f06cac5d25acd6798
32768,36,196608,98304,18,17,17,1,103866.0,5562.0,False,True,6.0,468,5988,ENSG00000176567,196608,0b12bafabb99a2c9947b0f0d3ddc9d0e3db8b22c8348875217307fd0618d7724,f34324c6fde36a4f635f0f1f06cac5d25acd6798
32768,36,196608,98304,18,17,17,1,103866.0,5562.0,False,True,6.0,468,5988,ENSG00000172208,196608,f0752760e2f409e5ffade5a11140066eddead6ca866068147689233beaa9bfb0,f34324c6fde36a4f635f0f1f06cac5d25acd6798
32768,36,196608,98304,18,17,17,1,103866.0,5562.0,False,True,6.0,468,5988,ENSG00000172320,196608,fcf54e168645075181df5f5bf681930b5be39e3ec1417deecd2a42f8778472e1,f34324c6fde36a4f635f0f1f06cac5d25acd6798
32768,36,196608,98304,18,17,17,1,103866.0,5562.0,False,True,6.0,468,5988,ENSG00000172324,196608,170763db293a8644c6449aac05f8e46a75a27c4a213225bb6f2d6e469bd562a5,f34324c6fde36a4f635f0f1f06cac5d25acd6798
32768,36,196608,98304,18,17,17,1,103866.0,5562.0,False,True,6.0,468,5988,ENSG00000213439,196608,44d48b14a83e52969f9c48eec72dc663f5104baef426ee8fa99e85dcb98e559d,f34324c6fde36a4f635f0f1f06cac5d25acd6798
32768,36,196608,98304,18,17,17,1,103866.0,5562.0,False,True,6.0,468,5988,ENSG00000196578,196608,90d02cda31746c6556cca1bca4e5de18f12f36666422435edbefa9a765b5ed04,f34324c6fde36a4f635f0f1f06cac5d25acd6798
32768,36,196608,98304,18,17,17,1,103866.0,5562.0,False,True,6.0,468,5988,ENSG00000181273,196608,15659d1d73a61b7baa2886f539b7da44435688386a2b44f732a4b778da804285,f34324c6fde36a4f635f0f1f06cac5d25acd6798
32768,36,196608,98304,18,17,17,1,103866.0,5562.0,False,True,6.0,468,5988,ENSG00000272987,196608,0a6f2a63c90529b06388b45307c7a093460488dc16f80e50c84042306d850ae9,f34324c6fde36a4f635f0f1f06cac5d25acd6798
32768,36,196608,98304,18,17,17,1,103866.0,5562.0,False,True,6.0,468,5988,ENSG00000176495,196608,28732610b5d657fc805c37cc730472e61c96737b4744d5d981937f6eecb4e731,f34324c6fde36a4f635f0f1f06cac5d25acd6798
32768,36,196608,98304,18,17,17,1,103866.0,5562.0,False,True,6.0,468,5988,ENSG00000172464,196608,0d96b874d16ef10f57a90e167e74d495ba31c0bb2a2d185852bde5af758a951f,f34324c6fde36a4f635f0f1f06cac5d25acd6798
32768,36,196608,98304,18,17,17,1,103866.0,5562.0,False,True,6.0,468,5988,ENSG00000172459,196608,88e7a1649cb0f2290d0b264d9d5d4bdd145954dc6c1aca2a1026c9321eed1f57,f34324c6fde36a4f635f0f1f06cac5d25acd6798
32768,36,196608,98304,18,17,17,1,103866.0,5562.0,False,True,6.0,468,5988,ENSG00000181785,196608,155b42b18f6cf7d8a5596f6295a2d90db0540f49cd22714a11aecf72205fe2ab,f34324c6fde36a4f635f0f1f06cac5d25acd6798
32768,36,196608,98304,18,17,17,1,103866.0,5562.0,False,True,6.0,468,5988,ENSG00000169327,196608,c9d5638b66cbd869b53aa0c750ec1b687d5c49d1a58ddd1395722ba1fc52067f,f34324c6fde36a4f635f0f1f06cac5d25acd6798
32768,36,196608,98304,18,17,17,1,103866.0,5562.0,False,True,6.0,468,5988,ENSG00000172365,196608,6a938c2f341d91a25b73259814f7216fd6adb2dded35a4b14c78b9a102a49100,f34324c6fde36a4f635f0f1f06cac5d25acd6798
32768,36,196608,98304,18,17,17,1,103866.0,5562.0,False,True,6.0,468,5988,ENSG00000172769,196608,c1bf850a2e89010987a071fa67d14680f7049105b2d0fec9e5608e20277f1831,f34324c6fde36a4f635f0f1f06cac5d25acd6798
32768,36,196608,98304,18,17,17,1,103866.0,5562.0,False,True,6.0,468,5988,ENSG00000172362,196608,bf37ecf2ed031d06e0f9815ca618d10193b8b4b6847d470a9c134267db528ac1,f34324c6fde36a4f635f0f1f06cac5d25acd6798
32768,36,196608,98304,18,17,17,1,103866.0,5562.0,False,True,6.0,468,5988,ENSG00000197786,196608,fe18721b8edbbf4301a0b6b6bd1c432cc556bb555656e297e74c696f816f42c4,f34324c6fde36a4f635f0f1f06cac5d25acd6798
32768,36,196608,98304,18,17,17,1,103866.0,5562.0,False,True,6.0,468,5988,ENSG00000198283,196608,546aa244fb19eb1e2c5cfcfb314808b7797b6e9df2fa1d17582621a9fd86c158,f34324c6fde36a4f635f0f1f06cac5d25acd6798
32768,36,196608,98304,18,17,17,1,103866.0,5562.0,False,True,6.0,468,5988,ENSG00000198678,196608,8d9617af5f98c083a3575d42a4e9838c3428ab015010a725d9e75664f080e208,f34324c6fde36a4f635f0f1f06cac5d25acd6798
32768,36,196608,98304,18,17,17,1,103866.0,5562.0,False,True,6.0,468,5988,ENSG00000148215,196608,8c62ce79313330ff55cc7600d7944634cd36fd8191003f98f703a330171b251f,f34324c6fde36a4f635f0f1f06cac5d25acd6798
32768,36,196608,98304,18,17,17,1,103866.0,5562.0,False,True,6.0,468,5988,ENSG00000186886,196608,71b9abc04678da60a9f6b353367d316d8c1b34cc1ecdaf25fda3a1a6976fcfe7,f34324c6fde36a4f635f0f1f06cac5d25acd6798
32768,36,196608,98304,18,17,17,1,103866.0,5562.0,False,True,6.0,468,5988,ENSG00000279761,196608,3af16d9884b870284d6700e9c9d240f36c3bd4e4dfa8f2f6f6a7edbfd23c3f13,f34324c6fde36a4f635f0f1f06cac5d25acd6798
32768,36,196608,98304,18,17,17,1,103866.0,5562.0,False,True,6.0,468,5988,ENSG00000186113,196608,50483fd30de2df87ed9c42a7f71d54bea559eac816507ef814f02333b97dfdae,f34324c6fde36a4f635f0f1f06cac5d25acd6798
32768,36,196608,98304,18,17,17,1,103866.0,5562.0,False,True,6.0,468,5988,ENSG00000205029,196608,2319d655b340b874d96957cd65cdf05c3e9e4c358a416cc4cf53982cf2708859,f34324c6fde36a4f635f0f1f06cac5d25acd6798
32768,36,196608,98304,18,17,17,1,103866.0,5562.0,False,True,6.0,468,5988,ENSG00000186119,196608,8581d05522e091b44e3a064db612ab636d37214337005542a417ce69fff18d54,f34324c6fde36a4f635f0f1f06cac5d25acd6798
32768,36,196608,98304,18,17,17,1,103866.0,5562.0,False,True,6.0,468,5988,ENSG00000149133,196608,d32474219e3fb47029f25dd01684e8d4dd14ec573d31f48f0418ab7a8f8c66d5,f34324c6fde36a4f635f0f1f06cac5d25acd6798
32768,36,196608,98304,18,17,17,1,103866.0,5562.0,False,True,6.0,468,5988,ENSG00000231192,196608,5e638c9a6fe9ea2f4a9f5c7edb82ad8b846791dcd9a4437242325faa7265cf4e,f34324c6fde36a4f635f0f1f06cac5d25acd6798
32768,36,196608,98304,18,17,17,1,103866.0,5562.0,False,True,6.0,468,5988,ENSG00000197938,196608,d7dde295a8ba12c11b26f4f487b6d8135dfe19953aa0eb2c5029939cdcbb6632,f34324c6fde36a4f635f0f1f06cac5d25acd6798
32768,36,196608,98304,18,17,17,1,103866.0,5562.0,False,True,6.0,468,5988,ENSG00000230301,196608,2eba96024dcf551d7f04a9ac0c8d229921925a721f9b75e18d60ae43385d7fc2,f34324c6fde36a4f635f0f1f06cac5d25acd6798
32768,36,196608,98304,18,17,17,1,103866.0,5562.0,False,True,6.0,468,5988,ENSG00000236032,196608,78dc05a39e98b5ef63cec981ff6946238a4b4ab337478474aceb5ea50502c261,f34324c6fde36a4f635f0f1f06cac5d25acd6798
32768,36,196608,98304,18,17,17,1,103866.0,5562.0,False,True,6.0,468,5988,ENSG00000233412,196608,84c36828a8242f082f4df608e4bc64547bb03078445b1f8240c753d7d698ff80,f34324c6fde36a4f635f0f1f06cac5d25acd6798
32768,36,196608,98304,18,17,17,1,103866.0,5562.0,False,True,6.0,468,5988,ENSG00000167825,196608,765fc5d2f27b1ba73897064beac409c3245f68315fe1e28349b67555ef4c1e2e,f34324c6fde36a4f635f0f1f06cac5d25acd6798
32768,36,196608,98304,18,17,17,1,103866.0,5562.0,False,True,6.0,468,5988,ENSG00000174957,196608,0c05c561e2c8cfee97c0693834b135ccc301fbbe274e27027d904d5502e5a831,f34324c6fde36a4f635f0f1f06cac5d25acd6798
32768,36,196608,98304,18,17,17,1,103866.0,5562.0,False,True,6.0,468,5988,ENSG00000232382,196608,9abd7daf21226e7945f05a6f53ce36b3c85395d2e2315ba42b433857983630d9,f34324c6fde36a4f635f0f1f06cac5d25acd6798
32768,36,196608,98304,18,17,17,1,103866.0,5562.0,False,True,6.0,468,5988,ENSG00000231861,196608,753815183eba062706d9755c8e7e58babf374b76c213af4c2816ca1ca8dd53a0,f34324c6fde36a4f635f0f1f06cac5d25acd6798
32768,36,196608,98304,18,17,17,1,103866.0,5562.0,False,True,6.0,468,5988,ENSG00000206536,196608,d7dd391c66d9c4cc5f23c41c010f475073f8b1332aeac6dec8d21e35cb2cb74a,f34324c6fde36a4f635f0f1f06cac5d25acd6798
32768,36,196608,98304,18,17,17,1,103866.0,5562.0,False,True,6.0,468,5988,ENSG00000196098,196608,69f617639f601dcf6d6fa14408489eb4ed15fefcf8db296c0b7d4135ffd4df96,f34324c6fde36a4f635f0f1f06cac5d25acd6798
32768,36,196608,98304,18,17,17,1,103866.0,5562.0,False,True,6.0,468,5988,ENSG00000279395,196608,b24e2793870b322ca3abc88410c9988724fe1e93178215bf201162da3e95cbf4,f34324c6fde36a4f635f0f1f06cac5d25acd6798
32768,36,196608,98304,18,17,17,1,103866.0,5562.0,False,True,6.0,468,5988,ENSG00000205030,196608,02f4a74f80e5bce5d6ccd287389997ac132b034419d263afd0abc402497f8746,f34324c6fde36a4f635f0f1f06cac5d25acd6798
32768,36,196608,98304,18,17,17,1,103866.0,5562.0,False,True,6.0,468,5988,ENSG00000255012,196608,54116a568f8177d452d5221facbfb9023bfc2403c817e527bc140f9e6ab884d3,f34324c6fde36a4f635f0f1f06cac5d25acd6798
32768,36,196608,98304,18,17,17,1,103866.0,5562.0,False,True,6.0,468,5988,ENSG00000174937,196608,c23c43379de8b865489bdf72a76bf38c10c10aa3651a334e6f305c64dc3a00aa,f34324c6fde36a4f635f0f1f06cac5d25acd6798
32768,36,196608,98304,18,17,17,1,103866.0,5562.0,False,True,6.0,468,5988,ENSG00000181371,196608,e86c2b63559903f43949925a3c430c006a3641a64fe559ad85ae3777f073dbb7,f34324c6fde36a4f635f0f1f06cac5d25acd6798
32768,36,196608,98304,18,17,17,1,103866.0,5562.0,False,True,6.0,468,5988,ENSG00000150269,196608,c877949d6016c2036be1754923f2e835ee19a4b3263981f2a6eaf717d2891bee,f34324c6fde36a4f635f0f1f06cac5d25acd6798
32768,36,196608,98304,18,17,17,1,103866.0,5562.0,False,True,6.0,468,5988,ENSG00000254834,196608,98423359640aa0dc4a2d58c61bfbcd73cf51b34a7752e782ef4043e43a48a82d,f34324c6fde36a4f635f0f1f06cac5d25acd6798
32768,36,196608,98304,18,17,17,1,103866.0,5562.0,False,True,6.0,468,5988,ENSG00000255223,196608,b0357746b170874b19efc19c2ef8fdb6cb9280d75ff082ca16205943282dfc2e,f34324c6fde36a4f635f0f1f06cac5d25acd6798
32768,36,196608,98304,18,17,17,1,103866.0,5562.0,False,True,6.0,468,5988,ENSG00000183303,196608,87620cce057165bc07787256f13965d787993f043baa7be8e79187a86b533f47,f34324c6fde36a4f635f0f1f06cac5d25acd6798
32768,36,196608,98304,18,17,17,1,103866.0,5562.0,False,True,6.0,468,5988,ENSG00000182334,196608,76a5843eb5d8c79a1ffa914d0a36c86369068b781ed30cd4828e7ad7da36fcc7,f34324c6fde36a4f635f0f1f06cac5d25acd6798
32768,36,196608,98304,18,17,17,1,103866.0,5562.0,False,True,6.0,468,5988,ENSG00000181698,196608,2f086877eb4c72d78b40907a440729dd099cefd72d0c467cb561a8c8de504579,f34324c6fde36a4f635f0f1f06cac5d25acd6798
32768,36,196608,98304,18,17,17,1,103866.0,5562.0,False,True,6.0,468,5988,ENSG00000181718,196608,5afa278a945b39348d0ec21db0a3fe2e63a25644a17806b6e0091d3267d41296,f34324c6fde36a4f635f0f1f06cac5d25acd6798
32768,36,196608,98304,18,17,17,1,103866.0,5562.0,False,True,6.0,468,5988,ENSG00000172489,196608,acdaf303cf4ed6b266b26162f9e91c2a7ddae413754b238317547846bb7384b9,f34324c6fde36a4f635f0f1f06cac5d25acd6798
32768,36,196608,98304,18,17,17,1,103866.0,5562.0,False,True,6.0,468,5988,ENSG00000243729,196608,385a3577bd94aa613d04b400b87d308a33efe07c963d9046f0ebe52b01440c93,f34324c6fde36a4f635f0f1f06cac5d25acd6798
32768,36,196608,98304,18,17,17,1,103866.0,5562.0,False,True,6.0,468,5988,ENSG00000187612,196608,7f2cfa325e730edad4a05bc14432de8d32c2b12c2244377e1d1b42c7ae271391,f34324c6fde36a4f635f0f1f06cac5d25acd6798
32768,36,196608,98304,18,17,17,1,103866.0,5562.0,False,True,6.0,468,5988,ENSG00000184933,196608,4dc73e53363d36d2893967cc3800b39b9b7e108867ee3ebc5b8238bfbde509d0,f34324c6fde36a4f635f0f1f06cac5d25acd6798
32768,36,196608,98304,18,17,17,1,103866.0,5562.0,False,True,6.0,468,5988,ENSG00000221813,196608,71ad3c9af4e085075c56b18d940a15b4e867aad8bf7e3741df8be1ddecd5825c,f34324c6fde36a4f635f0f1f06cac5d25acd6798
32768,36,196608,98304,18,17,17,1,103866.0,5562.0,False,True,6.0,468,5988,ENSG00000182083,196608,1a97c10a27a20eec14d2f005510d9cf76b827cd9865ed785b1da9ec1ab294f97,f34324c6fde36a4f635f0f1f06cac5d25acd6798
32768,36,196608,98304,18,17,17,1,103866.0,5562.0,False,True,6.0,468,5988,ENSG00000178586,196608,0e865ebaad1ba2eb39993c8ed2639d1c453923c7e63b814a8b0697f656c9dd3e,f34324c6fde36a4f635f0f1f06cac5d25acd6798
32768,36,196608,98304,18,17,17,1,103866.0,5562.0,False,True,6.0,468,5988,ENSG00000205330,196608,07eb0b3ae68cb3c2a3d38af91be898ac0eab9257a550c84bf706a6b9748d09af,f34324c6fde36a4f635f0f1f06cac5d25acd6798
32768,36,196608,98304,18,17,17,1,103866.0,5562.0,False,True,6.0,468,5988,ENSG00000179695,196608,65cbc1c35f9eb075f89ae0121e27061c609e55508175b328c002d27cf78ae620,f34324c6fde36a4f635f0f1f06cac5d25acd6798
32768,36,196608,98304,18,17,17,1,103866.0,5562.0,False,True,6.0,468,5988,ENSG00000205329,196608,8a3407193d9fc0a81a4dca4fe51ebf3619b565386e19a96f1403e6838d3f39e1,f34324c6fde36a4f635f0f1f06cac5d25acd6798
32768,36,196608,98304,18,17,17,1,103866.0,5562.0,False,True,6.0,468,5988,ENSG00000179626,196608,ee310940382491f61f4ae8845bc7c5a5de1fb4e1106c7663a5fe018e176ef9db,f34324c6fde36a4f635f0f1f06cac5d25acd6798
32768,36,196608,98304,18,17,17,1,103866.0,5562.0,False,True,6.0,468,5988,ENSG00000188324,196608,ab126328ce7319470b973414ecf72852b93933e17c253c7b92db40735c70fad5,f34324c6fde36a4f635f0f1f06cac5d25acd6798
32768,36,196608,98304,18,17,17,1,103866.0,5562.0,False,True,6.0,468,5988,ENSG00000205328,196608,69eca7ef35c92883a661df98b3841336e21ba1f64b4899b490d76f13970e5200,f34324c6fde36a4f635f0f1f06cac5d25acd6798
32768,36,196608,98304,18,17,17,1,103866.0,5562.0,False,True,6.0,468,5988,ENSG00000205327,196608,8cf3bc76832a8cfc67d4bffcd022d5c7464b1bb3d9dfae616801cd82cf9d34e0,f34324c6fde36a4f635f0f1f06cac5d25acd6798
32768,36,196608,98304,18,17,17,1,103866.0,5562.0,False,True,6.0,468,5988,ENSG00000184954,196608,0a75b0d09570446b57c66240dec14b1ec5e1051fe0037bd51b6e92e5e2603582,f34324c6fde36a4f635f0f1f06cac5d25acd6798
32768,36,196608,98304,18,17,17,1,103866.0,5562.0,False,True,6.0,468,5988,ENSG00000197706,196608,99ffbbc79dee99e473b60aa2f6b732d7bed0c712bffca189c6130334e0769062,f34324c6fde36a4f635f0f1f06cac5d25acd6798
32768,36,196608,98304,18,17,17,1,103866.0,5562.0,False,True,6.0,468,5988,ENSG00000187857,196608,7f145483fe6dec6d6bef7b76f20429a2c9ced885455c5db912d000cbc1f7a995,f34324c6fde36a4f635f0f1f06cac5d25acd6798
32768,36,196608,98304,18,17,17,1,103866.0,5562.0,False,True,6.0,468,5988,ENSG00000185821,196608,dd68d30cce02b21e209c429a5fdb18b7557cdb813ac3eecf2a3ba3a9b9f59edd,f34324c6fde36a4f635f0f1f06cac5d25acd6798
32768,36,196608,98304,18,17,17,1,103866.0,5562.0,False,True,6.0,468,5988,ENSG00000169214,196608,3b78be5fe61c5e6267639cac6e3149f707a2bed3bdf80f5bf9bca704f58d798c,f34324c6fde36a4f635f0f1f06cac5d25acd6798
32768,36,196608,98304,18,17,17,1,103866.0,5562.0,False,True,6.0,468,5988,ENSG00000255804,196608,012bf462d9d5c5802a1fbe21a8fd32294d42b4a1aa5082658c8ddc187c5f2f2b,f34324c6fde36a4f635f0f1f06cac5d25acd6798
32768,36,196608,98304,18,17,17,1,103866.0,5562.0,False,True,6.0,468,5988,ENSG00000196171,196608,ff56df18ac14529791a0c4e81d877c8f254b8f92968182332e6ad368c85f057a,f34324c6fde36a4f635f0f1f06cac5d25acd6798
32768,36,196608,98304,18,17,17,1,103866.0,5562.0,False,True,6.0,468,5988,ENSG00000203757,196608,e91fe9733c3635d49a451cff8bc3cd796a3664df0f36a72f90dace8c34fc2d19,f34324c6fde36a4f635f0f1f06cac5d25acd6798
32768,36,196608,98304,18,17,17,1,103866.0,5562.0,False,True,6.0,468,5988,ENSG00000180433,196608,caf1df682d50add06d15e4292c02eae841e687d76dbb97c48e8176e015f688fa,f34324c6fde36a4f635f0f1f06cac5d25acd6798
32768,36,196608,98304,18,17,17,1,103866.0,5562.0,False,True,6.0,468,5988,ENSG00000196099,196608,01e5995ae73ac6f63ed8c3d5b689eb49f57aaea656fd007c923f03917dc59be3,f34324c6fde36a4f635f0f1f06cac5d25acd6798
32768,36,196608,98304,18,17,17,1,103866.0,5562.0,False,True,6.0,468,5988,ENSG00000197403,196608,29bf3f2b5abac0bc2573ecdba4b5482b875400db9cc43d892be7d33a38b60b59,f34324c6fde36a4f635f0f1f06cac5d25acd6798
32768,36,196608,98304,18,17,17,1,103866.0,5562.0,False,True,6.0,468,5988,ENSG00000188340,196608,a1417abc89f1622ded0a64ada8966c2143c332490d46b2b6aacad37e75da4f3c,f34324c6fde36a4f635f0f1f06cac5d25acd6798
32768,36,196608,98304,18,17,17,1,103866.0,5562.0,False,True,6.0,468,5988,ENSG00000186440,196608,3a26e92dd1ec01981c62f5c6ba8956400cf19c63a706951b45b00ef473b65586,f34324c6fde36a4f635f0f1f06cac5d25acd6798
32768,36,196608,98304,18,17,17,1,103866.0,5562.0,False,True,6.0,468,5988,ENSG00000279051,196608,74061605568819ad3d88f48960a82ec97d09a59383da232af0df07793676bdbc,f34324c6fde36a4f635f0f1f06cac5d25acd6798
32768,36,196608,98304,18,17,17,1,103866.0,5562.0,False,True,6.0,468,5988,ENSG00000181803,196608,50f99ff8437fe681b52e962a2b1374e6020d8d2fd42987c02f1002b81e9f8923,f34324c6fde36a4f635f0f1f06cac5d25acd6798
32768,36,196608,98304,18,17,17,1,103866.0,5562.0,False,True,6.0,468,5988,ENSG00000181499,196608,91c64d229be1363273d6e7343269c0503fce43a374fc4be0220a4133b1739321,f34324c6fde36a4f635f0f1f06cac5d25acd6798
32768,36,196608,98304,18,17,17,1,103866.0,5562.0,False,True,6.0,468,5988,ENSG00000225781,196608,22ef4995f0e0759f32dfd2fd80fa9fe377451a08c95df5ba4e39d7bcea81b1e0,f34324c6fde36a4f635f0f1f06cac5d25acd6798
32768,36,196608,98304,18,17,17,1,103866.0,5562.0,False,True,6.0,468,5988,ENSG00000221931,196608,4948c7bafdd8b447435e17a9d71d04e298532be12259b057b2d1887477ebae2d,f34324c6fde36a4f635f0f1f06cac5d25acd6798
32768,36,196608,98304,18,17,17,1,103866.0,5562.0,False,True,6.0,468,5988,ENSG00000197532,196608,6128e05dab2446f732a4915e332b96d3846503d43e845ef0a5f1b9a3ac87ed90,f34324c6fde36a4f635f0f1f06cac5d25acd6798
32768,36,196608,98304,18,17,17,1,103866.0,5562.0,False,True,6.0,468,5988,ENSG00000188269,196608,9cb11f59fb38fb66e9c86bf7259195b41575754fb2fc0418efb5badd4409594a,f34324c6fde36a4f635f0f1f06cac5d25acd6798
32768,36,196608,98304,18,17,17,1,103866.0,5562.0,False,True,6.0,468,5988,ENSG00000127515,196608,cc93aaf89cabc4e73e8378fbb285bcdde94492270e3f344c11653da1da0df7dd,f34324c6fde36a4f635f0f1f06cac5d25acd6798
32768,36,196608,98304,18,17,17,1,103866.0,5562.0,False,True,6.0,468,5988,ENSG00000185385,196608,50e77eaa117d8fcab67e6dfd5eb19e86c08a1e0622a3287f1beff1a36c197a59,f34324c6fde36a4f635f0f1f06cac5d25acd6798
32768,36,196608,98304,18,17,17,1,103866.0,5562.0,False,True,6.0,468,5988,ENSG00000127530,196608,9cb11f59fb38fb66e9c86bf7259195b41575754fb2fc0418efb5badd4409594a,f34324c6fde36a4f635f0f1f06cac5d25acd6798
32768,36,196608,98304,18,17,17,1,103866.0,5562.0,False,True,6.0,468,5988,ENSG00000127529,196608,3649e8202ef8799420df0f83117e3ed8f9054af6a824ddba09a12e06822b9358,f34324c6fde36a4f635f0f1f06cac5d25acd6798
32768,36,196608,98304,18,17,17,1,103866.0,5562.0,False,True,6.0,468,5988,ENSG00000188000,196608,f89cec8eefafd38d07113d8585060e721d2effa00ff75201e7f7eaf27c532a1d,f34324c6fde36a4f635f0f1f06cac5d25acd6798
32768,36,196608,98304,18,17,17,1,103866.0,5562.0,False,True,6.0,468,5988,ENSG00000174667,196608,9d8a8f524f91f8b72f36315e7405df68ce33ef99c0dbf15da9f157d3f9b0eead,f34324c6fde36a4f635f0f1f06cac5d25acd6798
32768,36,196608,98304,18,17,17,1,103866.0,5562.0,False,True,6.0,468,5988,ENSG00000237521,196608,11ecf681160f011d23c9f1f4fb75e71b878cb54b478c86aae2dc2f85020f7d62,f34324c6fde36a4f635f0f1f06cac5d25acd6798
32768,36,196608,98304,18,17,17,1,103866.0,5562.0,False,True,6.0,468,5988,ENSG00000161807,196608,eaef8ae2c9b4a464e35a27f73f174b4899c2013b976a436f0ace210acd26f334,f34324c6fde36a4f635f0f1f06cac5d25acd6798
32768,36,196608,98304,18,17,17,1,103866.0,5562.0,False,True,6.0,468,5988,ENSG00000170923,196608,d9e5b7ac47283e9038c33b187f4d9767bff010332b8e519ddd0a09fd787de3e8,f34324c6fde36a4f635f0f1f06cac5d25acd6798
32768,36,196608,98304,18,17,17,1,103866.0,5562.0,False,True,6.0,468,5988,ENSG00000170920,196608,767dceaf5befa86f50370522b87268ca7274de2d91814781215ed6a5fe1beada,f34324c6fde36a4f635f0f1f06cac5d25acd6798
32768,36,196608,98304,18,17,17,1,103866.0,5562.0,False,True,6.0,468,5988,ENSG00000196119,196608,1428abaf45297cd21519398cc0278d4899cd3e7df0799838ab0be2e641700ca6,f34324c6fde36a4f635f0f1f06cac5d25acd6798
32768,36,196608,98304,18,17,17,1,103866.0,5562.0,False,True,6.0,468,5988,ENSG00000284680,196608,ae3ac53345fb7c6e581bb6360f84d7b900906f555ef78d7ac9f4feddaf37caf2,f34324c6fde36a4f635f0f1f06cac5d25acd6798
32768,36,196608,98304,18,17,17,1,103866.0,5562.0,False,True,6.0,468,5988,ENSG00000284609,196608,2e5a36084b23abe3e717e02bb583b2f77173b563203b39d904e4716ea00d53b9,f34324c6fde36a4f635f0f1f06cac5d25acd6798
32768,36,196608,98304,18,17,17,1,103866.0,5562.0,False,True,6.0,468,5988,ENSG00000280090,196608,777fe1624de6eb5b01acb1b3cf50b8f87503328a9011cec40725fe5c5ff1e6e5,f34324c6fde36a4f635f0f1f06cac5d25acd6798
32768,36,196608,98304,18,17,17,1,103866.0,5562.0,False,True,6.0,468,5988,ENSG00000197125,196608,c81aa6900ed76343ad2f504c9909cc4452eb90302c81dd1a5ad43bce84fa0801,f34324c6fde36a4f635f0f1f06cac5d25acd6798
32768,36,196608,98304,18,17,17,1,103866.0,5562.0,False,True,6.0,468,5988,ENSG00000170953,196608,4a35d2ee7e7f5860f74db7ac11de132385cbe6ab159c25799e9becbf8647d0ee,f34324c6fde36a4f635f0f1f06cac5d25acd6798
32768,36,196608,98304,18,17,17,1,103866.0,5562.0,False,True,6.0,468,5988,ENSG00000196341,196608,497d26ba4067e556ee4822cc952060e1aa2b4f201e40dce30b7bc24e8a326bb6,f34324c6fde36a4f635f0f1f06cac5d25acd6798
32768,36,196608,98304,18,17,17,1,103866.0,5562.0,False,True,6.0,468,5988,ENSG00000279116,196608,46056e064629560947ba6fa98ca6744de7433a6974c2c740786dd29068eda22a,f34324c6fde36a4f635f0f1f06cac5d25acd6798
32768,36,196608,98304,18,17,17,1,103866.0,5562.0,False,True,6.0,468,5988,ENSG00000181518,196608,a11cf3b75c30ffa3d4c688f5fdb9b6efe3ecd0119b33ec8419ab1a20598168bb,f34324c6fde36a4f635f0f1f06cac5d25acd6798
32768,36,196608,98304,18,17,17,1,103866.0,5562.0,False,True,6.0,468,5988,ENSG00000197849,196608,4d32f16eada5e3690a3e89abf1ada1524847a5eed0b7a39a8373b8c575bde6ad,f34324c6fde36a4f635f0f1f06cac5d25acd6798
32768,36,196608,98304,18,17,17,1,103866.0,5562.0,False,True,6.0,468,5988,ENSG00000255298,196608,0152fbe5a6f33edc492a0b1307714627342b05baea01ea829cd5c38f77ed9f9f,f34324c6fde36a4f635f0f1f06cac5d25acd6798
32768,36,196608,98304,18,17,17,1,103866.0,5562.0,False,True,6.0,468,5988,ENSG00000181693,196608,2c355b34271fa62504d3d2620afa42a592555eb31a2579a2716779f86d1b0e07,f34324c6fde36a4f635f0f1f06cac5d25acd6798
32768,36,196608,98304,18,17,17,1,103866.0,5562.0,False,True,6.0,468,5988,ENSG00000181767,196608,70cd37d88d7225a687a62ee32a0e80f5b2e328df81ec4bd73404cf819699dec2,f34324c6fde36a4f635f0f1f06cac5d25acd6798
32768,36,196608,98304,18,17,17,1,103866.0,5562.0,False,True,6.0,468,5988,ENSG00000181761,196608,1da2d16179d80a8c635812e9053dc875408afd1223b390b1e4244152341a6b30,f34324c6fde36a4f635f0f1f06cac5d25acd6798
32768,36,196608,98304,18,17,17,1,103866.0,5562.0,False,True,6.0,468,5988,ENSG00000172154,196608,2d54481c0d2158f5cfbb1f627d5731d6bb69fa1ab3f620f82b2f06ae4038addd,f34324c6fde36a4f635f0f1f06cac5d25acd6798
32768,36,196608,98304,18,17,17,1,103866.0,5562.0,False,True,6.0,468,5988,ENSG00000172487,196608,34d57b9db0a46425df1ed9d35205242d5d59c47850ddccb546d05cc20fe2fdd3,f34324c6fde36a4f635f0f1f06cac5d25acd6798
32768,36,196608,98304,18,17,17,1,103866.0,5562.0,False,True,6.0,468,5988,ENSG00000254658,196608,f1bd6151f091fd081c1a0705d27bc29abab4f21cd2b39a5d2cc03081d4b34101,f34324c6fde36a4f635f0f1f06cac5d25acd6798
32768,36,196608,98304,18,17,17,1,103866.0,5562.0,False,True,6.0,468,5988,ENSG00000167822,196608,ac6113b12020643ca2a84d9607fae0aec516f078000f330761bc9468f8ff6256,f34324c6fde36a4f635f0f1f06cac5d25acd6798
32768,36,196608,98304,18,17,17,1,103866.0,5562.0,False,True,6.0,468,5988,ENSG00000150261,196608,3f2069060c1881fa1c3b0459cfaee32cb13a7d75889d4970ffa6e721084fb0e0,f34324c6fde36a4f635f0f1f06cac5d25acd6798
32768,36,196608,98304,18,17,17,1,103866.0,5562.0,False,True,6.0,468,5988,ENSG00000280314,196608,6fc5d572b4a8ecb1abf1c5dafb3663dc36ebdae01897dd0720a3e61303fb0fe5,f34324c6fde36a4f635f0f1f06cac5d25acd6798
32768,36,196608,98304,18,17,17,1,103866.0,5562.0,False,True,6.0,468,5988,ENSG00000181752,196608,d07d7462525f20ed8097cbe80c58bd5ead05f931e12d857c9e8d484ed5708dcf,f34324c6fde36a4f635f0f1f06cac5d25acd6798
32768,36,196608,98304,18,17,17,1,103866.0,5562.0,False,True,6.0,468,5988,ENSG00000284723,196608,797d8246ebdf9fdc5c423d45f9f6205fb1e4fae03321e47510cd55a474f12c08,f34324c6fde36a4f635f0f1f06cac5d25acd6798
32768,36,196608,98304,18,17,17,1,103866.0,5562.0,False,True,6.0,468,5988,ENSG00000172199,196608,ca112f7ccec8365c207b7311e4f8ac92b61d05424d66f0f3bdf661cd83d94bf8,f34324c6fde36a4f635f0f1f06cac5d25acd6798
32768,36,196608,98304,18,17,17,1,103866.0,5562.0,False,True,6.0,468,5988,ENSG00000279961,196608,6e61ea04797edbaa12b6ba170aff4b30ee0a129ab6b53fb9c79168b7267fc0d1,f34324c6fde36a4f635f0f1f06cac5d25acd6798
32768,36,196608,98304,18,17,17,1,103866.0,5562.0,False,True,6.0,468,5988,ENSG00000179468,196608,2e6657fa63ebc4ea211543b01b2bafdbdf6e9ad99cf5045314bf64b5e3fa0e69,f34324c6fde36a4f635f0f1f06cac5d25acd6798
32768,36,196608,98304,18,17,17,1,103866.0,5562.0,False,True,6.0,468,5988,ENSG00000258083,196608,d84c58da9b4732b01d60c408d67ef62637379a96563a464c75d0776418879f8e,f34324c6fde36a4f635f0f1f06cac5d25acd6798
32768,36,196608,98304,18,17,17,1,103866.0,5562.0,False,True,6.0,468,5988,ENSG00000174914,196608,4777260cfd6a11671d47e1a08abffac330329f73965b6c724351c4f883e1b36f,f34324c6fde36a4f635f0f1f06cac5d25acd6798
32768,36,196608,98304,18,17,17,1,103866.0,5562.0,False,True,6.0,468,5988,ENSG00000172457,196608,e145cbcf2841f9ed55999554791851471df8f74d38d5a790865363a2227ad26b,f34324c6fde36a4f635f0f1f06cac5d25acd6798
32768,36,196608,98304,18,17,17,1,103866.0,5562.0,False,True,6.0,468,5988,ENSG00000172377,196608,a326baa24cbd5860e07404ae83310b08cd2543329fa924c1b9ec1b0232b1a3c8,f34324c6fde36a4f635f0f1f06cac5d25acd6798
32768,36,196608,98304,18,17,17,1,103866.0,5562.0,False,True,6.0,468,5988,ENSG00000170605,196608,61a062e2ceeaea92dd5f123c7cffad38b1dadf97ab21e492a97ce21aa1c90cc8,f34324c6fde36a4f635f0f1f06cac5d25acd6798
32768,36,196608,98304,18,17,17,1,103866.0,5562.0,False,True,6.0,468,5988,ENSG00000186509,196608,681df8075772d23067622824ed77b30374c0dc550d6e8e1905135d8f6d78fa6c,f34324c6fde36a4f635f0f1f06cac5d25acd6798
32768,36,196608,98304,18,17,17,1,103866.0,5562.0,False,True,6.0,468,5988,ENSG00000186513,196608,d78caa357ec33faa2852059573b75bf156ac4d66a604a47f0ec8f1a30709f7de,f34324c6fde36a4f635f0f1f06cac5d25acd6798
32768,36,196608,98304,18,17,17,1,103866.0,5562.0,False,True,6.0,468,5988,ENSG00000170790,196608,8043de759606f9bc8fd824429e824d71c999643eba2c884fab383db35c1ff95a,f34324c6fde36a4f635f0f1f06cac5d25acd6798
32768,36,196608,98304,18,17,17,1,103866.0,5562.0,False,True,6.0,468,5988,ENSG00000170683,196608,2dd13384bf7f2dcd19e6e49a64b3474396623164e0b75d1311734f944094af3c,f34324c6fde36a4f635f0f1f06cac5d25acd6798
32768,36,196608,98304,18,17,17,1,103866.0,5562.0,False,True,6.0,468,5988,ENSG00000170782,196608,e0521976b02141a950db1e0d47628fd60656515cb4714225c021c4f74e70c610,f34324c6fde36a4f635f0f1f06cac5d25acd6798
32768,36,196608,98304,18,17,17,1,103866.0,5562.0,False,True,6.0,468,5988,ENSG00000166363,196608,6015e86cbf4a7a78f32bf6ec21b9cb61026cbaa14b220b1452174f81646c38bf,f34324c6fde36a4f635f0f1f06cac5d25acd6798
32768,36,196608,98304,18,17,17,1,103866.0,5562.0,False,True,6.0,468,5988,ENSG00000279000,196608,4374cf0cb812632d9e836d2be44672ad36d06c1b20eecf9787687cf2f04acae8,f34324c6fde36a4f635f0f1f06cac5d25acd6798
32768,36,196608,98304,18,17,17,1,103866.0,5562.0,False,True,6.0,468,5988,ENSG00000179919,196608,7051512b612c597c92366062dc452aaf7659715aa7e83b45ea9eae4c17073ce5,f34324c6fde36a4f635f0f1f06cac5d25acd6798
32768,36,196608,98304,18,17,17,1,103866.0,5562.0,False,True,6.0,468,5988,ENSG00000172640,196608,8a7225c197b01cef0ec59b70109f0625ebe1831ee95dbcb6595d3b9687a8348a,f34324c6fde36a4f635f0f1f06cac5d25acd6798
32768,36,196608,98304,18,17,17,1,103866.0,5562.0,False,True,6.0,468,5988,ENSG00000174970,196608,495166cba768f784ad273911ffd10f6ce19624a38fcb95b7c76eb2c3822d3573,f34324c6fde36a4f635f0f1f06cac5d25acd6798
32768,36,196608,98304,18,17,17,1,103866.0,5562.0,False,True,6.0,468,5988,ENSG00000206474,196608,65406bc6527012a3ebae9eca1c8e076f0264bb7a09ca27d2338ddd9b27df5d9e,f34324c6fde36a4f635f0f1f06cac5d25acd6798
32768,36,196608,98304,18,17,17,1,103866.0,5562.0,False,True,6.0,468,5988,ENSG00000197309,196608,ce628f591aba095d6d315077199117b2735bf99ffb24c50db43733ee71345db6,f34324c6fde36a4f635f0f1f06cac5d25acd6798
32768,36,196608,98304,18,17,17,1,103866.0,5562.0,False,True,6.0,468,5988,ENSG00000255582,196608,c97cd4341f5df98854949e96117a1849c5b7144c915a27ab6c9dc7a3a9998e99,f34324c6fde36a4f635f0f1f06cac5d25acd6798
32768,36,196608,98304,18,17,17,1,103866.0,5562.0,False,True,6.0,468,5988,ENSG00000169208,196608,61e385787a4b337629fa61f659e7ffa15113a7511c7f2ca38c10945f578266b4,f34324c6fde36a4f635f0f1f06cac5d25acd6798
32768,36,196608,98304,18,17,17,1,103866.0,5562.0,False,True,6.0,468,5988,ENSG00000254737,196608,cd244f2b908b3b375f96a3539735e046195d27feba4caebbc77646490e4f4b1c,f34324c6fde36a4f635f0f1f06cac5d25acd6798
32768,36,196608,98304,18,17,17,1,103866.0,5562.0,False,True,6.0,468,5988,ENSG00000198674,196608,f0e3fdedbf443fbb85240eeeadb051183ea0b7ac237d1f3155dce79e9c3e5430,f34324c6fde36a4f635f0f1f06cac5d25acd6798
32768,36,196608,98304,18,17,17,1,103866.0,5562.0,False,True,6.0,468,5988,ENSG00000182634,196608,9ad26cab48a3d4fde5497c4c1cf61ad0d487755b4ddd6bb558fac42d8b30e873,f34324c6fde36a4f635f0f1f06cac5d25acd6798
32768,36,196608,98304,18,17,17,1,103866.0,5562.0,False,True,6.0,468,5988,ENSG00000234560,196608,b911fd9693a69cea275c700336c4678cbc5f61feacca54e0882d1ffe4d064c31,f34324c6fde36a4f635f0f1f06cac5d25acd6798
32768,36,196608,98304,18,17,17,1,103866.0,5562.0,False,True,6.0,468,5988,ENSG00000236981,196608,869a74e13e7e317054e1d81e1c66fa2be6e2b4ba4dc7767b6c13fe9e10c99553,f34324c6fde36a4f635f0f1f06cac5d25acd6798
32768,36,196608,98304,18,17,17,1,103866.0,5562.0,False,True,6.0,468,5988,ENSG00000186723,196608,d15595dec528cd293ec140b23a0a5611fe6dfb88da1b0c159689551a94e862c4,f34324c6fde36a4f635f0f1f06cac5d25acd6798
32768,36,196608,98304,18,17,17,1,103866.0,5562.0,False,True,6.0,468,5988,ENSG00000171942,196608,e165ab5dd301a19d3057784bddbc79a71257aae5754daba37dc33b3940065011,f34324c6fde36a4f635f0f1f06cac5d25acd6798
32768,36,196608,98304,18,17,17,1,103866.0,5562.0,False,True,6.0,468,5988,ENSG00000171936,196608,070edf73dad38126edcb58b6180fa1a74bcd4749bf794e6dfe00e94203171a9b,f34324c6fde36a4f635f0f1f06cac5d25acd6798
32768,36,196608,98304,18,17,17,1,103866.0,5562.0,False,True,6.0,468,5988,ENSG00000176231,196608,63eb0fe5037cbe6784983bc538b5bc84d3df343bc674cb90bd7938a6862cd7a5,f34324c6fde36a4f635f0f1f06cac5d25acd6798
32768,36,196608,98304,18,17,17,1,103866.0,5562.0,False,True,6.0,468,5988,ENSG00000172519,196608,f698c1064c3096a5adab6afbe3d68b3fc11b993892f2dfc9b4b025d420dad2de,f34324c6fde36a4f635f0f1f06cac5d25acd6798
32768,36,196608,98304,18,17,17,1,103866.0,5562.0,False,True,6.0,468,5988,ENSG00000196184,196608,455ed2cdc7d9f88b5532c4ba11191a3d439fea5e6bd64adf6db54f278107db25,f34324c6fde36a4f635f0f1f06cac5d25acd6798
32768,36,196608,98304,18,17,17,1,103866.0,5562.0,False,True,6.0,468,5988,ENSG00000249730,196608,a8c6ef60360cf786e582cf185e0ff69df68307b79ad8d1e2f0efd39b3ca80779,f34324c6fde36a4f635f0f1f06cac5d25acd6798
32768,36,196608,98304,18,17,17,1,103866.0,5562.0,False,True,6.0,468,5988,ENSG00000184155,196608,5070fc6d84d1aefb4e24c1579104a3a4fd50163346645c9bd5b75544a4adf778,f34324c6fde36a4f635f0f1f06cac5d25acd6798
32768,36,196608,98304,18,17,17,1,103866.0,5562.0,False,True,6.0,468,5988,ENSG00000173285,196608,60f464e299c32a8edbbb1ac7e9afff0c0d48d6eb2524feaedde0fc7b87dbbda0,f34324c6fde36a4f635f0f1f06cac5d25acd6798
32768,36,196608,98304,18,17,17,1,103866.0,5562.0,False,True,6.0,468,5988,ENSG00000180708,196608,437d60913b9c3fc3e65e153050bc0580b60204f13d090da08005304095fa8ab8,f34324c6fde36a4f635f0f1f06cac5d25acd6798
32768,36,196608,98304,18,17,17,1,103866.0,5562.0,False,True,6.0,468,5988,ENSG00000175398,196608,64f9b57882f4eecc188ca2b1871abd396d3ed5083118cfa0911b0c457391e6bf,f34324c6fde36a4f635f0f1f06cac5d25acd6798
32768,36,196608,98304,18,17,17,1,103866.0,5562.0,False,True,6.0,468,5988,ENSG00000180475,196608,85c90d4e0e977b6f96019c071d5b005edd04295687f14cfae5b1ad48a8ff09cf,f34324c6fde36a4f635f0f1f06cac5d25acd6798
32768,36,196608,98304,18,17,17,1,103866.0,5562.0,False,True,6.0,468,5988,ENSG00000198965,196608,0841718ef825c7d133116af3945825ec3a85296c811f2edb579e30d71f586d0f,f34324c6fde36a4f635f0f1f06cac5d25acd6798
32768,36,196608,98304,18,17,17,1,103866.0,5562.0,False,True,6.0,468,5988,ENSG00000196248,196608,dfd68bcb4c2f36ae222a336a315ecb4997cac12f4727fa457531f4494f8ccb1b,f34324c6fde36a4f635f0f1f06cac5d25acd6798
32768,36,196608,98304,18,17,17,1,103866.0,5562.0,False,True,6.0,468,5988,ENSG00000186306,196608,17b5ab1b8e6d5ecd89ea3f96f436e6d016322ea35741d0cc1530a74ca9807bb1,f34324c6fde36a4f635f0f1f06cac5d25acd6798
32768,36,196608,98304,18,17,17,1,103866.0,5562.0,False,True,6.0,468,5988,ENSG00000172289,196608,7d12b055d9cccaa4b7ca7d399f6549aa97983e3831fc24ae23619548957db235,f34324c6fde36a4f635f0f1f06cac5d25acd6798
32768,36,196608,98304,18,17,17,1,103866.0,5562.0,False,True,6.0,468,5988,ENSG00000172772,196608,d88cbe4fb406cdb28cd1a4c50b6758913a29606318bc2b8e0c8ef903be135525,f34324c6fde36a4f635f0f1f06cac5d25acd6798
32768,36,196608,98304,18,17,17,1,103866.0,5562.0,False,True,6.0,468,5988,ENSG00000279111,196608,db4b66561b7c25128a60404d71d5193c3ada5f01ce19e91dfc89cf1c0271093a,f34324c6fde36a4f635f0f1f06cac5d25acd6798
32768,36,196608,98304,18,17,17,1,103866.0,5562.0,False,True,6.0,468,5988,ENSG00000198967,196608,5ff301f8aba2d15331a3e75d4f2aee46a6f9925cca8d2ff3a30d79a8e530772b,f34324c6fde36a4f635f0f1f06cac5d25acd6798
32768,36,196608,98304,18,17,17,1,103866.0,5562.0,False,True,6.0,468,5988,ENSG00000204694,196608,bc5ec19272406551dd30389ea2b664a1d6c5780e13a7445f62d776088c72248e,f34324c6fde36a4f635f0f1f06cac5d25acd6798
32768,36,196608,98304,18,17,17,1,103866.0,5562.0,False,True,6.0,468,5988,ENSG00000196832,196608,e1ba0a2d176707dbdfa048843f8152b26361dd61c7e299ed80863068703bf1bd,f34324c6fde36a4f635f0f1f06cac5d25acd6798
32768,36,196608,98304,18,17,17,1,103866.0,5562.0,False,True,6.0,468,5988,ENSG00000130538,196608,e200257659438edcff23dc53ec89ae357d497683158f1034ef2592a5d8a73b77,f34324c6fde36a4f635f0f1f06cac5d25acd6798
32768,36,196608,98304,18,17,17,1,103866.0,5562.0,False,True,6.0,468,5988,ENSG00000258453,196608,c81b3dbd36ed043d8a3cddad75459994305f1153f8303fd42115abe433443f66,f34324c6fde36a4f635f0f1f06cac5d25acd6798
32768,36,196608,98304,18,17,17,1,103866.0,5562.0,False,True,6.0,468,5988,ENSG00000176198,196608,aa00e0b7347c013e6392bbce89849a5f6ecf1c6c0a8db48fb11589455d3e75c2,f34324c6fde36a4f635f0f1f06cac5d25acd6798
32768,36,196608,98304,18,17,17,1,103866.0,5562.0,False,True,6.0,468,5988,ENSG00000176219,196608,19421cee3d779d276d6ecd81d1fdc8929d07d599fc662ab7e67ef5d67ad2fff9,f34324c6fde36a4f635f0f1f06cac5d25acd6798
32768,36,196608,98304,18,17,17,1,103866.0,5562.0,False,True,6.0,468,5988,ENSG00000258806,196608,4ab56a2d0da8e8dc06d7f7e09b8a50406bf70547838f6a5c7b12a705f868ada7,f34324c6fde36a4f635f0f1f06cac5d25acd6798
32768,36,196608,98304,18,17,17,1,103866.0,5562.0,False,True,6.0,468,5988,ENSG00000257115,196608,0a85448bb36f3dff9dc1f7628d7b869754dae9c8c096c556b4349a843aefaba4,f34324c6fde36a4f635f0f1f06cac5d25acd6798
32768,36,196608,98304,18,17,17,1,103866.0,5562.0,False,True,6.0,468,5988,ENSG00000197591,196608,17c51a0259481901cc0c104b561a78b1216544e2b6496565d47224c53a4264fb,f34324c6fde36a4f635f0f1f06cac5d25acd6798
32768,36,196608,98304,18,17,17,1,103866.0,5562.0,False,True,6.0,468,5988,ENSG00000251608,196608,44856dfff88acbf6f1f4f924d72d605ad2ca2a374172e8b3e1c09b74e8037cdf,f34324c6fde36a4f635f0f1f06cac5d25acd6798
32768,36,196608,98304,18,17,17,1,103866.0,5562.0,False,True,6.0,468,5988,ENSG00000280236,196608,5b021cab79cc93c126c3da4145a4264fa1e7bb0cefd787ed25828738b7952a60,f34324c6fde36a4f635f0f1f06cac5d25acd6798
32768,36,196608,98304,18,17,17,1,103866.0,5562.0,False,True,6.0,468,5988,ENSG00000112462,196608,6f30aca6fe4ea6ab3cf8c6bac5ee078064590bdfbdd6de00128d6b6d3e56e6f0,f34324c6fde36a4f635f0f1f06cac5d25acd6798
32768,36,196608,98304,18,17,17,1,103866.0,5562.0,False,True,6.0,468,5988,ENSG00000256574,196608,b59d9c24e545a28c70daf6466bf44fe480518a9599f17fc73f592168c242e65a,f34324c6fde36a4f635f0f1f06cac5d25acd6798
32768,36,196608,98304,18,17,17,1,103866.0,5562.0,False,True,6.0,468,5988,ENSG00000276119,196608,ae522966816e197d974064161078c0a1bd3e3265fec72cfbde63df053f64dc16,f34324c6fde36a4f635f0f1f06cac5d25acd6798
32768,36,196608,98304,18,17,17,1,103866.0,5562.0,False,True,6.0,468,5988,ENSG00000204246,196608,afc22bfa59978c059891dd876e6706f0c8bcc20873bcc78257ab8397025d3f87,f34324c6fde36a4f635f0f1f06cac5d25acd6798
32768,36,196608,98304,18,17,17,1,103866.0,5562.0,False,True,6.0,468,5988,ENSG00000148136,196608,15cb31e16f504e671134df91e6b0b17982a4482f49af8ea16d74fb718780fa27,f34324c6fde36a4f635f0f1f06cac5d25acd6798
32768,36,196608,98304,18,17,17,1,103866.0,5562.0,False,True,6.0,468,5988,ENSG00000277556,196608,efcc3f07133163c448d0680a9e4b6e8a920a40fe2919a69d4b563b39a20ba101,f34324c6fde36a4f635f0f1f06cac5d25acd6798
32768,36,196608,98304,18,17,17,1,103866.0,5562.0,False,True,6.0,468,5988,ENSG00000243641,196608,a1c1493c667043b1d58aa2611b9d25f704f9c1ed2d720615d72cdd883a71402b,f34324c6fde36a4f635f0f1f06cac5d25acd6798
32768,36,196608,98304,18,17,17,1,103866.0,5562.0,False,True,6.0,468,5988,ENSG00000186943,196608,5171023ca849f7a688eaaa4d6cd65ff3e807f2f9a262ffa07c56f212905f6d08,f34324c6fde36a4f635f0f1f06cac5d25acd6798
32768,36,196608,98304,18,17,17,1,103866.0,5562.0,False,True,6.0,468,5988,ENSG00000136839,196608,eb04ae69f76e3a02c740d064f42a0f99c428927fc5faade97049143f23186a82,f34324c6fde36a4f635f0f1f06cac5d25acd6798
32768,36,196608,98304,18,17,17,1,103866.0,5562.0,False,True,6.0,468,5988,ENSG00000179055,196608,d06187c8ca3db5736ab72c651e9fe5abd8d459ab49e6d87ff052eaac107d45a9,f34324c6fde36a4f635f0f1f06cac5d25acd6798
32768,36,196608,98304,18,17,17,1,103866.0,5562.0,False,True,6.0,468,5988,ENSG00000186881,196608,5cb35329fba49da37de79e5079751663f487dcd1570ad1538e57748b4c162ba8,f34324c6fde36a4f635f0f1f06cac5d25acd6798
32768,36,196608,98304,18,17,17,1,103866.0,5562.0,False,True,6.0,468,5988,ENSG00000197437,196608,663d0da1c23c4a3e55b63fccc9837372af27b0f1ea29546dbc026b6bf1e4b1b6,f34324c6fde36a4f635f0f1f06cac5d25acd6798
32768,36,196608,98304,18,17,17,1,103866.0,5562.0,False,True,6.0,468,5988,ENSG00000171054,196608,e2c4e3bc6c4d53fa1909dd36a749344457f15135334a17577fdcbc19c93626bc,f34324c6fde36a4f635f0f1f06cac5d25acd6798
32768,36,196608,98304,18,17,17,1,103866.0,5562.0,False,True,6.0,468,5988,ENSG00000168828,196608,4039e056188dcd897e13e6e21694454fc5e9315f9c97a09e68a8e9cdded6e6a0,f34324c6fde36a4f635f0f1f06cac5d25acd6798
32768,36,196608,98304,18,17,17,1,103866.0,5562.0,False,True,6.0,468,5988,ENSG00000241128,196608,53361fd56d67d2debc4a551bb28a56a1ba2ea14573337b9315fabcf17e1db277,f34324c6fde36a4f635f0f1f06cac5d25acd6798
32768,36,196608,98304,18,17,17,1,103866.0,5562.0,False,True,6.0,468,5988,ENSG00000196772,196608,edeff1d20d2d1ec1d0a87f2801649dbda4d25bcfa92ccb4d1ac7914b6c282759,f34324c6fde36a4f635f0f1f06cac5d25acd6798
32768,36,196608,98304,18,17,17,1,103866.0,5562.0,False,True,6.0,468,5988,ENSG00000177174,196608,dffd82ccce1b18140f28c7299b7e04ceb52e405146c57f7a3d741b2261888cfe,f34324c6fde36a4f635f0f1f06cac5d25acd6798
32773,36,196608,98304,18,17,17,1,103841.0,5537.0,False,True,5.9990846123333235,493,5988,ENSG00000189181,196608,2a6c5873be94d4473770376558e88e02b8d371e54d7c939cb608eb8afa57e4b7,f34324c6fde36a4f635f0f1f06cac5d25acd6798
32768,36,196608,98304,18,17,17,1,103866.0,5562.0,False,True,6.0,468,5988,ENSG00000204695,196608,6e79fea5dabd9ae90dd0fba0729d5c440a300b467ef7a6e784f88557378ca4b0,f34324c6fde36a4f635f0f1f06cac5d25acd6798
32768,36,196608,98304,18,17,17,1,103866.0,5562.0,False,True,6.0,468,5988,ENSG00000153230,196608,fc56bc9fdec6681495dc9f2c66a6f7f797dbce8623451070e13683685bd98cb5,f34324c6fde36a4f635f0f1f06cac5d25acd6798
32768,36,196608,98304,18,17,17,1,103866.0,5562.0,False,True,6.0,468,5988,ENSG00000205496,196608,8008f79ddc750ab188ffa09277d17b099eff21643732b69c8126ed10b4c06108,f34324c6fde36a4f635f0f1f06cac5d25acd6798
32768,36,196608,98304,18,17,17,1,103866.0,5562.0,False,True,6.0,468,5988,ENSG00000205497,196608,22c4fe1efcc6ed2df89a6b57c5969b644ae4ef154749887cf28cc2fc7de58f36,f34324c6fde36a4f635f0f1f06cac5d25acd6798
32768,36,196608,98304,18,17,17,1,103866.0,5562.0,False,True,6.0,468,5988,ENSG00000176895,196608,1712cae2f5bbfb95ccace83f03dac40d12e43d8f4d1e0f4ba6f8199ebab6ef1b,f34324c6fde36a4f635f0f1f06cac5d25acd6798
32768,36,196608,98304,18,17,17,1,103866.0,5562.0,False,True,6.0,468,5988,ENSG00000279012,196608,0a007d781cefba0a24b7e9dbab1b25fcd42364e1c2dcf7d6c2b9091821677e5b,f34324c6fde36a4f635f0f1f06cac5d25acd6798
32768,36,196608,98304,18,17,17,1,103866.0,5562.0,False,True,6.0,468,5988,ENSG00000183251,196608,e18e8924837e964e55994c4e15bc4b920160b40b588ce60c165adefc92fc3310,f34324c6fde36a4f635f0f1f06cac5d25acd6798
32768,36,196608,98304,18,17,17,1,103866.0,5562.0,False,True,6.0,468,5988,ENSG00000167355,196608,6cc400af7febce960a4f155c9cbddeb1d910604422748a6e8b925c55052f43e1,f34324c6fde36a4f635f0f1f06cac5d25acd6798
32768,36,196608,98304,18,17,17,1,103866.0,5562.0,False,True,6.0,468,5988,ENSG00000176239,196608,a936482c08935c4d7c471a81224ceb50deb28b35a0947fb9e9d0341d5b08f08b,f34324c6fde36a4f635f0f1f06cac5d25acd6798
32768,36,196608,98304,18,17,17,1,103866.0,5562.0,False,True,6.0,468,5988,ENSG00000197428,196608,4c3ee4e2d4d8ed9115f90b603a71ed8f498e4501584d746fe6c9285b4f83b435,f34324c6fde36a4f635f0f1f06cac5d25acd6798
32768,36,196608,98304,18,17,17,1,103866.0,5562.0,False,True,6.0,468,5988,ENSG00000180785,196608,290c1c948fcca9346360dcaac0a2337c40ba2ee4bd320b72b6aeba5e47e08c03,f34324c6fde36a4f635f0f1f06cac5d25acd6798
32768,36,196608,98304,18,17,17,1,103866.0,5562.0,False,True,6.0,468,5988,ENSG00000167332,196608,3ec602f624fb87d57af4249da92bd044af5b9a279f488f5039871b3184b1ac50,f34324c6fde36a4f635f0f1f06cac5d25acd6798
32768,36,196608,98304,18,17,17,1,103866.0,5562.0,False,True,6.0,468,5988,ENSG00000280021,196608,48b26735783a49fb4d83364ccd23b735c9c2cb0dbaa851d517ac8e2314626b5c,f34324c6fde36a4f635f0f1f06cac5d25acd6798
32768,36,196608,98304,18,17,17,1,103866.0,5562.0,False,True,6.0,468,5988,ENSG00000176925,196608,22f1ddc2ec3393def70825571b0afec1edf4e7016170930bd340a1dbac29ddde,f34324c6fde36a4f635f0f1f06cac5d25acd6798
32768,36,196608,98304,18,17,17,1,103866.0,5562.0,False,True,6.0,468,5988,ENSG00000278870,196608,131d2001e6a013abda72e2ef2268d0e8e8e2e45c307cd140cefc3fd94a1ef8d0,f34324c6fde36a4f635f0f1f06cac5d25acd6798
32768,36,196608,98304,18,17,17,1,103866.0,5562.0,False,True,6.0,468,5988,ENSG00000176893,196608,c322efb66f087bf9d32dbceaeac43df805e657afe96998d4cac552f2b0d2a2d4,f34324c6fde36a4f635f0f1f06cac5d25acd6798
32768,36,196608,98304,18,17,17,1,103866.0,5562.0,False,True,6.0,468,5988,ENSG00000167359,196608,220659a94ce29c3b69ff985b042ddfe42882494407b5a389346641a3a8e0213d,f34324c6fde36a4f635f0f1f06cac5d25acd6798
32768,36,196608,98304,18,17,17,1,103866.0,5562.0,False,True,6.0,468,5988,ENSG00000187918,196608,3d2050d40bab9684a8d71a36a92c0e4bc9bd5e5e0c65ac472aa03877e5541900,f34324c6fde36a4f635f0f1f06cac5d25acd6798
32768,36,196608,98304,18,17,17,1,103866.0,5562.0,False,True,6.0,468,5988,ENSG00000176798,196608,32ebc450769c60bff7770b3adc4a47c0b5fa0189cfa8908d77620a0513d87082,f34324c6fde36a4f635f0f1f06cac5d25acd6798
32768,36,196608,98304,18,17,17,1,103866.0,5562.0,False,True,6.0,468,5988,ENSG00000184698,196608,133b7cef24854b13cde814dc05fd658122b0561197316fafd1478f7a8500e31f,f34324c6fde36a4f635f0f1f06cac5d25acd6798
32768,36,196608,98304,18,17,17,1,103866.0,5562.0,False,True,6.0,468,5988,ENSG00000167360,196608,d7c5a6c366608b83a7c3690cb859e4b39260192f289473c24673b966a4018cef,f34324c6fde36a4f635f0f1f06cac5d25acd6798
32768,36,196608,98304,18,17,17,1,103866.0,5562.0,False,True,6.0,468,5988,ENSG00000176922,196608,4b5839aef6138eed0b36185c52068a0529e78f4c87746955fca9b3107045d066,f34324c6fde36a4f635f0f1f06cac5d25acd6798
32768,36,196608,98304,18,17,17,1,103866.0,5562.0,False,True,6.0,468,5988,ENSG00000176900,196608,1290dea011713c63d530be3e44c9c3c48068125e1f56f68f2aaa8ddb4838a58d,f34324c6fde36a4f635f0f1f06cac5d25acd6798
32768,36,196608,98304,18,17,17,1,103866.0,5562.0,False,True,6.0,468,5988,ENSG00000176742,196608,4406f405f5c77c590a679419a9d0ebfeb9fa7c93417e2e847d1a33db3bd40957,f34324c6fde36a4f635f0f1f06cac5d25acd6798
32768,36,196608,98304,18,17,17,1,103866.0,5562.0,False,True,6.0,468,5988,ENSG00000182070,196608,41e482f205d1b2d527a15af3fb7dee128e0344c9f2071533d71105507c51c9fd,f34324c6fde36a4f635f0f1f06cac5d25acd6798
32768,36,196608,98304,18,17,17,1,103866.0,5562.0,False,True,6.0,468,5988,ENSG00000171944,196608,737077d9be2268e55362f570ac119437cc5f5679495d6cbb835fa3b9e16d63eb,f34324c6fde36a4f635f0f1f06cac5d25acd6798
32768,36,196608,98304,18,17,17,1,103866.0,5562.0,False,True,6.0,468,5988,ENSG00000255307,196608,e213bb40d65885c285b1c5ba322c2418ddfec5ac1ddb5e2bf363209ff65ac771,f34324c6fde36a4f635f0f1f06cac5d25acd6798
32768,36,196608,98304,18,17,17,1,103866.0,5562.0,False,True,6.0,468,5988,ENSG00000221996,196608,31eb8609e0e5a0bea5697d6e729ad21f6c85d5cb43c328a73b2e3442ed48e066,f34324c6fde36a4f635f0f1f06cac5d25acd6798
32768,36,196608,98304,18,17,17,1,103866.0,5562.0,False,True,6.0,468,5988,ENSG00000187747,196608,99d4568f22d857ea29d1d3dd9b62e41b31bdec8a0aab0cafab6b9394d854da79,f34324c6fde36a4f635f0f1f06cac5d25acd6798
32768,36,196608,98304,18,17,17,1,103866.0,5562.0,False,True,6.0,468,5988,ENSG00000181609,196608,796c25fda73a70b8123ec529e820edeccfd920f3c437b58cd0ee1f5c0acdc017,f34324c6fde36a4f635f0f1f06cac5d25acd6798
32768,36,196608,98304,18,17,17,1,103866.0,5562.0,False,True,6.0,468,5988,ENSG00000273085,196608,41d30201a1084708858e6570740b73d3972a19d2ca182c8e53b81672c8104fed,f34324c6fde36a4f635f0f1f06cac5d25acd6798
32768,36,196608,98304,18,17,17,1,103866.0,5562.0,False,True,6.0,468,5988,ENSG00000176787,196608,5e79d742ed9f4260461d8ae3c4752ff7393a9ef8a432b2668357600c247d0abc,f34324c6fde36a4f635f0f1f06cac5d25acd6798
32768,36,196608,98304,18,17,17,1,103866.0,5562.0,False,True,6.0,468,5988,ENSG00000180974,196608,2f0e76f65a16f61f51c1a989b5d45aeaf0ceb22fed5c01686e9c87e07839fcfe,f34324c6fde36a4f635f0f1f06cac5d25acd6798
32768,36,196608,98304,18,17,17,1,103866.0,5562.0,False,True,6.0,468,5988,ENSG00000277932,196608,1290b1efb6e16f8ff7d4c7320c8f6e15df06a3b60b91db336b87cb45f72e76aa,f34324c6fde36a4f635f0f1f06cac5d25acd6798
32768,36,196608,98304,18,17,17,1,103866.0,5562.0,False,True,6.0,468,5988,ENSG00000205409,196608,21ebdb54c574aa88307738dde81e7a2db26b25a2de40e1d0d9b26a02f4514641,f34324c6fde36a4f635f0f1f06cac5d25acd6798
32768,36,196608,98304,18,17,17,1,103866.0,5562.0,False,True,6.0,468,5988,ENSG00000183269,196608,4d6a952f87b6659f8fc9588e873fa6e036388a50ead85b06736d9be95941a463,f34324c6fde36a4f635f0f1f06cac5d25acd6798
32768,36,196608,98304,18,17,17,1,103866.0,5562.0,False,True,6.0,468,5988,ENSG00000181616,196608,17e65e6bd1bc613ddc7a55bce82259719da7cefd364719f1d94273c9cd4f3fea,f34324c6fde36a4f635f0f1f06cac5d25acd6798
32768,36,196608,98304,18,17,17,1,103866.0,5562.0,False,True,6.0,468,5988,ENSG00000232268,196608,3488eccb6cc3abb50d84ff52a64513e01ceee9ff0a1935c0636e058f79e2f7a3,f34324c6fde36a4f635f0f1f06cac5d25acd6798
32768,36,196608,98304,18,17,17,1,103866.0,5562.0,False,True,6.0,468,5988,ENSG00000226288,196608,0a3deaa698eee5071f22e3562f2a3ce054fac8d0b0e2bc682f0992fd4ac42e7b,f34324c6fde36a4f635f0f1f06cac5d25acd6798
32768,36,196608,98304,18,17,17,1,103866.0,5562.0,False,True,6.0,468,5988,ENSG00000205495,196608,0545d4d19982c38321d28197c7f17b858d2e8f3b4eb1262eae631455be96352a,f34324c6fde36a4f635f0f1f06cac5d25acd6798
32768,36,196608,98304,18,17,17,1,103866.0,5562.0,False,True,6.0,468,5988,ENSG00000196778,196608,01da750fc6cd30b998811627416b82f11bc0a612750ccd05a20ce91e6d18995b,f34324c6fde36a4f635f0f1f06cac5d25acd6798
32768,36,196608,98304,18,17,17,1,103866.0,5562.0,False,True,6.0,468,5988,ENSG00000181963,196608,3d7999b626570f2cb0cd95340e40e4ba2cf254136d75afdaacc0347a23a48b91,f34324c6fde36a4f635f0f1f06cac5d25acd6798
32768,36,196608,98304,18,17,17,1,103866.0,5562.0,False,True,6.0,468,5988,ENSG00000183313,196608,a4056c2022d3bb54e710ddd7303bbf62c9749ca75e702b7c998ed12404052b45,f34324c6fde36a4f635f0f1f06cac5d25acd6798
32768,36,196608,98304,18,17,17,1,103866.0,5562.0,False,True,6.0,468,5988,ENSG00000197790,196608,a8d885dc8bad7fbb33f5805cf5d77bcf3d67250beecf8b268e164aa50ba1edb4,f34324c6fde36a4f635f0f1f06cac5d25acd6798
32768,36,196608,98304,18,17,17,1,103866.0,5562.0,False,True,6.0,468,5988,ENSG00000181001,196608,2c1cbc936bef4c0dc23e11e735dcc82d369c26d91dedbb6caf0e9f8f7d1d7ffb,f34324c6fde36a4f635f0f1f06cac5d25acd6798
32768,36,196608,98304,18,17,17,1,103866.0,5562.0,False,True,6.0,468,5988,ENSG00000180988,196608,da2541adbe6c55f71f824a7f5b730dacefb6785c42a47cb125dae4ec2b31c8fe,f34324c6fde36a4f635f0f1f06cac5d25acd6798
32768,36,196608,98304,18,17,17,1,103866.0,5562.0,False,True,6.0,468,5988,ENSG00000181074,196608,39d0a3bee7812ab73c2acc70d8e90ffc15fcce391eae099c1ce148c3e1d93f76,f34324c6fde36a4f635f0f1f06cac5d25acd6798
32768,36,196608,98304,18,17,17,1,103866.0,5562.0,False,True,6.0,468,5988,ENSG00000181009,196608,b21706b8560371dd23af4091d7e0c3f21151148a491af389bad9797d1f49d14e,f34324c6fde36a4f635f0f1f06cac5d25acd6798
32768,36,196608,98304,18,17,17,1,103866.0,5562.0,False,True,6.0,468,5988,ENSG00000279270,196608,e40293193277eb5f952cc23796565eeffe8da8244caf02357e83434d71b07701,f34324c6fde36a4f635f0f1f06cac5d25acd6798
32768,36,196608,98304,18,17,17,1,103866.0,5562.0,False,True,6.0,468,5988,ENSG00000175485,196608,c021cd38a55e33fc95757f998e419d3ca605a102e5eb91ea5347f5edfe5d08a1,f34324c6fde36a4f635f0f1f06cac5d25acd6798
32768,36,196608,98304,18,17,17,1,103866.0,5562.0,False,True,6.0,468,5988,ENSG00000180934,196608,3d3b72edd065e62957876af0ef95e5eca896c93f6bc65b8e44945ed455635eaa,f34324c6fde36a4f635f0f1f06cac5d25acd6798
32768,36,196608,98304,18,17,17,1,103866.0,5562.0,False,True,6.0,468,5988,ENSG00000184478,196608,12bb13f493c34fa2e114e7c80c388314e89990e1ec38e66650e19ad7b07cef50,f34324c6fde36a4f635f0f1f06cac5d25acd6798
32768,36,196608,98304,18,17,17,1,103866.0,5562.0,False,True,6.0,468,5988,ENSG00000183389,196608,852bdb1efd93bec53746674f813201921315993bf17bc8fde4857627f8a11fdf,f34324c6fde36a4f635f0f1f06cac5d25acd6798
32768,36,196608,98304,18,17,17,1,103866.0,5562.0,False,True,6.0,468,5988,ENSG00000188691,196608,b2f0b4861357aad372afde6293790cbb6bd4601f0383aef634b7a8d0334cd0a7,f34324c6fde36a4f635f0f1f06cac5d25acd6798
32768,36,196608,98304,18,17,17,1,103866.0,5562.0,False,True,6.0,468,5988,ENSG00000181023,196608,c7725ca4cf2b78149617ef1035103174179bb34b21138064779f5b62f80be1b1,f34324c6fde36a4f635f0f1f06cac5d25acd6798
32768,36,196608,98304,18,17,17,1,103866.0,5562.0,False,True,6.0,468,5988,ENSG00000181017,196608,6957f8c1d3be792552489367c5081587afc0c698c7748650d0edbbff3ed0bf4b,f34324c6fde36a4f635f0f1f06cac5d25acd6798
32768,36,196608,98304,18,17,17,1,103866.0,5562.0,False,True,6.0,468,5988,ENSG00000180919,196608,b8ec6042095378a8d15f0c01b65c876bcd433b2708c5e49d274f9429ee09687e,f34324c6fde36a4f635f0f1f06cac5d25acd6798
32768,36,196608,98304,18,17,17,1,103866.0,5562.0,False,True,6.0,468,5988,ENSG00000182162,196608,e1bb37e76f28a692c3e5b9e4d343db33501b4d272b6045a93721c7a21e533f3d,f34324c6fde36a4f635f0f1f06cac5d25acd6798
32768,36,196608,98304,18,17,17,1,103866.0,5562.0,False,True,6.0,468,5988,ENSG00000078589,196608,3b72d3a3779fddf8d4f9f11705b15006abcd3d2c528c30e8b3f31d0f8f576035,f34324c6fde36a4f635f0f1f06cac5d25acd6798
32768,36,196608,98304,18,17,17,1,103866.0,5562.0,False,True,6.0,468,5988,ENSG00000091622,196608,db806bae78634f48ac962711731767d4081e0b75e227be8122df21a49ff28993,f34324c6fde36a4f635f0f1f06cac5d25acd6798
32768,36,196608,98304,18,17,17,1,103866.0,5562.0,False,True,6.0,468,5988,ENSG00000128602,196608,6c24378321df458e15f11cbfcf70f2563b2a3ebfaebeee5380d2c36f85b2b7cb,f34324c6fde36a4f635f0f1f06cac5d25acd6798
32768,36,196608,98304,18,17,17,1,103866.0,5562.0,False,True,6.0,468,5988,ENSG00000173578,196608,1b4f3c78e11839d45e36734cacec3996cf6ce4519e776358c0c8aeeb0a614fad,f34324c6fde36a4f635f0f1f06cac5d25acd6798
32768,36,196608,98304,18,17,17,1,103866.0,5562.0,False,True,6.0,468,5988,ENSG00000163823,196608,c09c15f290985e72823d061e5ee059631456558edb03a86d47f6ed00e2917aa9,f34324c6fde36a4f635f0f1f06cac5d25acd6798
32768,36,196608,98304,18,17,17,1,103866.0,5562.0,False,True,6.0,468,5988,ENSG00000121807,196608,f360058e010d06e733beaac8cf5959fe185acfd0c894ab85e0c9dac0c928ff40,f34324c6fde36a4f635f0f1f06cac5d25acd6798
32768,36,196608,98304,18,17,17,1,103866.0,5562.0,False,True,6.0,468,5988,ENSG00000183625,196608,bd619f74083af319804c165d19653484b54ddaf4b8e52ce86d3514a9d3609d1f,f34324c6fde36a4f635f0f1f06cac5d25acd6798
32768,36,196608,98304,18,17,17,1,103866.0,5562.0,False,True,6.0,468,5988,ENSG00000183813,196608,69abed5c0e721ad88ffabeaae2da3776f32a02fc98a342f3b512e84a59baaba9,f34324c6fde36a4f635f0f1f06cac5d25acd6798
32768,36,196608,98304,18,17,17,1,103866.0,5562.0,False,True,6.0,468,5988,ENSG00000160791,196608,f120797404df04d45239f7b06b0a2a9f124c7b8bd2f2360b645241b07da9b551,f34324c6fde36a4f635f0f1f06cac5d25acd6798
32768,36,196608,98304,18,17,17,1,103866.0,5562.0,False,True,6.0,468,5988,ENSG00000112486,196608,376ef01c837609cbe340c7cba752dcaa6dbc4731fda5bd6c24583b6e0abcbcb1,f34324c6fde36a4f635f0f1f06cac5d25acd6798
32768,36,196608,98304,18,17,17,1,103866.0,5562.0,False,True,6.0,468,5988,ENSG00000126353,196608,6889b63878e834837d1757436d92d4250ef13063d2703504a3543cd6a2ce67d0,f34324c6fde36a4f635f0f1f06cac5d25acd6798
32768,36,196608,98304,18,17,17,1,103866.0,5562.0,False,True,6.0,468,5988,ENSG00000179934,196608,23fe1ca3f292f4db77bd3799628925d3d5ffcc3f991debec56c3b6fe6922e5cd,f34324c6fde36a4f635f0f1f06cac5d25acd6798
32768,36,196608,98304,18,17,17,1,103866.0,5562.0,False,True,6.0,468,5988,ENSG00000173585,196608,f316651dcf87c6c12881b343af43a8dd2c05c45aa3ad21992b12442c92d29493,f34324c6fde36a4f635f0f1f06cac5d25acd6798
32768,36,196608,98304,18,17,17,1,103866.0,5562.0,False,True,6.0,468,5988,ENSG00000184451,196608,0df4a03c539ccb32af0c39969055d431b1430b521a820d370fed5d88555a7b58,f34324c6fde36a4f635f0f1f06cac5d25acd6798
32768,36,196608,98304,18,17,17,1,103866.0,5562.0,False,True,6.0,468,5988,ENSG00000121797,196608,764758c0ec190a7b0fc7fb5cb6d0d5224674eed5ce7f5f34acfbafcceb4b1faa,f34324c6fde36a4f635f0f1f06cac5d25acd6798
32768,36,196608,98304,18,17,17,1,103866.0,5562.0,False,True,6.0,468,5988,ENSG00000075275,196608,bca8b4461dd85dd3367726cb3e4d0bfbffde5d77cb8ef7e233046c0a7d428ee3,f34324c6fde36a4f635f0f1f06cac5d25acd6798
32768,36,196608,98304,18,17,17,1,103866.0,5562.0,False,True,6.0,468,5988,ENSG00000143126,196608,d3af6913b0a6c8d1bb1c433ff85542571b5adc8e4f07c668f03b4bf35bb50432,f34324c6fde36a4f635f0f1f06cac5d25acd6798
32768,36,196608,98304,18,17,17,1,103866.0,5562.0,False,True,6.0,468,5988,ENSG00000008300,196608,7754d255e9bd934d0bd9504789eaa574bcbd9e66801bb497c6fc7c8a06267780,f34324c6fde36a4f635f0f1f06cac5d25acd6798
32768,36,196608,98304,18,17,17,1,103866.0,5562.0,False,True,6.0,468,5988,ENSG00000168539,196608,b3c5740e05080196f8f5f4bf21d2efaa4d5b0c248504f8c4b46265c2b50dc19a,f34324c6fde36a4f635f0f1f06cac5d25acd6798
32768,36,196608,98304,18,17,17,1,103866.0,5562.0,False,True,6.0,468,5988,ENSG00000181072,196608,5bef3afec2001cf1299fd8d96fdc2867c2e93f45346d8a75b0d80e8e74a71a5f,f34324c6fde36a4f635f0f1f06cac5d25acd6798
32768,36,196608,98304,18,17,17,1,103866.0,5562.0,False,True,6.0,468,5988,ENSG00000133019,196608,202a43f405f6cb1993a013297e50dcd736533dad1043899fd854a2c64ada7992,f34324c6fde36a4f635f0f1f06cac5d25acd6798
32768,36,196608,98304,18,17,17,1,103866.0,5562.0,False,True,6.0,468,5988,ENSG00000180720,196608,e3a959026b64f60d7dda68b9fe4503e5d7f67255d1464b8c8c781e4b3388fb40,f34324c6fde36a4f635f0f1f06cac5d25acd6798
32768,36,196608,98304,18,17,17,1,103866.0,5562.0,False,True,6.0,468,5988,ENSG00000184984,196608,3a0ce5d1f05ab845dbfbbb461c524a9c0eb60feb022feab244b04e6eb24559d4,f34324c6fde36a4f635f0f1f06cac5d25acd6798
32768,36,196608,98304,18,17,17,1,103866.0,5562.0,False,True,6.0,468,5988,ENSG00000168329,196608,2150002c4a8b01ce9fd92995b3d8e19ad8e422834a0d570229951658c6887daa,f34324c6fde36a4f635f0f1f06cac5d25acd6798
32768,36,196608,98304,18,17,17,1,103866.0,5562.0,False,True,6.0,468,5988,ENSG00000163464,196608,accbb39b92cf8ef7af934fa8241c11c3b7e28b794ad240f7ea5313684d30cb1b,f34324c6fde36a4f635f0f1f06cac5d25acd6798
32768,36,196608,98304,18,17,17,1,103866.0,5562.0,False,True,6.0,468,5988,ENSG00000180871,196608,636e3c22fc175361bb129e42aa156f5d30aacab6b9a5e47f06db6d31db1af497,f34324c6fde36a4f635f0f1f06cac5d25acd6798
32768,36,196608,98304,18,17,17,1,103866.0,5562.0,False,True,6.0,468,5988,ENSG00000186810,196608,d8736486950edc3ceb79c15856f7bb6e2ad8b1bd7e16ef4bb95f3f64374b60c9,f34324c6fde36a4f635f0f1f06cac5d25acd6798
32768,36,196608,98304,18,17,17,1,103866.0,5562.0,False,True,6.0,468,5988,ENSG00000121966,196608,e2497e82a464866563e5ad07124ddba929b18753c7d3290e242ed079aac25b29,f34324c6fde36a4f635f0f1f06cac5d25acd6798
32768,36,196608,98304,18,17,17,1,103866.0,5562.0,False,True,6.0,468,5988,ENSG00000160683,196608,0cd56420f7c9f8b7e382831d94d112cc9ea9cfcf04df8ff47ce0a977a8a3f49c,f34324c6fde36a4f635f0f1f06cac5d25acd6798
32768,36,196608,98304,18,17,17,1,103866.0,5562.0,False,True,6.0,468,5988,ENSG00000184845,196608,a70b59ec345a65e5056692454437efd9ca21623a1b8e09117494eaa3af0acef2,f34324c6fde36a4f635f0f1f06cac5d25acd6798
32768,36,196608,98304,18,17,17,1,103866.0,5562.0,False,True,6.0,468,5988,ENSG00000149295,196608,368f76f7895c1298e11d31363369b36d7bd2fcc2d9c211e59d9cce2a8e4a6abe,f34324c6fde36a4f635f0f1f06cac5d25acd6798
32768,36,196608,98304,18,17,17,1,103866.0,5562.0,False,True,6.0,468,5988,ENSG00000151577,196608,26b56c5395d59ad0af4066d04b22499f36ed31428617ca3cf64647ff9895089a,f34324c6fde36a4f635f0f1f06cac5d25acd6798
32768,36,196608,98304,18,17,17,1,103866.0,5562.0,False,True,6.0,468,5988,ENSG00000069696,196608,e9acf0af7c9f582fbf7d889e3c531f8f333349ed23c51f6277c2b819c95306f8,f34324c6fde36a4f635f0f1f06cac5d25acd6798
32768,36,196608,98304,18,17,17,1,103866.0,5562.0,False,True,6.0,468,5988,ENSG00000169676,196608,370bf4b648d6bfd7094807362d08b27242e81c6487b0359d0021ffd8ec67b12c,f34324c6fde36a4f635f0f1f06cac5d25acd6798
32768,36,196608,98304,18,17,17,1,103866.0,5562.0,False,True,6.0,468,5988,ENSG00000157766,196608,ff321349675bc7b2622835eef2ccbb0074766a9bd80e9cdc5c595a5c9383d248,f34324c6fde36a4f635f0f1f06cac5d25acd6798
32768,36,196608,98304,18,17,17,1,103866.0,5562.0,False,True,6.0,468,5988,ENSG00000162897,196608,75be221c1e0c8ce9acca42c71cfc8ee6c901f89cf2d174291c173c12139b22fd,f34324c6fde36a4f635f0f1f06cac5d25acd6798
32768,36,196608,98304,18,17,17,1,103866.0,5562.0,False,True,6.0,468,5988,ENSG00000186431,196608,19b6dbf2f06efc55d5ecb75e75821bc46a8cd7ba2a07a3227a207c27b5ff8788,f34324c6fde36a4f635f0f1f06cac5d25acd6798
32768,36,196608,98304,18,17,17,1,103866.0,5562.0,False,True,6.0,468,5988,ENSG00000179639,196608,3e21016bc589312c863af6dd0daf84e6254560ee1df8bd8b9fc4f6a16247b675,f34324c6fde36a4f635f0f1f06cac5d25acd6798
32768,36,196608,98304,18,17,17,1,103866.0,5562.0,False,True,6.0,468,5988,ENSG00000158869,196608,5cef73f618f7cfb120336ed88f33bcd87c970113d11a9d95dca2afa381f1ab37,f34324c6fde36a4f635f0f1f06cac5d25acd6798
32768,36,196608,98304,18,17,17,1,103866.0,5562.0,False,True,6.0,468,5988,ENSG00000104921,196608,fbb8867d841d8a451a6a9ace33cf1b4c561079a531783a7b663b669c79cd4ef9,f34324c6fde36a4f635f0f1f06cac5d25acd6798
32768,36,196608,98304,18,17,17,1,103866.0,5562.0,False,True,6.0,468,5988,ENSG00000150337,196608,54b28fe4de0209a0718e85a1de0692325ec916af4d6beb0360b31d8f7fc56331,f34324c6fde36a4f635f0f1f06cac5d25acd6798
32768,36,196608,98304,18,17,17,1,103866.0,5562.0,False,True,6.0,468,5988,ENSG00000143226,196608,688093051358bf88390c521327f9bc0be9162a2df499f67f9ce4036c1a669314,f34324c6fde36a4f635f0f1f06cac5d25acd6798
32768,36,196608,98304,18,17,17,1,103866.0,5562.0,False,True,6.0,468,5988,ENSG00000072694,196608,62157cbcc8ee550cf0e052e7e789cdc0dc3d7fd2ccb3bab7b1470934083929c1,f34324c6fde36a4f635f0f1f06cac5d25acd6798
32768,36,196608,98304,18,17,17,1,103866.0,5562.0,False,True,6.0,468,5988,ENSG00000244682,196608,fda89083c74af08a0abc8cc53353c4246b62ce217476b8eafa6ceeef5e53824c,f34324c6fde36a4f635f0f1f06cac5d25acd6798
32768,36,196608,98304,18,17,17,1,103866.0,5562.0,False,True,6.0,468,5988,ENSG00000203747,196608,a9f1a22687da90e3239fb609f34034c1ffb415404a640120adde64551c0ebd4f,f34324c6fde36a4f635f0f1f06cac5d25acd6798
32768,36,196608,98304,18,17,17,1,103866.0,5562.0,False,True,6.0,468,5988,ENSG00000162747,196608,d7ca8b31e4709bbeca003d9ba399de53cf809238ee41a680f40e77b6ba9ef33b,f34324c6fde36a4f635f0f1f06cac5d25acd6798
32768,36,196608,98304,18,17,17,1,103866.0,5562.0,False,True,6.0,468,5988,ENSG00000162894,196608,f84aeb479d0821e69ee928dadb0bc8254b99a7ebb1270bb03cd23a015b19081b,f34324c6fde36a4f635f0f1f06cac5d25acd6798
32768,36,196608,98304,18,17,17,1,103866.0,5562.0,False,True,6.0,468,5988,ENSG00000163534,196608,4fba6a7ed06b7510a25fbeffddca6d1d74f9fb0068ce876ddefa9aad8c00c828,f34324c6fde36a4f635f0f1f06cac5d25acd6798
32768,36,196608,98304,18,17,17,1,103866.0,5562.0,False,True,6.0,468,5988,ENSG00000132704,196608,a38e02f9ebb20ae573760002eca15cbcec4264507cd7d7f3bd2eccf043177574,f34324c6fde36a4f635f0f1f06cac5d25acd6798
32768,36,196608,98304,18,17,17,1,103866.0,5562.0,False,True,6.0,468,5988,ENSG00000160856,196608,593445cf1bdd54b87ac4c9b8a6091a2f2ea3a463e379708a692e091e292a756b,f34324c6fde36a4f635f0f1f06cac5d25acd6798
32768,36,196608,98304,18,17,17,1,103866.0,5562.0,False,True,6.0,468,5988,ENSG00000163518,196608,082855ca0e434c69f1dd8e68978c3aa96f27a6ca10c4d3d4ab9e564a372d5e57,f34324c6fde36a4f635f0f1f06cac5d25acd6798
32768,36,196608,98304,18,17,17,1,103866.0,5562.0,False,True,6.0,468,5988,ENSG00000143297,196608,efab15ac64c3e2d29b4ab9c06e4e4299e4c3ef9eb074d36be8cf5aed8fb09013,f34324c6fde36a4f635f0f1f06cac5d25acd6798
32768,36,196608,98304,18,17,17,1,103866.0,5562.0,False,True,6.0,468,5988,ENSG00000181036,196608,001c8454c1999163fccdabb0e46ce7c2198f4ad145643138e52301fabc280e69,f34324c6fde36a4f635f0f1f06cac5d25acd6798
32768,36,196608,98304,18,17,17,1,103866.0,5562.0,False,True,6.0,468,5988,ENSG00000132185,196608,a96043954425820af48d8a29c29b900737253f0746094b37df7d132bbde9fde3,f34324c6fde36a4f635f0f1f06cac5d25acd6798
32768,36,196608,98304,18,17,17,1,103866.0,5562.0,False,True,6.0,468,5988,ENSG00000162746,196608,1154233327c1f6c9837ad483bbeb61e4ee4a429b3d2ebbda27bdf2dc72b51bd1,f34324c6fde36a4f635f0f1f06cac5d25acd6798
32768,36,196608,98304,18,17,17,1,103866.0,5562.0,False,True,6.0,468,5988,ENSG00000164946,196608,9d54bd140121c5ff43e991c08d056465e95dbfd551e03dc3c3b3cdd6960bfcae,f34324c6fde36a4f635f0f1f06cac5d25acd6798
32768,36,196608,98304,18,17,17,1,103866.0,5562.0,False,True,6.0,468,5988,ENSG00000125498,196608,69538f88a718fa17ad7a86ca26986f05d6ea712b008da37e2de60b0355bc7bfe,f34324c6fde36a4f635f0f1f06cac5d25acd6798
32768,36,196608,98304,18,17,17,1,103866.0,5562.0,False,True,6.0,468,5988,ENSG00000243772,196608,7004b36049c6c9a3a60ae84d53ed93085aeb6a7143af1eabb580e40042155d22,f34324c6fde36a4f635f0f1f06cac5d25acd6798
32768,36,196608,98304,18,17,17,1,103866.0,5562.0,False,True,6.0,468,5988,ENSG00000189013,196608,7418df7d8437ef5740b07a781515c7bc4486e0955193141998d9cc2682c0591e,f34324c6fde36a4f635f0f1f06cac5d25acd6798
32768,36,196608,98304,18,17,17,1,103866.0,5562.0,False,True,6.0,468,5988,ENSG00000221957,196608,afb592b100ff800f62379b692da879a0569acf420bb9045e4875ddbcdd66fa09,f34324c6fde36a4f635f0f1f06cac5d25acd6798
32768,36,196608,98304,18,17,17,1,103866.0,5562.0,False,True,6.0,468,5988,ENSG00000167633,196608,dfc682dba0deb62f4dc6588c0efa7e5817fc2b689f736e480563c9c72095fcbd,f34324c6fde36a4f635f0f1f06cac5d25acd6798
32768,36,196608,98304,18,17,17,1,103866.0,5562.0,False,True,6.0,468,5988,ENSG00000240403,196608,99415bc1041be42a0a65d3652364a571d576df2d2bb8e9796c7571bca8ec833a,f34324c6fde36a4f635f0f1f06cac5d25acd6798
32768,36,196608,98304,18,17,17,1,103866.0,5562.0,False,True,6.0,468,5988,ENSG00000242019,196608,dccfb4da5b27fe2abfad768e0eb6d3dfc576dd64afb4adf531e1117299785102,f34324c6fde36a4f635f0f1f06cac5d25acd6798
32768,36,196608,98304,18,17,17,1,103866.0,5562.0,False,True,6.0,468,5988,ENSG00000111796,196608,6f0e4527d411e360f0523f0f97ec7ab03179434f1ecbffe336174fa79c227f1e,f34324c6fde36a4f635f0f1f06cac5d25acd6798
32768,36,196608,98304,18,17,17,1,103866.0,5562.0,False,True,6.0,468,5988,ENSG00000134545,196608,82fff3c8498f761c9b817f3a1318d45cc97d1599fa5426c1cac6ce4f83c3f5cb,f34324c6fde36a4f635f0f1f06cac5d25acd6798
32768,36,196608,98304,18,17,17,1,103866.0,5562.0,False,True,6.0,468,5988,ENSG00000205809,196608,89a9859bc01eb49b0f4b34b43cf3f5c01f4c0344d54b3026caa283087232344d,f34324c6fde36a4f635f0f1f06cac5d25acd6798
32768,36,196608,98304,18,17,17,1,103866.0,5562.0,False,True,6.0,468,5988,ENSG00000205810,196608,2df1ce0ee610c7288457b9bc453cfa231ecb19c1c78f45e06c633c2eb6ff0e44,f34324c6fde36a4f635f0f1f06cac5d25acd6798
32768,36,196608,98304,18,17,17,1,103866.0,5562.0,False,True,6.0,468,5988,ENSG00000134539,196608,ed7a4d7e93ec51f5ffd1d7762a5e3ea877e3fe4b7321337cf8af28aaa0e69503,f34324c6fde36a4f635f0f1f06cac5d25acd6798
32768,36,196608,98304,18,17,17,1,103866.0,5562.0,False,True,6.0,468,5988,ENSG00000150045,196608,a4d2dcf7ad918b57f878be7ff5d97c14ff2d35158bb2b4cbce3382dfaa7b220e,f34324c6fde36a4f635f0f1f06cac5d25acd6798
32768,36,196608,98304,18,17,17,1,103866.0,5562.0,False,True,6.0,468,5988,ENSG00000256797,196608,e9ca4f38a509fb59f9dc6858e8078e0124c30cff2e9f57b456b7feeb18de95b5,f34324c6fde36a4f635f0f1f06cac5d25acd6798
32768,36,196608,98304,18,17,17,1,103866.0,5562.0,False,True,6.0,468,5988,ENSG00000139187,196608,1e5a1847aa85e4c44884123e890c7e1925eda52f5a2d8a4a2ab5c8b53b273ae8,f34324c6fde36a4f635f0f1f06cac5d25acd6798
32768,36,196608,98304,18,17,17,1,103866.0,5562.0,False,True,6.0,468,5988,ENSG00000188883,196608,befbef671e26d269b1cabf67ab478eba854d42dc99dd7982763f5aa4ba3b3e14,f34324c6fde36a4f635f0f1f06cac5d25acd6798
32768,36,196608,98304,18,17,17,1,103866.0,5562.0,False,True,6.0,468,5988,ENSG00000213809,196608,7184fc9edc780188e9dd5cc82faffe1572f8bb8338629e8ac132a27f83ecee3d,f34324c6fde36a4f635f0f1f06cac5d25acd6798
32768,36,196608,98304,18,17,17,1,103866.0,5562.0,False,True,6.0,468,5988,ENSG00000204381,196608,86d972f70206cd40cfbd1e905f0d47c6c12d58ace77e7cda29b90588bff50f13,f34324c6fde36a4f635f0f1f06cac5d25acd6798
32768,36,196608,98304,18,17,17,1,103866.0,5562.0,False,True,6.0,468,5988,ENSG00000104974,196608,f4b15ae309a8eedec282f630dd1e2b2d676c0b047db782e05bce9d3d354baba8,f34324c6fde36a4f635f0f1f06cac5d25acd6798
32768,36,196608,98304,18,17,17,1,103866.0,5562.0,False,True,6.0,468,5988,ENSG00000239998,196608,e1a085bb689b1ae89ce672d7147335a78c5c3d3e20d52aa931a07daa4cccc2eb,f34324c6fde36a4f635f0f1f06cac5d25acd6798
32768,36,196608,98304,18,17,17,1,103866.0,5562.0,False,True,6.0,468,5988,ENSG00000239961,196608,f9436da5290e36d2ab31112c203284a10cdb9172488f4d50bb26a89fb2b943e5,f34324c6fde36a4f635f0f1f06cac5d25acd6798
32768,36,196608,98304,18,17,17,1,103866.0,5562.0,False,True,6.0,468,5988,ENSG00000187116,196608,58c2d2e93ca5ec23153684a37dbc585560e2b139c249477876fe98adbf88e995,f34324c6fde36a4f635f0f1f06cac5d25acd6798
32768,36,196608,98304,18,17,17,1,103866.0,5562.0,False,True,6.0,468,5988,ENSG00000244482,196608,6cef63966c7c7241613bd940ccc621d6858f8cbd66f304f1a20504ae24a59238,f34324c6fde36a4f635f0f1f06cac5d25acd6798
32768,36,196608,98304,18,17,17,1,103866.0,5562.0,False,True,6.0,468,5988,ENSG00000104972,196608,716b5c787f94938dd3660cc11de65c6a19cd6ac8ea4ad6abec82e40fd8192bc6,f34324c6fde36a4f635f0f1f06cac5d25acd6798
32768,36,196608,98304,18,17,17,1,103866.0,5562.0,False,True,6.0,468,5988,ENSG00000131042,196608,6e29d7059349d352fe244d7f584a87b8aabfdeee4d52665d1c45a89ffa4def81,f34324c6fde36a4f635f0f1f06cac5d25acd6798
32768,36,196608,98304,18,17,17,1,103866.0,5562.0,False,True,6.0,468,5988,ENSG00000204577,196608,97a4c930d41da70767587d2888519658f2d475325edfed7d090153ceef32c4cd,f34324c6fde36a4f635f0f1f06cac5d25acd6798
32768,36,196608,98304,18,17,17,1,103866.0,5562.0,False,True,6.0,468,5988,ENSG00000186818,196608,e46c78f50b61504a8a8e5f703d2a9aedaaf44d58ae6ed6fbfca1b7a2703cb93f,f34324c6fde36a4f635f0f1f06cac5d25acd6798
32768,36,196608,98304,18,17,17,1,103866.0,5562.0,False,True,6.0,468,5988,ENSG00000105609,196608,cea4d1fce602946090f9cd0a9c48e089db5dee435445e0347ba7f567f568945a,f34324c6fde36a4f635f0f1f06cac5d25acd6798
32768,36,196608,98304,18,17,17,1,103866.0,5562.0,False,True,6.0,468,5988,ENSG00000141505,196608,2c4118544017d7ea57e0d27b6d550eb5d3a3ba24fc8a6f8c783888895e084fc4,f34324c6fde36a4f635f0f1f06cac5d25acd6798
32768,36,196608,98304,18,17,17,1,103866.0,5562.0,False,True,6.0,468,5988,ENSG00000161944,196608,74263ece634186bda3843841decf35800a0ef948910299b3bdfbded99d5edefc,f34324c6fde36a4f635f0f1f06cac5d25acd6798
32768,36,196608,98304,18,17,17,1,103866.0,5562.0,False,True,6.0,468,5988,ENSG00000054219,196608,d2371ce235277bfd738be7a86312978b76d084d8260884d051648710daafe78f,f34324c6fde36a4f635f0f1f06cac5d25acd6798
32768,36,196608,98304,18,17,17,1,103866.0,5562.0,False,True,6.0,468,5988,ENSG00000260314,196608,84f3dbecafef3391054802e91064991e6c25757f3322dc7bb2ff1d0e0ea1ed4f,f34324c6fde36a4f635f0f1f06cac5d25acd6798
32768,36,196608,98304,18,17,17,1,103866.0,5562.0,False,True,6.0,468,5988,ENSG00000011028,196608,d6f4ed88b5eb394aaf826fef62d8aec096db64410fbf9ec9625032a63d437cf0,f34324c6fde36a4f635f0f1f06cac5d25acd6798
32768,36,196608,98304,18,17,17,1,103866.0,5562.0,False,True,6.0,468,5988,ENSG00000249437,196608,f3399772ddb9197fe187de7bb084e5e763961abab5b092449ad9d677fd68e260,f34324c6fde36a4f635f0f1f06cac5d25acd6798
32768,36,196608,98304,18,17,17,1,103866.0,5562.0,False,True,6.0,468,5988,ENSG00000130287,196608,7673fe85d757c20c83d93806341107a21a1a6150e25ff98fee27cdf7c1fbc05a,f34324c6fde36a4f635f0f1f06cac5d25acd6798
32768,36,196608,98304,18,17,17,1,103866.0,5562.0,False,True,6.0,468,5988,ENSG00000167984,196608,a6b4a71ee655c06b2f3c7a5cd07c9b3481b94967eb2333dc57982cfba58c0278,f34324c6fde36a4f635f0f1f06cac5d25acd6798
32768,36,196608,98304,18,17,17,1,103866.0,5562.0,False,True,6.0,468,5988,ENSG00000091106,196608,5a0b4be05c6331501c90ff93c9305f19db765bb08887ad51346f0347678ff226,f34324c6fde36a4f635f0f1f06cac5d25acd6798
32768,36,196608,98304,18,17,17,1,103866.0,5562.0,False,True,6.0,468,5988,ENSG00000140853,196608,b6e9d3279fbe6a1998c4f738a1958480a7e6a54d98c15d354466e6dde88cae99,f34324c6fde36a4f635f0f1f06cac5d25acd6798
32768,36,196608,98304,18,17,17,1,103866.0,5562.0,False,True,6.0,468,5988,ENSG00000091592,196608,72547427e6a4e8b15e85f378cf994c251a96e59f640fb9f1789e458a47a315c2,f34324c6fde36a4f635f0f1f06cac5d25acd6798
32768,36,196608,98304,18,17,17,1,103866.0,5562.0,False,True,6.0,468,5988,ENSG00000022556,196608,7119c7574def1edbc1177dba998eab521d21b003ad30d64f9842288f0d55a521,f34324c6fde36a4f635f0f1f06cac5d25acd6798
32768,36,196608,98304,18,17,17,1,103866.0,5562.0,False,True,6.0,468,5988,ENSG00000215174,196608,f8257f935aeaee59e37b6072d16e3eef01a9b7e7eaffc75332dbb24bff33087c,f34324c6fde36a4f635f0f1f06cac5d25acd6798
32768,36,196608,98304,18,17,17,1,103866.0,5562.0,False,True,6.0,468,5988,ENSG00000162711,196608,292663a018e51344b981e21cbabff55091ffedbb18f40777226b7e7948ca6922,f34324c6fde36a4f635f0f1f06cac5d25acd6798
32768,36,196608,98304,18,17,17,1,103866.0,5562.0,False,True,6.0,468,5988,ENSG00000160505,196608,2aec98ec516675d03881aa2d98e99d28bb299a467011a0c344bc6b3b325f5740,f34324c6fde36a4f635f0f1f06cac5d25acd6798
32768,36,196608,98304,18,17,17,1,103866.0,5562.0,False,True,6.0,468,5988,ENSG00000171487,196608,3bd6531407ac61b831d9235c25ef6a770b170c357a270a5bd437135cf42e50d1,f34324c6fde36a4f635f0f1f06cac5d25acd6798
32768,36,196608,98304,18,17,17,1,103866.0,5562.0,False,True,6.0,468,5988,ENSG00000174885,196608,f0d6adb6b47f9957b348abff329d68db720185b4d4b04ceef31427c1d69407cd,f34324c6fde36a4f635f0f1f06cac5d25acd6798
32768,36,196608,98304,18,17,17,1,103866.0,5562.0,False,True,6.0,468,5988,ENSG00000167634,196608,0497bd1b66d59232e527e463020076306d0ff3106768c32c3c314408319553f7,f34324c6fde36a4f635f0f1f06cac5d25acd6798
32768,36,196608,98304,18,17,17,1,103866.0,5562.0,False,True,6.0,468,5988,ENSG00000179709,196608,de4c7e5be4baf734c01b990312542440fcd87272b531ed6cff985871fd68d142,f34324c6fde36a4f635f0f1f06cac5d25acd6798
32768,36,196608,98304,18,17,17,1,103866.0,5562.0,False,True,6.0,468,5988,ENSG00000185792,196608,18a2b6c0c9b2237bf8cd78eb397a683a3fd92d782afcd1f82c0473402c0d902d,f34324c6fde36a4f635f0f1f06cac5d25acd6798
32768,36,196608,98304,18,17,17,1,103866.0,5562.0,False,True,6.0,468,5988,ENSG00000182261,196608,88101114792315fe433bd8a89769808a9eb6539b274a54eb1bb91afd13f68cb3,f34324c6fde36a4f635f0f1f06cac5d25acd6798
32768,36,196608,98304,18,17,17,1,103866.0,5562.0,False,True,6.0,468,5988,ENSG00000179873,196608,c6117472052dd2ceaabe868dd845409ed141e05ffafa53560749d90a5649806f,f34324c6fde36a4f635f0f1f06cac5d25acd6798
32768,36,196608,98304,18,17,17,1,103866.0,5562.0,False,True,6.0,468,5988,ENSG00000142405,196608,2bcf74ce7ec4f41681e613f14a9be3ceb752afe41ae18182c3701dfc55267043,f34324c6fde36a4f635f0f1f06cac5d25acd6798
32768,36,196608,98304,18,17,17,1,103866.0,5562.0,False,True,6.0,468,5988,ENSG00000173572,196608,11bee23630858a9b9d65ca60ce2f47647ae64815ca208f570788dcf95bb18d9e,f34324c6fde36a4f635f0f1f06cac5d25acd6798
32768,36,196608,98304,18,17,17,1,103866.0,5562.0,False,True,6.0,468,5988,ENSG00000158077,196608,7738a439b076e9b513e9d67134ad59f66a9243c203b8c17d7d16e02d8752d583,f34324c6fde36a4f635f0f1f06cac5d25acd6798
32768,36,196608,98304,18,17,17,1,103866.0,5562.0,False,True,6.0,468,5988,ENSG00000160703,196608,431880c72744fde3aaafc52073a9f0e0191fd154b4541e18c992c1cb68acac5c,f34324c6fde36a4f635f0f1f06cac5d25acd6798
32768,36,196608,98304,18,17,17,1,103866.0,5562.0,False,True,6.0,468,5988,ENSG00000106100,196608,806a9f5239ef56d8262fc031d90eb2d75d4b0afb3130911fcafad69d40597fa3,f34324c6fde36a4f635f0f1f06cac5d25acd6798
32768,36,196608,98304,18,17,17,1,103866.0,5562.0,False,True,6.0,468,5988,ENSG00000167207,196608,50e4db901e8013d33565b3c009a3826f7191d662a58902981118aa85ea1bac38,f34324c6fde36a4f635f0f1f06cac5d25acd6798
32768,36,196608,98304,18,17,17,1,103866.0,5562.0,False,True,6.0,468,5988,ENSG00000173391,196608,f28345b820cb551b3fea46455a52eaec234204b4befd59e0643ba4cbee2aad64,f34324c6fde36a4f635f0f1f06cac5d25acd6798
32768,36,196608,98304,18,17,17,1,103866.0,5562.0,False,True,6.0,468,5988,ENSG00000008710,196608,03dcc47be0112b1c2bbe621f604862870c51f440f93a4f40d3d6ecba50572eac,f34324c6fde36a4f635f0f1f06cac5d25acd6798
32768,36,196608,98304,18,17,17,1,103866.0,5562.0,False,True,6.0,468,5988,ENSG00000166473,196608,84340fdfa1d51a1f7fd3d2eb5c5d0ea3ae44d9e5f5bdbb583be2e24921df69cf,f34324c6fde36a4f635f0f1f06cac5d25acd6798
32768,36,196608,98304,18,17,17,1,103866.0,5562.0,False,True,6.0,468,5988,ENSG00000277481,196608,170c50024b6d8aef7dfedda6817adc2d58f72e20ee4e8793906b64c41713a624,f34324c6fde36a4f635f0f1f06cac5d25acd6798
32768,36,196608,98304,18,17,17,1,103866.0,5562.0,False,True,6.0,468,5988,ENSG00000153246,196608,16198984e1f0d06dd4b1a1749a63c0db23ef933e9cf34c44a1c0cd74d625bbe3,f34324c6fde36a4f635f0f1f06cac5d25acd6798
32768,36,196608,98304,18,17,17,1,103866.0,5562.0,False,True,6.0,468,5988,ENSG00000186652,196608,85bace848a4430df63ed11e25fc3d5e5f21a64ef45e7b96b01a9225b4632af99,f34324c6fde36a4f635f0f1f06cac5d25acd6798
32768,36,196608,98304,18,17,17,1,103866.0,5562.0,False,True,6.0,468,5988,ENSG00000156575,196608,e5678d5736c1ed3f180d67103b804bc2936ed1abad27ce369713e3857564386d,f34324c6fde36a4f635f0f1f06cac5d25acd6798
32768,36,196608,98304,18,17,17,1,103866.0,5562.0,False,True,6.0,468,5988,ENSG00000088812,196608,6d01d28ecad1b39cdb136d44e327c1d40458c32b184f48956304133731cf2f1d,f34324c6fde36a4f635f0f1f06cac5d25acd6798
32768,36,196608,98304,18,17,17,1,103866.0,5562.0,False,True,6.0,468,5988,ENSG00000107518,196608,d2f173a7ad02b71c23651b9ac0cc238db1ef45c7645eda5a3fbaa5fddd5ca862,f34324c6fde36a4f635f0f1f06cac5d25acd6798
32768,36,196608,98304,18,17,17,1,103866.0,5562.0,False,True,6.0,468,5988,ENSG00000132692,196608,ac595c05f1d6735b4ce534cbe9bb37c3b351e15d6910313fc4f13c1ff233bf2d,f34324c6fde36a4f635f0f1f06cac5d25acd6798
32768,36,196608,98304,18,17,17,1,103866.0,5562.0,False,True,6.0,468,5988,ENSG00000115386,196608,829c84a315077c2d8d41e23f86bf8592ecaff71e7ecb74ae257e30520c674f88,f34324c6fde36a4f635f0f1f06cac5d25acd6798
32768,36,196608,98304,18,17,17,1,103866.0,5562.0,False,True,6.0,468,5988,ENSG00000172023,196608,ed60acb26198f5b3f8ceaff0f15694e5250eeb724798b91b6435254de5b3b4e1,f34324c6fde36a4f635f0f1f06cac5d25acd6798
32768,36,196608,98304,18,17,17,1,103866.0,5562.0,False,True,6.0,468,5988,ENSG00000172016,196608,37b23b3f424860efaf2cd6f5dd4b8d2e7bd6d0682a324be844b440598209c676,f34324c6fde36a4f635f0f1f06cac5d25acd6798
32768,36,196608,98304,18,17,17,1,103866.0,5562.0,False,True,6.0,468,5988,ENSG00000143954,196608,827ef00c5812bf754e4bd3bd034114d648a534de3a5d15cbdc7b1e3761c9de8f,f34324c6fde36a4f635f0f1f06cac5d25acd6798
32768,36,196608,98304,18,17,17,1,103866.0,5562.0,False,True,6.0,468,5988,ENSG00000134193,196608,aded9617c96bbe7516ac3266612dbe2b87f8a7a0f366e7cc8cd52c1219760737,f34324c6fde36a4f635f0f1f06cac5d25acd6798
32768,36,196608,98304,18,17,17,1,103866.0,5562.0,False,True,6.0,468,5988,ENSG00000007908,196608,78ea2bda4093c6e0054aa839f8c9366f95e7de41fad164b8a318add0dd4b2241,f34324c6fde36a4f635f0f1f06cac5d25acd6798
32768,36,196608,98304,18,17,17,1,103866.0,5562.0,False,True,6.0,468,5988,ENSG00000188404,196608,75d4edf0bec6249696b3ff584482d0f915631d091799e71fabcffcba98b3db8b,f34324c6fde36a4f635f0f1f06cac5d25acd6798
32768,36,196608,98304,18,17,17,1,103866.0,5562.0,False,True,6.0,468,5988,ENSG00000174175,196608,c7883768e3f0e9f4063e1c9f556366ea033083242131e8487e7413ab7c9ab6e3,f34324c6fde36a4f635f0f1f06cac5d25acd6798
32768,36,196608,98304,18,17,17,1,103866.0,5562.0,False,True,6.0,468,5988,ENSG00000122852,196608,dcbf20cd9821511e9074848a90dd26cf8c73189c85e6bef7502a4c2b2372677b,f34324c6fde36a4f635f0f1f06cac5d25acd6798
32768,36,196608,98304,18,17,17,1,103866.0,5562.0,False,True,6.0,468,5988,ENSG00000185303,196608,0bff454444022a6ca219041b65a776964ca393a7a22da32b961984b02dd61dbd,f34324c6fde36a4f635f0f1f06cac5d25acd6798
32768,36,196608,98304,18,17,17,1,103866.0,5562.0,False,True,6.0,468,5988,ENSG00000133661,196608,f9acd693bd4d14ab431ddd5b8c15f30bc1a53cd82b5a9f62e168f6ecec510402,f34324c6fde36a4f635f0f1f06cac5d25acd6798
32768,36,196608,98304,18,17,17,1,103866.0,5562.0,False,True,6.0,468,5988,ENSG00000178726,196608,c0bac0b32ba75518836a443ce838201af2c38024755e61a5ad073859c4741db2,f34324c6fde36a4f635f0f1f06cac5d25acd6798
32768,36,196608,98304,18,17,17,1,103866.0,5562.0,False,True,6.0,468,5988,ENSG00000174125,196608,910978ddc4b4326b84dccd70333c020a6575b2a20629356cfd0d90b4e966c31f,f34324c6fde36a4f635f0f1f06cac5d25acd6798
32768,36,196608,98304,18,17,17,1,103866.0,5562.0,False,True,6.0,468,5988,ENSG00000137462,196608,1ed4f55b80799f96ce6aabe63a14913b817de67626381fbdafcf0402f7e17240,f34324c6fde36a4f635f0f1f06cac5d25acd6798
32768,36,196608,98304,18,17,17,1,103866.0,5562.0,False,True,6.0,468,5988,ENSG00000164342,196608,e8983a6a31fda07f489e4cbf04194b669fbad3a1c4a07ecd497d8771a9d10742,f34324c6fde36a4f635f0f1f06cac5d25acd6798
32768,36,196608,98304,18,17,17,1,103866.0,5562.0,False,True,6.0,468,5988,ENSG00000136869,196608,f50697cd744644745bac1dc9455fc3cfede76247c128eb75746a2a4b4ed91778,f34324c6fde36a4f635f0f1f06cac5d25acd6798
32768,36,196608,98304,18,17,17,1,103866.0,5562.0,False,True,6.0,468,5988,ENSG00000187554,196608,713888d4e1a4daac7378ba87c5f84af1c907510ba2a5ee2622f1295d40a2fe35,f34324c6fde36a4f635f0f1f06cac5d25acd6798
32768,36,196608,98304,18,17,17,1,103866.0,5562.0,False,True,6.0,468,5988,ENSG00000174130,196608,44c319013428fd2e0ac5a028c48f92f04e4281c4e4d544921a73c0d28784dd88,f34324c6fde36a4f635f0f1f06cac5d25acd6798
32768,36,196608,98304,18,17,17,1,103866.0,5562.0,False,True,6.0,468,5988,ENSG00000196664,196608,0397f3c87e59d27bb1d51696992c04969e412d11fe34a4da690a2be38667a1f7,f34324c6fde36a4f635f0f1f06cac5d25acd6798
32768,36,196608,98304,18,17,17,1,103866.0,5562.0,False,True,6.0,468,5988,ENSG00000101916,196608,99c37359e8061b5d0d2e085c844a7148051addebe0c890734a1757c6f6ae4d58,f34324c6fde36a4f635f0f1f06cac5d25acd6798
32768,36,196608,98304,18,17,17,1,103866.0,5562.0,False,True,6.0,468,5988,ENSG00000239732,196608,07ab087755d47f13871741b3dd81f4a5f150ca82e0f36dff09add03d8653a14e,f34324c6fde36a4f635f0f1f06cac5d25acd6798
32768,36,196608,98304,18,17,17,1,103866.0,5562.0,False,True,6.0,468,5988,ENSG00000174123,196608,5d3cab4b632def4ad2c93a99bf1c09a1447c936758c20b1bf494dc5a0dcce1c0,f34324c6fde36a4f635f0f1f06cac5d25acd6798
32768,36,196608,98304,18,17,17,1,103866.0,5562.0,False,True,6.0,468,5988,ENSG00000038427,196608,2588a738c6c47dba6f2c0db1a20e3b34fdfd50c7d15a32c646f03501b9a81b07,f34324c6fde36a4f635f0f1f06cac5d25acd6798
32768,36,196608,98304,18,17,17,1,103866.0,5562.0,False,True,6.0,468,5988,ENSG00000110848,196608,b3e811455d01f661c63d0185a797258eab965e09a5418af885344128d3afae6e,f34324c6fde36a4f635f0f1f06cac5d25acd6798
32768,36,196608,98304,18,17,17,1,103866.0,5562.0,False,True,6.0,468,5988,ENSG00000137101,196608,653230320c97c667cd79ce405f8fa73f7bd3b113e18fbeeb1996d7249abe6d1a,f34324c6fde36a4f635f0f1f06cac5d25acd6798
32768,36,196608,98304,18,17,17,1,103866.0,5562.0,False,True,6.0,468,5988,ENSG00000125810,196608,55ac716d2ac6d392a3463d5a3bc1f3327bedf94c89500c3d734b9ed438d62ad6,f34324c6fde36a4f635f0f1f06cac5d25acd6798
32768,36,196608,98304,18,17,17,1,103866.0,5562.0,False,True,6.0,468,5988,ENSG00000116031,196608,0918cb33ff896757b4909ccc6749b8b2baee1050cbc8cd2edd82ffb4716a53a7,f34324c6fde36a4f635f0f1f06cac5d25acd6798
32768,36,196608,98304,18,17,17,1,103866.0,5562.0,False,True,6.0,468,5988,ENSG00000090659,196608,ada165f6db524f0666a1f53f0908f39c1a99091e1e8ec9f63bbafa686abbe601,f34324c6fde36a4f635f0f1f06cac5d25acd6798
32768,36,196608,98304,18,17,17,1,103866.0,5562.0,False,True,6.0,468,5988,ENSG00000174807,196608,124ef83e658a411e08836726d901830aaf29e6e8c03a32d6ca650c55bb968334,f34324c6fde36a4f635f0f1f06cac5d25acd6798
32768,36,196608,98304,18,17,17,1,103866.0,5562.0,False,True,6.0,468,5988,ENSG00000241399,196608,7e74fad35da7ecd63c46ced2f3a0d613da5fb8fc0dd6f56a073c5a01bd9e6a2f,f34324c6fde36a4f635f0f1f06cac5d25acd6798
32768,36,196608,98304,18,17,17,1,103866.0,5562.0,False,True,6.0,468,5988,ENSG00000154645,196608,cc76f9b7db8f39757a5f74fc1c0e6884b7eabe32e21161d37451c2eea17684d9,f34324c6fde36a4f635f0f1f06cac5d25acd6798
32768,36,196608,98304,18,17,17,1,103866.0,5562.0,False,True,6.0,468,5988,ENSG00000179583,196608,4cd491fc1a44dde43cab79d41c36e6875528569aa1561b2001c66ac84064f764,f34324c6fde36a4f635f0f1f06cac5d25acd6798
32768,36,196608,98304,18,17,17,1,103866.0,5562.0,False,True,6.0,468,5988,ENSG00000150048,196608,130952ddb2d22505d4f5ba25d7989f0d21e7bb9153eead2fc2a258acbc5bb0e6,f34324c6fde36a4f635f0f1f06cac5d25acd6798
32768,36,196608,98304,18,17,17,1,103866.0,5562.0,False,True,6.0,468,5988,ENSG00000165682,196608,224eb5c0e8998bf8660bf1b1cc9815eff68f4d299009d79af2ee666857c216a3,f34324c6fde36a4f635f0f1f06cac5d25acd6798
32768,36,196608,98304,18,17,17,1,103866.0,5562.0,False,True,6.0,468,5988,ENSG00000188393,196608,e8e7ae9cf5dee67b51089a836979ebe80bd34441d177bcb20bfd1039006b4549,f34324c6fde36a4f635f0f1f06cac5d25acd6798
32768,36,196608,98304,18,17,17,1,103866.0,5562.0,False,True,6.0,468,5988,ENSG00000110852,196608,41ca70e83239a4fb2e2b122874d9057ffec619eae8b1b53da61af867cb8f375b,f34324c6fde36a4f635f0f1f06cac5d25acd6798
32768,36,196608,98304,18,17,17,1,103866.0,5562.0,False,True,6.0,468,5988,ENSG00000069493,196608,3beecc3067bbf3ca7762600768998ad7afd910e656a6b163d4ff361863222ebe,f34324c6fde36a4f635f0f1f06cac5d25acd6798
32768,36,196608,98304,18,17,17,1,103866.0,5562.0,False,True,6.0,468,5988,ENSG00000236279,196608,70194fce6dc5fd720585c3a171a5bf9f2a86000a7f1e2246d8600887d6f99490,f34324c6fde36a4f635f0f1f06cac5d25acd6798
32768,36,196608,98304,18,17,17,1,103866.0,5562.0,False,True,6.0,468,5988,ENSG00000166509,196608,7b50b7efe90df7f1323953789291885c3378cfa21de147ed871e2f2f5980fa4a,f34324c6fde36a4f635f0f1f06cac5d25acd6798
32768,36,196608,98304,18,17,17,1,103866.0,5562.0,False,True,6.0,468,5988,ENSG00000163815,196608,f58fcfb3fd1e823498d31e6ca2464b3bd813df741682a4bfc053db4e665e7b43,f34324c6fde36a4f635f0f1f06cac5d25acd6798
32768,36,196608,98304,18,17,17,1,103866.0,5562.0,False,True,6.0,468,5988,ENSG00000111729,196608,82a74fa5a9a41b5c0a273e59f34f19b478b6ad3135dbaec08b1ab2e6e68fcd6b,f34324c6fde36a4f635f0f1f06cac5d25acd6798
32768,36,196608,98304,18,17,17,1,103866.0,5562.0,False,True,6.0,468,5988,ENSG00000198178,196608,8f0ddd6c63f87e6256847784b617ef7fb6f2535e6d6623d73464bb74c23f3f75,f34324c6fde36a4f635f0f1f06cac5d25acd6798
32768,36,196608,98304,18,17,17,1,103866.0,5562.0,False,True,6.0,468,5988,ENSG00000166527,196608,6ad16cc99fde829cff733023edeab8d74fd04b0c0bfb3b497571e3aaec4fb1ae,f34324c6fde36a4f635f0f1f06cac5d25acd6798
32768,36,196608,98304,18,17,17,1,103866.0,5562.0,False,True,6.0,468,5988,ENSG00000166523,196608,b79f39d8d57af196cf212cccbf9e0ddf4ee07a2542c41001a1e1bbcf4ac24150,f34324c6fde36a4f635f0f1f06cac5d25acd6798
32768,36,196608,98304,18,17,17,1,103866.0,5562.0,False,True,6.0,468,5988,ENSG00000152672,196608,ac9719b19d37ba1c958673134b53329c0c9a8bce6ad10016ed3078847fd20dbe,f34324c6fde36a4f635f0f1f06cac5d25acd6798
32768,36,196608,98304,18,17,17,1,103866.0,5562.0,False,True,6.0,468,5988,ENSG00000182566,196608,20e22043eb2eae22f7e7e05b378df89ce756b083cfb76543c84e1465dd63fe7c,f34324c6fde36a4f635f0f1f06cac5d25acd6798
32768,36,196608,98304,18,17,17,1,103866.0,5562.0,False,True,6.0,468,5988,ENSG00000258227,196608,18aa014133ac71c01551cdc69b6ca343fcddf2ef02d4c817fb140774bd8ad9e7,f34324c6fde36a4f635f0f1f06cac5d25acd6798
32768,36,196608,98304,18,17,17,1,103866.0,5562.0,False,True,6.0,468,5988,ENSG00000205846,196608,62a02e5f62026cbd61d339c9d9fd67ce1111e475218ecf12a7c351c599e40987,f34324c6fde36a4f635f0f1f06cac5d25acd6798
32768,36,196608,98304,18,17,17,1,103866.0,5562.0,False,True,6.0,468,5988,ENSG00000172243,196608,58cf187caf3763d2f50888fb50ad5a909aab32c47f81ccb8fe30d6b0a120aed2,f34324c6fde36a4f635f0f1f06cac5d25acd6798
32768,36,196608,98304,18,17,17,1,103866.0,5562.0,False,True,6.0,468,5988,ENSG00000197992,196608,b8b63185bc12a6544b0d80f7c267bd8445f544e6233505b4533c283272f38da3,f34324c6fde36a4f635f0f1f06cac5d25acd6798
32768,36,196608,98304,18,17,17,1,103866.0,5562.0,False,True,6.0,468,5988,ENSG00000132514,196608,d0a18deafe082594a58ae9a002d5be0e8012bf966d1ad8b5e0a0d67ab88923ad,f34324c6fde36a4f635f0f1f06cac5d25acd6798
32768,36,196608,98304,18,17,17,1,103866.0,5562.0,False,True,6.0,468,5988,ENSG00000105472,196608,c38571feb0695780f9375bcd715fe13d38158777694aaf61a6b31ebb3e16a6ac,f34324c6fde36a4f635f0f1f06cac5d25acd6798
32768,36,196608,98304,18,17,17,1,103866.0,5562.0,False,True,6.0,468,5988,ENSG00000172322,196608,209c5868a60edf7441d666295acb706ac56404b733e8a5490e67d89f9fab1f32,f34324c6fde36a4f635f0f1f06cac5d25acd6798
32768,36,196608,98304,18,17,17,1,103866.0,5562.0,False,True,6.0,468,5988,ENSG00000256660,196608,56480cd386b805262160444c4a66e4470352c6d400f35b8bd70e8d926ff0765f,f34324c6fde36a4f635f0f1f06cac5d25acd6798
32768,36,196608,98304,18,17,17,1,103866.0,5562.0,False,True,6.0,468,5988,ENSG00000176435,196608,2467171981fadd05e1e21f2ed39a33bcc8eccfc6cc8443589b4e1026af78843f,f34324c6fde36a4f635f0f1f06cac5d25acd6798
32768,36,196608,98304,18,17,17,1,103866.0,5562.0,False,True,6.0,468,5988,ENSG00000038532,196608,beeb0cba095f29d6285e851ae450cbf89c778e0e26dcf0e653aeef4e5d43a6c9,f34324c6fde36a4f635f0f1f06cac5d25acd6798
32768,36,196608,98304,18,17,17,1,103866.0,5562.0,False,True,6.0,468,5988,ENSG00000187912,196608,9b3fe3a44e77270a583e30100522a42a5dbcc8e480d8eac63063950801e21126,f34324c6fde36a4f635f0f1f06cac5d25acd6798
32768,36,196608,98304,18,17,17,1,103866.0,5562.0,False,True,6.0,468,5988,ENSG00000157322,196608,5ad01403fe940d510be4992914976cc216b02d00445aa850ec24bc92f86528f6,f34324c6fde36a4f635f0f1f06cac5d25acd6798
32768,36,196608,98304,18,17,17,1,103866.0,5562.0,False,True,6.0,468,5988,ENSG00000140839,196608,1c84c46a161e38b45d6bbc68ffa3c6c6ce571954737996ba33cea711059113a0,f34324c6fde36a4f635f0f1f06cac5d25acd6798
32768,36,196608,98304,18,17,17,1,103866.0,5562.0,False,True,6.0,468,5988,ENSG00000157335,196608,fae2afdeb00bd032e72e70434e56cacc5eedacea0d0eb5154e3f221489b2d834,f34324c6fde36a4f635f0f1f06cac5d25acd6798
32768,36,196608,98304,18,17,17,1,103866.0,5562.0,False,True,6.0,468,5988,ENSG00000261210,196608,0c090b248fa15e638f94dcfef55b86e50d8f1cbeea1f0296921c73fc5bcda1b6,f34324c6fde36a4f635f0f1f06cac5d25acd6798
32768,36,196608,98304,18,17,17,1,103866.0,5562.0,False,True,6.0,468,5988,ENSG00000188585,196608,0cd253cfc550f9bf689a4ea50a13c63a7328116a4677b23cc41a8333adba6609,f34324c6fde36a4f635f0f1f06cac5d25acd6798
32768,36,196608,98304,18,17,17,1,103866.0,5562.0,False,True,6.0,468,5988,ENSG00000184374,196608,ea4bf462eba016b98a0ff5406143f381ca81d99d815da6bb9024e53571794e65,f34324c6fde36a4f635f0f1f06cac5d25acd6798
32768,36,196608,98304,18,17,17,1,103866.0,5562.0,False,True,6.0,468,5988,ENSG00000118004,196608,7fe2f91b26dee20cb3456913f9a2da9c1081c4723bdd31d400aea435385e1509,f34324c6fde36a4f635f0f1f06cac5d25acd6798
32768,36,196608,98304,18,17,17,1,103866.0,5562.0,False,True,6.0,468,5988,ENSG00000158270,196608,915f23c72565192affddb6431715fb9df6434890250669a6f46e19b03e230014,f34324c6fde36a4f635f0f1f06cac5d25acd6798
32768,36,196608,98304,18,17,17,1,103866.0,5562.0,False,True,6.0,468,5988,ENSG00000070413,196608,34430dc44dff477a22e04c1e547479e00d5e71e8cbc6205ff8f2c02a30ea0e0b,f34324c6fde36a4f635f0f1f06cac5d25acd6798
