{
  "classification": {
    "kmer": {
      "n_test": 487,
      "macro_f1_point": 0.662241177814975,
      "macro_f1_ci95": [
        0.5977935272301776,
        0.7232796668454249
      ],
      "kappa_point": 0.6952210003644941,
      "kappa_ci95": [
        0.6443681731184393,
        0.7459206772210825
      ],
      "per_class_f1": {
        "gpcr": 0.9090909090909091,
        "immune": 0.47058823529411764,
        "ion": 0.3902439024390244,
        "kinase": 0.6588235294117647,
        "tf": 0.8824593128390597
      },
      "n_iters": 1000
    },
    "dnabert2_meanD": {
      "n_test": 487,
      "macro_f1_point": 0.7379664133596022,
      "macro_f1_ci95": [
        0.6790331348467027,
        0.7942738022980927
      ],
      "kappa_point": 0.72260820611319,
      "kappa_ci95": [
        0.6768961762900266,
        0.775185587947904
      ],
      "per_class_f1": {
        "gpcr": 0.9318181818181818,
        "immune": 0.631578947368421,
        "ion": 0.5833333333333334,
        "kinase": 0.6631016042780749,
        "tf": 0.88
      },
      "n_iters": 1000
    },
    "nt_v2_meanD": {
      "n_test": 487,
      "macro_f1_point": 0.8217501798862885,
      "macro_f1_ci95": [
        0.7703437947582884,
        0.8678608106688873
      ],
      "kappa_point": 0.8147213712180372,
      "kappa_ci95": [
        0.7711213241703302,
        0.854667233825005
      ],
      "per_class_f1": {
        "gpcr": 0.9385474860335196,
        "immune": 0.8,
        "ion": 0.6666666666666666,
        "kinase": 0.7784431137724551,
        "tf": 0.9250936329588015
      },
      "n_iters": 1000
    },
    "gena_lm_clsmean": {
      "n_test": 487,
      "macro_f1_point": 0.4998779471598274,
      "macro_f1_ci95": [
        0.4386428171826454,
        0.5633018717126134
      ],
      "kappa_point": 0.4801466353919407,
      "kappa_ci95": [
        0.42186248005006866,
        0.540334259561991
      ],
      "per_class_f1": {
        "gpcr": 0.7796610169491526,
        "immune": 0.25,
        "ion": 0.25,
        "kinase": 0.4358974358974359,
        "tf": 0.7838312829525483
      },
      "n_iters": 1000
    },
    "hyena_dna_meanG": {
      "n_test": 487,
      "macro_f1_point": 0.7230978676836191,
      "macro_f1_ci95": [
        0.6620388007032394,
        0.7787887956167128
      ],
      "kappa_point": 0.7017939331951659,
      "kappa_ci95": [
        0.6483879960179157,
        0.7542707786309759
      ],
      "per_class_f1": {
        "gpcr": 0.9213483146067416,
        "immune": 0.6153846153846154,
        "ion": 0.5714285714285714,
        "kinase": 0.6390532544378699,
        "tf": 0.8682745825602969
      },
      "n_iters": 1000
    },
    "shuffled": {
      "n_test": 487,
      "macro_f1_point": 0.19742205024302212,
      "macro_f1_ci95": [
        0.16471037396199242,
        0.23533777088093327
      ],
      "kappa_point": 0.017392771524785133,
      "kappa_ci95": [
        -0.03460742237008106,
        0.07234243393641855
      ],
      "per_class_f1": {
        "gpcr": 0.125,
        "immune": 0.047619047619047616,
        "ion": 0.045454545454545456,
        "kinase": 0.1568627450980392,
        "tf": 0.6121739130434782
      },
      "n_iters": 1000
    },
    "tss_4mer": {
      "n_test": 487,
      "macro_f1_point": 0.24660756221441443,
      "macro_f1_ci95": [
        0.22543267423983535,
        0.2683224267441071
      ],
      "kappa_point": 0.20677579607459895,
      "kappa_ci95": [
        0.1512691314379473,
        0.2595597052032042
      ],
      "per_class_f1": {
        "gpcr": 0.5030674846625767,
        "immune": 0.0,
        "ion": 0.0,
        "kinase": 0.0,
        "tf": 0.7299703264094956
      },
      "n_iters": 1000
    },
    "tss_nt_v2_meanmean": {
      "n_test": 487,
      "macro_f1_point": 0.44684646358329605,
      "macro_f1_ci95": [
        0.3838311965562019,
        0.5065514505219593
      ],
      "kappa_point": 0.37539850637976646,
      "kappa_ci95": [
        0.31676981886590927,
        0.43770261312924896
      ],
      "per_class_f1": {
        "gpcr": 0.7329192546583851,
        "immune": 0.34285714285714286,
        "ion": 0.18604651162790697,
        "kinase": 0.2153846153846154,
        "tf": 0.7570247933884298
      },
      "n_iters": 1000
    },
    "tss_hyena_dna_meanmean": {
      "n_test": 487,
      "macro_f1_point": 0.41937863852328483,
      "macro_f1_ci95": [
        0.3559929172617127,
        0.47643518775787375
      ],
      "kappa_point": 0.32811812017494923,
      "kappa_ci95": [
        0.2676042334837461,
        0.3877104585163524
      ],
      "per_class_f1": {
        "gpcr": 0.651685393258427,
        "immune": 0.43243243243243246,
        "ion": 0.15384615384615385,
        "kinase": 0.12173913043478261,
        "tf": 0.7371900826446282
      },
      "n_iters": 1000
    },
    "tss_dnabert2_maxmean": {
      "n_test": 487,
      "macro_f1_point": 0.4553271863896454,
      "macro_f1_ci95": [
        0.3941216020444229,
        0.5166755822327614
      ],
      "kappa_point": 0.3197300840263898,
      "kappa_ci95": [
        0.25887945604842794,
        0.382377361459336
      ],
      "per_class_f1": {
        "gpcr": 0.6626506024096386,
        "immune": 0.47368421052631576,
        "ion": 0.2608695652173913,
        "kinase": 0.16296296296296298,
        "tf": 0.7164685908319185
      },
      "n_iters": 1000
    },
    "tss_gena_lm_clsmean": {
      "n_test": 487,
      "macro_f1_point": 0.38906408117937186,
      "macro_f1_ci95": [
        0.3312168792290859,
        0.4422795234709677
      ],
      "kappa_point": 0.27458661262254813,
      "kappa_ci95": [
        0.21060286907065767,
        0.33332978853071177
      ],
      "per_class_f1": {
        "gpcr": 0.5617977528089888,
        "immune": 0.4444444444444444,
        "ion": 0.05405405405405406,
        "kinase": 0.17391304347826086,
        "tf": 0.7111111111111111
      },
      "n_iters": 1000
    }
  },
  "regression": {
    "kmer": {
      "n_test": 487,
      "r2_macro_point": 0.1742565631866455,
      "r2_macro_ci95": [
        0.15069009289145469,
        0.19357108175754548
      ],
      "n_iters": 1000
    },
    "dnabert2_meanG": {
      "n_test": 487,
      "r2_macro_point": 0.21035631000995636,
      "r2_macro_ci95": [
        0.18498972468078137,
        0.23152391016483306
      ],
      "n_iters": 1000
    },
    "nt_v2_meanmean": {
      "n_test": 487,
      "r2_macro_point": 0.19315968453884125,
      "r2_macro_ci95": [
        0.16877335384488107,
        0.2124568536877632
      ],
      "n_iters": 1000
    },
    "gena_lm_meanmean": {
      "n_test": 487,
      "r2_macro_point": 0.11730758100748062,
      "r2_macro_ci95": [
        0.09533211998641491,
        0.13460359126329421
      ],
      "n_iters": 1000
    },
    "hyena_dna_specialmean": {
      "n_test": 487,
      "r2_macro_point": 0.1822255402803421,
      "r2_macro_ci95": [
        0.15806692354381086,
        0.20264628641307353
      ],
      "n_iters": 1000
    },
    "shuffled_y": {
      "n_test": 487,
      "r2_macro_point": -0.0028608404099941254,
      "r2_macro_ci95": [
        -0.006564546201843768,
        -0.0037058561807498335
      ],
      "n_iters": 1000
    },
    "tss_4mer": {
      "n_test": 487,
      "r2_macro_point": 0.04134269431233406,
      "r2_macro_ci95": [
        0.02768414616584778,
        0.05023949528113007
      ],
      "n_iters": 1000
    },
    "tss_nt_v2_meanmean": {
      "n_test": 487,
      "r2_macro_point": 0.11735475063323975,
      "r2_macro_ci95": [
        0.09355236254632474,
        0.13707280196249483
      ],
      "n_iters": 1000
    },
    "tss_hyena_dna_meanmean": {
      "n_test": 487,
      "r2_macro_point": 0.08532842248678207,
      "r2_macro_ci95": [
        0.06473487000912428,
        0.10138014219701288
      ],
      "n_iters": 1000
    },
    "tss_dnabert2_meanmean": {
      "n_test": 487,
      "r2_macro_point": 0.12172525376081467,