ensembl_id	transcript_id	cds_len	sha256
ENSG00000000938	ENST00000374005.8	1590	72492288a69985e5910ff3cc6fe76db229140cb97b8318de537566a1fbcc3b16
ENSG00000001167	ENST00000341376.11	1044	c1caac47b85676c0ba4f785d58727130823fa0faaefca939f7819d84630bb2cd
ENSG00000001626	ENST00000003084.11	4443	7859968354f68344161c392062dbd631847c807ce25aa049944118696dbcbbd2
ENSG00000003756	ENST00000347869.8	2448	bc9dcff80cdcb59d7545f6860826ece7cabf6e5ec505149f96e77cadec4cf000
ENSG00000004455	ENST00000672715.1	720	22b1754d98353a2b956105168dd8aa4a8bb492097bef4246d0c6f687a6b0b865
ENSG00000004799	ENST00000005178.6	1236	46360fdfbd206a4b3d63cac3d110daaf14f6ef88a5205c2d29b7644f2064bfac
ENSG00000004838	ENST00000231749.8	1323	e9c01444125e79a550c180dabc88f75dab47851653a3f90bf9ff120c892a2f88
ENSG00000004848	ENST00000379044.5	1689	d938177c201b44cdf52c37a5a88cd2a14a70e35b849946d95e4982eca26f3f61
ENSG00000005073	ENST00000006015.4	942	94d2f573666d5591eee97c7cc3bcabc1f780f03ff2da06afedc3f493ca9dd2b5
ENSG00000005102	ENST00000318579.9	765	84b412dc6b897d7ae7bd4319c1e0c312a879d56812e2306d6708d8149c1b281e
ENSG00000005156	ENST00000378526.9	3030	a56a6c5aad360b2049e8934c635b873057ca4b795897794867e54d9c23f29cba
ENSG00000005249	ENST00000265717.5	1257	a891c0ec8bdc7e7ebd6e5ad82beffd14b993ad4a7de2157e3745a10854db07a6
ENSG00000005339	ENST00000262367.10	7329	a914f5d826972f85befa510852269e14284c4db18f2d0b4a3b3d678748ae6beb
ENSG00000005513	ENST00000293894.4	1341	5c704eb1a3f7d6f16c45734a1fec216fdeff871a28fa0768e37f5b79b46ac3ad
ENSG00000005801	ENST00000399602.9	1890	e24f618d8a41918c07aa47ebdd560e294acb019044393bdd9733d3ab07ae8c5b
ENSG00000005882	ENST00000503176.6	1224	e5c675a02fe3691a9a4b6891a3861516dedc3bb6527c23f9c6816068735179fe
ENSG00000005889	ENST00000304543.10	2418	5e9eb54d31422d8bc7e0449cf66be6f96ad56ab968ddf18eb037b9423fe0ca42
ENSG00000006062	ENST00000344686.8	2844	929cc498d492de47c41e159e3b48b1e1dad68ec7b415d391c6866528e5435ac6
ENSG00000006194	ENST00000219069.6	2052	200f20b2d0fd2e19adedf2f24ef8d60cf2bf49a66c85e27cccd69e3313053785
ENSG00000006283	ENST00000359106.10	7134	fa37553e2864423939212985bd27fabce334de8122676146341b3d548a2f377c
ENSG00000006377	ENST00000518156.3	882	781dd15c1ab8f45ff1144ea2f03694fd88c2525691d6cf9ee23555c82ea62b30
ENSG00000006432	ENST00000554752.7	3315	2f3d7daa8927cffce27c62adefb8310bd8ab4b3565b86f0c9aff2d3136c40eb3
ENSG00000006468	ENST00000430479.6	1434	bb2c7c9b0eb36b8fabaaae76d0aea91b9f554090623634191b53b9e6dfd0da41
ENSG00000006634	ENST00000265728.6	2025	1e0fd6633a7c80b3a4d4cfcd0e56e4efe6582f6ad1a22a44f4ab0c3c78ff3ba6
ENSG00000006837	ENST00000265334.9	1779	366f17bcfc569e757527c2ecd336894981c18af03bca7ffda66ab52248a4ed38
ENSG00000007047	ENST00000262891.9	2259	2c747bfe9eef0f05722d7e061c687f5c0e5d8643e67a5ee86a8ff071dad74be3
ENSG00000007264	ENST00000310132.11	1524	c955fedf2a253c81ee45bc3131293ef13b61ce14be71ce91654295b1240f75f7
ENSG00000007314	ENST00000435607.3	5511	6f253b9c20af6f7878603dc3dc421f762e276652f85686ea043726a3a5a76fcc
ENSG00000007372	ENST00000640368.2	1311	442c50d06cb11301efef7cb01b1b94af27f13465b0c867a22766448a37cc5b59
ENSG00000007866	ENST00000338863.13	1308	7c759183f9530943019068a8b4f47f48f9e87ae4c85e149124725028704da43b
ENSG00000007908	ENST00000333360.12	1833	f24ee7574fe43db9476320c39f13df7dd5696d3c474241fa3d8371cc08054efc
ENSG00000007968	ENST00000361729.3	1314	3d05ed301b70004fcd009c9e4bfc660e9aabb272d3f78ced9a4795a00e93efbf
ENSG00000008086	ENST00000623535.2	2883	185fe8a2d689e7106d27e4954fdb6b6b8746eae4705470482df6dc288b77428f
ENSG00000008128	ENST00000404249.8	2343	ac17a3c30d6fe8f0a9db0ee444875ccfe7db8cf1e498919f08d2960b8bba19e0
ENSG00000008196	ENST00000393655.4	1383	83cfeb1727a2af09a4a5048a06f77c7ba8dd2f63e2f42eba7de1c6905c5ae6f6
ENSG00000008197	ENST00000008391.4	1359	38d687dfaaa62079c75eb7df8efc3ac605021f1af65cf345fc94c6427475cd41
ENSG00000008300	ENST00000164024.5	9939	5c3bbd6f1feb6f46b0b75dd13ad279eb34f00c89fc22572729d5f7f392ec833e
ENSG00000008710	ENST00000262304.9	12912	95dc9cb49ee12edd693ebf4a4ffe17cdf595cc586d812966830723fdc5d39c14
ENSG00000009709	ENST00000420770.7	1518	1c5a6b0cf0e9142cd0dc9e17c7ea13ac0810ccf6bc86f3b02cf267421fe20e81
ENSG00000009950	ENST00000313375.8	2559	289cd8229ebd96b9c9f9e94aeec756b0078ba3c1b2119f1173baf9c724b6ad5d
ENSG00000010030	ENST00000340181.9	1026	f39d7a3f44072fa18610d7f1176f018b0f19d68c5b948bd5e7d8f33227dee8a4
ENSG00000010072	ENST00000295050.12	1470	4c9386115d31e81e74c955a002a10fa9a1619756e98e6398e06b3efb8c966252
ENSG00000010219	ENST00000543431.6	1905	24a6dfb818cfe4f2b882efc87b45605c4fc348f216596d59e7b0a207876b1862
ENSG00000010244	ENST00000394670.9	1485	41140030f1fa522420d6b6f9124ca91e1e22d85b649aef66a8c06656112f60fe
ENSG00000010539	ENST00000414144.7	1188	a7a8e54bd4afd40ac8f80b526a1aeb061c4b5097b7911b93d2742b158e653912
ENSG00000010671	ENST00000308731.8	1980	935e4c0bdba32078344ac2490bfaef4c3d0fefe18b4d433b59f237453eb6f99f
ENSG00000010810	ENST00000354650.7	1614	d28b26eb81b7d05ea4ed5c31b29d10107efc6c457ba283d154967e066990a307
ENSG00000010818	ENST00000367603.8	7341	3c19ece7b1decce65d1d2d9a9e85c780acaa33cb21324ee616fd79de544207ab
ENSG00000011021	ENST00000346436.11	2610	fc56383f63eadf96aa21a469104ee9f99d462d5daa5c965ad326cc5f77dca8ca
ENSG00000011028	ENST00000303375.10	4440	4bb7b742aa1f02cbf0a4555b1e2ae07c4ca798dbf75f3f8a65ba7dd5d1426991
ENSG00000011332	ENST00000355526.10	1164	335f92ef7f8f310259cc13231b91bcb791e2066a3e121ae18d622d899d6caf5d
ENSG00000011405	ENST00000691414.1	5061	ed49e8f000614ecf32e7f5cd102325368fd7907c9783bc8189a2e7ac941719df
ENSG00000011451	ENST00000673675.1	5670	f23a19d1716874c00122b768f51df0966af440d44d8f19817738a0585cec5d23
ENSG00000011590	ENST00000392197.7	1464	75e4e7da21931e39e920421fdbf7000be226641056a177e83d42e9d9d083aeb1
ENSG00000012504	ENST00000392986.8	1431	90db7dfa73315b3317290bbb23c10f76f6eba419357cf59fa2c8416b46d335df
ENSG00000012822	ENST00000550804.6	2076	447e7b3a8782225d7dbd720fab973215aa9e4e3520dab582ac9e846e97fe52bf
ENSG00000013441	ENST00000321356.9	1455	824ea19194ec758518a1a520e5a99ce29532faf3f91ba37babb6d73367ce3466
ENSG00000013588	ENST00000014914.6	1074	5e170e3a68ecf3d5c30b582ded39cadf5e20f2e8a467bcdb0bd3ed88dd5f6de9
ENSG00000014164	ENST00000262577.6	2847	2b93b937abcf6ac4cd5bdf4c963834f79ad7ee37bd17ac8cdbf53198ff97f955
ENSG00000015153	ENST00000534854.7	543	e1e21b859934c1805aceb91fd3708b7f14118ab3f87185df33f2acf283431751
ENSG00000015171	ENST00000381604.9	1809	c5a3c55fdf28f99b4a87748d9bb849bf1e754c0c20706cc4706b62bcad8bbd01
ENSG00000015479	ENST00000394805.8	2544	30909a782491657871236ec9a554527608184724bf54ba678220812285bf4350
ENSG00000016082	ENST00000230658.12	1050	e55e420a7d968b3bd718154f711c6f81c0c4f51053c44669158d130cba950f60
ENSG00000016490	ENST00000394711.2	2745	140d93677182008a3568c5fe25875f7d992c807b1db9bc94a664e4c748001c82
ENSG00000016602	ENST00000370563.3	2760	42e37a5bb0cf6d459335acb737dc01a2b6d825f599c628d72162789ecf89ee7f
ENSG00000018189	ENST00000381006.8	1863	ba50f51ad15c6891e64f5bf61f98450eea4caafc1956652c8af818ec87cbfb97
ENSG00000018869	ENST00000586929.6	1554	f9185b7504b18fd56764661abeb6d5fe0e5663f4ee90a7f93f262c85b0df54ca
ENSG00000019549	ENST00000020945.4	807	9fa87b5007c8704632156400cf3d94e79605e2b2ac841d5c68d886f9e1d39524
ENSG00000019995	ENST00000359653.4	2127	51b72a5d5a27bf351ea578ddb9f02e477050b2d3a9ec20d2e8d0421b1595094e
ENSG00000020181	ENST00000412232.3	4017	1c919968eab9c78995ab552b605c5bb931d11bfb641e03ba9f3c966ce4240024
ENSG00000020256	ENST00000216923.5	2046	2eed15d53fcd23397f380a6e654274184ef23c3777503e9d581474b72c441ba1
ENSG00000020426	ENST00000261245.9	930	f315eeaea5d707ce659ffc56e41d85ddea497fdc48bb3848abb0afbf7771ca46
ENSG00000020633	ENST00000308873.11	1248	b480c7522aa5faefd46cf9541b54066066137f099108d7f577be2bc9e2d1f518
ENSG00000022556	ENST00000448584.7	3189	d08afe2441b2dc8b7244aa41502bfc2e46ec1285cae1d4ee792c07a0a5ec876d
ENSG00000022976	ENST00000442396.7	2784	9d28c5068ca42967b3595bac81782711b74c067adc54507be91d71be26d76e62
ENSG00000023041	ENST00000369405.7	1242	70ae78d0e230ab6e0ebe6861b533b3b5569be7751d6a2a8ea47f67baadc6d5e9
ENSG00000023516	ENST00000025301.4	5706	f0381349228814928728be5c3062717d1b7a781ce79682d7cb0e2bc2addd9c33
ENSG00000025293	ENST00000374012.8	3039	b385e4dab75e66ed709efed22e15d470979e8c10b3aee837a5c0b79f0b7dc25a
ENSG00000025434	ENST00000441012.7	1344	900a071ebeaa3fd962e8b34ad3953ea34aa8cdef53b34abdeb3a71e1201c8151
ENSG00000026559	ENST00000371571.5	1542	5b773e6fe8badb7d9c55c1ff0463d8bc9b8da1bf6dfe4a6d79a62fd39514853b
ENSG00000027075	ENST00000332981.11	2052	4a7e7f1c8ba5451e79dec980cdbb14ba977a46396bb33a89698ab67d6def4509
ENSG00000028116	ENST00000340157.9	1527	904a38dd8029d0396c026f5d1e5079f67b0479a5c12844b727cf8995f793fa07
ENSG00000028277	ENST00000692977.1	1875	c6cb6f09f3d92bda94174065a556f2a50e026846cea06691cea1068785644140
ENSG00000029153	ENST00000266503.10	1911	d9fc45e496892a26929630136cc2168dea88ff86087ca6eca63e83c2bbac1e2c
ENSG00000029993	ENST00000325307.12	603	4fa93d67d606c9abebbc1eb234627a9a59a97584764f81c71d16937698103710
ENSG00000030304	ENST00000374448.9	2610	b6bbaac91c4b33d294546c63527500937f4c1452ebda1ca56ba0c0c03c036742
ENSG00000030419	ENST00000434687.6	1581	be8038c2703c2b301ca4aa7cf46b54992cb3024afee141afd112ea84e6b6d873
ENSG00000033030	ENST00000633063.3	2124	7e4603f375e955f50276f5d733656fa72e6220523615216df2fd8ebdfffa84e0
ENSG00000033800	ENST00000249636.11	1956	97ccfad49287411d7488f2e14fabd6de869262313bc0b24936546a79a8fb06c1
ENSG00000034152	ENST00000342679.9	1044	6aae953d7ea58d4554699f96ff6dfac9e793b2e73e155c5c1d28c933e8fa60a7
ENSG00000035664	ENST00000457488.6	1113	e5ec9539d6c6743b9841fd29b1742327485105a67838904bf3fa9bce70913e82
ENSG00000036549	ENST00000370801.8	2712	b1440eec6485d1295233019c8435d4e38833377e3403a4bf1c5e2335b77b51c0
ENSG00000037280	ENST00000261937.11	4092	7efabfc5d7b474dc2da1cd013ea9a4b2a4a8d3893239a2c6e2649d88b0d567fc
ENSG00000037965	ENST00000040584.6	729	67c2534f9abbd6001fed066163e2e03c8430d600ba1ddecbf7500590ca05e6b4
ENSG00000038427	ENST00000265077.8	10191	acbf4d8eba67ebed06cb4797d13559495ee90ae69bd89a02e4698dab6ea8f9a1
ENSG00000038532	ENST00000409790.6	3162	84a46c97783d429d6c9766450b09435f18689ff2d89aec6975b44d9fe962d9dd
ENSG00000039319	ENST00000505560.5	4620	4add1c76be0bfc951014165b42bb31e47310c02e2279b43983da452e5e27130a
ENSG00000039600	ENST00000265007.11	2262	911bd760530cf9a6973e5d557073643ecb415d958f3aa6a915d20a985efa32ed
ENSG00000043039	ENST00000281437.6	840	0c3fbd30f3f9e20010b9061d2781f5c4c0abff4ad3198341b26eb80a2d8e4c7d
ENSG00000043355	ENST00000376335.8	1599	23a74573544b9ef59a1d4c32c71051cf4293171a32a2250bfc57e5348e940cba
ENSG00000043514	ENST00000316891.10	1404	207107ef765e5aa5a9e96fa2c51b2c14e660e36aafdd47787897cc47f3ffa0c9
ENSG00000043591	ENST00000369295.4	1434	f72f5f33822d92f11b1a884f5848a46333588a9fb61515b1d070756176f345ee
ENSG00000044446	ENST00000379942.5	3708	3a8cf884e5e0ef7f236a0748ff70ab7f8f262a47c9cf2172175292f534ab3eb2
ENSG00000047936	ENST00000368507.8	7026	aa297c08183e1f4cbe455d9e995d5ab66d1cb5799417fb0b9dc7fe169dbdd097
ENSG00000048405	ENST00000265827.8	1995	388547d8499f9d42965c8c10452f363453cbf562c6164f97ad8c47c4d313fc20
ENSG00000049768	ENST00000376207.10	1296	9d085e8c601e1a87b3b29a9188abed423f921cb0885cd546b0a942ee2109cbae
ENSG00000050748	ENST00000452135.7	1275	4d0083a4d698151e26d6e186efe37179c23e7796543230e14ec0c993c7c3d6d0
ENSG00000051382	ENST00000674063.1	3213	b0d10e76075717ebbbfba150cdb94e56714d437014a8f70e2c2478b9a52e9fe0
ENSG00000052850	ENST00000652299.1	1236	a3fd238a671511962e6eb206484901985768279db5660196b34c881ebc55003f
ENSG00000053254	ENST00000557258.6	1407	14d3dc9aae68a285c1313ed5a6187b22d5664139f616b59912690f99247831d1
ENSG00000053918	ENST00000155840.12	2031	935334a75992071a29464e6b9cfc186ce153ed9b8c99846669b347c529386894
ENSG00000054219	ENST00000263636.5	5169	cc795a8ae2d19bfa1e61b13940a969ef75a96233252b4da45bae6703bdf3b276
ENSG00000054598	ENST00000645831.2	1662	fb3eb64129997162605ecc95ebe0f18635e2938823d0c658ac27e05d16ab15c8
ENSG00000055118	ENST00000262186.10	3480	8ac4ee702beb73db8f2a9f05dc2a8d6204390dab408e83dc7c1cd458c4333e7d
ENSG00000055208	ENST00000637181.2	2082	a098f8516a07fd1f577bc4890f13d586e42d772bf6453b843ed7e1e299c69de8
ENSG00000055332	ENST00000233057.9	1656	ac33a32ec877de57adfef9c728e4de028d11d1f7622bfba386ef2841d75d806b
ENSG00000055732	ENST00000370589.7	1662	b86b36572a3d652cf1777cdc8ea5fcdf20bf8a4fb8051e4eedcef86069b4dde5
ENSG00000056097	ENST00000265069.13	3225	cabe31da2733b9499403b1f287b8e38af32e7a5a913f86914fe4bf45cbed223a
ENSG00000056277	ENST00000370978.9	2214	6399532c07002a529e280718e0ccc0f74bd74fe2942ecf657761b0452b240623
ENSG00000056586	ENST00000357244.7	3576	92341697cbdc716fde1987179dc833e1057f204cc664a234b149ec5f1a6da93f
ENSG00000057657	ENST00000369096.9	2478	77e4695745272b8966739947aded5c4fbfbb709936911919e96c4b0ba5461b11
ENSG00000057935	ENST00000405094.2	1785	bab779cbdf13344fcdbf397e2110e2f45f108a1210ee6a556c8e1b0d9afe7449
ENSG00000058091	ENST00000380050.8	1410	82457ce2ee1e6d5a5d37dab8df14f9f95783f93e3987560fbcf5d15c136e79e7
ENSG00000058673	ENST00000367210.3	2433	84f60d1ba25fd92c61b48a4430d9ba526fcfcc6fd07f47e1ed447bfa359527a4
ENSG00000058729	ENST00000283109.8	1659	9e2f53a2764373399d8d7691ff25cc542b289ff755ebedf807bdad01e6408f0b
ENSG00000058866	ENST00000265022.8	2376	ef84ca7fff507652d56a92b7a5342637ad157036edb71adc5da73b6990a82d7f
ENSG00000059122	ENST00000253928.14	2151	bb1cba224310d93ba87a4a61e8e3d8802ede7bf694c426f6dd2507475a188663
ENSG00000059145	ENST00000389221.9	2202	98f9191034c78cd68b231802eb404d0bf7e9c06b3bc1cd27dce239e35438a7ba
ENSG00000059378	ENST00000263549.8	2106	863d0a91a7aa9d7d56d0ea62626b2c5c2e1df939a8c9ab04ca053831365f6396
ENSG00000059728	ENST00000264444.7	666	fda9b822bea16bcfe2d63f83a36f166e4912fe4d730ae99328944296fcca9e32
ENSG00000059758	ENST00000261211.8	1572	7cebf3dd940bcc85d7b60cb7a128a20c1275e16a225ca641a289db4c6698a3fc
ENSG00000060140	ENST00000075503.8	1269	8d18eeac4c5d3091a231da610066ba29cdde593c2c06abe774988d4e501ff969
ENSG00000060237	ENST00000315939.11	7149	a75d94688537458442776436fcee5d6f51b76fb929f803ac4f4500fbcb07fc7a
ENSG00000060566	ENST00000078445.7	1386	01c03b1abf1339b1d7be0194dec5efcd286889aa5d3d51467939fe948e4de013
ENSG00000061455	ENST00000407847.5	1788	54522fab61c3ded5ad2a002c9a36600669be22bcb4dfa23e90908b63c1b775a2
ENSG00000061938	ENST00000672887.2	3168	06aae6a9a0fa28689e10ea57a5750836dd329154d7dfb20aee74625dfa992e0e
ENSG00000062370	ENST00000354340.9	2724	78ca49e273100eda2a7cd79c344d125a6ad55f0ecf0bf4f0880912e458eb05fb
ENSG00000062524	ENST00000263800.11	2595	75307f2a8a87ac67b66141754c8853bad772d41711e23f08c4c565350087c9b8
ENSG00000063176	ENST00000245222.9	1965	cd238db83de8e85f72c27abbceff3e30fa776c89ee63a2f914791775081b59c1
ENSG00000063438	ENST00000684583.1	2094	d2e3b2e97572e144394d7f184aa66204218ba850ba530e733db36545affeed13
ENSG00000063515	ENST00000086933.3	618	b3d3352625d4f3a53214edec3771104d44ec1b3fa391a62d10e90f988e5c15a7
ENSG00000063587	ENST00000650114.2	1290	7a4dc42249b83c4cf717da4cc2e48a9a5c7c4da696e8b80e67ba8e9eb15d8902
ENSG00000064195	ENST00000434704.2	864	404d80a52acd3c4514e62306e7f2f2a1a53bf1c98a71c1087ff4aed9d020f554
ENSG00000064313	ENST00000378164.7	3600	2faa0d5e966834bc3935a99beb571bedce11b55afd544336d19e8e676fbca0d0
ENSG00000064393	ENST00000406875.8	3597	03760a0249829d4d983c88c5733828e9b6f3f40ef59f679c75d7871b2eb532f6
ENSG00000064835	ENST00000350375.7	876	b8446834313d94906ecab82450af66a771ef6b2bff16564314fe30f5ff7c1813
ENSG00000064961	ENST00000333651.11	954	f7a1388051ac758f8d63cc32e2191b31e15a4463d43bd2648c7554620730ef8f
ENSG00000064995	ENST00000361288.9	636	1e5568413d0fe2c3fa0d6325dce824bf9c1bb26f04b9dbc758d8087d8baa9db8
ENSG00000065029	ENST00000373953.8	1713	3b45f080339b60acf83f2a48f7ec377faca8cf86eb96edcbae56792956805c27
ENSG00000065243	ENST00000370521.8	2955	6ad25f0f8db68ef9d1d972240594e187124dbbb1f3297322f75a4470da1b9db3
ENSG00000065357	ENST00000331886.10	2208	7da7750db3d42953d477699453860db7e34ae1841d6b0ba5620483096c07c04c
ENSG00000065361	ENST00000267101.8	4029	254edf6c4a88238822da721618e1141e81619f72430a53bcced9236dd0baa5c0
ENSG00000065534	ENST00000360304.8	5745	4d31cfaee0e96f7ac263d4a4eeaa3fd22677a60c613133632ffb41cc3e858b59
ENSG00000065548	ENST00000337859.11	1281	3b6aaed0762908a3289623cb6717afcf04e512deca5a5d491bbaaa42f0228bbc
ENSG00000065559	ENST00000353533.10	1200	b9e1011bf63936922d4e2ea8f5f6a71228f44049ff6d7b03637120cd7dff8b09
ENSG00000065613	ENST00000369755.4	3708	b53385bf10dd756eeb0e17459e98a2b96dab14ae6fd4e7ba5093fdf56940c917
ENSG00000065675	ENST00000263125.10	2121	c27ad4df7b150313aaf9de53e18d42cd0750c2c2d54676f6ee6e61889db75201
ENSG00000065883	ENST00000181839.10	4539	36a2a2ebd600c6f95eaf368ba512b1fd0adbdcc56c0b552c41ba72e6a0df93f7
ENSG00000065970	ENST00000162391.8	1725	e113b5bf8e14dec42be883f7c90326f65e41d91f1ae5b10a8e503e2d196df673
ENSG00000066056	ENST00000372476.8	3417	cf89bd2caa253230c897abe5c0c9ea36a1acf098cd5a4a6c6ff6814a7ec1ee9e
ENSG00000066136	ENST00000447388.8	1008	c391e650d063931091c40a2d9be7daf2e06bbe531128be61634ea2e53bf5bb90
ENSG00000066185	ENST00000372565.8	1098	5ae29a9bfbdd7e9605ebf20c047f8bc9c574c50293a890fbd3ee2dd1c5bab44c
ENSG00000066336	ENST00000378538.8	813	8435d21e0783d1289f8a0ffde4d4403a8f9066174584c00b5db21fa189f8f69e
ENSG00000066422	ENST00000312938.5	3162	5e588f6f2784af8c5f18d7907f852b5b1a261fdcc9539b56ce5b3c5560ff4b4c
ENSG00000066468	ENST00000358487.10	2466	f413a0575f8e28c275470151f24d6276534b1ed4d901a8c03ca9a1240a481b40
ENSG00000066827	ENST00000377838.8	3732	96897b14197c7f80a117234987bb401928b8b9c0a4f8ddb3aa38089b8db44aa6
ENSG00000067082	ENST00000497571.6	852	7c4656d162d7a47ff37e3c6ca7ce9d330d6e129c9f3a67c222008228bbdccf31
ENSG00000067177	ENST00000373542.9	3672	4a302d4f28baf5fc2b91dd8340eb96bc5d1c67c4377bccd9f3cf8e9d3c16d4cc
ENSG00000067191	ENST00000394303.8	1797	306e4d80869e791c669cde82425100fc4087300d4a38bd87af395cf04b4b241e
ENSG00000067225	ENST00000335181.10	1596	82a34fef11df942fc86ed59d0bf9f7a2660a7b082f7609a4a21c3b669dd3f280
ENSG00000067606	ENST00000378567.8	1779	62ed0b8d355dbd0bfd82a896e99bac8a9502318c23844edd2404e88859f42e24
ENSG00000067646	ENST00000155093.8	2406	21cb1d6c1b07746f1acfd4e363d4e933e3f62dac6e4ac21915ad0399c03e1e1e
ENSG00000067900	ENST00000399799.3	4065	7e0fc767f0e961b27ba51ec4b6ef951364e987bda60a41381ee42f68b760af37
ENSG00000067992	ENST00000379162.9	1221	bfc0070fa70cbf756508195ca883966bf1ef4f818c7a1a17bc5a8be249470fcd
ENSG00000068078	ENST00000440486.8	2421	c05cbf79b44a6d44485ebca8cad1d43aa489a8f9b9246f05094eaa482432c2f1
ENSG00000068323	ENST00000315869.8	1728	29337054b2ffa7f3b1fcc039822ab294341d193d9e602e9b50820f215c42891c
ENSG00000068724	ENST00000319190.11	2577	8b9ce751063fa487c882fe056315f4ccd9b831e58cb2e5091932577681498134
ENSG00000069011	ENST00000265340.12	945	4671cd3388bd9aad063740ad51eba169cc4759d291ad4c7f9bea4d9c1ff8149a
ENSG00000069018	ENST00000513104.6	2589	a8e1421a195a7c6add3f7b9c5c278cfdea8841697e0ee0e291ff611470802e4b
ENSG00000069020	ENST00000403625.7	7872	8e18f9360abbd3f2da2b2e2d6200c3c8a3f106ea63f97004d3a6d08287feab46
ENSG00000069122	ENST00000283296.12	4041	5b1d94188739d7b3955aec23fd6707d0938f9df91b50635542162eefd2fbf1d4
ENSG00000069493	ENST00000290855.11	576	185aa360e539a226e109dc8bef01a461afb1c78bb971e8a933d667a17eab06c5
ENSG00000069696	ENST00000176183.6	1260	1119716fa718d09e686ea86e83890b08d848bf5d7c3f2121cf978c090fa0f7a9
ENSG00000069812	ENST00000377834.8	522	d9902ad21393f153a799f5564a1476fa68553bd5d15786fd421e176e9ebbc331
ENSG00000069956	ENST00000261845.7	2166	01944e43b6c03f614f3a2b8f5281e89de31c956c644605ce177928a9386e7746
ENSG00000070413	ENST00000263196.12	1653	e0977470d0d496699f89649ba6bb1b063365f43d4d374aa9f88f3cbf80b22679
ENSG00000070444	ENST00000174618.5	1749	d7d728216401d701cb3d10f4b0beaef6544d7f12e3aae9a0bcb1d99465de66a4
ENSG00000070476	ENST00000389709.8	2577	e502e7f5efc27f8e2c3e798814e7356924e6445dea9140eb0699a19e59058dc5
ENSG00000070729	ENST00000251102.13	3756	18f3a7571a3888e7ed2beb3deb7ea510dccaa06be3fb424ed728aca5b09ff975
ENSG00000070759	ENST00000372086.4	1716	0a5b162d8d7a85ea341322aa3408e23b9a5a37377c4cf919b0e5ea6571c86ab2
ENSG00000070950	ENST00000264926.7	1488	f8e794bc78ac943383b4b3f95d4fa3406956f356bdd92dfb66fbdb0ab06688a9
ENSG00000070985	ENST00000696290.1	3498	6747881c544da26964002d1ab6bb2a65debaaf705d975aa8bc1e7b763dccf9cf
ENSG00000071242	ENST00000265678.9	2202	7fed40434244816db3e819f5b652f994bc37b1306bbcf456ea06491646af3152
ENSG00000071564	ENST00000262965.12	1965	22e1f388ba97e6a54c80a5ddcb9fc2eb9f8a5a9bb7e7cf786591b092f3814de5
ENSG00000071994	ENST00000541970.6	1035	ebc83de1e3183dfcf7bb01d1287e8e98ead5cb4ed9004d0640af890e02222f10
ENSG00000072062	ENST00000308677.9	1056	3f6bf43bf1f8afc484c928dba98120d0c874ebefdb67b760dc93fbe101ee88e7
ENSG00000072071	ENST00000361434.8	4410	893cefa685746256500faeeeaf400d761fe66fa7d7a775fc7ba80f0a9a985830
ENSG00000072121	ENST00000347230.9	7620	1571f55096b75fa7d384a076a7ef369a64623ee75149e6ee9bd1cbab3987d280
ENSG00000072133	ENST00000262752.5	2238	ecc29c54f4035e5581ea8b6e5a250b04fc60dcbe6f66df0a53d1a0da6c5592c4
ENSG00000072163	ENST00000355119.9	1026	b6072dbb17c26e0ba64b39461980270b91871d01db0e4ff9e2d1e17ef1ce3e48
ENSG00000072182	ENST00000358078.5	1620	326a2de8e891ee34e01c5a4fed502664c97fa8fc1df12ff27c165996a9e8e26d
ENSG00000072195	ENST00000312358.12	9804	34561242f995e48744e5fe47fa4e00efd13391f466c4a185f233482bf466c176
ENSG00000072310	ENST00000261646.11	3444	940acfe6b6d820b146921e37055d96808fa36f44e31b12026d7c5604f63f9349
ENSG00000072315	ENST00000262839.3	2922	1d1d23a4a939edb4dd81d6a37a828b52a3de4fb994a9a6d95a88c0b5ae00768a
ENSG00000072415	ENST00000261681.9	2028	4b2f1f03a7c05659b0d147359e87fe22845928bea4f585248bf934db5a64af3a
ENSG00000072518	ENST00000402010.8	2367	5426eb55119fe026b46fa6940e842012cf1bef258bf28f7b7c7918c663982bdc
ENSG00000072694	ENST00000358671.10	933	56e4daa94116ed2b09493fa9d8290a53934404df4c2eaa219b37813c9c1da101
ENSG00000072786	ENST00000176763.10	2907	269bcc8e4ca7cb28ccba739d6f0453e983ace03264872913a6591556a8489dbf
ENSG00000073331	ENST00000650871.1	3735	fbc3fcbc99d1ccaa91fc4e49622a850b23a3e8daaf2ea81733dfe35146ef1b36
ENSG00000073464	ENST00000380833.9	2283	603f05ed4c754bc76b50f35e26bbe56eb6600d2a0243b482eb92776a6574d8e2
ENSG00000073803	ENST00000265026.8	2901	89de81f5b4171349934fdcb62240d905c75cb9db011094e450f230cca81ab1a2
ENSG00000073861	ENST00000177694.2	1608	f5aba0ae5111c0686f77b4f2ad8eabc97848e7684d3edddf91d26029e656fe78
ENSG00000074047	ENST00000361492.9	4710	7b6220b66a63de27d8e70f747182a5905985eef8530f2084aadafa7972b37e0e
ENSG00000074219	ENST00000593945.6	1356	ef288c37f7d6fef5f164c4204fcd25050babfb010661238fb6e22e9a1d453d10
ENSG00000074590	ENST00000261402.7	1986	15805371139658b515a4f7c1d381e1dae3196b60281ce71b0619fd37b4b2060c
ENSG00000074657	ENST00000591808.6	3906	d4f9e024afce7dc0a3ca2004135fe609022016a2fc115faa8ea3e9326e23c610
ENSG00000074755	ENST00000381638.7	8886	8389fa510c7a70def4ff40df36e081d780f5869cbf849fad3f6b5b619efd21b2
ENSG00000074966	ENST00000264316.9	1584	402457b6bc81acdd9a0906d962f3444ef2aaabaec53382e21596612d1c4555db
ENSG00000075043	ENST00000359125.7	2619	e031bbcd9129f96d95f4f7243dcf299576b60c8f005c4bd9b0611ff514b747fb
ENSG00000075275	ENST00000674500.2	9060	3b0fa4cdce8a73a5b8a566e52d9806b42bc26844e309533c331185aea1c4f88d
ENSG00000075292	ENST00000264447.9	5937	c5e86e03c284152c4c973b2b124ddbeec67f9c909ebd0360de3413c5f39cef85
ENSG00000075407	ENST00000685332.1	1686	a3f4bd9c62ea48727e7f8016514ed53218140186aac480d0ce73d5581477bd2a
ENSG00000075413	ENST00000429436.7	2262	12c8ed61858105c7fde84d4a3269eaf2bd20d1e1453596d422246c41d6a7c9df
ENSG00000075426	ENST00000264716.9	981	82c77f93eb94f793846da7cece8a6b83a58485ee157ce5fc0c43adf2aa6653f3
ENSG00000075711	ENST00000667157.1	2682	04799c827151866b9a7e3065cf1442a9941c59967d05050937b021dee2ed06d0
ENSG00000075891	ENST00000355243.8	1185	42f8bde49d00f2cb7ff451257a19177dc6aee552d7a4f0bf4a5b59914e84e328
ENSG00000075975	ENST00000170447.12	1251	8191c30c6bdbadda808a06c196d5546493502377f0a4c3af6603769b7bbcf2f4
ENSG00000076604	ENST00000262395.10	1413	2162aa579783bddf54a14976a0dbaced8cf41f616db8d1371bfb2deb2db5fc95
ENSG00000076770	ENST00000370853.8	1065	e67b40ded6b8a325360d77b187dc02eae133d5be9118dc35c487ab5ab1624187
ENSG00000076984	ENST00000397979.4	1260	54082b2d793c1a241cda562f26b126371282520b1b3997a1bbbcd3ced3778b84
ENSG00000077044	ENST00000264057.7	3645	cb889e441b482a1baf682e26f7d0cd15f70f80ea1836a40ba5411afe5c38a5e5
ENSG00000077235	ENST00000356183.9	6330	9ad11c5b339036a7af9f925e941320a79b060f3dde152ebdcc74d130b7e8b9d1
ENSG00000077264	ENST00000372007.10	1635	867bb6d0ef6078c73abff30f40b769de85a7ba480e15d53b95445ce62345973d
ENSG00000077782	ENST00000447712.7	2469	1171d9985c9fb07b5a8c4fb5ff407c8c51844d57706709175228104182b202db
ENSG00000078018	ENST00000682079.1	5484	c62e3f6a2a5cc95f511e8933b70b3a2c3e23b74b157ed49d5ecaa856d11ececa
ENSG00000078043	ENST00000585916.6	1866	f7693f1ac1313bb5403c2dd39ff2e2c48c3fce10b3685f33ac5d59ab727af3ce
ENSG00000078061	ENST00000377045.9	1821	f7823afa362ebaba94829735500abcb79368227589fba9a99adebf4f88881ab1
ENSG00000078142	ENST00000262039.9	2664	0dc2768a21ea64afe0b98926164a73bfe5ec5211fe3ce0e4424f9af4a9dcf1aa
ENSG00000078399	ENST00000343483.7	819	b963f351960835c22c42edf2726be7fc7d7389c997e38a9e2a9c5be5b270370b
ENSG00000078487	ENST00000684423.1	1950	7bd7dcbece95f4224765e72f0a0b14bb4f623108253466dcd8e320d8000ad428
ENSG00000078589	ENST00000171757.3	1020	8b1f528cb55f4266cf6bee18e6616d2f7de677c0efd391c825ff618516b6f277
ENSG00000078668	ENST00000022615.9	852	1bec3493021af12d857869e636a7c0c2a53df9dc9f8ff11490ca35653c1d8dce
ENSG00000078699	ENST00000342704.11	1788	128f0e811d54e20c32ec2621a69b7385d4ad1c01909eecf0d1f4d5cdd290f1e4
ENSG00000078795	ENST00000508883.6	1875	dfa19fe2b0c6a140a216c8650d4e5108090435a9fd96e4ce6f6ce9eb40f0fb97
ENSG00000079102	ENST00000523629.7	1815	de08f2bf98a5b018aa9a302232cf28704acd9fa395485551c86f1e257bdaccf7
ENSG00000079277	ENST00000371945.10	1239	54f25388b4a95cb8238bb9b1c56caac5fcc747123ba926b81aade8ee483f636b
ENSG00000080709	ENST00000673685.1	2376	3be55d5d6ee3f35c1af750077b0ff15ed192121fcd51fd3fa13f2474bd2b29f5
ENSG00000080802	ENST00000541284.6	2142	c9cf244b8ddc34fad5277e300e72bf54fb424b96c30ef0d8fd350515f8d67c0b
ENSG00000080823	ENST00000361847.7	1260	fcf81def829e180c338128d7770be63e33f37b11acf39a519c97a459292f6238
ENSG00000081026	ENST00000307546.14	4446	d3053aad20d827eabaa38e5800be293c9d8b3b57ce3058ef1b065ae2505ac6f8
ENSG00000081059	ENST00000342854.10	1155	b858d63aa0d0c9f7f3975a1eb19b22db789802f885df3d5ce7abf7f271187f7d
ENSG00000081248	ENST00000362061.4	5622	c818776752170318673a0def461ca03a6708eb6737fa437a299ced0ea19cae03
ENSG00000081320	ENST00000263955.9	1119	f84a269153ced5e7e545e09af079153aaff09312a7947e8213ba5ff4de267bb8
ENSG00000081386	ENST00000223428.9	2052	f5be5e340fd132b78e1072cc7ac3b04b58113a8be24ce970852fdc7b53af793b
ENSG00000081665	ENST00000540806.7	1335	9d8a099921429ed1486535e0f0380d1467e521e7c192a817abfce84fe5895f36
ENSG00000081721	ENST00000367943.5	1023	dfbb2d928764ca24f7fa8e8d6c486259dfd55bad1f9d6171c2f92acf9d0402bf
ENSG00000082126	ENST00000409474.8	1914	ead8dd60de28a8e1f1f4adf3dec0361403087350059bac66bf1c544294b586b8
ENSG00000082175	ENST00000325455.10	2802	fd440e33d872c37569e42a4ade885ab3f63c1b524e2f24afb8265e0e4572ee2e
ENSG00000082458	ENST00000374360.8	2454	8f1459977b0654b83fd22d1d6b3525df1bed4954ba76301ad1ee32e19b70f583
ENSG00000082482	ENST00000444842.7	1281	3a3e1775cebe96544ad51aa5f2b600ed3abc632abb4f0b6880fa950fda3a528e
ENSG00000082512	ENST00000261464.10	1674	fe1fc01011161000998e6a6ab736b5ed9402c6a0bfa7b09dc865c17663dc4dc5
ENSG00000082556	ENST00000265572.8	1143	c293c9b0c72b387d86eeb4257a12acd79eacaf86e29c3a91adcd8fa12a34ddca
ENSG00000082701	ENST00000264235.13	1263	45ac1cd4821c55c7f975da7daaaf6f8ef9ee2a39bb08f9842c39c190fef25678
ENSG00000083067	ENST00000677713.2	5160	2d4df0b01fd65ab49b836d1720230302293c8861a40fdbb5b42572bd4331d3ab
ENSG00000083168	ENST00000265713.8	6015	af221f987cfb184f80ee0676ba97b515f7fae362658b075ada148ab8791881f3
ENSG00000083223	ENST00000375963.8	4488	2e9751313f4727b1872a9268d3f116746a5822c1f460bee02b3e88ec3461c49a
ENSG00000083635	ENST00000379161.5	1488	f3e6f205204edbf7030108518ae460049a62b2c66b43e2e65d4e01b98ee554b7
ENSG00000083812	ENST00000196482.4	1662	269422fe60074a111e7353e5fac7abb0b2c8b2478aca3f123f2964e9c3739b0b
ENSG00000083814	ENST00000317398.10	1605	df7b50a24aec14e00c0e929f7b6314310a3ef9348a6537db09670423c66ba2eb
ENSG00000083817	ENST00000196489.4	1785	ffc33489f5efaab1880f1eeb3aabdf661440589b33b2d9fb85ad55b4ffae5e66
ENSG00000083828	ENST00000396154.7	1209	5ca6ce7e81d5ba1bdca014afe06845f95eb9d0a73600fec59b2c446ce3eab4df
ENSG00000083838	ENST00000594369.6	1353	b8480c928b91bab60ccb3e534e3adbeb4e9228b496594494dfc17ac29e518d81
ENSG00000083844	ENST00000263095.10	1884	4a22fa17bde30bec4692f1d862164e677ff83851aa0568967d2b7a6ca8545531
ENSG00000084093	ENST00000309042.12	3294	8a651c23cb5c968cb203314d7e85b5feb8eaa9d44a07e9ddf9caaabd946b0e7a
ENSG00000084676	ENST00000348332.8	4326	3eddb3623179aba06058d00662ccd3d72c3f4a0f0e12a3120d3772e9e74a1722
ENSG00000085231	ENST00000380822.9	519	29c292e7a2c592543b6940578f03eeb73240ec5eef2bfa35d38eab28b0be1762
ENSG00000085274	ENST00000349841.10	1833	b8a211942df2c7c1d732d641ec130cac7089366d09a3807ee43d28a64c5d51e1
ENSG00000085276	ENST00000651503.2	3720	48e63f8f43fba7e2a3a2926fc6597db4268d01e23920cfebb69fe2eeda34dc49
ENSG00000085449	ENST00000233055.9	1233	a67b5aed1054f123800b80ef92793dfa0213eec12524f14ef6d3a3b5ee60985d
ENSG00000085511	ENST00000392142.9	4827	681e7a18a0010c2c519b158aa293efdd3b948726cb7bfc60e347894bc4166e4f
ENSG00000085644	ENST00000396878.8	1380	be60a067cbd3f71fe27fccf0de207efccc83ed6decd326bb16a63405ad3717b9
ENSG00000086015	ENST00000361297.7	5397	bbb2b6c473173d23b5c51a8b039bc39279d7634c78265bd200003ec6a2d22285
ENSG00000086102	ENST00000379540.8	3363	3694e6417264c79937612451535e2c4a723208e82dd27854b698efc1d73b1fb2
ENSG00000086232	ENST00000199389.11	1893	5253e8a1d6c843ec852ebd440a270e98028966aef90c906f0ffab7549a4129c1
ENSG00000086589	ENST00000199814.9	1263	6c0531b4668abbff06b46128d70100152e1ec82826148dcad94dc57ac630b563
ENSG00000086666	ENST00000261749.11	627	061e8207cc5257d953dc32c141d94980902423c0987f6646347d8c506d5dffec
ENSG00000087095	ENST00000407008.8	1584	4547a880e3d53107281c44e7d36909cbbcf90c0c77ad4f1ce7a94415308b2031
ENSG00000087206	ENST00000511320.6	2160	a98ff1d8ee29eb20a1906e5d3ca73d9934e0eecbabf0f24f1c854d9b41997062
ENSG00000087510	ENST00000201031.3	1353	e663421be70f8eaf608312fc10f9e809fccf6286b50a5a1c40290f78d18e95bf
ENSG00000087586	ENST00000395915.8	1212	68f1b6cbddf6c4a7c920e6925667767cb771022b87f0303dbbf47044d6255716
ENSG00000088812	ENST00000262919.10	4290	549f522fe23058f53772a516fc3736343be73915db88cf5c3d1d12bc7420cc1d
ENSG00000088876	ENST00000278772.9	1800	c71f2669a62478d49428b7dd8e63167164ad2f3ffbd7608e9a4c704db5dbbda8
ENSG00000088881	ENST00000609451.6	1809	4ae5508622a18ec8767186bd785b79ec4e325b346f436e6ce342f8b0a89462ad
ENSG00000089022	ENST00000550735.7	1416	181471cd75c7f8871f84ff163975aab2995060143a027523979265b5d2df46ba
ENSG00000089094	ENST00000377071.9	4011	e45ce7c37cca7c65b963e799659b5fa6e700c8a00e84c681c1784f7fb3336cf0
ENSG00000089116	ENST00000261731.4	1209	f150609211f8e8145bd492933992064582e6c8fc0da8e97746e8baaa429ba99d
ENSG00000089225	ENST00000405440.7	1557	324464a4617e422b1978039356866cd2f80ddc215bc2cdfa70ee722743cf9521
ENSG00000089280	ENST00000254108.12	1581	3fe9a03e5452ab721e8f09e08ddb26a7e4b9f6ca8c87cc35fba941de72e5e418
ENSG00000089335	ENST00000505242.6	1200	5c1b81fa7cd480f7af277d33c870633757b2800c51aaebe739dc5dcb0ec7618e
ENSG00000089558	ENST00000264661.4	3054	0dd65844f9cc965a27437159602fb1106341fc166b1553993034ce0a0b8a747e
ENSG00000089775	ENST00000608382.6	1308	4bea3e33520821d88728eb11b7a15e2ce20b26ba7c3ad10af3bdf3e828527d38
ENSG00000090376	ENST00000261233.9	1791	7e8d30b2709eab4bc80640a44bb202137a581cc67adbb1a71faa50e2a16d7c87
ENSG00000090447	ENST00000204517.11	1017	b024ea57ed427375c19ba143e74c0a4e03f982710c7bacb32aefe1e6821f2d3b
ENSG00000090612	ENST00000536435.7	2844	9d3b9e056f98e2a403190653c0c22832e4ebfceb4d826b702b5f3f0bf81deb82
ENSG00000090659	ENST00000315599.12	1215	7110e847ae07739be940ffb45fafdb0017e88dc7dbd40f0f74da717c5cbc19ac
ENSG00000090661	ENST00000251363.10	1185	39b81793c4903981f6b626d8c76363e36c6e19750a5861483ca56ab44a1da138
ENSG00000090674	ENST00000264079.11	1743	cb1d531c23f409aefdbea1e78655a6a6323022b480a26254d0d400f79c71afaa
ENSG00000091009	ENST00000265271.7	3183	12f57124e7d2686217a8b43433b2d5e1b360c31144db2120f4812a55c7d2d6b9
ENSG00000091010	ENST00000646991.2	1017	13b6fe51aa659e664b70e326045d760451440342c603d05610b09675a6ed9f54
ENSG00000091106	ENST00000402280.6	3075	0218cab99c5520619cf0f4de7ad3ae3a0e8cc9124b5492bc258b5675af0b4f63
ENSG00000091436	ENST00000375213.8	2403	d8e1e2eda1862f666f8a460a69897ff3ae4640882d873041c468c0246f21c10f
ENSG00000091592	ENST00000572272.6	4422	a7c0bad3cc3361c3e0ba338373985b25978299e72d16b73d1a0dca4764b39bec
ENSG00000091622	ENST00000262483.13	2925	4df6c9555d26dba4d154c82e4de8904cc386da16a9f1a7f688f4ccdf0b76c4c3
ENSG00000091656	ENST00000651372.2	10851	548b95fac0eaab9b5c7d35332c7312bc8d27e3cdac0b17fd995dd7f7a5f8dade
ENSG00000091732	ENST00000358303.9	1509	31d54569fb5e5492b71f44edb73eb7c650f29848591bd6606f06d919e80133e2
ENSG00000092098	ENST00000324103.11	3219	8ad21afc9fd30b4b14ea243ff05eb0985face27aae2dac4741cbc11ef4d095a7
ENSG00000092203	ENST00000448790.7	1866	37a3dbe29168353ddb69748b6af61c427790c43d9b3d692ee1f05044888b8b17
ENSG00000092439	ENST00000646667.1	5598	a81d0c1586c081837832849ed3299184bf5f02abcbb15b86ffd70a692a1763fb
ENSG00000092445	ENST00000263798.8	2673	5549765f00a3ceecb80ecc3dcd81409ccf1ce6a0b6a36b5df497a2a3e2c91035
ENSG00000092607	ENST00000369429.5	1809	1b41b1b5d1bcb6a71180b787015fdf8eb489e9708b47a7a44f400a4167532a6d
ENSG00000092820	ENST00000367075.4	1761	01819462e8178975e0ac6ed864da1ac030b9d4fdae78544970b71411aeca4668
ENSG00000094661	ENST00000641398.1	1068	ac47628b1c2ef4acd310d9a15798076741cf1a2941eb303c11b82cf1ab162216
ENSG00000095015	ENST00000399503.4	4539	2d836c5550aa84021f32deab2ee81c0c521ef3228af4eb7f243c7c6f7b826f76
ENSG00000095574	ENST00000368886.10	1260	f66495158f1a70b007285198ce5e101013082bd72a7591736571e1707e71792e
ENSG00000095627	ENST00000695399.1	3543	aca9c5fa20b6e539258b10249958c20676718a820d4b32c71cc379297e901aa1
ENSG00000095951	ENST00000379388.7	8157	bde90305345d35adaa4cb8f0d481d2ab2e0b9994c0053bb810e26113aa4e9905
ENSG00000095981	ENST00000437525.3	885	3efa607b5f782dd3f4228d00041bcb47c03da78e438e91707364f4292fd044b1
ENSG00000096063	ENST00000373825.7	1968	deefe132c3fc6f3b7170b44f47bf113cec6abe5376af4289de9138f1d9180156
ENSG00000096654	ENST00000683788.1	2256	2f9da7ee8f373da0f41f5209417cf6addf6b23bf77acd2d850cca8a13ef17e2c
ENSG00000096968	ENST00000381652.4	3399	a7d41cce00d72bda2bf22ad91078902f3017d850f175899c0b719b0ffbac6b0b
ENSG00000097007	ENST00000318560.6	3393	3c9f313ed5bc34b821fc0f8ce47e353200c0dcc488c96788bd22aafddba7ce4d
ENSG00000097046	ENST00000234626.11	1725	80261d32c7c44e0e7bbe20c73e421949510ca0bd52b22c366c46558ca1cf716f
ENSG00000099308	ENST00000687212.1	4044	f3211106b224afbf654245f39e92f3b8db1e3fb68ed5426999c3cadd2848e71d
ENSG00000099326	ENST00000215057.7	2205	f14b15e0adc41a7d4a3c970b2301540605f4d138cdf5b2a84ff7205af5f563c9
ENSG00000099337	ENST00000263372.5	942	db1c72a04b5f9696301167c5382986a74a0b6b018302cbf90593a9209253757c
ENSG00000099364	ENST00000338343.10	2025	f7d8d43f8acdc6372ec3734cdf406b9b9218aff6dd4d6c2453fa5bfffd7a6729
ENSG00000099822	ENST00000251287.3	2670	548e61227690a8f1496a3f04830d23ef708a6b2d17339f60da0aa3820f554d4f
ENSG00000099875	ENST00000250896.9	1398	b055de1b4b60cd07c95464f4bff92135a15480982cd5fdc98ba1fc77614fb33d
ENSG00000099904	ENST00000334554.12	2298	b98d1f9c7d9603b7ea94649f5ab121480f7fdc616fa5417ef56b2a1d0537a784
ENSG00000100030	ENST00000215832.11	1083	a6c01a0b53eccc4cc5720aa63da5628ba4827fc7730bb74823d1a486d47c5d44
ENSG00000100065	ENST00000251973.10	3099	6a2f546264620d467c611038272c8360e07a6519e330e026c1b5b6989922c9bd
ENSG00000100077	ENST00000324198.11	2067	3144a06051e41ee037a7d28bf463647fe4d6d1dfc389511a75de38e027e24cd8
ENSG00000100105	ENST00000266269.10	2064	762f0c1c345700e3bcf3f4b037daf5a1d6c7bea28f7ea4c2a8ddaf653a235b40
ENSG00000100146	ENST00000396884.8	1401	dd7fbc2c238e0ac8dac050671af4cdc6513fc74729f2a52c568fa55e6de92bca
ENSG00000100281	ENST00000216106.6	1806	dec54a118e3b02e5a9a976d6ec3c0e73ad83e2e2ea93eb615451f7e3fa12004d
ENSG00000100288	ENST00000406938.3	1188	d574104f6c4d5b1d456ad22e0bc49301963b3672c5d9b5efc2d775b79bfa55be
ENSG00000100319	ENST00000344318.4	513	e341c936fd045594b449bf8303995164a5720b1d979e492b826bf07660cdaddb
ENSG00000100330	ENST00000401950.7	3597	788bccc80cad1b09b1995596d3c90cca9356370402d555ed9dab256cd3a04f4d
ENSG00000100346	ENST00000402142.4	6672	9d4887fdc4bfda318417a44c6d43da8a2c3713ed68c836a9624da2d72b331f5b
ENSG00000100393	ENST00000263253.9	7245	c5c6239187465b688923e83ec34eca66b0e358628e81946839d297a331bc108a
ENSG00000100403	ENST00000352645.5	2934	68c6ca43f71017942bbd244ea10ec0ef0b7866281fa5695297db262abfa02816
ENSG00000100426	ENST00000216268.6	3516	2097b60b5cf7ad8a3630e6e7fb7304bafb6622414f1fbdc40b66f521f398438a
ENSG00000100433	ENST00000319231.10	1632	4aa1566e369aa3a177fb46f159e7a47e777bbb8774632924ed8369fea036f097
ENSG00000100490	ENST00000395834.6	1074	eff5b697a74785b5eec513300b0872d9ba3769af1768a35d09cd42d7e8ac5502
ENSG00000100625	ENST00000216513.5	2346	21fbea04f9c157341d88e26d5a285a01526b78cf261d86fc18cfe694aa555a2a
ENSG00000100644	ENST00000337138.9	2481	809159f379134a1796e4257fc469f3ab430e2376c09a1a04bb025a4669f737c7
ENSG00000100711	ENST00000311141.7	705	25a2d3539de53cf181f2ae58ac179cd37243c44acb702b9b319b666b005e824f
ENSG00000100722	ENST00000251038.10	2211	742a8b274a228f9bd0aea71e496b30833901387c9e338f5f23471ef978d2fcc7
ENSG00000100749	ENST00000216639.8	1191	530b32dac1ef823a8546b389aeda4a0df888086f7035840bcb4af6b2da9d9e82
ENSG00000100784	ENST00000614987.5	2409	b7011af7680aa2945358c478452cbb33b1b52aef5e5f3b76addc141cc6cdf3e4
ENSG00000100811	ENST00000262238.10	1245	5ec60abbbb88eb3e6a327d60f990719297f33455aca2171dddedbcaf6a198f57
ENSG00000100987	ENST00000376709.9	1098	fdb0b4249bf149ae1051839478140461b929321197a2dd7cd073115e1c107dc1
ENSG00000101040	ENST00000471951.7	3705	d12c08bf245d532ba02be32270e440b446df0fb180e89d0e4af2355e906b1084
ENSG00000101049	ENST00000373100.7	1104	8431fe384e087bbf163be0a24530f38698f20bae50d53d4fab801605f1fc0718
ENSG00000101109	ENST00000372806.8	1464	3140602b5275c852e771c5732515910ab8501774acf902e78a4c9d59c0d70767
ENSG00000101115	ENST00000217086.9	3162	2eac89d7003c02a298b133816cb98c281ee3af01c0c20be134ad571b94e51fc4
ENSG00000101126	ENST00000621696.5	3309	2f2e348a891675390cff8c820599f5e2ab52e8b7336305fa365877cd4a823f75
ENSG00000101190	ENST00000335351.8	1503	14c2db80c276b15cebc51af0dface2ffe1d798268da9974c06078b052e9cea90
ENSG00000101213	ENST00000542869.3	1356	18b0e93c45a924be12d767e6e9e75d5d9c5c6018bab2f1c0ae89c74c1f5300db
ENSG00000101306	ENST00000375985.5	1791	e665d0833943dd0d01f48b82915aa9a722fe1917c260484fc38d143d1c45efbe
ENSG00000101336	ENST00000375852.5	1581	0e8f2218b474efd83eef5b550a57a9971fea93bbb3702b4ee7e145ae185443e5
ENSG00000101349	ENST00000353224.10	2160	83e28b5fa419063826168e17573fb915b034c32eda52b8b485ae69fd34b27813
ENSG00000101412	ENST00000343380.6	1314	3e4f9ad9a9ff07b102532626194dc0b034847878786525051c90beb8d774a38c
ENSG00000101493	ENST00000443185.7	3492	168c997bcef50bfd88d73581b8323f13e9a83c6ecb3aa9acd7a6dd3e75b02f05
ENSG00000101544	ENST00000262198.9	3396	6f0e82a244846ee19449ec2fbf659107a6c42a1851255cd8a615ea592d618520
ENSG00000101752	ENST00000261537.7	3021	0c484c98f66f6314a7320e652cbbbf9950d97d57eb3733ec0559d703685a5554
ENSG00000101782	ENST00000339486.8	1560	bd58a183996b49ba73d7fd8ad40c1d31f73900e2db8f6951ddcfa1a322b66166
ENSG00000101883	ENST00000217999.3	555	3ae732e17afa3f338260a59aace264dc0e0da385df0d04b4cc08c5f03161dfa8
ENSG00000101916	ENST00000218032.7	3126	13bce7a660ffd146402db9eebc1eb897a9cd1868b614b257364c5ff2cc9ff104
ENSG00000102001	ENST00000323022.10	5901	f2596b222a3990f3d9ad3ebcfe41ad58680996cec2c1220d8a1d0832e6d3edd8
ENSG00000102010	ENST00000348343.11	2028	1407218649b8c87da322967b9c5f5adc6ab45534f5e7515fcea42f3155b9cb42
ENSG00000102034	ENST00000308167.10	1992	f500ebdf62f76d8ddce444f0479739c24326e3948c4d05f05d38a6b3207aa1a1
ENSG00000102053	ENST00000338957.5	2511	b1e83530ec2e59e5a3a7e5c69df09a5f496be03e399e63811594c115aacca7ed
ENSG00000102057	ENST00000218176.4	1944	c1338a58adc83b66f9ff3077ccdb45029883101768bd090a11af1414b18c310a
ENSG00000102096	ENST00000376509.4	936	b0c042e9a984f35b5be3708717a31029e05f401e58e0bb7475448d14b5ed126e
ENSG00000102145	ENST00000376670.9	1242	cf912457b52cc6fc2433c504b456902c1bd556e39b583d01e598e5aa7034202f
ENSG00000102189	ENST00000322349.13	4236	47900e43503127dd6e4efc5d74c32124592721f1a97dd45e5d81d420ee728a7b
ENSG00000102195	ENST00000218316.4	1854	306f9d1509945abce934e0382229a6bf0a6ea550bb22f58ea25e3ad7af974c37
ENSG00000102225	ENST00000357227.9	1491	d6dac6ab297e8bfd8e8820038f071be1dec79acf82d5c3e88b5cd6157198a27b
ENSG00000102302	ENST00000375135.4	2886	95b3f6ddad3994c03233f5ea75ccca86c6b14e7e42bb79fead400892e0285515
ENSG00000102349	ENST00000468660.6	1080	09e234e0647384aceb19cb6bf21dfecb2c25d2b188787e8bee2507731bf853c1
ENSG00000102383	ENST00000373367.8	1014	e2b5f5708d8ae5a5ee07068b4961656baaf448bc7e5fa7a0c00f50afc795547c
ENSG00000102385	ENST00000395209.8	2874	4ab93bd70a53e4bb5b40fa51da66fc6216c43f4a9c364af62b2f887176f1e7af
ENSG00000102452	ENST00000251127.11	5217	fa4204e5dc2081173897c5bd1225d5f7a5877f2186690b2908d92ba6dd1ca37f
ENSG00000102468	ENST00000542664.4	1416	1201e7751c01f82b566511526ef4acfe87faee077f14a455e96a6cf35fa60399
ENSG00000102554	ENST00000377687.6	1374	fb21be4a674f7724983f623f02416efc9d2b493d325e47a04c7c77b8ca70b401
ENSG00000102572	ENST00000539966.6	1296	3eed0d549c12016ec23aaaf12df3b10cbd20f2241214cd0d8617f846e0a68718
ENSG00000102755	ENST00000282397.9	4017	9f3b16ed8edf259ad071257ea50286a2be2d22c39f3dd97bfb709674d8c96b13
ENSG00000102780	ENST00000337343.9	3663	439204a9b99c5d30ed4564edeaf149c27f99568c6c0bc412af4f608212af1f49
ENSG00000102870	ENST00000262525.6	2610	5a80065d19e6d82885b963eb4aedac080392412c3efaa47dd55703232c6485de
ENSG00000102882	ENST00000263025.9	1140	19408ff1e26d8758f4ebd862ba292cae3a1a7c6f5cfa703d6950f5cb472ca3aa
ENSG00000102893	ENST00000323584.10	3282	7193a69831971215e7c4e5c83aee753495d0274ab9b6ff4c8689806dbf717456
ENSG00000102935	ENST00000563137.7	3879	e53b957b902be3ec01cf8e78b678407400bd584912c3b5b28f1fcc44dbfbafe9
ENSG00000102974	ENST00000264010.10	2184	f8093451c9d9613f39b6a1e2911749bd377ab210b1457c2d88bae86580513c4b
ENSG00000102984	ENST00000425432.6	1239	eb160e6171a18162e1bf68d146efb210f558dd6571c7c804c81f98e0c9610bd4
ENSG00000103199	ENST00000219478.11	1443	a85370f2ddf400672fca836eb45a001af4459b0457f94cb68f4e2a660f9a8b7a
ENSG00000103241	ENST00000262426.6	1140	5b06f1300a7598a8d14ffa4335f2414f70d69313bc538fb1f55519102c974948
ENSG00000103249	ENST00000382745.9	2418	e7ef935a821281555272a3edf33393bde54b6b6103d1f0a198eabeed1dccc846
ENSG00000103319	ENST00000263026.10	2178	fd26e01a0c970d8370c7751edd6ef9231f1680487f4439065b1b12436b9a7758
ENSG00000103326	ENST00000219611.7	3261	b3233820d2457a8e699e346b07f270d8f9c6c86fe4c993b1a71d7c2398d984ad
ENSG00000103335	ENST00000301015.14	7566	453328a51503d5d1767c00ec7bc12f3766effb3d4cf9a94446526c22d0e63eec
ENSG00000103343	ENST00000268655.5	1224	415010e021e9f989251bcebdc931601194f5948d67778b45cda9403777a19679
ENSG00000103449	ENST00000251020.9	3975	b0e4521bbf575a7d0d19f2f748b00fc55d47a216efc48a283d35122c0bedc3ab
ENSG00000103460	ENST00000219746.14	1731	765d119136f21380b556c459c18050bf30e14ed1a343ad90969df32e5f1a2f17
ENSG00000103495	ENST00000322945.11	1434	63cde642c86ae9a38f64f38b2e5ab881f4810dbeb48d381ae5bc97eb974ad3e9
ENSG00000103507	ENST00000219794.11	1239	fc3c2a90953b0e0106538bf6e30e7f6c2a70e775083b5a0342bc4704bdd339f6
ENSG00000103510	ENST00000219797.9	1377	e8376777c2f8816f89301c2e8a3fd1b3275481d624ad50bd7a3025f5bbaae460
ENSG00000103534	ENST00000542583.7	3021	1ae987467c7bceb5835408e9de51f136f3f61254d3b4d0987566b84bec5dc178
ENSG00000103653	ENST00000220003.14	1353	01cce480a3e40fec7df182d5ac96023b1f5bb4e1e9af70a8ceec16752486c835
ENSG00000103671	ENST00000261884.8	1746	07437bdb8b198025500a80b7fb9b7c8e9d3940adde11301955122d1aa29afb96
ENSG00000103994	ENST00000564754.7	5721	ab5d87fd881756150193bfffe4915005b354ce3c553ff64d23b04acc06f09052
ENSG00000104067	ENST00000614355.5	5307	320c453a5db1b2f05dd269174a6d59da4ffb9517c0fe8dba82b6ed53506474eb
ENSG00000104205	ENST00000521198.7	1491	b62350785e3107a182b141ea311af24fa3fedbb47db8b80d5734ef387f592e85
ENSG00000104219	ENST00000262096.13	1104	9380fc2097126671aa8f0eda76522cba8c59be3511ad77d20e55eaef22399315
ENSG00000104221	ENST00000220659.11	1260	4f8739d2f75a65b5eccc0f746fb58457c030295c442597b0751efc662cb5a3c7
ENSG00000104231	ENST00000220669.10	807	e8a8f1375544f1ddf50c44f5bb2635a9f42cddabe36e57e29970589164a418d3
ENSG00000104290	ENST00000240093.8	2001	33fe7055f4c7ae1064aba0d9e2888116586ccfadeeefdf9dc2f1e7e73c45d0ba
ENSG00000104312	ENST00000220751.5	1623	baa901128323d2cb270696d929b019df3fa266ecf04eff97c8a2518b376103cc
ENSG00000104321	ENST00000262209.5	3360	5e384521ba39dbaf29ddf373803fd0a4df4ffc9b814ca87748b44c6c5e386047
ENSG00000104365	ENST00000520810.6	2271	5d01aecf08a6b12a81f4162ad12eb74226510b807498f63fa44e713062977c30
ENSG00000104375	ENST00000419617.7	1476	e6264e44ff0cef6ac17ab2ebb7fdac28fced61c10c2f52351cfd4d47c5a5894b
ENSG00000104427	ENST00000263849.9	978	bc467decb5e430059b34a58be9194994f4cedb7d3561f94f127375abb808585b
ENSG00000104447	ENST00000395715.8	3885	849b87543213996b33eb1480e0352a8436e6af397a1d560afda61108a38ff959
ENSG00000104783	ENST00000648319.1	1284	747ebd3b1e801193314619a17728ade29ddfdef5ec180d02b6004487a97536c1
ENSG00000104848	ENST00000221444.2	1371	cde2e3eb40fdf8d527efa536a667890cac4ae3f7c61910a5ff33fc7a3e103f15
ENSG00000104879	ENST00000221476.4	1146	7cb924f0a69e1cd524a6f178181b5eca4248b2ca818d6930045439c0be7dc50f
ENSG00000104884	ENST00000391945.10	2283	13e652a85ff31a909d5ecb24c4c9d5d2dbcc8740a62c01174075fc33fc0d9e7b
ENSG00000104897	ENST00000221494.10	1395	98b5f52b0f3f7e832a4e33cae70020e5f088fe42a15f251d06afbb79592f3688
ENSG00000104903	ENST00000264824.5	843	bba64e1052cf137d1993f72a47b97da09436d51b3d4ba49dcd2539c8b880365e
ENSG00000104907	ENST00000357720.9	1980	3bd2fc48ead1a34cbcc985d89132555afb4062d803792f2693ef0d6595e78e6e
ENSG00000104921	ENST00000597921.6	966	f81ef6fb32b7c6af72b6cc30f521d2489e0ab15aac1c0d55158d0e8e9572cfeb
ENSG00000104936	ENST00000291270.9	1890	685e47e4ffdf751eb59791f39cfa0cbccc395c838e9562eb8d20483b08e30f40
ENSG00000104972	ENST00000324602.12	1959	c0f044e50df6fdef8a19555c2180f6025ea66a33a487cec7f4b4d0eefb6604d6
ENSG00000104974	ENST00000251372.8	1470	cef35020bd77b8b1f67a091a9bc973c0ff4c21eaba51c479b636c80b823b7614
ENSG00000105053	ENST00000316763.8	1425	c8ad3f9aa867d3f215f901cbadd6c86915605c2dd60658bca8c45a2acb746dff
ENSG00000105127	ENST00000269701.7	2079	9c2f092ff057adcbb3bcccb40ed1bf12d78b0f7920b6c2ae8e929ac64a2f8dbd
ENSG00000105136	ENST00000221735.12	1533	7b73891c3633cf81a8186ec8c4494d1f96fb5361d5d999fd54319da529c51666
ENSG00000105146	ENST00000302804.12	930	452d5d33a331b9416dc09a8fa2fe6007bc9e409d3f0f2d86dc59c1bf06e659b8
ENSG00000105204	ENST00000323039.10	1890	9bb9d3b9e858f404d21e8fb9aea04aeaa8218a4b6f7281b86b111cc26b8ef91f
ENSG00000105221	ENST00000392038.7	1446	d4abcdae403994ee33aafceb6bc92d0575a417ea4f46b355aaf112410038610e
ENSG00000105229	ENST00000262971.3	1533	3ab1b1c1a6cea5dfe1cb180d20ef145a89750509fa701d22016df75c2baab598
ENSG00000105261	ENST00000633214.2	573	f3b9eacf746849fd183e12131149b4ea203ea623dcd7895b6a219745e360204f
ENSG00000105278	ENST00000262961.9	2820	198c43d3dad5aebccf50738a524993ee46a73566eb42124b0f3e400c3f305b18
ENSG00000105287	ENST00000291281.9	2637	8d2383147d6408ad3566b33b15099388e798b57abc0c310ed83272ee48ce66df
ENSG00000105289	ENST00000541714.7	2760	fc266e31caa30f3f6cd491a65d69c7a08c41ee866aa6247e9aadff175658004f
ENSG00000105392	ENST00000221996.12	900	7b19182015888353ba1fd6e67277bee693f4644f1a0e5ac1ee037cc1da96725c
ENSG00000105397	ENST00000525621.6	3564	41f86271a5eeb5f0b941e9dae2576e31718cd7213096eec8624ee207def0de40
ENSG00000105419	ENST00000558555.6	1128	1301f46e3c464512b56471b387346851d6bac9ca3cb04066dbd664d1f1fb3b43
ENSG00000105472	ENST00000250340.9	972	13aa0806a635ba83131678b0ff7b1139377dbf89c05d2a30f41a7d84c76b748a
ENSG00000105497	ENST00000262259.7	2136	425308a764cdd74b5bbd8cf69079e87440821d1d964244d7c9dca5eecc149930
ENSG00000105516	ENST00000222122.10	978	155aeb10c1f6aaa36dfe0378bb420e5585fb2a84f34a221bafedeff38f7e3b72
ENSG00000105609	ENST00000449561.3	1776	2e6db450103fb31486cb306d077f9fbe8d504ff9efd9bbfdd4499594403238bd
ENSG00000105610	ENST00000264834.6	1089	6377dee2608c054aaedc6b61784a6471f39f465c2904dc0ac557ffa0275a7e31
ENSG00000105613	ENST00000251472.9	4713	edd778b34073fc477844677d99763153fe553af8e2f75eb2fb45c45427fc5e36
ENSG00000105639	ENST00000458235.7	3375	ca895afefc33f35347d2c81c61487ea573adb2e39380b91f1d92e89bbe69f092
ENSG00000105642	ENST00000684775.1	1632	4a354df491036c6cefb31cfc99baa41d103c1a9bea6a1e26a8ea4e359caf0111
ENSG00000105672	ENST00000402764.6	1029	29253a8df971a74a84393bd78c1b496b3d7628a254d72804f52679efc8150b9f
ENSG00000105698	ENST00000222305.8	1041	246f69db2c2d725bec2a1f771d7e6fa08c3726229a166067791604d70e35e4a8
ENSG00000105708	ENST00000344099.4	1929	8a7f7719ce5c014a29f9d333b245f86a8902f59469b5ca425091f05d856a8182
ENSG00000105711	ENST00000262631.11	657	0d27b937566f1d4e54c4e429adcd72a923b32862d2483f5cb896e3a7969966b5
ENSG00000105717	ENST00000251203.14	1125	b94415e2437bceb088f8b52d4f4cdd5d21f5c49070e4a2b32a06ad30a7dab364
ENSG00000105722	ENST00000222329.9	1647	0137a5dae382a2b127d68d2ff39a8979efe654cd28b107770be62713ff9f1f62
ENSG00000105723	ENST00000222330.8	1452	1f5474a553cd4d1be3ccc59e4c8fac1c612e7728d957883256aa7c217d4a7599
ENSG00000105732	ENST00000359044.5	2691	004ba1e672fc422217ccdf04ec479b61a788331d86435e15b155f92181ecf345
ENSG00000105750	ENST00000328178.13	1788	6dfe63ba4f93c1e02bfa7ae09c4491f55d701024fa32f1e9bd31a38d801644b1
ENSG00000105810	ENST00000424848.3	981	d03005dcdbb703fd93e40760a1a38c857afe9c533037e62bb87438331397554f
ENSG00000105851	ENST00000496166.6	3309	17003a3418f30016a215f1d083254012cdb3c629d6de3f3862a4623f5e7bfbbb
ENSG00000105866	ENST00000222584.8	2355	31db524bdf54392770bcd94656a6b9526b01e0f75d807fea7718d878d42e89bf
ENSG00000105880	ENST00000648378.1	870	46e624e75cb6a4e05b278a6db688fdee0772b24760810f726d0f93d18ff7413a
ENSG00000105939	ENST00000242351.10	2709	903a16721da5f9e48c11c806b9fe98ce2a82b54bf0352004415953bac3ed1987
ENSG00000105967	ENST00000265440.12	1044	f62ca7dfea9737a6cd731452da532a1cd4a6f77dea7e934be30013b101504f4c
ENSG00000105976	ENST00000397752.8	4173	0f3fe83750cfb8a2a85020ed3e84ddfdc367ff13921347528b9ee0a98cc1304e
ENSG00000105991	ENST00000643460.2	1008	14850593bc4aba1cef52486ff3dcdf8662a2024f9c05d169daefd227e5c052fd
ENSG00000105996	ENST00000222718.7	1131	002594c74cbca1cd58febe7cefbcaf319fafaa6b62a5050e5d5106b687235cc3
ENSG00000105997	ENST00000612286.5	1332	5129f427008a85fcb43203b1599efd7f095cc434e8872c70b1705408859bac61
ENSG00000106004	ENST00000222726.4	813	2078a829d92c654899767f316c660e737e5e88f20b3653b7d166f797c5149d1b
ENSG00000106006	ENST00000222728.3	702	38100cb6ac3d339e9ba75571bfcd74c39d6e15ff25f29196e93426992a04949d
ENSG00000106031	ENST00000649031.1	1167	9b1339f22837c472ef6e5b0ff151ef5603a3724c00471b31fb31a09efb989520
ENSG00000106038	ENST00000496902.7	1224	0b070e16418986d04790c80523147594322ce853d9b50fe5aa2821c0287d65a0
ENSG00000106052	ENST00000396319.7	2370	0a6c0e1a7e8352a81d7d958fc89ea1847f26b011f1b6172ac1aa41d2bcd5e50b
ENSG00000106100	ENST00000222823.9	2862	d7c5f7c5e97ccbfa6767e2d0bc89c56f35f89e38d4c7558f4f80f720f9a014df
ENSG00000106261	ENST00000324306.11	1692	1a87f0b21fd21248f5f8fefe666de1cdf8f4f998b86b90e9fa691ef82928af08
ENSG00000106290	ENST00000453269.7	2034	f1ff0530975d4f69c9fc3b4f5c3595d2f90610958c45025147b216fb3dbebf38
ENSG00000106331	ENST00000639438.3	1056	56842ba894450c1640fec3f8012c6ee0936317516c169194603bbfb7ba8f2b18
ENSG00000106400	ENST00000305105.3	465	018a77ffc027b6b5c9fa36f7c69e0d32873d71e6649b19f0f26c5e755e54ee94
ENSG00000106410	ENST00000467773.1	2076	c11c4d9ff1c84b61f89b8f1961e8705990b9e2026ae16fda81895389c0948d38
ENSG00000106479	ENST00000223210.5	3510	8d43abf2877cd803eecf92464da4838ab548b3af672afc96678971ac130bacaf
ENSG00000106511	ENST00000262041.6	915	28bd020ddf5f33365161e2b603fa1ec2d015ba4ab56f2c0d523d7a865086a9e4
ENSG00000106524	ENST00000306999.7	1326	f10f272562e720b0c9fcb13d1474ec19ae8789da38cc5a40a2f28f396b9bde14
ENSG00000106536	ENST00000518318.7	2163	6ba4e500aab2bb65fafed95d7bd813c4f434b7b0def40152c0f9cb5acea643de
ENSG00000106546	ENST00000242057.9	2547	e74352cb9fb19fb7f8fc29c26144eb9f29a0dc14607ccae75774115346a8ea25
ENSG00000106571	ENST00000395925.8	4743	aaf3a327b6ff87ab7ce92f46a354a64e53d5ee494b0023da7233ee3e4d69da66
ENSG00000106617	ENST00000287878.9	1710	c48b1dcea4e8bb7cbcb572043d4479b0554d12007c3c350f02cbc4cf61c9924a
ENSG00000106683	ENST00000336180.7	1944	5368659d87a725500dfffc4ee60a6c6498f2827e56bd880b1ae05295a70d84fc
ENSG00000106689	ENST00000373615.9	1221	dc2d1fd994332b6e730eab6622887ff9d25d38facd771b1fdcb51b7eeccbe988
ENSG00000106799	ENST00000374994.9	1512	12671df4e99197cba83871e03fda7a75ca019230191f3281e5281cb07cf91a41
ENSG00000106852	ENST00000394319.9	1179	5d9538e543eb142b749e6db3561d53ea71274cf795c844f8dc0fe168652e3a3a
ENSG00000106992	ENST00000644144.2	585	d2dc814b2018dc0384bf4668396dbd1ee848c39e6c89e9fb8ea658ea246bf7d3
ENSG00000107140	ENST00000336395.6	1881	cab6473e8e682e737a5922bc3e3af8a339e2c63a353418a198af5e4e28346445
ENSG00000107147	ENST00000371757.7	3708	343fa852f8b9de24fdbcac4eeb24ffc2f8a4ccdac71a467f05abad36d10d358b
ENSG00000107175	ENST00000353704.3	1116	40ba2d0f07d4b486ec31e6725ebd71b801ac1904165ead9d3bf09297fb25b1d8
ENSG00000107187	ENST00000371748.10	1194	e5677f17e81ed6ce76f8057a20b8a034a514d45af3fb5667fe3f64f45babe0bc
ENSG00000107249	ENST00000381971.8	2793	ebad09a73c80741a4862dfccf333925cb83bbedb0910d677ca69cacdd1f1c1cd
ENSG00000107372	ENST00000376962.10	642	c7ff3b82819c56f19b3b5dfc5a45336947aeadf60d8b406002cac45be5a0916c
ENSG00000107485	ENST00000379328.9	1335	b6ec5ced41cefdeb904572191184ce221a91f0a5de7b1af223521e24bbb3a52f
ENSG00000107518	ENST00000355044.8	4140	c4c1ef1b7d40bdbfb9fa57eb178465d096627356190bcb96baea2af3f3554f40
ENSG00000107593	ENST00000318222.4	2418	f3884f4fb24c0ae88a91216b919f2fe218cc7ebd938ea4e8cdff09460e16b354
ENSG00000107643	ENST00000374189.6	1284	bf4b9a51ae2175835af09a24eece887ac986ab738d1ce5cc642410c1aaccaf26
ENSG00000107779	ENST00000372037.8	1599	735d1bad90b9a9cc0184815b99707ca2992b950aeea8b909ddb8431de6fb0705
ENSG00000107807	ENST00000370196.11	993	bac04d3c0d1f968a46ad0c5c29b83b28b9a8a345ae7695f3e85bc552f3b015c2
ENSG00000107859	ENST00000370002.8	909	aec5fefd2e3ca321076f7fdfa4ae59601c53ec74fde4637a5c738d99e9cc1001
ENSG00000107968	ENST00000263056.6	1404	7b3bdcb853fb2e05649174668b6b033c78e23b39ac0ef0965840e9ee82141ba8
ENSG00000108001	ENST00000440978.2	1890	1704c000b22fee2f6ac189b5c82ab3cbf202a38a9ed57ba50643c6867f18594d
ENSG00000108175	ENST00000334512.10	3204	1da591826a2b03f72c77078dc4131db896dbbc56b63cbd218e4a3c6a83bb4b3e
ENSG00000108389	ENST00000682306.1	3630	082fa2df2267f9ff20d7774c60369b2a72f1c6cbeb1e5478f7391895291851be
ENSG00000108443	ENST00000225577.9	1578	02296fd52579b59f171715ee816ff1e8b0c14d18774d47e306a72af7aa2fe4b6
ENSG00000108511	ENST00000225648.4	675	b0a6b09c42f4a7fc61406e237da2600f83c892da06eb4b3b45c223a7060bf4f5
ENSG00000108599	ENST00000225737.11	1989	04983cc8130182e58e0a7a1d54667c38f63e5b1760b23d50d31bdf5782eb0e0e
ENSG00000108684	ENST00000225823.7	1692	d0e9edbd1c68416e5b24bc9ef7ce40a9c88bc57c5901317f0988ae4449bd6510
ENSG00000108788	ENST00000435881.7	735	30b530f53c93f600ed7da4d66817882c339121b4ad64a5887f66786297038c3a
ENSG00000108813	ENST00000240306.5	723	d980da98ff6536a80f63edae4b8063df83f98234b115a72065eb1861a7e06442
ENSG00000108852	ENST00000269095.9	1659	60df27343fad954dec738deb7f8079445323ef089e525ce3b6bfa4a622ec9528
ENSG00000108924	ENST00000226067.10	888	042922ecbbb3a98274d189cccd013c6c33a256b0363515c4ea0ed46109a5a2fd
ENSG00000108946	ENST00000589228.6	1146	f0fae911078b07d23f146a2d400ba375e256a71f44a5ba9e45b62890ec80a641
ENSG00000108950	ENST00000592554.2	1626	7ffd0736cd8bb7ca571f296c747e8b055c9777fab292213bbd304c36c621fe4b
ENSG00000108984	ENST00000590474.7	1005	af549b55c6cdf0eb1d7100d94099339734849240cb8d841e191420d49ea95ab5
ENSG00000109101	ENST00000579795.6	1947	ef32d31fa13c2a91d91078af0e5f14cf87a0a975c635a337aea6070306e34d89
ENSG00000109132	ENST00000226382.4	945	c62566f197cb0d83b608315e22bf9bd89d43c8cadd1f5a0980d9a9f0f707c5c3
ENSG00000109339	ENST00000641462.2	1395	4699a449e12ea8fed18c724ee6df670815c33c9c3cb8b20abbf54dd391fc3742
ENSG00000109381	ENST00000686138.1	1782	5872c4bfa19d2c1d15b2ddaaeeb79667632c2994d4b4792c5ee90f0ce1394c33
ENSG00000109445	ENST00000262990.9	963	1bee2a54a051f2012416b314baf4befac3784a17f5d71ea53c56f0576b17427e
ENSG00000109572	ENST00000513761.6	2457	0c7773dfa62ae093b0b36ecad9a6db0d676bd1213686ab078c5f7a2593a69050
ENSG00000109674	ENST00000264596.4	1818	6c8d1beb414537874b06952f0e180149a0d9ea0a7d59804b0914e801f6a24ff9
ENSG00000109705	ENST00000382438.6	1002	c0bb346fe6014320b768b9e7b8191ba642f7bf03c2eb718fd5e345dd5f59ade9
ENSG00000109787	ENST00000261438.10	1038	ba47fc9c9009c6118db283f1ec9859ddd725396ca96df2515c22b1332d1fc35c
ENSG00000109851	ENST00000524983.3	1032	db3f263c7818fbfcb9f103b4e0704ba182eee6c63beeef36aac9c487009a0291
ENSG00000109906	ENST00000335953.9	2022	991cf889e42b29e2ef0a29dd2645f9aa2c951fbd76f11afe0f10d80b87fd3000
ENSG00000109917	ENST00000227322.8	1380	1f06581f4834c0a0ee76a00820de26f6df7643336570c7aa71348bf5a1b69ec8
ENSG00000110422	ENST00000303296.9	3648	b1ccf45102ff336949fa3c2605c2146d66264285de714e3146331459b7b1f71c
ENSG00000110693	ENST00000683767.1	2487	63624d0bc7e0a8e28f0308fa448b43dbc428173a4210752cf1deaae8014d2dd0
ENSG00000110721	ENST00000265689.9	1374	45d4fdabcc0a027d1ea836f390bd7149fcb806308c7d35cebbe4f18e640c5fe9
ENSG00000110768	ENST00000265963.9	1647	4b0716b8fabd4ac4c734dd4abc86b6c524f7df83e803fb32bda4a956de59085d
ENSG00000110848	ENST00000228434.7	600	058378b8b32c4b336246f17e9feae526de9be92c94c96a6827ab4e72db4496f1
ENSG00000110851	ENST00000228437.10	2406	0d7f3bf976c3e388d88a2bbc7618c66e618f4604e9d82374824153dc4d6e7fce
ENSG00000110852	ENST00000228438.3	450	56edaf0c23ba193564df40c2730303febc3e39f56f91d90f4c3a042862202e61
ENSG00000110881	ENST00000447966.7	1587	e390240daa40514db38c8869f33ce6ea4926160993c04092d7a423277f0a0c95
ENSG00000111046	ENST00000228641.4	729	58dc1fe74ed4ef8154ce7f8d3b2d55bbdda50a93759a53fb760c27d6e4fe14c7
ENSG00000111049	ENST00000228644.4	768	5e3b014425548da2fbd57e1bf2ed7ac194bacbf58c1ecef43df2a9adffc7a1ff
ENSG00000111087	ENST00000228682.7	3321	b059e19eb53aa5bb7d73cd7d9bb34e904717403acfd0e57a39ec7c996793f600
ENSG00000111145	ENST00000228741.8	1224	f0decd35f0dd3e600372844e1b2c72561cb383a3c45b4604ce9a3bfd6a373681
ENSG00000111199	ENST00000261740.7	2616	9096f05c0d436483c66abb97e40c5cf3848981852f37a21a1eec5871e0fc50ea
ENSG00000111206	ENST00000359843.8	2292	373ac359d56f87bc77e84ae835676e1ef14d9b8a9dbc95ee2ab60d83c8625067
ENSG00000111249	ENST00000261726.11	4461	dc905566ccda4ab80bb96792a2105060917afe8c6e4c25fb919681dbac5c3ea9
ENSG00000111254	ENST00000228850.6	2562	e023d0c020b600eac597bdac8e1ebb69f4f1af2cb83cfe3a81be1bdb09b6b906
ENSG00000111262	ENST00000382545.5	1488	2299ccd3420c604c9b3ac29d2e73f9a35f121961b08d0e5cad4e649bb965eab6
ENSG00000111266	ENST00000298573.9	1998	9094c2e75f368bb4d305ef0dda058d13c91dc3cfaf7a6bc21d2fa6e4df5e7150
ENSG00000111291	ENST00000228887.6	1038	b524517bcc04756d1d140e37a433f0d8d7c10930202009a309028670e3676899
ENSG00000111319	ENST00000228916.7	2010	457ff879581a58fb8353b6c007b19a566721399ad3df80f218b6558ee33f8a51
ENSG00000111358	ENST00000543341.7	927	1d2e18fa2f9474c96b5bc187dae867f727a0da9f1fa4c4259c5d938f284074f3
ENSG00000111424	ENST00000549336.6	1284	9b3358af2181059054069802604fea79cd6e3e05512b31d1ed0f5f268c4cd6b6
ENSG00000111432	ENST00000229030.5	1746	8e055bd172e4939f57d2b2d1bdb8f3a7f8fcb0a45e8e44f939d8d10481e32d61
ENSG00000111452	ENST00000261654.10	2625	92709e96daaf6e6b3ba5882dee901f2e232523d093511fee3b0d5c539222a1a9
ENSG00000111704	ENST00000229307.9	918	b8bdac34f16e9ff68304cce411341ef9380ba27a9273235b094227fcad6c97dd
ENSG00000111725	ENST00000229328.10	813	8ed9714436d457da6fd923ff54024b495be0b52ee7def41def2d439b6d3bf6a7
ENSG00000111729	ENST00000229332.12	714	ae1338cf843ceb57c6979702550e2bf9b6c9a2d48fccbe6354b45b462962a571
ENSG00000111796	ENST00000229402.4	678	b2d6ecb03e3830f86b629e9a912a99751c5203063761e9ac782f292892db8611
ENSG00000111816	ENST00000606080.2	1518	2cdc927252d30b5c284b1df9f34b38a8bab5d57b968dc1f3cd707d558ec2d131
ENSG00000111837	ENST00000354489.7	1947	30da347e8c577ffe5d82353d2bf061adddc990b3ed93eb2e9c2e9b8aac00e9b8
ENSG00000112038	ENST00000330432.12	1203	b5e7586a5a7184fa137d84ea678e30d6a1edfcd0f26dcf89c0b283b5c9e8db57
ENSG00000112062	ENST00000229794.9	1083	1fd20246ac1be5dcc23a58a9042c8b591b5a6838c1d503b3dabc91fec8618637
ENSG00000112079	ENST00000229812.8	1398	59c21c9ab12eafdd26293178f1128098e5e83d771d9f1e1b1247ee48cc43a782
ENSG00000112144	ENST00000676107.1	1899	8f5b7122795639c9ea91b6e35af51b8154c89ab6928ea0c58520851c23748b1b
ENSG00000112200	ENST00000370706.9	3186	53fc7cc1348b0a8c4e766acb07e85ffcc03d40de8f01dc15e34a43236a89f708
ENSG00000112218	ENST00000229955.4	1260	814bd93477f51a1ba7e141f71eba79b6038517f72e584637021902de8682699c
ENSG00000112238	ENST00000369215.5	2124	50bf9b00d6d34ca0a3a4f220d6eaa3d31e951f93c135150758a79c07ea1ea499
ENSG00000112242	ENST00000346618.8	1398	ffaa35859d3d98872f0f525d782a2598292ef7859d52fab560e9fdb995f1b5fb
ENSG00000112246	ENST00000369208.8	2301	cb11b9499e6bf93c04b7f0458da3da498f5c367af1ec9b4dd38361d4ddfab53f
ENSG00000112290	ENST00000392589.6	1680	657390e4d1d685d3738b23e23a65324f1465796d630502475781252a0b22597d
ENSG00000112320	ENST00000317357.10	2622	31ef03e12c64f0586e27c84f6cfbfcecaee2ef92e219553687c85ecc69880819
ENSG00000112333	ENST00000368986.9	1158	342c0645e07017c140a25aa78c83967c92e4ca0d5d7bb306f7846ded1a6f5743
ENSG00000112365	ENST00000230122.4	2094	1af06b799afced3c6ee266ad6fbc9a31d4c8c0e23518c28ae5fb3f4dda5dcd60
ENSG00000112414	ENST00000367609.8	3753	016f19d9884de0b28fa64047f9e356f60abcbeae1d199a225f6b30c9c4718cc5
ENSG00000112462	ENST00000396806.3	951	891ebf3b5cca213c5ffadb2fe5d8e2d104f0e8e0e6effc0d6b2f826427508b75
ENSG00000112486	ENST00000341935.10	1125	7407097ca91902b9b3b5c9029fb9fb1b26dcb870924ee2b5d8e74eb4fa164fb4
ENSG00000112561	ENST00000373033.6	1431	df96a3360fb0e7886f42964481c1918c04b80363fcbae10a9659854154ef7f21
ENSG00000112592	ENST00000392092.7	1020	87964a9f68a25e42a56fdbbf849e88d1fec7e8ac13c5f215a7724e77b7ae8d4a
ENSG00000112655	ENST00000230419.9	3213	9b3c8b2e209a3b051925c89575857354d29cc1e2d46475a3f6db49abb1098213
ENSG00000112742	ENST00000369798.7	2574	9947b3553530caa86272959290718918eb9b07dfe3ab7b9e71d7e86b60385bf0
ENSG00000112782	ENST00000339561.12	756	1821be76b8c5b605f78205ddfc69d33d626136a46ea69496d7b812620cd6e94c
ENSG00000112837	ENST00000369663.10	1824	27da792ba333f381d5cb059c78476b1392eb3adb3497952e41122f6972bb7700
ENSG00000113196	ENST00000231121.3	648	996ad5c0bb9e96b237a1ee983c6d55f4bffc6a32f09bbb98514f870533e63200
ENSG00000113240	ENST00000316308.9	1446	ab68468b3b96af604c2fd481b9cad59ec26bd237eddc978ff6660ef283253003
ENSG00000113263	ENST00000422843.8	1863	41bab734a4d09c4dd4b50063e46952a72be3cfa4ff746a12638be38a4d1789a5
ENSG00000113430	ENST00000231357.7	1560	95543161759ba367ad8a57bfa835943776f400599e2a9ef48621ec30790066e5
ENSG00000113580	ENST00000394464.7	2334	6dc11e2601907408499338d9f1dcb3f7e0e280c0459f54e207228372350e9f84
ENSG00000113712	ENST00000377843.8	1014	4f174bf659beb4599748618be2575497196393d9dc615efba81d09c3eea8eb2a
ENSG00000113716	ENST00000502717.6	3879	b3d9fedc1238be1840acc12c34da6ff5e48310ee2b35b4e559531b9fa5b1b9ed
ENSG00000113721	ENST00000261799.9	3321	0f921b90f5f76b849a2b60f48288914346a7f447066cb2dbbc286c819aad0340
ENSG00000113722	ENST00000231656.13	798	d293f80e3571172edde8dbb81977cd725951d56fc0efb7c25b35d9dc214949b8
ENSG00000113761	ENST00000358149.8	885	5d6f12ea145dce57e3c54878c8c29c9119cf1b13d55fe24ff74fd4744d50d559
ENSG00000113916	ENST00000406870.7	2121	e1ea422f216a30b62de14bf878cb87db715579d3d20aef3c79ae69c74ef83400
ENSG00000114124	ENST00000682958.1	1662	f53e15d1d7f0aa8cd181bb6b1bbae5d2a0b11e90122cb2c4cdbc3fe7e65326ba
ENSG00000114126	ENST00000489671.6	1341	a1537cac83da59cc74b1b9d001c867afd978913276324fae00dc771b9f6d1a9a
ENSG00000114268	ENST00000232375.8	1410	31a618adf2edb6ab5e384189c80c2f52bf3ef237c148fe481bd0842fd25d3a05
ENSG00000114302	ENST00000265563.13	1215	1fad3726a8f51cd05e57a735a6d4803018999ca17f12598a92ad9d851f11912c
ENSG00000114315	ENST00000232424.4	843	0673ba8e62d8b8524345df884de07ade86f710d45fa1b3f47dd7b0a3916b89b1
ENSG00000114487	ENST00000232603.10	2955	0ef35aeb241c22e1763c3482955986efbab4e02f83f429626f186084d810e2fc
ENSG00000114670	ENST00000383366.9	1938	adb90f2567e4895d30b98066fae7a597cff51be5f40d60bfc851f97898fdbe7e
ENSG00000114738	ENST00000621469.5	1149	dc8f365677922dcdddf561040721aa4a47583e143eb7a611b75c2d3e3f1c4f78
ENSG00000114739	ENST00000352511.5	1539	f36e2f6ca9f3229419c478218fbc4260b58d46c351f49dfa9eaf4a296df6df94
ENSG00000114853	ENST00000232974.11	2244	845363a591bd05c5311ef5bf04e15433b744869fa8cd3ab6fa43adfb30a3dff6
ENSG00000114859	ENST00000265593.9	2697	49a851240b2c6848a5f9beefa3b5a503359b4f45cddc1f3584d1f55facfe3b3a
ENSG00000114861	ENST00000649528.3	2034	cf8e3fb9cdf6d0aadb4d0002c2ade9c7414060e38500300534d20ddaea8f6e81
ENSG00000114904	ENST00000233027.10	2526	9f140dd87071e63593584cde6d56da3aba0068cfd1a7dc1825d2856cd4bd5046
ENSG00000114956	ENST00000264093.9	834	bfc50268d53648d428195fec91e339ca45aac588ba73224aa6d40226ef935366
ENSG00000114978	ENST00000396049.5	651	92a1939aa30d9acf6781a09a695bc971744d36e042c2b4e668736d25446689f3
ENSG00000115020	ENST00000264380.9	6297	1312d0716da5940edf43222de78782102586c006868056a0ffb3f94100e85c9f
ENSG00000115085	ENST00000264972.10	1860	2b3dbe7e67ac27eb0b67b832336aaa0c58882f17251653347854c76e0a0b02af
ENSG00000115170	ENST00000434821.7	1530	78e324c059f1451f9dc1885e5f1ff1540a987e52e04185004ed07cf5c8b32e84
ENSG00000115207	ENST00000264720.8	2736	341386cfe8bc9a1816f965badaba0f0f430587e5352dc3e64bfab5fe5c969781
ENSG00000115216	ENST00000379852.8	1608	b155ff93581722d88dd0d23e2abf6c6412f9e44bbac6431f1b4c772deadb67d6
ENSG00000115274	ENST00000233331.12	1071	1f6d8a2c1b861145258c0a6b598ad8275f43daf28fa08bfd21a07400b8eb70d8
ENSG00000115297	ENST00000233638.8	855	08147888cd4d1df9a747437ed40f6e579eaea0564acaf983d963d050723b4422
ENSG00000115386	ENST00000233735.2	501	543e05881c17c6ad263140919d1ecd196128c6efc0f55d30f1e7727e0b0a2156
ENSG00000115474	ENST00000233826.4	1083	b4a933e06405bb6f116b43a6cda4c59c76d9fa75ef4fc579fada1aeea953a853
ENSG00000115507	ENST00000282549.7	1065	0ac6e44e3c14e547dec5fd3982ce82e6b9417d4d1fb2b2a28f10f96ac934425c
ENSG00000115540	ENST00000323303.9	678	1e609ba0032eb39f2660439f31ded1feadba5f4abf358652168c6be5267be2c8
ENSG00000115568	ENST00000411696.7	5664	d6d76d0106f261ac0096fc54cd174dcf9de1c44ac9b3a2fa713976027b7c4a46
ENSG00000115592	ENST00000439262.7	1470	d1993239eb75db4bdcdd9d6b667b221fbc905c90da973db2118e0f60f4ca0cc3
ENSG00000115593	ENST00000419482.7	1473	221a039fe7e4363f45be45cc564dde3aadecb9db67fface4c242c5caf3b1646c
ENSG00000115687	ENST00000234040.9	3972	f07ff4b6a45153ca9cb85a78fc181940ab4948947707d8c446567bde759b6404
ENSG00000115694	ENST00000316586.9	1281	2c1ab9bcc8d8b0a129250cd6820781b679e5ce7ff3e7fb6cf8fb9ca050de0fad
ENSG00000115738	ENST00000396290.2	405	71503655fe694e73e22cedf54ebc48a5dba7c093bbd0a8324835a2ae71dc2338
ENSG00000115825	ENST00000234179.8	2673	146f6b999deb9a372d43c36a61b8c329fb020f3678b44db39f9cb3f77e9e516b
ENSG00000115844	ENST00000234198.9	987	b4828adedb1c5c1cca292d8a06fbcc8a8396fda5804a1f66dd8e07fd42134245
ENSG00000115875	ENST00000313117.11	717	4ec9b71b68dbf7226fb2040ca866c538c2486d2bfcf5c65b2a475a0c53a101bb
ENSG00000115966	ENST00000264110.7	1518	8e2ea2f6df5b0ce0c80e10549068d4455af075e0bd79cd4da3e342f3882ea832
ENSG00000116016	ENST00000263734.5	2613	8a6b9015e78665e33f2ef6444cf2cc968a0a92ac97d282ae4114d1b832246647
ENSG00000116031	ENST00000410009.5	987	765231120e6ec7d93a57835e9def3d7707e7b8adae652a760712d0260f66995a
ENSG00000116035	ENST00000234392.3	873	9d448f543d87ddf50d81fea343d98823a42a85b064599b134ea9a25582fa89b8
ENSG00000116132	ENST00000239461.11	738	8856bd3a85050e87b7ad3319609ba27784ad629c733551d5770be3bd743de09c
ENSG00000116141	ENST00000366917.6	2388	35dc881ebb52ca078f12066c65b4c83d536e1ecc3a87c319cb8951cf4d6fd504
ENSG00000116199	ENST00000263733.5	1230	207e3fc62cbb2d107ccefe8e3ba7288a05ad3a42f52cfce4e6b69cc76b6a3d4a
ENSG00000116329	ENST00000234961.7	1119	5264cb2e5cb15486b07c97728c43e50a6f26577cee280056f0ab3b292df751da
ENSG00000116396	ENST00000438661.3	1881	9a496720ab0bd28f64ccef00a54844a6a16d0b8557124b4afa1c358577a359fb
ENSG00000116731	ENST00000311066.10	5157	887c8dd3212a04ebce59a2a249c586c75aaeade01259da08aebf45a618aa1a26
ENSG00000116783	ENST00000326637.8	2508	c5be1756cdc0092fe50c6a79d233cd3c7683131a77c55a8163d1e280df5c2b0f
ENSG00000116809	ENST00000375743.9	2412	9e762901c113fae5fd8c56f70dc7a773559a8645f06118ab08cfba46e22d1a87
ENSG00000116819	ENST00000373235.4	1329	c6f9572530c3ff687ac7c34e4f829d85f414bc894ac90be4dbef5aea1f0cfc2d
ENSG00000116830	ENST00000369466.9	3489	20fe1a8966d2b29c25b5d90c609cf8bccf5b453c3fe66be4493ddb48a2869515
ENSG00000116833	ENST00000367362.8	1626	22d09227145b303e752fbe63b1ad8b3ceb7b08b3f8597f21bb90fc254e2c1f28
ENSG00000116990	ENST00000372816.3	1095	a3e3b0ef94ec6f4b48b9d2ed03c2cd2889c66ab01f518f93c4fec7ea29d0ae53
ENSG00000117000	ENST00000372771.5	5745	9ff563310e107be400c424ca5a7a74be5866c6cfd243ede9206574c1bf66c90a
ENSG00000117010	ENST00000372699.8	1137	eb4d16d506eccc1e8fe952fd2f7024cb37eb9b781ef2cf7ffdfc7093f89eeeaf
ENSG00000117013	ENST00000347132.10	2088	1c6c41b33619e8acf70d8837bac64aa9d76bc988dad91c67da051e1cbf6c4134
ENSG00000117020	ENST00000673466.1	1440	1b0ab5d5ccfd50c07e2e676c22652baf002748dfd02441b895e5df13874ccb6f
ENSG00000117036	ENST00000368192.9	1539	92b49fd586b885e85745fe2ba08af2db24a86f5cb8831659886d3a504a315ce9
ENSG00000117114	ENST00000686636.1	4410	29f5fa22f39cfbee4f5c03acd849eb7909e46ae14e6192d5547dfe7f9fd8ccab
ENSG00000117174	ENST00000370574.4	1413	b0f51ce9782fd8e32ceb24ffcf461a09dd078e099724d400bed74099a88fc7d2
ENSG00000117266	ENST00000429964.7	1425	a7084fa23ba1df98958a662190c501b866a8bb3478395d524633b01be90b7512
ENSG00000117318	ENST00000374561.6	360	974d94a918970c82bf0f55fdc8d8bf41109252b5a8fb5032bc6ef4c0d73782ca
ENSG00000117650	ENST00000366999.9	1338	80a0a7ad00df42fccbdbc0ff01eaad743461e23917daf152e1616e7243c34b85
ENSG00000117676	ENST00000374168.7	2208	597f1f5b606d6139d70e88636532025020508c9ca525828560b6d00323212ee2
ENSG00000117707	ENST00000366958.9	2214	cf1b304be0be18dad51504ffdabaf6e3a74b31562e69b6dba6ae02b98215f74d
ENSG00000118004	ENST00000349077.9	816	0b9138509769a8deb538e04e9a5c0bc6d4f6fe640be3653c14f298ac7d41f3a1
ENSG00000118046	ENST00000326873.12	1302	80271d39d95ad55ea55b6477e95aae32356d53880668c803401f4eb24c4d9a15
ENSG00000118058	ENST00000534358.8	11919	73c3324f39d83ecd6354307ebbc9db7dd9aa1294c493b35f0d78551e46c768ff
ENSG00000118156	ENST00000391901.8	4041	4541cf52670a3dd807e6e7fe70e4ceb0907ce38b8a58970bc779fff98cf0c9c6
ENSG00000118197	ENST00000331314.11	1860	6889a25637865d877a6b05d7dfe937eec695f29dc45954c01704c0f22a1cbba9
ENSG00000118263	ENST00000309446.11	909	6c88644751a6da2ecac901a3db4bd9986bab8e9fa992dd28e780b962e480a325
ENSG00000118418	ENST00000620514.2	393	d0f2831b1779257191c52c235604200aa0061d9dbfe8e1f709a2986ce15549c5
ENSG00000118491	ENST00000237275.9	669	6c753c79bc9c229beb6ddcd5a8974c3502049cdd150868102d96d4a7b05f035f
ENSG00000118495	ENST00000674357.1	1392	c61c28094eec4c8b10a53681674b01c340fb27cea718cac34e778756eb5faa7a
ENSG00000118496	ENST00000237281.5	2238	75553390fc0456c444f2a56127d4c595efa1610b07406f2c1fff1493d36257f8
ENSG00000118503	ENST00000612899.5	2373	f4ca977e13c68861936caed35621511050e53311dff625d74aeec70a7357db4a
ENSG00000118507	ENST00000431975.7	1047	70e85dc713d1c57c8209e697438af8e87fcd095b6e04690abdf786739597c2ba
ENSG00000118508	ENST00000367495.4	678	194fe917512d819051097d17acb5a6e4ac33ea75ad6574d1dfef1e0d09db8b74
ENSG00000118515	ENST00000367858.10	1581	f23e6009bc5c7d6ac081b4bbbbe1b53defdeaca27feddfe24fad0677535f6072
ENSG00000118526	ENST00000367882.5	540	11cceaedc3a404c666b8ea18665ad96e41af2e73008ce515302ab0c1c5428d31
ENSG00000118620	ENST00000261560.10	1713	487b468091681970276c88e7a330f5ebcc81a2601da9973d8df59f914d7b9bfb
ENSG00000118689	ENST00000406360.2	2022	432470efc2c50c51712e7cd594478c8411c70761ef3b19c8464274375dd13d35
ENSG00000118707	ENST00000373872.9	714	4fd339405d1c02f8803f5dbedde34bb4e30cbced0cd21950cd99b9d1fdb2bcef
ENSG00000118762	ENST00000237596.7	2907	327f3efda05d46e2c90893cbf0220cda44fb13f9d1a099bcd80519af13c5fa8a
ENSG00000118922	ENST00000703967.1	1209	d9bb4c7b43ea02cfe320c660b6d01ff162b2c1645600f8e2ef10a507c105d101
ENSG00000119041	ENST00000263956.8	2661	25137b80361e4d3b7388e013c43725a8e2f0d4b9b33e821f9938eb1f5f525e8e
ENSG00000119042	ENST00000417098.6	2202	9860ca088198ebbe50304336cacb3b0dd5ef5995e693e2c4cc9e8b68b83db6c9
ENSG00000119121	ENST00000360774.6	6069	984d76038e49de290c055c702311c1f124eace7ea35e29e647b1f78a118323cd
ENSG00000119138	ENST00000377126.4	735	7847d6957348e0e93528ef5a674b95f5fc7f447ef508a30e1b5239bf3be9d152
ENSG00000119139	ENST00000377245.9	3573	bc0f83346087b19f5c4f8ecb94517822caff106b48dbc0dfdbb32c8c1d248e46
ENSG00000119408	ENST00000320246.10	942	dac864a546903eb616dfd2213c577ce96a945685db0b71f6a6720f79148334b2
ENSG00000119508	ENST00000395097.7	1881	cef00b5da36883f738cdc593ff9c0ae41e5233a4add45696c16dfcbe7cf95c70
ENSG00000119547	ENST00000491143.3	1515	38c78568daa8ce9ae15863a2065827b5f401d0271d026e13a26055dce332d441
ENSG00000119574	ENST00000594051.6	1536	d44c2e746b9de92e7ae4a6eb405ad82b7cfd2dcf37b611e3eaf7e1f3a00a2a0c
ENSG00000119608	ENST00000556489.4	1779	cc1cebd81df0332887ba8b17233a33bbe5582a61f22986690e82665b40fffcd3
ENSG00000119614	ENST00000261980.3	1086	881ed62790a2c464b08d10f984785a25b2d5bb81440efdb2f99f0285f580fefa
ENSG00000119638	ENST00000238616.10	2940	1d37013551f69b0866b07749610b3e65cae772d46cf719fa0c0a893da1d177d2
ENSG00000119703	ENST00000524913.3	1371	26f266c463ecefe32413ef80e29a4b8e251e3ed33cf1241af92f06ade37744be
ENSG00000119714	ENST00000650645.1	1098	32a93ac77c015b6210e2fdafbb8954682f24ba14eb7e243807305471af0a75f1
ENSG00000119725	ENST00000555044.6	1437	bad373c3a3decc0ed33395d870ed0bb2b3318ad2ca0641c2beb6cbfb0f347bc2
ENSG00000119737	ENST00000394705.3	1623	7026a729e388b7f8801822c604ec2d3d98541fa639fb605887eca4462b54a7fe
ENSG00000119866	ENST00000642384.2	2508	b8f507573180f610077b5a27310095d4434009dc0b9bcd09ab0049f9040f734b
ENSG00000119919	ENST00000344586.9	1095	c734b771805e331e1b8dd3e08f0589f8b11a51a37c79ee628c9d0734afd38720
ENSG00000119950	ENST00000332674.9	888	ea61c0bb89aec56c73cebcedc2cb287152b202773a0e47fdabbe01cdf102917f
ENSG00000120068	ENST00000239144.5	732	613a78df2d5c86ec90ff89e87230ef6683183b07885e91206522308b5e821358
ENSG00000120075	ENST00000239151.6	810	06abec0adc7e4cbfe7fb405d5a45997d60f2ecde843661c04d99626e3a70f77d
ENSG00000120093	ENST00000498678.6	1296	2f306229a850713878e5c053facaaa1aeec4647fbcf5298a4359c2bbcec52995
ENSG00000120094	ENST00000239174.7	906	9e323993b807dcd00ae3778ad8f26c9cf2ab23d8e5f12b176cbcb4a62bc221a8
ENSG00000120129	ENST00000239223.4	1104	548d4919c5b9e8c727c5d4842646ec9f551f4b10b1bb6657537448f70c5761ef
ENSG00000120137	ENST00000239231.7	1113	cca377d1e3aa994436603f15163146effc579fe1b1ce1730fc6febb6c3e6448f
ENSG00000120149	ENST00000239243.7	804	e62d52cb8ec48f33b933c06145c86098d73846c717ec66d35532e4e1af908164
ENSG00000120156	ENST00000380036.10	3375	6fc5becfdd24c06f8b69cee7768ccb8abf0af32a23f721e4baee07bcb695c57f
ENSG00000120162	ENST00000262244.6	651	9fb5c894e83956f729228920584f0e5c693df7661d684b57cc955b143531175a
ENSG00000120436	ENST00000366834.2	960	0bb705ad1d33025f792941ab5ec76ebf09ab0753f4f8697876143b87109d4327
ENSG00000120457	ENST00000529694.6	1260	fe62e82291421d67acc6c62cf792cf4f6cd6214654fea2f0709d5b7f7bc7f65b
ENSG00000120539	ENST00000375940.9	2640	c3dac2100fb6189c1ae800a3acbe0f4ca9d8c73071ab0aab6c1cb25fc6c4f17a
ENSG00000120656	ENST00000373824.9	486	37dc475d55ab67ac85eb811425eb1e37ed6c21e6f999f585f7589b2fd636a469
ENSG00000120669	ENST00000379881.8	1278	7f7731b402100d86e4a17e2682454a70148470dbc34d4d5fed93caa70e77f9d7
ENSG00000120688	ENST00000379487.5	1131	ede4037ab9d760c6115bc88169e9ce47cdee2d21b5b2dd14e4be1d62e5a2c838
ENSG00000120690	ENST00000239882.7	1860	76748c9f80bd8a452f907c14ac4de7bcbeef0832b6cc0bfba1ac5daad542f64c
ENSG00000120738	ENST00000239938.5	1632	79677e621b1a4bf415b3bf9ff119723bda2ccb08af955a28139a767ae1dc2e54
ENSG00000120784	ENST00000684514.1	1560	2910486880159bd3c4cc9e6de144e296819f8fbf8c04b177e505c8f6ceeb926f
ENSG00000120798	ENST00000333003.10	1812	16da960fbaa442990b84796178fa996dd38edc47f01debb6834dd46a73d8563a
ENSG00000120837	ENST00000240055.8	624	0c911ccb180d5fa906cd473e6a3748bb1f50a9fa92c94201b3e293079392c7b0
ENSG00000120875	ENST00000240100.7	1185	558357f6055c8da6c240467614179a33a6a7d69ae3799feff064efa11af89f48
ENSG00000120899	ENST00000346049.10	3030	2a0bdd9f68e095e8facd6ba64f0e5e00abe3d45746ca3c77c1150c4aaa05bab7
ENSG00000120907	ENST00000380573.4	1401	52a5fc94e1964fbcfd4614adf1ac6b36a433ba2b03605d1e1c8dc168556a05af
ENSG00000120963	ENST00000311212.9	231	c31296f6c822656d04b0567b490fc4a4568dcac1b33008f724d2daf9de9862d3
ENSG00000121057	ENST00000337714.8	2712	99c8fe4c0215ca0c54befa651bbec1a45588bd72cce69dc45b7c88feecbe59c5
ENSG00000121068	ENST00000240328.4	2139	0327913ce104d2e4bd24bc224c592bbe6220f6baeb8d5ef6e15af8f56ed3c766
ENSG00000121075	ENST00000644296.1	1641	0992ed8785d407e646839dbf54b7251d5da88139bda8644fb48d83cf0bad52c5
ENSG00000121297	ENST00000240587.5	3246	cf5fe616212795a9c88b7723eb3b89c1f57a915f5d5a463bf9c6eee2a49fc899
ENSG00000121361	ENST00000240662.3	1275	97ad82152beadf9762d9648bec3293d03dfa49ccc8dbc0cd7cc3e17397a51e49
ENSG00000121406	ENST00000376233.8	1923	ffb4d901dec796958410dcb59ef41285c6a6c8ab7f0ead760e551abdfc86bd4a
ENSG00000121413	ENST00000601144.6	1533	afe01599d3a49e4594e45310fec2ad161d37348df33fc73574d820713d5c86b5
ENSG00000121417	ENST00000240731.5	1734	ab103a86303a8c44b7d66ed5136d5a2c471f83e67cb46199955262236762f4c9
ENSG00000121440	ENST00000263666.9	3201	d8adfa84e7fa5fcdba1cf52c367df1fe73725c54acfe28a147849f7fc84eab6e
ENSG00000121454	ENST00000263726.4	1173	4758f634339a6d0e3e83c31306d4efc3755fb3127c8fbbbf2cc1452456a732ef
ENSG00000121486	ENST00000367506.10	2202	726ad1f88c03433ed861cf74cf52a239f0b7ed47dc0ca117a473cb8d26231d2a
ENSG00000121741	ENST00000610343.5	4134	7c4467e8090112f37a0600ff9483cfabd9451231afb270a758cb7f4853a27d3f
ENSG00000121753	ENST00000373658.8	4758	14816312214ca31dca035ff3a30df61c53c7d15648ee6aa533903c9b8e9995ce
ENSG00000121766	ENST00000344147.10	726	59fe24118cbc777e129b098acba6613985682d157d1f00b88e817e6bbedb1043
ENSG00000121797	ENST00000399036.4	1035	7727a173b663bee91b0a2f61754ce78c28b8d5045f8cc3643fa02ec8464d532d
ENSG00000121807	ENST00000445132.3	1083	b9a82abd6db1be29c96c4ec261225049eb4bb9256aa255318813bd92ebacb0c2
ENSG00000121864	ENST00000496856.6	1458	47ed3a4b53a8e7916bff6d15bbba82658faecd918fd67b55e8903a4e2f5c7d93
ENSG00000121879	ENST00000263967.4	3207	f665b5d27292a1487c914c7924f2171493e7798424fea409d2d4345282bfb644
ENSG00000121903	ENST00000684572.1	3132	e2946baf8ed78e03edbf74487a430a9ef68c4e029e39432a495e83940e289440
ENSG00000121966	ENST00000241393.4	1059	107823b667cdabd5dd616423d83fb9c39ae5ddee365dbee055f1346e02b64fbb
ENSG00000121988	ENST00000264159.11	3240	cfa720fa3a3138778677ab3e1cebfebd8ad10fab5ffb42987dd1c5c4ef03f31a
ENSG00000121989	ENST00000241416.12	1542	e2ea9e024356ff0280cc865e2387d78f19a91cf821e53311725168595019d422
ENSG00000122008	ENST00000241436.9	2613	58e4812a42b8eacd0eaaf3708034979c5cc677dc2066b10f2db4c968934a3336
ENSG00000122025	ENST00000241453.12	2982	cb780a3c16a6f0626b5770fbc82710a0c7aa188bcd5f8bd09a4b017b475c61d6
ENSG00000122034	ENST00000381140.10	1098	5946c3f0efdc2553e3df0692d8d34533114403f7983a104e04e46942743e6f9a
ENSG00000122145	ENST00000373296.8	1563	ccec0153ac63c08dca448c68e4ccf2fef7e1f2015116e9db383348416a03a29e
ENSG00000122180	ENST00000241651.5	675	17d462ef84689a87ba1672c086e8cfae27219ee5bb6b703f2ea17ccd93b65c82
ENSG00000122299	ENST00000355758.9	2916	63352d09d38703f4ba7efbea10201c540a29378caf839eb43c86ec44c8cc8be3
ENSG00000122386	ENST00000219091.9	1665	6d235b60c43b422f86b82ecb08ca39d8b7cab1fa96f0136ccb65bf5abf18f5b0
ENSG00000122435	ENST00000370141.8	1446	9b9fe56aa86cc237cef74d6b8126ccb16215ddf6dfb18b93a6908908b3d4e10e
ENSG00000122482	ENST00000337393.10	3984	135103e785e1e6fd8201ab80969423947ba10fb1e576bc8d22b7fa6e05f02ffc
ENSG00000122515	ENST00000309315.9	2763	4c9cd1dc97bef13b5631a1d7f447c3c514ebc10b33a66a7e5f087fb625c58efc
ENSG00000122592	ENST00000242159.5	693	a225de35a5ab19337ea53f1f8a2d94e001b1ca78ba2453d39c144a0e418bd44c
ENSG00000122691	ENST00000242261.6	609	4dd7f0c08aa5648dd5438fc8e20f9f7b300fc80d8cf7bc77876aa28428c0d668
ENSG00000122852	ENST00000398636.8	747	2b48c804b62ad8cf5d813a105f052f416e862b4294332830d95d9bc83ddca923
ENSG00000122859	ENST00000242462.5	645	d3ca1ce7178606ab3c92b3b67dc638cc17866c4512263cedfc4f7c56cc84aa22
ENSG00000122877	ENST00000242480.4	1431	9d89f93bc8a61b5e08cb71423fa566f9679e68d51a393d1df53cf1353e3f7086
ENSG00000122966	ENST00000392521.7	6210	611705973512264e8e4d1a0431f2e60631f10af861d45bcd9e97a6d186ecf6c3
ENSG00000122986	ENST00000242607.13	822	9f5bbf81493a9c5ee93ed5e3ab6a2c20a3b82c1e414296b1e54f2b3273193981
ENSG00000123095	ENST00000242728.5	1449	e0e8ec99349e68e8b290516786c7265dfa67a9d7d1a84c56eee0c0944ee14d54
ENSG00000123143	ENST00000242783.11	2829	0390c59456e51a0d633ddcddac9074cece670bf5d644455ae07608a03df44a7e
ENSG00000123146	ENST00000242786.6	2508	92e57415135e4dad50263c3075f98a3747de5603e5efe28300aae113f221e3f7
ENSG00000123200	ENST00000679008.1	5010	98f7ed0ca64e6efabb6ebdbb687fc7747f3741ac5d66afe415ce39a0911ca614
ENSG00000123240	ENST00000378747.8	1734	b8b44556bd659dfa5cf8d72ca1889fec1f05e99ce9833ed21728523e3eeec40e
ENSG00000123307	ENST00000242994.4	996	954d5891ba4ebe7b8547fbb61455df2f60ead04b8090eb061d88971b980b3445
ENSG00000123358	ENST00000394825.6	1797	ccec66f6ea2732a9537ebb4e8b67efede6274cafbe5512110b90a4f72748fb7f
ENSG00000123364	ENST00000243056.5	993	be505158a7dbc8dc4d0763b04a9d9439870a849f043bb01727fc492472be601d
ENSG00000123374	ENST00000266970.9	897	73369285cb2e811484011e63b6457e1d0aef2f0ed63319789a5f89d5ad75bdc7
ENSG00000123388	ENST00000546378.1	915	add39cecfb6461c6fc1874d78d75045efde4a1889ffb635431f8df6c24c58e4e
ENSG00000123407	ENST00000243103.4	849	6504c7811761cd3ec76156672a1eb06b96784032a18515f0ceb0a951a4cf0c56
ENSG00000123411	ENST00000547167.6	1758	a28666088b6a21e09974a779278fff432bbcba1caaec9b8a053aeeff7323f2f9
ENSG00000123576	ENST00000372588.4	1221	54fbc5886c9ca02e3f888ab477550457363dca7e9e2b33abb7dff25920002961
ENSG00000123612	ENST00000243349.13	1482	fe795553f0a969ca22dd615d5322d5fdebde34d152fa9547d00bc8c90bb86af5
ENSG00000123700	ENST00000243457.4	1284	4e1d3d745350aa86e9ecb93f4c6fa3f6c7dabaa1759bf6c0029ec3cd4198c0e9
ENSG00000123836	ENST00000367080.8	1518	7a3b2e8f4dbfcbe60e8e331632bececf82fae8e5dfba8d52e3dabbffa5e697a0
ENSG00000123901	ENST00000243673.7	1272	7efe4290d48224db923e9276f2fec802df01691fdfda75da7fab49b557145a93
ENSG00000123933	ENST00000337190.7	630	049f22a8f7bd45767b396d0dce10399cdc0c562dd59552946cb78032912d4f72
ENSG00000124134	ENST00000537075.3	1581	e2340fa05951bfdd7d324c686ffcd2618dbaa299560392cf7592bef77b1650c6
ENSG00000124151	ENST00000371998.8	4275	5184d26998961a3017bc9b1adf4ebdc8004c476f09b87361008480ff924216a7
ENSG00000124191	ENST00000341197.9	1521	c2ecf3a7592e9ceaf47ca76ad6ffd98c0d6e6ef636812522a4726708a2fd7029
ENSG00000124196	ENST00000373003.2	447	0ad084988388249557b83071a39ab9fca6559acbaf536080b8a840ab44ffb492
ENSG00000124198	ENST00000371917.5	5358	b2bfa49ddb7ae8834a2ce5204ffaa164935b46ce21e2696283b1deebcf9fb3ff
ENSG00000124201	ENST00000396105.6	5757	dcdd8b41ecb8602dd55f75efc6cda391c976c0acc2459905387ec247fa0c0356
ENSG00000124203	ENST00000371030.4	5034	ca1e7493d8106d83e5e2d9852b2bdd03208f4ef06bd74bab411f26ff53bcbfd5
ENSG00000124216	ENST00000244050.3	795	3ee81682a1094a131b976197bdea9cdf42d5c966fce94388dfb6a5f080626caa
ENSG00000124249	ENST00000372861.5	993	2c6da103c200e0acf81a6294126cb99662f6bdb57aa433a37606647020c12de5
ENSG00000124440	ENST00000377670.9	2010	cd96f20fecff850ef84e740552b01b1146e2aefd6e7a7f2cf37ae03d6113cff7
ENSG00000124444	ENST00000336564.5	513	b570944e8f5a87cb083ed64a5c5f71c6b427fb6fb84fa917936c728432d4b5d4
ENSG00000124459	ENST00000269973.10	2049	ae5d72a33c1300bd249983e3b36b4b04bbe8f1a951d642e3580c792ae207bb10
ENSG00000124496	ENST00000695948.1	3639	58df11a07510fee63d00a3e3d4282ff4673aab6e38db3b2eb9728956015cfbc5
ENSG00000124535	ENST00000380773.9	1998	023552940b4d699d036c017db7ba25a0cfe41acd90f03f7b76cf7452bf582303
ENSG00000124562	ENST00000244520.10	480	57445c0126d40d4594abe70e9ba2d4cf8c729b566b6b58cc2537dc43708dbe6b
ENSG00000124613	ENST00000244576.9	1077	1992fb751f950542d8a12061bbc2f3b76d84a8f53f93b482b9e049b5adc4e916
ENSG00000124657	ENST00000244623.1	942	967e3df9d1bf5fa4364b216143fb634ab26e978293caa9864dcccf853a52f67a
ENSG00000124664	ENST00000374037.8	1008	d4a357d46cf9a693d948a95a5c835983717fbb9c493c97c8622504f571d49119
ENSG00000124766	ENST00000244745.4	1425	104c69a7ad6d0f75b2210366ea8565b08b58bddb6ea1ae33408d1203fb35df50
ENSG00000124780	ENST00000373231.9	999	3b28d2dec6b06cb2bd91eb9d3a610a7742b6b950253fa0952aa92ac5034850af
ENSG00000124782	ENST00000379938.7	5229	90aa7cf3e83a446459476582fc66e1dbf9893ff5efd0fb532f976afb5e5f21a4
ENSG00000124784	ENST00000379834.7	1707	c6470b9303b5d346ed8ac0e9f4945d914088538ccf5daaca5d9b8810b9539a27
ENSG00000124789	ENST00000262077.3	4428	6f8cbb573f36611f161ecc011a6af4cb80320a84d76e3135f922fcb984e19710
ENSG00000124813	ENST00000647337.2	1566	a6e4a11bb77dc493437733f4204e15786477da307856bbd828bbde2c477692ba
ENSG00000125245	ENST00000397470.5	996	0b7290798a3fcb5ab1aa5ce40f06c6129e2c65979ae3bd6833d457bdf29c5161
ENSG00000125285	ENST00000376945.4	831	74dd45b0e1ff064a83d931de065073e4c07c8cd22c6fcf4e8310af8e80045f4e
ENSG00000125352	ENST00000371442.4	1032	32f2fde787347daec3891b1f498aab082ae3663c8ecaffc0a93d724d909e172a
ENSG00000125388	ENST00000398052.9	1737	2d62a4a38f23874087b719e35eb94064514dd7c53470cbfb33414d183c3b8ce1
ENSG00000125398	ENST00000245479.3	1530	cd4e1853e839985ce1569e4d8e7e7374c730ad99e93c2efbc6f167d0af379edc
ENSG00000125484	ENST00000372146.5	2469	8489a6868116bb29b2f5ba2a502971df6665b65df10d664eda7bb8bc760d3e06
ENSG00000125492	ENST00000263610.7	984	26d708fee72fff614d62d5af0cbbe2da1e90b07895b7f187b275629d71ece8fb
ENSG00000125498	ENST00000336077.11	1047	656cdaa5932bea85b810eae7521724092e4fe02bd2414b4586fcc85e95b42e0e
ENSG00000125508	ENST00000217188.2	1467	f45de879103b3186f5561da254b971ebbdef79df91b679fdc8dcd49fb3410897
ENSG00000125510	ENST00000336866.7	1113	2dcebf5479eafdae587d6fb36f044d8589fbca0ddf6db7bc06fd685dbbc76c56
ENSG00000125520	ENST00000266077.5	1164	3ea6a4125a704bac3ae6e81aee6d67cb7588090e65fdc81a836723e517518755
ENSG00000125533	ENST00000612929.2	726	b33e1e3c3cc04618bfc1db35fe8a5c72dcb58af09a0a467c82fa61abd6d19b57
ENSG00000125618	ENST00000429538.8	1353	6b04b37b7b8ddcf3ee9590728fe9295ebd0216eeca9898a63168b2dac7290469
ENSG00000125651	ENST00000394456.10	1554	1863ab682a268f4a1d69bcc4cd8cbff3e58bfc79cf6fce22f8cb67d137437281
ENSG00000125740	ENST00000353609.8	1017	83681da7b8de5b1648b5f8e09a423efde1f7679b54dbaaf2fbebb53eba460eef
ENSG00000125779	ENST00000610179.7	1383	2ee9fa9f3d151a06a0082e989c0f8aef16f1bb343a1756928369612c2044af3d
ENSG00000125798	ENST00000419308.7	1392	eca442c9fbb6a35ea1c7a8c2c2207d30e7f24df2075b1662ab73046955dd633d
ENSG00000125810	ENST00000246006.5	1959	11555d9e27f361d9e826092465988c91a463516e617ffc8fe4ec62421255bfc5
ENSG00000125812	ENST00000338121.10	2136	fb90bfd334b03fe4790b4b3d8bed6953ede8fa9f97a50d83d4f74ec8f62b5b3c
ENSG00000125816	ENST00000351817.5	1065	09a5fb19870111907aeea94f5d0da7f4825f6413ab2370fe96b410895e00ac55
ENSG00000125820	ENST00000377142.5	822	2b6c97886b0607c3e0416c33cfe556992eea9e8acc29ba6d653230d1b0189f49
ENSG00000125826	ENST00000356286.10	1533	29877cafe354bf0bda2fae0bc864da9dd673adb504a3fd42cbb656acfee55610
ENSG00000125834	ENST00000381482.8	1605	8fd62844adcd536136552f9c57da256876a024b6333932f71c8c065e6d079b59
ENSG00000125846	ENST00000425686.3	1965	b9ebf5b7c47803def9a6d02e42602ecc7417e3a199d5f77cbba0ea1746d0d858
ENSG00000125850	ENST00000278780.7	828	30908abeac889e1a6a01bcb258dd48867947da8cf53263d5c5fabb8b7521cf9d
ENSG00000125878	ENST00000246080.4	600	a668018d9030487f559a2027ae12f5a79ae9f17bfc9fb21a83daee1b7d5c08f6
ENSG00000125945	ENST00000314011.9	1413	4e8f7e93a354c066ff65eee78305ca85df8b412044150e54646ee6aafd02abc6
ENSG00000125952	ENST00000358664.9	483	d49780aa1a915099797e47cc07efbb7bfca305bbbdac3b1b290cc91f131441c5
ENSG00000125968	ENST00000376112.4	468	e047e87284bf370ea70c1d89e73df632025fbe5219ada0fe6aab646c9c9757cc
ENSG00000126003	ENST00000246229.5	1491	e07f3af975a15a872ed363044fd4b4e75ac3821e7f622db06d40ce969a5b4b8b
ENSG00000126251	ENST00000454971.3	1041	ff844862c4ba89b198b318fa799d75fb3ef1fddec99866c168f24e23e6c4e722
ENSG00000126353	ENST00000246657.2	1137	aa413348d94ccdf5487daec83650029cb3200c79e53b23c90469d1db756ac471
ENSG00000126368	ENST00000246672.4	1845	b7c6e7584de565216dbf10191a8d7c366ae668caa1660fd4a1bc68927590ea01
ENSG00000126562	ENST00000246914.10	3732	f311b4e7ca834d645a50fc9c868efd0af8c5f00b3559982ee783e75a1118c6ce
ENSG00000126583	ENST00000263431.4	2094	0cbc948228f9d05ad1c05be8e1f8089f8da8661db627cef1aadbd0bd49ed7dbe
ENSG00000126603	ENST00000433375.2	1575	528a65551c1582c8f0f62cfa926eb23b706401ca787ea5e582458a5cde0707fd
ENSG00000126746	ENST00000683879.1	1827	d7ceb19273100df1ca9832751f36e4cbe17df823c445a8b9a4a2cc9da1703e1b
ENSG00000126767	ENST00000376983.8	1287	78edb34d8d74bcbf8027367081a0fff86ecbd46e02f1a96a1549a69f863c8a2e
ENSG00000126778	ENST00000645694.3	855	69ddd039a6ef290ca9ccfd1bea25efbb4c43b6e0d846930ca13a0da838dab46a
ENSG00000126804	ENST00000683701.1	2142	e39c31568a27b3ee7802a5641cedc83f3cc1f2130687e54d39a9b0eec7d967ac
ENSG00000126856	ENST00000449207.8	1479	ecbb653e89138b1050d978575fe5e30dbd4b920f17c2634722d589b1da9ba01f
ENSG00000126934	ENST00000262948.10	1203	f5768b3558c647ae63359b8ffe19196ef57f5b05df56261e79a182cfbf6a17b4
ENSG00000126970	ENST00000374839.8	675	14d26672087826a9aee9038e214df94004ff66cc76d87ac750ffcbb276281118
ENSG00000127081	ENST00000375495.8	2559	7ef68e6508b25dde5bd42e4deb89fcb1c261574ee50ba465e552d5942afdbe3e
ENSG00000127084	ENST00000375482.8	2178	4b5735c2cd7033fc2a401ccc616d36875ec0390d156b02e84bf7a8f017a00115
ENSG00000127124	ENST00000372583.6	7221	22c1964a79bda60a8defccb051cfe62eadec01c454bbc7cea9ea3be80af30b78
ENSG00000127152	ENST00000357195.8	2685	57ae8cfc1389cbfd95a1270b88422cfef35ce179bf7bd729b9603d3d0ef9f649
ENSG00000127191	ENST00000247668.7	1506	9de3dd19db80f9814c160b9f0c9303bb76a3018a4b106ce47020ade852c5e076
ENSG00000127412	ENST00000265310.6	2190	6dfdda1ad1b7d793878a2c7da64efa7c5b510b4e7528b26e129032ddfc23e01a
ENSG00000127507	ENST00000315576.8	2472	79bf850da7c27fa86145f5da3a06c8f508048442123f9bc56541c5006ac55aa1
ENSG00000127515	ENST00000641129.1	930	9eeb0860f71f67d1caf957131bead6fc12a9cef887402747f7f6da0de04eabde
ENSG00000127528	ENST00000248071.6	1068	be4cb8f6e2bc35ee8549272662a76458ff754a12a93c599fb34b674101583c6d
ENSG00000127529	ENST00000248072.3	960	1ca2e82158b497dd32f60f2421fc2d706b098103d39c16b127b3d049b43d9156
ENSG00000127530	ENST00000641666.2	963	28b48d886562363e40e50ef99f50068a77afc23014c9d036816e595fb7eddccc
ENSG00000127780	ENST00000248384.1	972	133674a4318584a4dfa8a15a574b834311f8a62c8e012bd72bcc45cc963119d0
ENSG00000127903	ENST00000537055.4	1614	e06b319ddfa5c7db0b0bd2570ed7d0500da3f893e9142c210e0ae2ff614e79eb
ENSG00000127914	ENST00000356239.8	11724	21a85a2a7e6dd9895fb73bbfe878085417a7c218e5de37e0940f3c91cd425410
ENSG00000127952	ENST00000359697.8	942	f33894b23d1af517991ba73fed601923bbde4e5b051a3f74dfd0e8862ec5025d
ENSG00000128000	ENST00000434248.6	2502	f73210fcb9fb248a21c0a5857596d2e3a55869947764da92fb4c803502a7348e
ENSG00000128016	ENST00000597629.3	981	2c96eb30e2d31a22c6ce83ab3baa2bdf4066af2dd3463fe9ba04b4992d56bb2e
ENSG00000128052	ENST00000263923.5	4071	e46404aa5817023233ff7bc136d0be0ead895717d105982567403f18acadc701
ENSG00000128573	ENST00000350908.9	2148	7e1e4e24e382cb6f943a06b7dd09fc681da20f8e7628ad40fda2d5e9ef9ae045
ENSG00000128602	ENST00000249373.8	2364	78f76b72459037d1e656e4a14637acdcf0054ee215a88eb9f4c800ff7cb92347
ENSG00000128610	ENST00000442488.7	1428	ed82098b9e29678cc417719b6393471504d4855645e178b91236cf2e400c8729
ENSG00000128645	ENST00000331462.6	987	5d738ecaeb3e30a41e1cc71bbc2a0d6b40f3654ed6df726a9315fd81618d167c
ENSG00000128652	ENST00000683222.1	1299	c078187609bcf1e2b66483af3cd4368154db66ee581ba0d485cb29b29be47b2a
ENSG00000128709	ENST00000249499.8	1059	4b4deedf61124233b7ac784e8ae99a60106edbc7f714d71365fa7a464e487484
ENSG00000128710	ENST00000249501.5	1023	90cbff68dfcfcac97ba96e800ea123f9b11e920c5b516b97bdd28ffe1841eeb2
ENSG00000128713	ENST00000249504.7	1017	68f93c764939dc0ab2e3c177f0b3193ee5c1320737ee5deccb60efc66da4e9fd
ENSG00000128714	ENST00000392539.4	1032	e29cac70bb74725aafaca0c7920b0c08700f911f2e25b03a867cd8cffd50bbe6
ENSG00000128731	ENST00000261609.13	14505	03367b459ddce1dad3371ca75c83a2ed06a31e0ecdb6bb66a63eae507d4e64d2
ENSG00000128829	ENST00000263791.10	4950	5e1625a1f07a4cca48be200e4782d392c37a7ad90110da46ee1738d23a4534e0
ENSG00000129048	ENST00000249887.3	1053	bd557f8e71de52754cd97777d3b98510c2553fd8551efdf86a9c247b6cf8222f
ENSG00000129152	ENST00000250003.4	963	4f773225b8d9b86f01fc71ed4cbd56e0c4947083380bce1a437299135de02255
ENSG00000129159	ENST00000265969.8	1758	2eee5beb6b58817eed84a943e5b2c2e0186e01a693406cd13d81007839962469
ENSG00000129173	ENST00000250024.9	2604	fe3558e6c6dc5b406df53f320622995ebd7d4f1129d03535b20be752804a4fe1
ENSG00000129194	ENST00000250055.3	702	ef376879dd8bdd7e09710264936f7ac47285582996b0aa1d955121d034418178
ENSG00000129465	ENST00000216274.10	1557	5a4e67bcf1ca6d726a7aaae326bbfe82d667a422f8d56fe8a636ab702bc9583d
ENSG00000129514	ENST00000250448.5	1419	cd6197834d7796e15178311be83ca2e99e8a7c8ca48d42da8851ffd4d94d5db9
ENSG00000129535	ENST00000561028.6	714	5682e3cff5420ac2dd4a63cbf89cb822eba2917f264cf91733d9cde5f6b0bac9
ENSG00000129654	ENST00000322957.7	1266	0db4fd79d8f00b4476f463431f447fa6551fb5ed5cd36372c4e1b70b17665a7c
ENSG00000129911	ENST00000250916.6	759	1c49fcd1b087c2f626ef72c0aa8fe9c05364187bbd52ed95172870d40fb03f0a
ENSG00000129993	ENST00000268679.9	1962	37378551a7ea559dd33815f476b30fcb32f1cd062d671a1f048562518a998eed
ENSG00000130037	ENST00000252321.5	1842	9fa046ab0b35c9b68e237123a83a082eb34fb29caa8e9684556ed72f7e134615
ENSG00000130182	ENST00000576985.6	2343	35c92a2c5ced3590d4d3363848df92ac93476f1378dd0efbc33b75296eb92be2
ENSG00000130287	ENST00000252575.11	3966	7c4d24a3a82214cd1bd9a854fcb514a25cc49fd2cac673254841437a6010a1b5
ENSG00000130368	ENST00000674077.2	978	a3e095eef8692eddc32d75d189da7a1d6c3b4f030976c7e134d6ea2efe58da9e
ENSG00000130413	ENST00000687296.1	1545	55f0e1687061c3e78b80f19f4f89c612ad973bc97561c8fcabca6851d72032f1
ENSG00000130449	ENST00000252744.6	3648	968e0f0280991ba0b5cef288faa3a4a32d0e753485c8772d9e1740b93097641a
ENSG00000130522	ENST00000252818.5	1044	b29ad34d35df6c0666b2f5307c9dafd1fade65c3035c4c203df4e99efed4d168
ENSG00000130529	ENST00000252826.10	3645	f4ec74e31aadbfe183d75be17a9a557f010e122e33a4cf0ef6baaf4aca013433
ENSG00000130538	ENST00000643195.1	948	e2c4d908464549253623de2a19d1dc2258a2bc7d91c9098f12ebcd78111b964f
ENSG00000130544	ENST00000252840.11	1293	226fddc9f7a8d8dbf1c6f93a2abc1e119ae07c37e0f9fcb9ec470321f92f12b3
ENSG00000130584	ENST00000245663.9	1770	b2ed1979bafd786074fc348db2a3fabe5293042b8193f55c3a2a0eeb1eb08227
ENSG00000130589	ENST00000467148.2	7950	f46ec07512e9556f37eea6e6c5903f2d03b4122bbad79614f69584ee0e46d924
ENSG00000130669	ENST00000360442.8	1776	e99cdf024bee51e1fac3b6465a09a443863db13b664341dd775d63b14ab6a0b3
ENSG00000130675	ENST00000252971.11	1206	87e523948edef07d3b3f25f4f6ea407fcc03561c43ffa8ab9415e1bea08f2a9f
ENSG00000130684	ENST00000252979.6	2256	21a0908c65fb10253a85ac7fe126de6694e24fe64558f7d8173ecd63666ab208
ENSG00000130699	ENST00000252996.9	3258	9b73d5680344d6961e23de46f72177498fe1a8c1ece776777aaebc2ae6cdcc7e
ENSG00000130700	ENST00000252997.3	1194	f0f5470b79c240e1a177d29e4f4a8b46e83c04011e7c2bccd48faa6169547263
ENSG00000130711	ENST00000253008.3	1104	4fd14d400916c31381bbfc41dc6514267e16675ec3b02ad23fc88ab61818c3ef
ENSG00000130717	ENST00000372215.5	834	551d9413c869f992b313c526914f9ceb156c64efc896dfe8ca1b8c1370d03f8f
ENSG00000130749	ENST00000253048.10	3912	e1adc40531c097f8a79c7e3b700aaaee56151a60aaabd43bbc377c62a4cae691
ENSG00000130751	ENST00000602212.6	1773	c1a6d5a9f5df2faa259163987c023bcefb7f05d17881be01f6e9e3891ba53010
ENSG00000130758	ENST00000253055.8	2865	6e3f204bc9c4c217f6dfe5fd7632a2a8abc1e72d6fa065e36df2c9c1ddef598d
ENSG00000130803	ENST00000247956.11	1788	8c60a8bda62f98dba0b2dbe75e88c05b02ba9f5c97fd084bd336a6ec7c7590d8
ENSG00000130816	ENST00000359526.9	4899	ee329beb737cae301d551ec98eecaafb73dfea4d05ddb16bf009385df8cefd1f
ENSG00000130818	ENST00000253115.7	1665	fe0091a7e70f1472b43ed5a4853305eb10c9689a57b63a4cd821f3e783e8992a
ENSG00000130829	ENST00000342782.4	1155	3e999a9501d1a5492ed242eee96e71791b65fed54f16a7b18e3486f3c1b8a91c
ENSG00000130830	ENST00000369534.8	1401	4629d732cd0af0c76c6ea8ada83fa7fb78ee63b4d481e8ba8ae8919160cd39f0
ENSG00000130844	ENST00000449416.6	1392	d66785171720661c06267b92b34932003e58b38106352a6387f7db687d8c4696
ENSG00000130856	ENST00000320610.14	5544	b4bec9fc87e7a5e72bb353e23991d5be9743ae81a9ba21ef15ece62a1bf06475
ENSG00000130940	ENST00000377022.8	5280	850fa3c38b368697fae75923cc732ae29f8329c9a320b4252e68d137b48280ee
ENSG00000131016	ENST00000402676.7	5349	70d143ee028386873599fccc3f9fec7c1a8106a0e9015d84fbc8878b00fb2ab3
ENSG00000131023	ENST00000543571.6	3393	dade6a44411c7421539d7a6ce3314a3adcb93530307b80e4bc43028dbe208dc9
ENSG00000131042	ENST00000314446.10	1794	1df58d3e7eaa7852dc01cd70f8ca063dbfb0d1733927b3a36177a3c56d21b4f7
ENSG00000131061	ENST00000375200.6	2565	cfeaffb5bb76f672853d0e7a3ce779f9536af2edf0469304f6f4185db02220ac
ENSG00000131115	ENST00000313040.12	2400	e0d481de9937f3f27e83a3ad1342f93b0b769efe5fefc042a7e693f2ecae6481
ENSG00000131116	ENST00000300811.8	567	bdefae76665e222ca64f53464d599dde8f76afcd2bcc0edd76323ae9d898a1c7
ENSG00000131127	ENST00000240499.8	1425	c75b1b06134a77538dad7b2e5904bad8b9de2d7364bfa77b9497b72ead4abd16
ENSG00000131264	ENST00000373514.3	855	17427cfbd87b28db4fd9b597061ae298c8c901a8a066af50df79de4eeb6681c4
ENSG00000131323	ENST00000392745.8	1707	596d1f2de589c104d23207be24230fc9c8c137f4c1ce4c90e37d21731fcb690f
ENSG00000131355	ENST00000253673.6	1959	5771f355705c6b974f35712d9b9089cdd2b791bc9828028d0266546aa1f86344
ENSG00000131381	ENST00000253699.7	2355	14965915e75269dd0abf72ca985d9ab013dbd9f0e1e721db2f3065d84bb0ce78
ENSG00000131398	ENST00000477616.2	2274	501e18cdbcc56fc7380745e15802c404f8ea062d91269a6ca2587b0bfc5ee34b
ENSG00000131408	ENST00000253727.10	1383	d9ed98c67c906a3e1021ec8c00afbcfbab306fb7c254d8974115c9ce2937075f
ENSG00000131653	ENST00000326181.11	2013	df2b66ab0d6d47f162462b2f46eee25d884a1133bacf4cf5a062aa28bbd5e80c
ENSG00000131668	ENST00000253968.11	765	bb71129dee8c3927fedc66af03a62bc86895ee35a91f8ed6bd8fd97baa453f9f
ENSG00000131721	ENST00000371388.5	867	9461bbdc8fdf171f3b5c4a05f09082b1da1e11257fc2c613c7dd7f76ce34aaf8
ENSG00000131730	ENST00000254035.9	1260	ff7d9e0cbf6ea732110eb055c926b4d116cdf818d95c8c3d7f4c3d36bea3045a
ENSG00000131732	ENST00000407610.8	816	5e376e5606f91b1c31c85fa3f527ddffe5ccabdcdba3c511421965b1649197fa
ENSG00000131788	ENST00000393045.7	1887	cfa6664a65f5b66333e38d826070542ecf9f6f26cb0331f2666daf4b96de12cf
ENSG00000131791	ENST00000254101.4	819	30e0f0b90c5498942df4718e30071dc3cb81bc6906f737f9999fd505742ea9d1
ENSG00000131845	ENST00000282286.6	1980	c312733e0eacdee80173aeea4e23f665d3cb37962ab90c1abaf88ff8025ec874
ENSG00000131848	ENST00000683990.1	1491	bc21ec92e5ae16b1096b395979e7ef76fcf3850f9d12f9304108dec1804fda30
ENSG00000131849	ENST00000254166.4	2121	b4b2912e67862a6229ff7e60167a75cd9c90186b57bacce387068c997eb637c5
ENSG00000131910	ENST00000254227.4	774	3f93191cbd9070c0192f80711d1edc55e96d5ba9605c4954f21da4ab11524398
ENSG00000131914	ENST00000326279.11	630	69bd6b15b7323b4516a6f96e95f7bd2fcc442415ea5d97e4d1f96d7123ec12e6
ENSG00000132003	ENST00000590508.6	3321	d7880262f75ebc844e77dc4d4f1852590e829cf0d7eb0f797eeaafc3de089797
ENSG00000132010	ENST00000334213.10	1599	df833229645c8c5b0d8e5c65e625395517af86a34c1316f9e6873d78b8e539cd
ENSG00000132155	ENST00000251849.9	1947	152436c708a598246a882582c02d56e0e7d6a142ac23b9f2b4af4576a9db003a
ENSG00000132185	ENST00000236938.12	1080	f741569fd994777976d5f36cef0dbfb7710e9304cfbac62a05f0cd49f801b564
ENSG00000132259	ENST00000379936.3	1728	d6b0c39b716985854fffda55c6a276fe0e4b2590ad1ab8e83702bef7952bd247
ENSG00000132356	ENST00000397128.7	1680	7af94731c735be8824eb74a5a4c6326ed31e017a3f68b7eacbb9491f203256f5
ENSG00000132478	ENST00000589666.6	2433	ba7a864cd877ad413e0a8cfc4c30e138b14984ef9effe1fe785842773370dae3
ENSG00000132485	ENST00000370920.8	993	9b4f767e7f9cd5a1e4e38a5942db54f1e339bf214c2f2698aeb89b971be23e68
ENSG00000132514	ENST00000416562.7	870	60184dd475b6f4ca5a7913e44e723094cf5dbc2f418d5cb1be33983fe2c0504c
ENSG00000132530	ENST00000361842.8	906	49d09d8c40fd82dfa2f1517664ef8bf4081e31bf59d49b94e5373bb8d9904639
ENSG00000132535	ENST00000399506.9	2175	af2be02e5137524fda0f333dabe3c74e064c6a1e2b3eb851be9e86687b896dd7
ENSG00000132692	ENST00000329117.10	2736	bb74aaffaeb50ba82962630edb9c81fdf79ce624bc84288f87b6eba4566aa223
ENSG00000132704	ENST00000361516.8	1527	89c0775ab67a6e4285ca1f2fa97600f06f644b84e802f8f88b429aee59027da6
ENSG00000132740	ENST00000255078.8	2982	8fbd19d3001b278914b3842cf89bcf4c62006d5ff8641372349c25c88eb7aee4
ENSG00000132773	ENST00000372090.6	1533	17f583cb2cb7d04ce8100ffcb793c7789cc6b6eaae27949b39a9c99be0dd7020
ENSG00000132801	ENST00000255152.3	2091	7d3b2a90f4c56acb730fc6cd8496cbeddfae203d568531d9718d34d3cbc496ca
ENSG00000132846	ENST00000255198.3	705	3dd45053a034bdaeb0e1cef9c7c0704c0fdc0eb9f53d3edfeb8161dc2ecb5fe7
ENSG00000132950	ENST00000337963.9	2010	071afd7e1ccd2edebde71f377b1b67368902a1951d1ea750485bf359cbad780c
ENSG00000132964	ENST00000381527.8	1395	315f3e204cc6d26c736b788db6b0566b3419a15667287b02391f9b4312252af5
ENSG00000132975	ENST00000405846.5	1005	189cf35c37d8f415f8aa3d963d89fba6ccd5a87a0b9ae78ab20d261fe463062d
ENSG00000133019	ENST00000676153.1	1773	d79fad9fe7a2270a43b76d7797779a9e1434720a615dd4e2b0eb05254903b7a9
ENSG00000133056	ENST00000684373.1	4905	a80c0c7ce1def9b2c313094c0eafd7939cf3abc16c0d791337ec855c0e34da8f
ENSG00000133067	ENST00000367278.8	2904	7183170c98864e2556a3fe0279c8a3c0f3b8ec69c928d6fd0465e881f8229a71
ENSG00000133083	ENST00000360631.8	2223	8b488ef70bdb7d12e60784a9fd4935977b9b473476110a2bf613f90a4e886e51
ENSG00000133107	ENST00000379705.8	2934	e3ced353bedb19fc030d95e599c9b965e8472a872a9294609d57de363405e7f5
ENSG00000133131	ENST00000355610.9	2814	a80ee7ba245b976a81efff15a784240b5408ead4618406df74625d7d86ea9e3c
ENSG00000133250	ENST00000393927.9	1173	a91ba1bc126333569a2e719a0c0ce7dd47e7c64aea4fa10dd65fc8b87ae257e0
ENSG00000133275	ENST00000255641.13	1248	1a3b7023d26c34241da75dd410180e51a077f5a6cc267693ac3fff425088361c
ENSG00000133422	ENST00000397641.8	3099	ba7f65bc27df790d9344f2583112a304f0dd61c3fa2059dbaec78e4afa5eeae6
ENSG00000133606	ENST00000255977.7	1449	d7deef9eedd650da8e88ba0b2744e765a745ad853b9e0a3a1a7e55d957516b09
ENSG00000133661	ENST00000372292.8	1128	727d7a2a2db3838b174cd1d823501337bac99aecaa5c825a4f351cf59c284b7b
ENSG00000133740	ENST00000416274.7	1041	e9fae6e5f934eb05ec061b45fb138e1abf151276c3d38cdb3e7c2bfb9fa9f9df
ENSG00000133858	ENST00000378743.9	5970	e12da1a3b10ba88a163cfafad3c3b4a614b4f56c2f5a43b735fbe63773e30424
ENSG00000133884	ENST00000528416.6	1176	4530c3db9bbbba45d7185a521c589696eabf0c58d6b4f521ada4ee338e51b037
ENSG00000133937	ENST00000238558.5	774	5ef728a98f34f1954ba930899813bb5f5eb0749e6ec0eefb26637103f63fe196
ENSG00000133958	ENST00000695012.1	8124	256931a6ccf84fa8bb5aa0454527454bcad3c1b4971552f635c9784e8be3c5d6
ENSG00000134058	ENST00000256443.8	1041	868cc7db70278514881b1b6c0108fb1912eee14ff13c5129cfcbe611fdd62f66
ENSG00000134070	ENST00000256458.5	1878	9585da0e6b4e515afaa4446dab25a5baccbd702a833b2124070f2dc79df5cf80
ENSG00000134107	ENST00000256495.4	1239	e63fe1d7ee4dd07460f419c3967bb3a5b1a24d6148eda1a30eaecb97fea587a8
ENSG00000134138	ENST00000561208.6	1434	268e82b0b94b367653a4012de9cd74d77775f5ff6f395ebb58009bbe178de709
ENSG00000134160	ENST00000256552.11	4878	09e8adb9214ffef5186a5bd9cbd5b1b24b23cb4c03812c36473b633886fdbc9d
ENSG00000134193	ENST00000256585.10	477	ab71d95fed544064c87a6c559653d769b1a2c2288a96c57e9109c067203ff2a0
ENSG00000134318	ENST00000315872.11	4167	fdf39945380b0a73fe4f93d8107556b57b08c3b61f0ec7fdfb948f5c3dad7b8b
ENSG00000134323	ENST00000281043.4	1395	f22c196a64c2406e71a9b56ce234b707a1107ca3cb6171d7db0f4ac4299d56d7
ENSG00000134438	ENST00000334889.4	1041	1eb4b1e452211b0fdb00c587abacbc388d7dea225d27f73e79f019f9bb13d13d
ENSG00000134480	ENST00000256897.9	972	75a27c60e0d1e302d045619e6e1486c884d02f0519504176d7f0e8043c798d82
ENSG00000134532	ENST00000451604.7	2292	f0a5b77d4e99cd50b734cc25c54299731ba3ba7c67e2177cfcab4fe52aff0465
ENSG00000134539	ENST00000336164.9	540	b6563ede70d48390acd59e76dc537b270d6137054a12fe7ebb6c2c2c55ffe70a
ENSG00000134545	ENST00000359151.8	702	fa5d667b67e7e6033129b856a3d4ea7900bc4e995337fdac6df336db4b8ce718
ENSG00000134595	ENST00000370536.5	1341	8fca65aba98ba53d7f608966a8270a12b0b6f3f8760d8de0d2b044e014b56141
ENSG00000134602	ENST00000394334.7	1251	ce35385dd09dae9fc2936002b948dd99d60ae009cbcd9efba760d7e6dd82ef8d
ENSG00000134744	ENST00000257177.9	4938	0821976ed158780098cfb3b69c9b64b47ca51bf31f9d0b9ef0a2304ac91a6734
ENSG00000134769	ENST00000444659.6	2313	169fd0bc158aec39fcefb3fdee43574c541e23ba223b863473223bdea4c7813b
ENSG00000134852	ENST00000513440.6	2541	90dd3080434c42e87f8eb763b6c1984537fcdf639be38a4e6f7540e908726645
ENSG00000134853	ENST00000257290.10	3270	e319be6ce2278aff607dd08933faad68768191fa7cc4accc04f7ff9257a31c79
ENSG00000134874	ENST00000376829.7	2604	a246e9919492bfd978863c454102375ee4abbb04bfe414d573047a0e8f764e68
ENSG00000134954	ENST00000392668.8	1458	4a0b74764a14b448e8f8dbe75754e906343305ab10847cc95160f4d987017e43
ENSG00000135090	ENST00000392533.8	2697	2e1aa81c3bc37f08bebe84f35d22e2588995c77111d28e41d076e4e7181e4593
ENSG00000135100	ENST00000257555.11	1896	e168ca6710db1a6292ce0963327b7637443384c54809b209d934fef1c2b86d06
ENSG00000135111	ENST00000349155.7	2172	0fd3f07b9a91d9680c845b6854ded0674dffb34faa82faa5b0762189039c6312
ENSG00000135148	ENST00000412615.7	1749	c79691f26ff61264180fdbaef83a2fb3884befe0d4ca92cf3fd0e08737ce5f23
ENSG00000135250	ENST00000393651.8	2100	080bc97dc12f0bc59adc4b3427f348b23e8a82640007741f52b12193bbd09b17
ENSG00000135298	ENST00000370598.6	4569	2456a6e14c64fde97d155aa380d5009b7e59160cb26fa110fc76ade94ae85354
ENSG00000135312	ENST00000369947.5	1173	76cbb0cc2a9f5cc4f5fa34124d17c22b6006aa842f1845b570fafe5bc70088f3
ENSG00000135341	ENST00000369329.8	1821	ecd8863e0ccc41ab2ec6e36457ace5f946dbe4b724e8c57913c75bec81e28ff6
ENSG00000135373	ENST00000257831.8	903	5817610822ed0c96453468ff3430ae15acd35784b09d1b915cedc3ecffcf2e31
ENSG00000135374	ENST00000257832.7	768	4ef92a58e74b265c0ec73a7e422567dc8c02dda1a4dfc72358c965ba1ba93859
ENSG00000135409	ENST00000257863.9	1722	36896e11c7d461218f39f2da0d7111b83870932f173ec89dabfa9162c949d0a0
ENSG00000135446	ENST00000257904.11	912	7146b8ad26be61e4c5cf139572c769c7d66910186dc14dbd8d38ae3bae2144a1
ENSG00000135482	ENST00000257940.7	1305	61ee64da278eeef5a1e2e66dfc6855ebc3f5b8b9500ce9708619582e3d669e75
ENSG00000135503	ENST00000257963.9	1518	a44716fc46da2c08bd5c5ba3bc595a6064f26e736366d8d9405b31cfc22e0420
ENSG00000135519	ENST00000257981.7	3252	d8d5c8b2fca4024d17b8337ebb54fc4fe347b5904892603c50898c5165d95b9d
ENSG00000135547	ENST00000368364.4	1014	2b295844d2160a42622e22b498522d697d7cdcb7952e41cccc3dd57dd98ef62d
ENSG00000135605	ENST00000381501.8	1896	07cb770a3447f7b5a1ee6da8d57e84e2345b27af3b2a80dceb9a34416ef41aa0
ENSG00000135625	ENST00000436467.4	1461	75c1b7d17e33553f6c1be0997f41623fe0e9951137a4af97d0c559c8a7f5216c
ENSG00000135632	ENST00000389501.9	1257	68c8d9ea646d9f3a9c5f4c3bb00b869ebcd1854f650299f0f8f07538aae66bad
ENSG00000135638	ENST00000258106.11	873	5606b24d550425a1f7d134c5007f451e42ed820fac44ca922c6ed5682368006a
ENSG00000135643	ENST00000258111.5	633	b040a8231c5eba21ecd773786d156773c83e8db0842d37ec28f4110e3fa21294
ENSG00000135679	ENST00000258149.11	1494	9c3bbde7b693c1e8fa229ae66b0f8d24450b8bf3cec79670f41e764672ef7c51
ENSG00000135750	ENST00000366621.8	1011	c6edfec6789358fbffe4de9e80ec606ef402adde88778acc04f3f1d02a3f74aa
ENSG00000135766	ENST00000366641.4	1281	cdc5a6b33d2edd2dc04a099e0f64ba4fa04597f896d7d95578c358074b4201a0
ENSG00000135870	ENST00000367696.7	3402	c7be228a12e9c056af29f4f253bd3c28b4752b4c68accdaee0a871e092ed1c6a
ENSG00000135898	ENST00000650999.1	960	ae02a30569228e252b94e95cd0b9d5dc3677d09a551370a1d6ebcbcc0d81535c
ENSG00000135903	ENST00000392070.7	1455	e5a43caa5f3e172971c537684104d4d7b56a8c6fdbf116a5742626790d766da9
ENSG00000135914	ENST00000258400.4	1446	b909996cc426c75c93c7dc633858be4ac7d7ad3a4306e0317d281e3a2f05aaab
ENSG00000135973	ENST00000258456.3	1119	a83e39937dadb515768af2ad9e0a34d04b55b8bfee21b662b4d75cdae5d66e16
ENSG00000136098	ENST00000610828.5	1521	31546234e18e7938c80972e52bde307512cf1f6a2fb94d6a7770cbd7e90fbebe
ENSG00000136243	ENST00000258742.10	1272	6fc3af9198a36820a5e22cb3ad75e288f9889278eb5ab930357831fea73b1ead
ENSG00000136247	ENST00000335965.11	1035	b6d335b30faf6c47b07f29bb2070e67e0b2f4d0a870b2cff550010f0c72cb724
ENSG00000136267	ENST00000402815.6	2412	b721f9f42e821ff8875e94e3878ca295fd6e6818881763d99dcbca0a74f39663
ENSG00000136327	ENST00000258829.6	720	6453e7599ff0dca4eda9a0dbd516875e8bf3d375a5e720fbcc55739ffeced521
ENSG00000136352	ENST00000354822.7	1206	e9473539321824344fc051a00966f788b0b71cc3ec657c7a32be6914b66a7b09
ENSG00000136367	ENST00000419474.5	7719	408658c3cc74a705cdb985410aafee90bcae28fe0a7ad0ab17668d2ff66042f8
ENSG00000136383	ENST00000258888.6	5118	348e6ed8bbbb79ffa7cdd2ef9740693d6bbde4c765f7716cc4317f1a5de09424
ENSG00000136436	ENST00000258947.8	1341	05a03d37edef57cdd52b353376b002a24102f56023e5221e1668a8a7df425c9f
ENSG00000136451	ENST00000581208.2	1566	0aa4ec3e7240e372bcfed6b706f01cac2503a4670fb38960d29e355101a00a28
ENSG00000136504	ENST00000259021.9	1836	0f8b4509059b9329d29d2ac0be6ef40a9a31393a1dcf2480771c175a91b22b57
ENSG00000136514	ENST00000259030.3	741	a0e289f74659594527e859ce358a0f19f8146d3c1e02c5c6f8438bae66a409b7
ENSG00000136531	ENST00000375437.7	6018	00b88c955db41bdc36545b13d35a7c03ae232312390a9171ab5771d99093fffd
ENSG00000136535	ENST00000389554.8	2049	d47826b2d9b2f565e52b1b6e4f004b3268dae428dce1132175cf82877c85b67c
ENSG00000136560	ENST00000392749.7	1278	7767df5a070368c574958fd3974eabb5cf1913a000470ce8214d03a4d5a199a8
ENSG00000136573	ENST00000259089.9	1518	2ffe67c33248867bf2de79c7d6c9da37b5fcae9d41c34f2d441e26199587276f
ENSG00000136574	ENST00000532059.6	1332	0b5d7e3e1057aa8a089d6dd4b013cd65726d373bfb4350f3e2a6dff3846a7b21
ENSG00000136630	ENST00000366903.8	1467	bbd10fd50225002f82686e3c4b8d7d047fdc04b8e4f308e3f503c6027627bfef
ENSG00000136643	ENST00000366960.8	3201	6309b955dc1c22360d07e5dd09d68b3e3ce6c2ac38d4a34c4d9ca5c628f06e44
ENSG00000136802	ENST00000372600.9	2433	80caf3dc61e7f32db43b34966959ea908cae5ba4cbce299a87d5d2eec059b59a
ENSG00000136807	ENST00000373264.5	1119	efbe7c63a4ce32c9bf4e870ac64ac301097588f61b75ef130f38bcb8696bcf16
ENSG00000136826	ENST00000374672.5	1440	02f6b53131aa79e33b92fdfedeba738acd068905b6afd7df4c28206777b9c419
ENSG00000136834	ENST00000259357.3	969	240b720e090c555b4adc0c23c121979e20f08cc957abbca11735ec5c61190ee9
ENSG00000136839	ENST00000259362.1	957	0ba15ed64350c100d4be1d27f514190563b0ddbd0c3db4e0d77cc8376681762a
ENSG00000136866	ENST00000374227.8	1893	7537db6c3047a072350d064173cefdfa40b68f4276404a316271073f903f0049
ENSG00000136869	ENST00000355622.8	2520	78a7c097079b725e1d6e051484b4d5a7eefd4cdeb4bd515cc58f22a1a30518c1
ENSG00000136870	ENST00000339664.7	1881	d96cb30a12e24d70e23db44521f155dfb0887d0b9f191e9876a7c955aaf5b610
ENSG00000136931	ENST00000373588.9	1386	8ef1d051ca84927ccbfc595a12ff8cd316fe1fa9d843a1a6fb9afa976fcdbe92
ENSG00000136939	ENST00000259466.1	936	b6bc4c4e4e9bae3af0c57785057a4b06891abadd5a014b5aa5838846700e22af
ENSG00000136944	ENST00000373474.9	1209	06b1818919c85f32cd3753a68f3372ad5621c3e13bcae0d16844b9aaa9602ef6
ENSG00000136997	ENST00000621592.8	1365	10dc9d304b2ba145a1d7da87f598cd9297627446eea0c06d37da18aef79b8a6c
ENSG00000137074	ENST00000379817.7	1029	de46612fd42e7c5c627e73724033e24d5aabcb360df198062eb193db0b6c711e
ENSG00000137101	ENST00000259633.9	1080	a080b5b4846b8f7451ac349b6e08338cd36f8722b265d19153427151495b0b54
ENSG00000137166	ENST00000307972.10	2043	c111cf39e7eac30470da9eb6032747a48337c7a06efd72af2754baf0651b9be9
ENSG00000137185	ENST00000252207.10	1185	2a83349c211c4991819b11fc32952ee69183e221026b24257c017becc5a63da2
ENSG00000137193	ENST00000373509.6	942	208b21c493461c883848b6a38e4d46fa50bf659199a05b855f2ba883e7267477
ENSG00000137203	ENST00000379613.10	1320	1a675fe5f4b779785252e9ff63f89f867c25c15c7188223409f49c98df6dfc04
ENSG00000137273	ENST00000645481.2	1335	d41a19114c4fed6278c106a19f5946cc6901f2b15aa298d7ec48b2d4ea201993
ENSG00000137275	ENST00000259808.9	2016	a6d2030f0320cc8e2dfabe4b7e35d7be382fba182b274186df8c556bebd451e7
ENSG00000137309	ENST00000311487.9	324	4e1ab50b1692165d949c1f02a31c3e8008895d27c8f74bcccb9166a45b083095
ENSG00000137413	ENST00000372977.8	933	ca49a512f4a3a14322026abaf9472b682f5516432e889d17afc9297bbf921681
ENSG00000137462	ENST00000642700.2	2355	40df8eb9ff0cfc86cea6e5268acf39b6dafdba4c33f66033ebdf487937a4ab5d
ENSG00000137474	ENST00000409709.9	6648	70b6a01ef5d6c4cc16e200eacd1e6627646d02bb97aebf0a44ea21775a8cdb10
ENSG00000137601	ENST00000507142.6	3861	d1fa8cac2350fc4c7b273af2f2e56fef89b0bc4001c828c1c7d0f1736caf4702
ENSG00000137672	ENST00000344327.8	2796	1c51bee9336a0db0320d19e72187be924de98d5ee62c27bfbe071d21d26313f9
ENSG00000137709	ENST00000543440.7	1311	9c1b96d4ce8f3a45b5988624edebc78380e152928866436a54b2aa1cb475a569
ENSG00000137764	ENST00000178640.10	1347	26a77f285195ca3d629200ef8a5ee8860df8f96324724a92416eeff799733eab
ENSG00000137843	ENST00000560346.6	2046	a99ebbab300fc40a1adfd547a3723ce68a97ac1d908d80c2d278edde4c890b88
ENSG00000137871	ENST00000267807.12	2940	077f63e591679590b8cd4ddb14102e6d2431934b819cb9adda3d831b728541ed
ENSG00000137947	ENST00000370500.10	951	db094324b3c3f9d818a3d6ac36e2a746ef49effc8afb50a39f210fa2c6d8b574
ENSG00000137975	ENST00000370565.5	2832	af0da8fdca37fa965f72c5dbf567705a37bbf19628747b0a8bfb592d331b74b9
ENSG00000138083	ENST00000260653.5	999	a53f798c672ecc289f3c8057e9720a05530c53e48d572d974067425ef631193c
ENSG00000138101	ENST00000406818.8	1884	2840e5fa97bb4a85c3bbd879aed85e47e1e242b315bc87fdd4da46fbc8063454
ENSG00000138136	ENST00000370193.4	846	a1e54b185a7351506b9ef88c404affd7261430dd701964a1a0d63db35d92fd8e
ENSG00000138166	ENST00000369583.4	1155	16b4ce5c05ecd95eb8c9bb783c21c4bd46aa3811d207c7816016721b0e941bfb
ENSG00000138271	ENST00000260843.5	1077	25337b8c981c0daa42277c13f83060b8419739e69a211142dff43dfa40e85a55
ENSG00000138311	ENST00000395254.8	1224	d9b33d05621b7b48d9bc00c2486e768863d271aa1f700443a3757d018f79db3f
ENSG00000138336	ENST00000373644.5	6411	e4c3da8a6d84932c38eaf333bc368fadc12834951ae1a0ba96845bf693651e9c
ENSG00000138395	ENST00000652192.3	1308	5385d4d56dbd8ea5a4aebc114de3ce5c5b66676540e9fba8703c12b82155dc72
ENSG00000138622	ENST00000261917.4	3612	a4aef5d2729cac55d5cb91c5ac5567dba13e88126c2e9f4cc464aae834a6b785
ENSG00000138658	ENST00000505019.6	6315	e042a2b77ce39ad6f724f1f495a5f9306f54e4013557e0978e5eb7144dc0c675
ENSG00000138669	ENST00000264399.6	2289	3d6de5917cd0b947fa23832a0544b683c378a2de8b0e93a14872ea8f28bfd7bc
ENSG00000138696	ENST00000515059.6	1509	cf354d71e13597b92cdbdc4f79211260b66f5ffa8a246b9ab9f61a7a8f97ad2a
ENSG00000138738	ENST00000264808.8	1893	9e4453ebbc34f6f1b80ce6ceec1fee3ce22e61d366055f1944af4f382a7581ef
ENSG00000138741	ENST00000379645.8	2766	49b229187729b9b46f0507c30555e1d5c9ac40ace61990f421418b18d9d1263c
ENSG00000138769	ENST00000307465.9	1713	41da0399846ae567e625982c9105ef77385e46ce54ed51927b393546ac098f3a
ENSG00000138795	ENST00000265165.6	1200	71c71b6f22b7c011446f319d1e720c027c660c9a5611037d9a9bc2137f49ad0a
ENSG00000139083	ENST00000396373.9	1359	6cd8f59b3c42935acb49578af20b6dc3f35b5f0e415763532734dba571262620
ENSG00000139132	ENST00000534526.7	2712	eb89595348518f4da81edc31006518901b653eecced2a74ab5626bc46d32a7d7
ENSG00000139144	ENST00000538779.6	4461	7909a3d33ca0f7619311464e43785376bc576dab4a5b4ed7e429ccf98e23da08
ENSG00000139154	ENST00000266508.14	1512	873e3ad91ea63f2f0268e597c23195202aed51a313b78a16a919acac6000b9f6
ENSG00000139163	ENST00000266517.9	1092	ba6cd51f41ddfe89fc2b1d868ad124a779296386f100eb73ea54e980dedd7e7f
ENSG00000139168	ENST00000266529.8	654	a07eddbaaf0c0ce8d0171c1165289bfd059f66c968d660bee58f4e28c9060b16
ENSG00000139187	ENST00000356986.8	570	85335a2f52d83f3cf418d3919f1ae8db352f0ca58cd396a86b7b134c696ace38
ENSG00000139292	ENST00000266674.10	2724	2b1b99cba277f9927518ce74ee59e60f59e6b8ab342d269b2c81ada4303e52e4
ENSG00000139318	ENST00000279488.8	1146	4a616f7e2156121f6198cd4c6ac97367362ae4cdd72afb449ef6ac94c3556078
ENSG00000139352	ENST00000266744.4	711	2d33f9e4539cd09253090cfe4dd2db1dfe4198d3cbe9e20dde077e52608d837e
ENSG00000139445	ENST00000299162.10	1554	412c94eb3675f6248df59d638485e8ade0994e5ab077ec2e285326353ed9c5a1
ENSG00000139515	ENST00000381033.5	852	fd765dfb7af514ddc447f5f3bf009d92e2f5abd66e4a4d95b0c89986fd26f8b4
ENSG00000139567	ENST00000388922.9	1512	b59d4c12a963f3ce970c244da178e97abad4de7f0d6eeb16c7f1b16d6843bb80
ENSG00000139572	ENST00000267015.4	1191	21512312638a3f2d9549cdab4d5079d95de0a413c3246545574d9ab9945a035b
ENSG00000139624	ENST00000317551.12	1179	371ca19d121dfc4193df994279241a7e888cf385dcefc63364d8084571641dd1
ENSG00000139625	ENST00000547488.6	2679	e44cbc0a8637edcef5bd6cd77cc04f462b9a9f528d0496cdc80f90eaddcf71b7
ENSG00000139651	ENST00000416904.5	582	78d537de7f7ad43b2baeeb3e51be573bf516fd95e41ea2df455500a6cbe306e6
ENSG00000139668	ENST00000298125.7	1203	953d94a582058f0490da01e7ae0c70df800429bcec1eb0aa31fc68da084514e0
ENSG00000139746	ENST00000438737.3	3024	2d5fe99462a24068a5fed83d5431d149df17f241827d5943f11542572d12747c
ENSG00000139793	ENST00000679496.1	1176	0be9dd4c88e7806eb3b32eed35981fc96281a7b0146f3d8aac7f3107e5adf27d
ENSG00000139797	ENST00000267291.7	969	915a4ec8cf6a1b809a0cfa02bde159b5970d27b822ad8b98c230917806b73766
ENSG00000139800	ENST00000267294.5	1920	c4365ad6fc871e2501d29d33c81c3b1c9e2ab4cb83457dca3af6727c2216d125
ENSG00000139908	ENST00000339917.10	1017	bf38d6a1eb3d9619be576993d646728346172ad5eb2064db96a0c89845497614
ENSG00000140015	ENST00000322893.12	2967	83a857694081299286dac905ed447968a69fdd4fa34e97d1efb52068af7b6bfb
ENSG00000140030	ENST00000267549.5	1014	269804a93a889b3c4cc885f01228418a2269eeff5086d964df6d71775b4e6290
ENSG00000140057	ENST00000267584.9	2172	f616a3fab9165c5ff72d5f910293ef75ba1bfa168d97ba299b83d8bb979193ed
ENSG00000140262	ENST00000333725.10	2121	417ddda503900d2d1a2870c87476141e3e0f72d25c04c965cf0b2bb2e95ad4d3
ENSG00000140265	ENST00000684362.1	2559	a302b417acdecf01f90aa17a96a6054792948b058a19123d5e4c835aa5f6141b
ENSG00000140307	ENST00000396060.7	330	84dadbd1ff659883ffca27ea0b3299a9d1c681b3178b1d86aaa7d78b909f0995
ENSG00000140382	ENST00000336216.9	1044	ce7c1217a79ba5edbdfd8e2f1926f295154166b18f46da712322749fac496a4c
ENSG00000140386	ENST00000563290.6	4203	8c84025925cb2107af8b507481de64eca25472d526d62592e6468acf61f39110
ENSG00000140396	ENST00000452400.7	4395	c87460738dc0e377792f3524a39977ec2eeb8dbe7ffd523b18808b23736f2811
ENSG00000140538	ENST00000629765.3	2520	6d31e60f5044ab1796d2610895e6fee6d3d42947016ab48aaf8b1f049a1c11dc
ENSG00000140548	ENST00000268154.9	1995	430020d40ecc3eeaeb8cb22c07c1290b6c5175213324676faa1b9a6c305d5cca
ENSG00000140795	ENST00000394809.9	2460	5d8349c3b3aa7d59facf04c436338f290d362f8540e5c20b6c97eb041489f515
ENSG00000140836	ENST00000268489.10	11112	22459e70b355662fec9d60e111beea53ec6ce3c2127cfb61092dba7e2ba1f96e
ENSG00000140839	ENST00000682950.1	1341	8b1fe8d0fb42355c347d2daf11b284241372f3a6b6e6a1e29c7e87cb124b5b45
ENSG00000140853	ENST00000688547.1	5601	de8cc80f984146ed5df036fcc50c43b92ee6a515247650ca0d59a0f621ba7c1b
ENSG00000140948	ENST00000671377.2	3261	84633317c79373eb1c241a7a9ee31f7c060dfd1c4a1ffe9e89ec70ba7cfedff8
ENSG00000140987	ENST00000396852.9	2094	46a9fa6a1d92090758acb5fedb3868f4f0a5d4baaf3347622805e261260298ad
ENSG00000140992	ENST00000342085.9	1671	a50ee89d2becf82824281fd17c09ab96151a4e22c632d546046d13e661ff2ff8
ENSG00000141040	ENST00000395825.4	2286	4d54eef30bba231ba406cfc3b6dbb812cc0cf539dd13c512c0628db6d952c274
ENSG00000141194	ENST00000268912.6	933	fdbf4222caa7d75cac928125dd427bd8f7e119ed86cf41781f6d49a66aa8b500
ENSG00000141448	ENST00000269216.10	1788	23da4d720a22c7962689935257fb48b84272d83f4199e07fc0d5b44275298191
ENSG00000141497	ENST00000433935.6	2229	990ef1f80fee74afbf3717f683c5890e0cc930573a69bceaa5abe81994d363d6
ENSG00000141505	ENST00000269299.8	876	e018a5450d2180177d877d88e0d502ffd1a814db3d7c6e086270c6938b9c8570
ENSG00000141524	ENST00000590602.6	2418	e6beafd1050b38df81fa5496a54b808769f08c5dde453fbbe4eeedafa387586a
ENSG00000141527	ENST00000648509.2	3015	e37b85d588a5f367b67ee37c582da64265d990968eaa2537fd8efaaab2fc709b
ENSG00000141551	ENST00000314028.11	1248	a65fd1e008cd6ba13484d0849f3d02b9f2ab951c251de3014ea4315a0cf6954e
ENSG00000141568	ENST00000335255.10	1983	c4a5378bb3c84c6c68e28f0a666d3c19e6ff1bc2d78b7ba5d9742869cfe5fa32
ENSG00000141579	ENST00000269394.4	2172	920fa6ddcb94a33a70ea95afedacebcc6801f8a624126631a1549b1cdd5b6bda
ENSG00000141639	ENST00000400384.7	1764	519cf4216ebda4ee29fb7e95cec1af2577f732080c1b835cdf48b23216f4c261
ENSG00000141644	ENST00000269468.10	1818	128d17c1d55a1534995f9fd7281d4ef02403011993facc44ba95d4bcc4b92448
ENSG00000141664	ENST00000269499.10	3537	3e4c593489f27a478c694428d226332b27f018b2eb60a89fadb24b66a0007333
ENSG00000141736	ENST00000269571.10	3768	e166839ef380c9ac17200efd94272f5358fb27e4557c28f7360497a8ce323a65
ENSG00000141837	ENST00000360228.11	7521	972c78751dab9ac0ac38296630519d2eebb80a05445b8718747f19b4ecdcb06c
ENSG00000141946	ENST00000269834.1	1419	f143d2af2fd3e3ae945cd734cea08f1ced0ef90949289a9da177cc750a24f8a8
ENSG00000141956	ENST00000398548.6	3426	fa2e07f4c149df0a9e1595d8e563b05e814790b472f72d930bfbd45962622b03
ENSG00000141994	ENST00000309061.12	1953	898525b7951cac4e5d4e4d7c0943e15a79881d6b4880988cfe86fe477a38e1af
ENSG00000142065	ENST00000270001.12	1602	3791c2a577afb589896b297ad555836a76d22c5071dfd4d52a6700d89ef0e132
ENSG00000142149	ENST00000270112.7	2145	2adc9e3c52b945b69b0bcd76b466f227c0e46e10a468fccbccf68ca8af077199
ENSG00000142178	ENST00000270162.8	2352	d9f697af35665434452cc118b6872b290b8343f239a50bb74aebd1a3bc476497
ENSG00000142185	ENST00000397928.6	4512	d454f49ad6ba53cdb6db9e3704c86fa94097ef84ad81cd5aeff6f7bfc1eef1f8
ENSG00000142208	ENST00000649815.2	1443	934a5df7770b8901392101a118be936f629fc48242121d6092f6a1d6a0596271
ENSG00000142235	ENST00000600059.6	4383	0a44fc65fb8c9ea7bad7ea951408cd85c6c9a43cda1d2ee02c4fc6292f062c1f
ENSG00000142405	ENST00000324134.11	3186	9f27cd0dae56905b68c498e1b4248c745baed26ccc5301b62f752b73c2379331
ENSG00000142409	ENST00000610935.2	1149	e1b9251e78983341d95ccb8c8a367850c6ad907a9a718f83ea23ab6e7f6e0824
ENSG00000142511	ENST00000270590.4	1071	5f0e4025a866f06ddf47ce9389acd04798f0cf741bb71dc4b36fa02e60bf4f88
ENSG00000142528	ENST00000270617.8	2616	2a51093e959e424d6ecdd121ea78e18cebef6c6d0e904cd54f6537d5a7972a85
ENSG00000142556	ENST00000270649.11	1758	7d77a5a4f45e5e2c7b2f555030cafc4379db1d1af0fede3f995b8dd4f1696ccb
ENSG00000142599	ENST00000400908.7	4701	a835d8b71380e39a3dae08a584e31cc54bb1b09f2f5f36dd6687afb17ded5acd
ENSG00000142611	ENST00000270722.10	3831	de1d34d425ee5ed08eb42766e57514163d554d317c2f4c8f64537799e1bf1aca
ENSG00000142684	ENST00000374266.7	405	4ab75b479e99cf2c658ca0cc3fc42d9a7a85ebf84d3ac7c3c75fb14daddc90b8
ENSG00000142731	ENST00000270861.10	2913	8f771e31c2c29c3dc510ee683efd39418f90bddc90182f71a5504d34c81f00e3
ENSG00000142733	ENST00000357582.3	3867	0d65dd8f3b6fadec6f92bafa1881425f8a2ae4b4409d593ddacac4404f743be9
ENSG00000142875	ENST00000370685.7	1197	5b78d891e6390038ad073c9952d362b2af03061c38b924fc6c5bb21768fec8d4
ENSG00000142961	ENST00000319928.9	651	96de0a3322640f41fe860845aad1b2607f0074c4866f563730ee90012ff5238f
ENSG00000143032	ENST00000370445.5	1164	02dac00692308d3eb323d3bdec8ccdd127cf1a52d9c403a603b94119710df946
ENSG00000143067	ENST00000421812.3	1638	91e330d82522624b3d358bf92b080a30d542fd0edbe476baeded68c00b38eb5a
ENSG00000143105	ENST00000369771.4	1536	3426ce8ee9c3d712d6a04ca2b6a5d565ad40c238432f291e8c171d908a4d697d
ENSG00000143126	ENST00000271332.4	8772	ee0b41f309ff175dcd93c9793387ac3b8b3807a30170332ff6aefde4d3961b35
ENSG00000143147	ENST00000682931.1	1590	7c98f75e44a260c9a5e685d322f6a846ec50dbc478959d216382f2e9982c9ee1
ENSG00000143178	ENST00000367821.8	1347	f6ec991f5de41d22529ff29da12541e7e2cbb8486f3d31e09bddae0732f2a640
ENSG00000143179	ENST00000367879.9	786	d9325d3d8059a29136078696f288b599f7fc590789f4e332504d5fca0489e1c7
ENSG00000143190	ENST00000367866.7	2301	e0fc7c169013b3210752c2d650084c043fdb5ef8494dd17c5a1cfd65c47df969
ENSG00000143226	ENST00000271450.12	954	43c17f32af31d118debcdc9379be649b705cd670cb12d9086fbfbca65fef290f
ENSG00000143257	ENST00000367983.9	1047	8fbf6b67e0b80a28904c86064a535433937f66c8cffe6fde80a77dd9a35c988a
ENSG00000143297	ENST00000361835.8	2934	d4e8b28e59394b6546de8a61c9f56f2c7e2f5837b2b633f635c542be14324817
ENSG00000143322	ENST00000502732.6	3549	577b0c1d465026d501f83361e5f1886bba026c36c33cb29a7c2cf4c1e5d29de2
ENSG00000143355	ENST00000367387.6	1194	16e56e125c8a74df641286b70a9a88ebbcc5f2b69999b02778499c00f1a32b79
ENSG00000143373	ENST00000336715.11	3714	6dbf8bcbb38cbc46ae0217d78ca2670c3ea444329e077552503b344537e57f30
ENSG00000143418	ENST00000368954.10	1143	2fb5114ef95fa7653d0c320cadb5cc2392956faf42e1251c8630c8fb3339033e
ENSG00000143437	ENST00000358595.10	2370	d39b434ffe45ba39dfa7300952f93413c244b80780204d3d137abfdda3a6abc1
ENSG00000143442	ENST00000271715.7	4233	a8a925f2b5a2b02d7b8733af4c9fec612a554b0be4cb9d40fed5eea11d38a41f
ENSG00000143473	ENST00000271751.10	2970	61cc84fdd16cd3e63b1e1504548603ce2cd1fe4944349f552024a063fcff6845
ENSG00000143479	ENST00000367109.8	1767	caaed3348563c1f59cd01ad6821bb75df2f16c242fdd4cad08356f4a59a364c1
ENSG00000143499	ENST00000366957.10	1302	bdde13f18fca66aa33c68348ef20c2934edaa06957e6e2c26f3845399d39716d
ENSG00000143507	ENST00000366899.4	1449	12bd90b6c9bcdc560a5b9b1bec6a3b1a8ca66b4ca5f4581d20d551f5e54c39f1
ENSG00000143578	ENST00000368607.8	1188	20801801f7350f4d68d59dfc8bfe779fd9b51df2679616962c0c886801170f98
ENSG00000143603	ENST00000271915.9	2196	4efe927a5f8eff15bbd8a0518e8c153911f4b673ba9294921a75ee300cd16a90
ENSG00000143614	ENST00000368655.5	1782	dc6b0c46452a34b17f28f7f6fcb83c14e0219fa6957cd680ab757949728fe8d0
ENSG00000143627	ENST00000342741.6	1725	2edfa75695010c466fa5ae3245ba04c00300425c6498b684f6fde5a5fe66a116
ENSG00000143630	ENST00000368358.4	2325	832780f14bd1e3071370838edd912ae0f0f95dfef67cb2ac708a661b058c9df5
ENSG00000143674	ENST00000366624.8	3111	906325913263d3423d72511fbb34f75c0acf3765eaf32f470762622ae5b0d356
ENSG00000143776	ENST00000366766.8	5265	845175a586224daea927ec9ae0126813d6e254a51a05e42349ce7980837593be
ENSG00000143799	ENST00000366794.10	3045	5a6cb8cbd3d54fceb5fab9d7d195c24f2285243fee5d007a9a69a39c990a6632
ENSG00000143842	ENST00000367204.6	1869	36718cd9f6cdb8021a687e28ae7675a0a5e7ba9490b6b176f639aac7c5ccce9f
ENSG00000143845	ENST00000367202.9	1161	93050c3ccaea805459bd1524308f5272990da982cda893d684e442d019638e7e
ENSG00000143867	ENST00000272223.3	801	24e1e2e252415ea3383cc9130b338257971f961d18e2860214e95bf6440a5a49
ENSG00000143933	ENST00000272298.12	450	35766363b4eedc87942525778f549c7787c526a44d3d845e44741c4718f5d315
ENSG00000143954	ENST00000272324.10	528	150ec508f85b6e046def722b7463df0be63cb764b74d795ae07bc31fc323d23b
ENSG00000143995	ENST00000272369.14	1173	bac9db2d3faaccc4c26d679f2d37f700bf01b511ac1ad4cccfd78530f8e1b322
ENSG00000144026	ENST00000295208.7	1203	0fbfbdad71b5ee66510ae9ba785f81cd7a962d9df07a9a18ff9f53437db83bf5
ENSG00000144161	ENST00000409573.7	876	2eb51865bc046792acbd85b933cf99ae038a2d6321247e8f81266daa33c5ca18
ENSG00000144191	ENST00000272602.7	2085	160ad7c13d8f7786d9d6e3c1fa98a2670d7de38b72193e4389cbddfcd5affca5
ENSG00000144230	ENST00000486700.2	1020	ab22807dc86575bf6a901f44ec4526f2d1cab4d200b9aaf76a7243332aadcfe3
ENSG00000144285	ENST00000674923.1	6030	868e3fcd3e3014e9798ec0b7c9f82e284e010b2751be675e379e3a7614d36c38
ENSG00000144331	ENST00000410066.7	1461	aafcf3d0aa2747563cada307397a9ebe83c23e648234f30337cc8a65d999b11e
ENSG00000144355	ENST00000361725.5	768	c3aed90728d2444dd3ab0708fbbfef6f3f4037bfb5ff10cbed343a7ab2bb9c6a
ENSG00000144406	ENST00000673920.1	9975	cda5f6a985370da8aa01f843ee99afae3e2265cdd8df95008e40da00800895cb
ENSG00000144476	ENST00000272928.4	1089	bac83e40143f4cbfcb12122d266f2e6c4db584f9cf7d95fd5b475d649f6c3fbd
ENSG00000144481	ENST00000324695.9	3315	dfcb1ed0dda335ef6968e674ab3778d704b5400bc7f75079c09cfe78fa085dfe
ENSG00000144485	ENST00000272937.10	675	79f932d7f1aec9364db9531a4a74744287e173eb63797a2590010b075502b8a4
ENSG00000144504	ENST00000401804.6	3093	e5d0dc7d87162e6a807419a94465a922ddcfb778f84da77b9045a794ecaf95d7
ENSG00000144648	ENST00000422265.6	1155	e163a32a9baa3e2a087c96f90e8362f41d8a33be7bdc26fc8763c0edeb76a733
ENSG00000144649	ENST00000430121.3	1728	95584f499683f0acfad6d2c95ef1e72114b44d0cadd45bb3458b5f9b6458a1ad
ENSG00000144792	ENST00000322734.2	996	b28b72065765f19d4ea5f2128da159089cc9db4c29531620b95d810ed0003e82
ENSG00000144820	ENST00000273352.8	2394	8468f27bcfdd1c5e829f0b894fd2cfdfc9c5b6e165ac5972c7e8d1717fb3821e
ENSG00000144852	ENST00000393716.8	1305	f732c582d00dde69cb1c57c4f03451302bea5fa32ca05d1949de167ffff900b7
ENSG00000144935	ENST00000476941.6	2382	90e7f114835b0f4e53b7dd8764abbd4044e4de0a25dc65a74a75160fbea84393
ENSG00000145214	ENST00000273814.8	2829	ac8f808b29362be56be1d1e5d3c5c450df90904c9b294c856de73a65cc919658
ENSG00000145220	ENST00000343470.9	1140	ed99139807cb7737f4e916ff0b34a95819541a2ff02b412b81133dacd6229e29
ENSG00000145632	ENST00000274289.8	2058	350bef6244c975d6349ae5f3e85888ab86e93bc752d16ec61399bc8b937cdbf9
ENSG00000145734	ENST00000358731.9	7875	7ea99af5d4e2483e346f824c4d6938ccf7f13a0dba003041bfdc7bc6532d8c70
ENSG00000145736	ENST00000274400.10	1188	82d956eca9e7b8e703f051f19c97ebf517cfbe115d0e6009df048bc9a75c9b03
ENSG00000145908	ENST00000274599.10	1815	7a22fc045a163b076e72eda185436c1ae50207d962b86c4b4a6e48093e078cb1
ENSG00000145936	ENST00000274629.9	576	f04ce46c0678c7f526a26098c66e7718597fb4ff9dfddbb125bdeb93aca0fa16
ENSG00000145949	ENST00000274643.9	1167	410fc40514167142804e8fd180bb7dae50b36cc285c0bcb6d164ab2c7c90f932
ENSG00000146007	ENST00000274712.8	600	c34efeca708456c829de05a87ca775ec78f676c5ddc04e904f2290bb2588e111
ENSG00000146192	ENST00000274963.13	1968	3e902a46656f0ae3a49e0704510d6a5008e5d463f19f88da30e4a3e747438ae8
ENSG00000146360	ENST00000275169.5	1089	a25047f13a2f5bb35e3da825f5b79dcb7ab4c117b2e2a82e44200f574ff6c957
ENSG00000146463	ENST00000314607.11	4647	9fc5c0da9e444138a802bcfdf759896820ed598fc1759f0b26cf93ef57fd8ecf
ENSG00000146587	ENST00000396912.2	2145	9240c529576679632a33d18daf61672da92ee1f0d5cf4fe3c18eb77184920188
ENSG00000146592	ENST00000357727.7	1527	30809ce34f9e44597a8e5c19b74ae71ba11ecc8b63e177aa1ccea446b58141df
ENSG00000146618	ENST00000275461.3	501	17c2c1d567487bfa394a1844560ed15d06d34941f54783f236d95b583e48ee32
ENSG00000146648	ENST00000275493.7	3633	db89109be804aeea5c938a377ddc8417ad6dabf4e5058593cb275384ab97faed
ENSG00000146757	ENST00000328747.12	1761	19b1da45aa3a157caeed2b174d3c68694a9c1274df0ea2a6a35057c5ce102668
ENSG00000146872	ENST00000346027.10	2253	81ab525a28847bae5ed05668119ab51fc79b9abe025a62f123e8907c809937b9
ENSG00000147044	ENST00000378163.7	2781	a3a50de9d1006c5922866fc75a40bf6cb872e9fcd44b1b3aa69aea5db36c74e9
ENSG00000147081	ENST00000358526.7	2565	e09db2ea55169d11a8de5ae15c299bca8c4668f4793b0109b9223fd34b1c4e3a
ENSG00000147113	ENST00000398000.7	1302	7e22b623145afbea0b22f5c3c3f0c123ba6989112c5ef3d3855aab43d920a645
ENSG00000147117	ENST00000377073.4	1521	9702f41427fd59956ef8b32d9de9d70ea685ddf68b3306e9ced64abeb28c5479
ENSG00000147118	ENST00000376943.8	1863	f3f0a0c10bfd9fa6de6c6b7abfc15cb62a941f22268bbb409901981b1e810cbb
ENSG00000147124	ENST00000684689.1	2340	b25a2100ba7a35f4df32a362c95438ddf4fb470be3f47ab907d9c2e33cd63ccc
ENSG00000147130	ENST00000314425.9	4113	d5fcd1890105edaecb82a0e99d5b5cdb54bfffd99a3ba4712cd8789493f9d6a8
ENSG00000147133	ENST00000423759.6	5622	a6984775b4ebb3b274058310a31d35d5045672089504f58caa275fed6c6488e4
ENSG00000147138	ENST00000645147.2	1002	d2dfec57a74a6c389f6d95d8412bd84a6b7a69044c00351e8969e9f8701eaabe
ENSG00000147180	ENST00000674551.1	2424	c063e7143e35043d0b930e356cc663ef6c4ac868b3a5d17256f4789b8af6428c
ENSG00000147183	ENST00000276127.9	906	e96a53db5613b6b2c89c7285d3e6b6cfdb77cf629c18f3d8be258c5c2c6cc9b3
ENSG00000147246	ENST00000276198.6	1377	34fbbb87757af4b1900e50c06db0e44026352a86c9ce219c22139aab1f255430
ENSG00000147262	ENST00000682440.1	1008	f3c0fec09d06dc86b4b98f1c9b0fad7a60a11c1fe575fa06cca40f7995bd313d
ENSG00000147421	ENST00000287701.15	1263	9d1b8ea93ac1a1c3da5038edb09f51751929e0332b3fcb2085ffd15e8fb08a36
ENSG00000147488	ENST00000689386.1	3144	70bf035218f6acd157231e85c2d34699e152eaf42c1d298229e68261c33bb35d
ENSG00000147596	ENST00000276594.3	1716	737b3b5637fe0a10d708652b75f0c5c756101206e22fbd7b84c615eaef3cd1ba
ENSG00000147613	ENST00000276616.3	1158	f9da18663c395ae40f0ff87b201542c17cf264013af6b51038bbfe0f2ac8ff23
ENSG00000147789	ENST00000532777.6	2061	e6f10f3a87e6f0d2f781b62cc111fc77bb0be85378a401d063b53cb6a2f3271d
ENSG00000147853	ENST00000381809.8	684	3b2d6f3577fafcea8d2ebc5524f6df77fdce8f44bf30ed460f074ae50df574ae
ENSG00000147905	ENST00000336755.10	1632	da84a5d5359832dae2fd3cb4dd227d225255e73bd633fbcfeebcc42a4baa84b6
ENSG00000148053	ENST00000277120.8	2517	23042457ef267cee6458624713fcb76f0612cbc4e88d5bd178e0e7f735f462eb
ENSG00000148136	ENST00000277216.3	957	3b9199aacdf289a61303a4b36623d0916a635f0cdc1faba864ea8c1a435f1f0c
ENSG00000148143	ENST00000277225.10	7521	ae6e4986c2d19f8ca33e254a46fe266a5c4259f33b3a5a495143145bb83c1a00
ENSG00000148200	ENST00000487099.7	1443	572b807ea1a4b1a8e96e1f5073d35953ce72a08b4a4ba1d13eea72c72c9b5b5e
ENSG00000148215	ENST00000373680.3	963	5e94c11fa9136d00d0dc8bbff8433bdba50d57fb1c29c648e8dcc980d0759274
ENSG00000148308	ENST00000372097.10	1560	9163690cbf97afd47a499672e2eff37da279929af508e0f36c6894e7bd511b36
ENSG00000148337	ENST00000372938.10	2697	cfe78154a8af04b09ede426b3ff24bf1bcad8abef486ac209a2f7bb14e126485
ENSG00000148408	ENST00000371372.6	7020	20502e1201ccea8430148af1360448c9c01b2a28f1a27003d2e6bb8683520981
ENSG00000148516	ENST00000424869.6	3378	d8ea83ca004a0a4f4e8b9c03967507f25c76daa72dc1c8346fe4c51101bfabe3
ENSG00000148680	ENST00000336152.8	1440	b3c836e198a982189bc77108025305cb304d2eadee43f38e1e2dfa3e3cef0859
ENSG00000148704	ENST00000369206.6	1005	b7d0ca2b7f0c4bc6482cfd613084e447d7727a53f310a374bb0bdcd13e3a04eb
ENSG00000148737	ENST00000355995.9	1860	706e3153784df1e670b55f70dd8ecd788912963cd01f0267dd89678555ba022a
ENSG00000148826	ENST00000368592.8	834	4516ce7e557f31c4cb6fac5cbe216021018348e01b2b4df484e9690880ac016e
ENSG00000148835	ENST00000369839.4	2403	7f0394f35214751fd3f17803b01c03f465f11a21716fe1f4bfbd63ce5c0e975d
ENSG00000149050	ENST00000278314.5	1821	72bfb9e8b56384306e615c454c11910097034f89cea782cc0d0a08d157730d0a
ENSG00000149054	ENST00000278319.10	1554	c8102a64e6229d9aa6bc40b6054ef792e1837188abe43806eaedad4e29e082cc
ENSG00000149091	ENST00000456247.7	2787	a574210a1167c6415111665e9c1a53c1d9fa2c73d42e488813c52f5c3421dae2
ENSG00000149133	ENST00000278409.1	945	0e14585dfe0af323786b920d07a002f62d6cf43f8523eacc74c297bb5edc42eb
ENSG00000149269	ENST00000356341.8	1638	28a2de38580f93ae13cfaff49a26d79d03983a4b8a6c1593c3c417434f5c373f
ENSG00000149289	ENST00000278590.8	2652	c7ef8d27baa3eddd8ab94f9c12f9fbf58334f06a92980a711547764539d0a28f
ENSG00000149295	ENST00000362072.8	1332	79720cf3c195c26897b0b6e0076e1f959b380b22bc2459340503891f33d7d7e1
ENSG00000149305	ENST00000260191.8	1326	a686f169284da4992dea33e8311056498d1180a3a21b2d973a9bde491d8675b6
ENSG00000149311	ENST00000675843.1	9171	8bffdc35e4b39676f09bba3b9159d068c198e651fa707042714ab5d2bc710332
ENSG00000149480	ENST00000278823.7	2007	12e827cb15de783146dfef01bdbc49a8a0820c6343bfb5ef4310d28218f6022f
ENSG00000149488	ENST00000358864.2	2721	ade6832152fed7065bfd23554ac0c578dbce535e1efa18e33bdfcedb8e4000c1
ENSG00000149554	ENST00000438015.7	1431	db0e534d1b521b45d6c9ff38eda2308ec98bf9ae31d5fcacddd70548f3d87e59
ENSG00000149575	ENST00000278947.6	648	aaa1a6365aa256c046be500e870300e9c5ccbd644daeded043d64060ee508333
ENSG00000149922	ENST00000395224.7	1311	684efae064a90a12aca7a43b6e1cc4eaf085cd57d7d2aa62f3aa1b3ac2404a0a
ENSG00000149930	ENST00000308893.9	3708	bf52b60a1099c51e9ee9368d110158c75d6a06e3a871481dbe6d71417bea6c47
ENSG00000149948	ENST00000403681.7	330	482fc85ae293bc5d09ecba3e4f26113a71522aa3a8b27d06b38efde76734f1ca
ENSG00000150045	ENST00000617889.5	696	3c410233d182f2a68d57a679491c73f32f6df9733a68c3ab4ac4f19f4c4855d1
ENSG00000150048	ENST00000315330.8	843	36f6e51c70a5250f0aa4beec6697d6d15b0f8f35966037b3fdb5c4c772779920
ENSG00000150051	ENST00000419761.6	1059	600ccba940c9f4616f2216dc7f38f2d461de5094315e9371dfcfe2fe3984305c
ENSG00000150054	ENST00000683449.1	1731	a620fcbd515d784be0ab60d43b1dca9c2a59331b6616d600ebf898b491fd6070
ENSG00000150261	ENST00000279783.5	960	444a2b4c1f367ddb62b4340c4b35f7dc1079154ca3d01e8a3d1544f36d9ab00a
ENSG00000150269	ENST00000279791.1	933	ece1e05a4b84a8b5106748d1c635862c7d7e6d7a3fd1f32ba5204ad184b0bb53
ENSG00000150337	ENST00000369168.5	1125	097839211a99d53647695873e3c186eb77d7a875a941cf586f91706ebedcbcf1
ENSG00000150457	ENST00000382592.5	3267	1944fc8defd1df198add2d4f9c64eb1cbcfde0f63efd67ba94a211e698c4653a
ENSG00000150471	ENST00000683033.1	4632	fb933b7af9f5d0d4f6c4675555f4412c407b66031fb02bf77f9237593ebd7aaf
ENSG00000150594	ENST00000280155.4	1398	de582900e72ad7de6eea94503e251b2a8add53a70cbf8713739ba45bbafcdabf
ENSG00000150672	ENST00000376104.7	2928	029251a37043cd2124a4a8931b98a8e97af241349a915775e013101aafa81a28
ENSG00000150907	ENST00000379561.6	1968	0b3b97fcc4e879aa08dc2e6027c54c4dc8a88f2d65675fde015b1b754d8e165f
ENSG00000151025	ENST00000376351.4	3648	d3ed327c3d66e9469c3ccc4d9159697f11fbe476986b146350ae0a5a03b8b690
ENSG00000151067	ENST00000399655.6	6417	f1d193fec071543910eca5b2c6e355e38447cff0c36af1d0d29372e1639b704c
ENSG00000151079	ENST00000280684.4	1590	4bf4873e42476e063fceb0d711d6220e21c31e7672f8aa4614108af713b208a4
ENSG00000151208	ENST00000372391.7	5760	482b7a044baf41c7fc7bf0c61ee7a92fd588464ae8bbcc8286fd6fdc505b7482
ENSG00000151276	ENST00000402939.7	4389	d4147f6a424c9f492fff8ffdc81966dcefcbac407d001be3bd8d4342d675fe41
ENSG00000151292	ENST00000696905.1	1371	4f4738118b911e41ec2e15c296502d1f013639d2ef50247ac180bdea923af9a5
ENSG00000151320	ENST00000280979.9	6960	fc2c2f54c5228b7bb74383670e393dd19d7d6e90040bce1c99c439b7a059c18d
ENSG00000151322	ENST00000356141.9	2802	fb3ac139268c1435b66426d2107fbd1c16a75d5e395f098b9774ea0b21454edc
ENSG00000151414	ENST00000367385.9	909	febbfcc3cfae33c538de1c3e8602f45fef73bdfb89295fa259c4589fc277038f
ENSG00000151422	ENST00000281092.9	2469	1b0ebdef045ff76c6d3cc02c40f5fa2493a9cf012086774bb92bbf8261895aca
ENSG00000151577	ENST00000383673.5	1203	16a0eafd222cbec3c9ab260588415bb6239d8af248dc8851876a8b5ac5b2d7cc
ENSG00000151612	ENST00000508784.6	3246	068aed3ddae5ba44f769a8629a25d5b87fc10cf9aff9114cfd8c8f28ba86da89
ENSG00000151615	ENST00000281321.3	1230	2c18b63083c255c201875e7eb20d5f9c000bb1474cc4853ea50c444137c703cb
ENSG00000151623	ENST00000358102.8	2955	967158635e55790f7be756ef8b5ec3929866ff0637650b63d471ea5492ef9524
ENSG00000151650	ENST00000325980.10	777	cc80df98c97a58be714216a1ceaaca4964503da8c3a35f8c64651ba0035bfd12
ENSG00000151702	ENST00000527786.7	1359	c539aed19535643e13e33ef95d5027aa1700bbd55b8de03f19654513d8e82de2
ENSG00000151704	ENST00000392666.6	1119	6e1305a8cea67c4afd19612394158494491632ed9d67232926c0b127774192ba
ENSG00000151789	ENST00000281523.8	1188	df05e6346f5ee1ada31d67d018ccaad45b79bdb945632b3e8b1859187837bea7
ENSG00000152192	ENST00000377208.7	1260	dedcbfe4d5074d3285d91e92513f3b6b08167117f6c861560265784432056d9b
ENSG00000152256	ENST00000282077.8	1311	a0f0a67ae72d24db1d2e05dd4560878476297e150e0b14e2c9ac51e3e52b054a
ENSG00000152284	ENST00000282111.4	1767	e89b224b7969e962f6bc0efb79bde7326d9d5c989d4177750c083bf3228b52d5
ENSG00000152315	ENST00000282146.5	1227	d5921b3b1caa1c267a9cc92ef3866985afdac267c442b5c279019640e329a7cd
ENSG00000152433	ENST00000282282.4	1209	f4fba93640250663ce7560c00568a4ad4e5e92433e8c82079d6f83063580750a
ENSG00000152439	ENST00000282292.9	1329	208ffdd44058adc459fc8ce98cc020d80efd3903673957cfbea1a432fb34d9ed
ENSG00000152443	ENST00000317178.10	1557	88f463ec62133d2d8bfa98cbb31865bab5528b4b74b7bd28cdb2f1c558033e63
ENSG00000152454	ENST00000282308.4	1884	25bd3cbce64095b004e73e19ce91adc4923a58945b51554a61c57c284f1073c9
ENSG00000152467	ENST00000282326.6	1227	1282b69546abd552263152e1d9276a26cd00ff8c566685f8a725b13c7a77a77a
ENSG00000152475	ENST00000597582.2	1596	09d2908254bd6a03a4087c167f3971bc9e699cd1206a9c70864856fbaeadd041
ENSG00000152518	ENST00000282388.4	1485	3c48ff31eaf7483176a38ad19fe5cc43aabe039825ac70385d69e5def839df47
ENSG00000152520	ENST00000380958.8	2664	9f31a41784318fa75b2e34d18e078fc49c199f35342b4377e1d15e87f6bbd642
ENSG00000152601	ENST00000324210.10	1149	f5c5a873c48c98553473f8120ea0beb447b36300185091304423a40a6d25c049
ENSG00000152672	ENST00000272367.7	1770	e5e8b946aebaf0d9f8ccb8ebd8b497e04e24427d35c559e5d31308cd9480c51a
ENSG00000152705	ENST00000282611.8	1197	d08b5abf759ddab0d5ee8e8ca45e1953634c51ae9d242dc514ff0f28b41a43fd
ENSG00000152782	ENST00000307534.10	1386	c79abbca4927391ec85935e4c91e3a4438a5733892bf1a4953eff86cc86a851e
ENSG00000152784	ENST00000415738.3	2070	cbe2bb3c6ecfb2399dc9d927c393a96a89f0708d3a9c16115819f0c1be4007dd
ENSG00000152804	ENST00000282728.10	813	934614f3afbbca75df0a0f41a5dc3e6d62c61502c6e7a5892edc6a6d363b6eba
ENSG00000152818	ENST00000367545.8	10302	1088de3ac21c2b4b17071e6d4585266b0808a23ab6a99f4ddb9859f47077211a
ENSG00000152926	ENST00000282869.11	1452	a57c7c766247e3f0cf2d9a6e0952ca27f3cb27b14f26c6e327ae38edcf161c65
ENSG00000152953	ENST00000282908.10	1245	25520e18a532c96da36dbbf23cad07186fe4c2a47504ea632aac6e2b7e0b6099
ENSG00000152977	ENST00000282928.5	1344	6b046a409ba4deb82fc78a939bbee6014bb922dec294205058964573f83d4b5b
ENSG00000152990	ENST00000334304.10	3966	8c0b714e283615d0782b77121f8c41c2ec63f7acd925b1e8654a9cb003739c98
ENSG00000153006	ENST00000513458.9	468	a1f36ad9cd85750e0b89636efaf73d843ecdc8c9f2173dc84fc0fdfb4e7f6329
ENSG00000153201	ENST00000283195.11	9675	681c015664d883632391cb565cf0e391f009702742d33d4b78ab96333da75289
ENSG00000153208	ENST00000295408.9	3000	5db6e7a8aabbbb0d0af28bbc97c225a15928651365b7b0645394c1ccb3d034c7
ENSG00000153230	ENST00000283225.2	945	2c5a64f1070a212eebda2fa6e8e0420e1553646725218f330a9454e8fb53119e
ENSG00000153234	ENST00000339562.9	1797	82074ba912ad58644e9fa9343c91973d37a44c9bcb1ac7c84710a5dc93fbc623
ENSG00000153246	ENST00000283243.13	4392	03c7f19a2020ee4bc4d9d9f0da0dc6146238b08e1e85c020881cd8fd35e592f0
ENSG00000153253	ENST00000283254.12	6003	3a4a8c8f99e1fd8bddede13e3ef996f89757d36cd005e72df1c9effbad9e0aac
ENSG00000153266	ENST00000283268.8	1380	013c33f7433407dd05bb406372d82456330887727c6be6793ab4d645e2713dba
ENSG00000153292	ENST00000371253.7	2733	0008933418b12d834c59c1bfe53e0dd30f0cb5ed562f0c98fa77858ce7bad079
ENSG00000153294	ENST00000283303.3	2088	7501813dff474210fd18205a71697caa5b85693a9401676af58c20a2822ad365
ENSG00000153767	ENST00000283875.6	1320	dd4344e451c9a8597bad58338956088a69186b4fd09c02b9a1818a8a4f377c86
ENSG00000153779	ENST00000283891.6	726	1b2c620c8173239f8e3faf5e988e30d92381ca5db827d23575b88a25da2d6145
ENSG00000153786	ENST00000313732.9	927	326f26014fe666f95e2e8c268523b8508ed3a3a402cb474f63ac0640d8d423a7
ENSG00000153814	ENST00000283928.10	732	a1dbbd78de1531e906f778bd0a91161a82a7fa3c311fde7769336960439f01a6
ENSG00000153820	ENST00000392056.8	5103	be4cbc38238612cbd9a242d8bd62a8c3639fff6a8a6fad54c4df0ddf96590d19
ENSG00000153822	ENST00000392671.6	1257	80d7e01bad924ca8d48406a31913e384af9c64f58ea214f718b7d24c9937af52
ENSG00000153896	ENST00000329285.13	1767	446dffd4d47a1f042eb87e0f2f36a5ca242d0f5e8c12c55f97814cf7b288dfc1
ENSG00000153898	ENST00000370608.8	1701	c58ca8e26ff311ea4413af98ca7e6dd716e2cdfd2a8a43dc05c88d5840c9cfb5
ENSG00000153933	ENST00000284061.8	1704	b83c93f47cffb63f24eed790eb9f7439ec946d5d168917b308bc117ffc08e29a
ENSG00000153975	ENST00000368576.8	1737	19561e08b05046e2624505c03f41e4db5674c0b7b03678428ae2ef9c99b05ef7
ENSG00000154027	ENST00000354567.7	1689	987231d715759bde6e1fc0b02d6107d81b67e24828a9fee51647758b723cfcdb
ENSG00000154165	ENST00000284311.5	1083	6955bd76021a9445f33968c119662d62179d2e3ccae27a026af93d99e5a7d75a
ENSG00000154227	ENST00000679737.1	1152	4371b6e5c4b644179d4c2391dbe8fc9262a8d623762ff334ec39e41695c185a9
ENSG00000154229	ENST00000413366.8	2019	31db84e915ac1820ce5935f95aacc56c2afbcc04e93a9091e97bb1fb521ba3aa
ENSG00000154237	ENST00000388948.8	6048	e5c434d22d365ee6ecae4253b88ab0d5dd6a2478209251f0472a39ed2f9532a6
ENSG00000154358	ENST00000680850.1	26778	8a0435e97c8ef4a70e738f97a7cd7d2f28b592120be0052ca365743e0f27b11a
ENSG00000154478	ENST00000284674.2	1014	a22fe35a67b04d48f1421b64e92d03f476adac09071747e1d29cc4c9f1bfb459
ENSG00000154511	ENST00000370310.5	1287	01bccaf8776ff511192bce6f3081d99f05da39e6bddec19a8a43cd59c248f2f7
ENSG00000154556	ENST00000695409.1	3903	e4ebc01d0801ac87d904ad994b62e756c2a4619c9ab9d802f5a742eecccefa73
ENSG00000154645	ENST00000299295.7	822	caca9e053c291305ad4402a240c31ad819c37d05eaec881ffb20b9c124907431
ENSG00000154655	ENST00000317931.12	1845	c83be7ac25abd8b7ca97326e96d78e3997140b83a884f8b9f09476ebf13484ac
ENSG00000154710	ENST00000284957.9	1476	25d7a58d2659d81df504a94a1a17b8af9f0439ed87f4302b88c4628ded257da7
ENSG00000154727	ENST00000400075.4	1365	578814e3118e8917d73bbba4d0398ce295fec9e6fbf6dffb79898bc0232cd6be
ENSG00000154783	ENST00000285046.10	4389	79445a1b56dc4baff9ee7c516fbcaf516ef5077637de8b1e97f882a4c65a36a5
ENSG00000154832	ENST00000285106.11	1971	a685d7db7d1e4a086f13993647aaf79fd837914db12a63aad8c654bfeda646dc
ENSG00000154864	ENST00000674853.1	8598	d411e720f625a285d9fa90313035deb289cda80198ce5bcea7a161feadca3984
ENSG00000154957	ENST00000580306.7	1650	3ceeb1f8747eabe878c4fad98d9493efb2b2e271df8c976f38314f754c6c6c46
ENSG00000155085	ENST00000424296.7	5736	7b27ee12015b0c5cec3e30e5caff1f551f20a0ef2c6c77d578e4f6a90742c26c
ENSG00000155090	ENST00000285407.11	1443	01d05075b3a1fc872c3a64ffe4ea7e585ef914afcdd7491bfaa9d732ff067052
ENSG00000155111	ENST00000368911.8	1509	8f9cdc1da49bf970e84cd0884bfd5c18dab0776c6b29cc979c98549efa57599d
ENSG00000155115	ENST00000329970.8	642	bc6c6e839e2afdabcbfeae61b292566e06d537c5377677eb276cde3558ade403
ENSG00000155249	ENST00000641172.1	936	2da74eb487e28c57e9859a4e6c107a6f2e1067920bb0d225559542a5e9adb19e
ENSG00000155256	ENST00000684270.1	1236	fb1080e6e99fb5965d3e4caa476c4aafe8db7073c6826e5842a55870df688eb2
ENSG00000155269	ENST00000382487.5	1092	3bffab415d4be6e5e097134b1eb7a52dfd206041d39228358ffe52f8e0fb4959
ENSG00000155329	ENST00000509437.6	579	f452884838d51b56fd874ccb3eb537555353b0c6eaa5c7924e2594e3a04bf270
ENSG00000155592	ENST00000328086.12	2904	78ec442b6eb7add108d560e9e72fc3c88c5b7104e85f3f153967e2e0f6428480
ENSG00000155657	ENST00000589042.5	107976	8a0742677fda0d1addf4accd0e7a338bc2b544bbc081082207e3a2eaf40cb435
ENSG00000155760	ENST00000286201.3	1725	853cd46ee07b90b612e3a4243dcf5d9d17bc166925dd37d97930434675b0c6b1
ENSG00000155962	ENST00000369449.7	744	69ee438e204b8b02556c843e4b65446bcc3b683135ed0c4b016aa5d9fca355de
ENSG00000156097	ENST00000527748.5	1356	95ac9319b09e2ad6351262711951b324fba6d0340676cf295860de805900989d
ENSG00000156113	ENST00000286628.14	3711	7da39f8f26610fccfd5c2caebc58299ab6ac437036cff8af6e4a490e0be8453e
ENSG00000156136	ENST00000286648.10	783	26e149209800326091cc4579f53aa788eff4e3cd35e83062bc33b90d5390c862
ENSG00000156150	ENST00000647563.2	1032	0f6e75d1259aea971186f453ef0cc47282bcb9d08ff7972b06982338d2a9c303
ENSG00000156345	ENST00000325303.9	1041	cdd849e04e3b428fc5b7d3a9a91d38dd4bf272876cd6eb8c2e683aaefe717fef
ENSG00000156486	ENST00000287042.5	1434	b7f2fe0001f2c83f4ebdfb2bc400b67b332a900390a7d1da2a86895be8936aaf
ENSG00000156575	ENST00000287143.2	678	4e1a25f9947aecac964a692205af134bfb5e8474b17012f825d19d570b1ba37d
ENSG00000156599	ENST00000287169.8	2148	85cb334d23f8534ae45171ec41f63844a3f8d1fa04f8b760baffda9b856fe373
ENSG00000156639	ENST00000287218.9	684	29a47edddfc05ac6177b3c28ed78835f3e75674c1797cf56eb24d5d836766d17
ENSG00000156650	ENST00000287239.10	6222	f0b60351341a0291f3e2b58c42d1de06f06c9044b254a5bf099da2ffb6c208f7
ENSG00000156711	ENST00000211287.9	1098	96ceab80432b31f7343d8e34ad09e28dbc966ebb822c8b6ef6f3d9c11a92ffc9
ENSG00000156831	ENST00000287437.8	744	9a3b5edd90c60dc1b1e6d8256e6d96c26d476a2de1cbc789e4d9f51f3eeb378e
ENSG00000156853	ENST00000287461.8	1503	38070d9e1fb37877090b736b40eac7fae978a553d5e864312810a57874356588
ENSG00000156873	ENST00000563588.6	1221	5f269f6d135b81606951f291a5b262544f50d713a4c0442675839a61e53435c6
ENSG00000156920	ENST00000394143.6	9243	4944b0a75fb28772c4ed21af52cf08a7b67801e3e8bfd23232c3d5466740a0a7
ENSG00000156925	ENST00000287538.10	1404	7ee7cfc9d57712ed5bebebce312842a69e1c7df292ba051a07097dbaa4d6bc38
ENSG00000156970	ENST00000287598.11	3153	dd7234bbbeed61f89eed8bfaeddd8e2fec74461fea5fc7592ae5a02150b75863
ENSG00000157077	ENST00000287727.8	4278	aa073e25bc794b32f7493890187a6816662865db2ecd1ec37be88d9f9784c7c1
ENSG00000157106	ENST00000446231.7	10986	dc3aaaab27f90fb64eb7fa5195ec673eb411894b1632296103d7e06987018a65
ENSG00000157219	ENST00000287907.3	1074	4d7e92f332bf3fd77ea45bb3c17a7b06a92fc15c32492edaf9fa8ff163f76673
ENSG00000157240	ENST00000287934.4	1944	34f8f20796d09e9621dd5c5e410505b4f6c5e2b5e4cc532aec7495cb5a7224fc
ENSG00000157259	ENST00000287957.5	810	92f851e1bcd3b9b203cd5c3425732f0648dedfb1ccb114175e2787527b7e3c2a
ENSG00000157322	ENST00000288040.11	1341	6c7e2c97fe2a315675548bef2990169bec7bc27360e824dd4d838ca4f9999e38
ENSG00000157335	ENST00000541793.7	1341	6962fca68733a195ff47f529bf992e513aa5e3738bda43bfbf8f823978f4b00e
ENSG00000157388	ENST00000350061.11	6486	bfb4ed1f01c3d18f84984135adb7be6d1a9503ff7c33cc92ed9518e723a60bed
ENSG00000157404	ENST00000288135.6	2931	b98a501ce095d276a66c7c33328639bbc2e72afba0dfd45abb8c029b6f0a2239
ENSG00000157429	ENST00000288177.10	1377	62b919184e1de969f5b5f81d08bfb70f929d3f14bada383582cd409d9875c0cd
ENSG00000157540	ENST00000647188.2	2265	55865597576dc47b776d887f7c029a84e2e64f5a7a5a038d1f36ab458a363120
ENSG00000157542	ENST00000609713.2	1272	c5f397161108b4eac0bcd48e3db71cd4db50eafae5794222d40d0fcea5b1c48d
ENSG00000157551	ENST00000398938.7	1128	5bbb29cfc879dc5d2fb187544927bcea723992b6626a544255378b43db618cf0
ENSG00000157554	ENST00000288319.12	1440	4608bf403c4780c72729dde1d8d3c1ffdf045c7bc1f78d326eaaedc1f8530f8f
ENSG00000157557	ENST00000360938.8	1410	533a929eec1e5c3ee93cfc406995ecad2a99024f87b1e823dbe5b127f9fe4940
ENSG00000157613	ENST00000621158.5	1560	305b2063b69dfaff6a6c587892d7b934043c33e5d2aafd0aa0c818f5c8cb3e3b
ENSG00000157625	ENST00000288422.4	2139	2d3a23af62c85cf69c6e90a71591b2bc1dcb9050d6bad288ecc940d901cab9b4
ENSG00000157657	ENST00000374126.10	2865	70ecc531b03467f5f50f1911881c1acb815e5177acaddd0fb5dd280ee100ae6e
ENSG00000157680	ENST00000614521.2	3174	c9590a59c33f060c615ea25ae4c3b3d6556696bda5d4345e0648679c277bf087
ENSG00000157764	ENST00000646891.2	2301	d23c43db3c9f3b2f14abfb685fa22c2e90b1265b903f5477bd1414e5d5e48db1
ENSG00000157766	ENST00000560601.4	7707	101e58ac5b505d9e4bd1a712b0b4d0acc0582224db15ed9c7c891ff9fd2ed966
ENSG00000157881	ENST00000378466.9	2322	2ef161e814e3c3e833464477b78f23edc432915c60b87ff905bc3ccfec7899b5
ENSG00000158050	ENST00000288943.5	945	28c98ccdce780ca23e708ee1f203dee8a18104dd7f6bec2af371c1cc1e82a20e
ENSG00000158077	ENST00000299481.5	3282	a158504f1b46b452ea6fa279f4dd4141473f158a8562dfd2c20d221a5440f27e
ENSG00000158163	ENST00000327532.7	2304	21ad66947476652b6f6acd25a1a21f553b2a20bfb2cdb97bb972ae4e5973478d
ENSG00000158270	ENST00000400256.5	2229	41828cea6455526ec19454012da77cd13d932fd695d01fcc78541a615cf54f31
ENSG00000158292	ENST00000377893.3	1830	7ac2bdfb578eff183761ba927cbb459e977f4f01e11fd60cab785832c328cc68
ENSG00000158445	ENST00000371741.6	2577	7e74ff89206474edebd89dc356a5d2acdaffda6abaabd4f7774610adf5faf75e
ENSG00000158545	ENST00000301011.10	2862	a25eff77b3d655cc156e6c1a1a0f10ce6b056b798612d399bc4c27bd6b0ebca6
ENSG00000158552	ENST00000289528.10	774	d861c98ddb0c21a9c11274a863cc8c9cc35802d6902fedbba962f217dadae756
ENSG00000158571	ENST00000375006.8	1416	c095bee80d267684e353df7f27b37cd327c5fb842d54b98c115b6609f00fdb5a
ENSG00000158691	ENST00000684592.1	1836	ef43e28c80878b345bf96c4fc744d945e9db8050cd47fbf0d615d32de9fed5eb
ENSG00000158711	ENST00000357992.9	1296	0a8d971e574e704ed3a5c8908c1722b0e4859e9419412571e8790e1359ab6486
ENSG00000158748	ENST00000289753.2	1323	d77a15307123255dad2d04d94c9c0ff5a30e6a9ec714df5d37354fd5956144b6
ENSG00000158773	ENST00000368021.7	933	5641af8e4e007d2a9c57ff708e093ba84947226cfd04f6fc1b43c976d87244d5
ENSG00000158805	ENST00000443381.7	1845	6dc9b930372c4bc3e106b990cff386dbb45309afaf91855089cc9ead741a8648
ENSG00000158869	ENST00000289902.2	261	998a7f2a59f9bd0a6ea9b8228fa9120c52d80a163ecf322be049704f770b693b
ENSG00000159184	ENST00000290295.8	855	cf41b4436f20a1a1dd3a4f2f3d95b83797842134ea910bc59b1cfecc7841a286
ENSG00000159212	ENST00000349499.3	2061	52c40c8895794a91c3ff38a9ef8303f82f5d0df16abf70a7ecbd9ee37065d7b0
ENSG00000159216	ENST00000675419.1	1443	34608878729365c8deed69b59228ec00e8d7350267958dcb283127539aa49de9
ENSG00000159256	ENST00000400485.6	2820	e3265fccfaa8d6db0ab553c39198734aa4f5ad1640f61937d7343dc7781375fa
ENSG00000159263	ENST00000290399.11	2004	91befd2590c489c995a0506f197de386069188fb334fda5592e5ee87ba95c82e
ENSG00000159387	ENST00000290552.8	1341	0c92724de3d99c20ebe712a4d361ba29dfe06aa38f3973f624dce1dc408b41c5
ENSG00000159556	ENST00000290759.9	1080	c3417febd21df69fe7dbb6979e07dc2e84d33890098dd9d72dfdb5bed7a0da44
ENSG00000159618	ENST00000349457.8	1587	296392de6cf83a16b49304bc46d9f9cf50b0f434c7eb6754fd96157e4e235a45
ENSG00000159714	ENST00000565726.3	1449	2b3934200449d6080f09b0da553f1666d726f27592540cd1684a100c8500979f
ENSG00000159733	ENST00000290974.7	2664	0dbb25a399a060cdbda9d1ddbfd6f376de6756aa78649ca74064d0f52c182440
ENSG00000159792	ENST00000291041.6	1275	9e82b62fa74fd3b67df0ff156b50069ea685026d9d79c69b253abeda30151980
ENSG00000159882	ENST00000429154.7	1425	c9c4f1b2daa2a9b4d3268e772a0a00ead4f511b3b7cef7104e4c26030f2ff3a3
ENSG00000159885	ENST00000391960.4	1476	4ebfa6c4aecdbc3b1dd477a9d171c49777882da69fba95b760f9018e5fe57f46
ENSG00000159905	ENST00000587682.6	1854	d9dc18c6ef23cf650571eb4e20b8fe4a31c59059115e0521f83300539fc13f30
ENSG00000159915	ENST00000683810.1	2013	1334fb3977c0b58ea53d657f0103b93fe8136d04e44887689a4280170691921d
ENSG00000159917	ENST00000291182.9	2217	26dc46cef6910fb342b890e649cf4b4139370e419a734f51d4bed2424e3753f2
ENSG00000159961	ENST00000641141.1	948	78873e5ea90b393223ca4b2e45755a7424ee235d1865845e6104b446e317c7ce
ENSG00000160014	ENST00000291295.14	450	4353a4b7c4b7803ec8134f3c6a9dd44c9d4f84187b90172bdc017e0abef84bad
ENSG00000160062	ENST00000373510.9	1326	87bdf5e430089b4a9c07b8c4a44549e6d7b6465e4e4408f3301edc93101ddc33
ENSG00000160094	ENST00000539719.6	1263	88da6ea90f7a5730a124b35415d8db26946c0d723db9b5d75b3f396abb84b8e7
ENSG00000160113	ENST00000291442.4	1215	f058e597e097d75b763971bf36324ca7974ef1377fbe0f27ed05f430d1f9d2eb
ENSG00000160199	ENST00000291547.10	1311	ed35e4d7a359f0a99705bffc8ea095fae0d905c32b65cc0b100bc5c4f3e0f652
ENSG00000160201	ENST00000291552.9	723	7e3fbb338956837e993b3daa5051f4bda74b1d4e3bbf98329abd9b3e00303f31
ENSG00000160229	ENST00000344519.10	1722	6e487c06b18237895b13163ba78e59eb16cfbb57036722c82440723957abb122
ENSG00000160321	ENST00000397126.9	3843	32e794aa26e99770f4e71681efeb47d04766c455bfdad144c957d88a8814dbf0
ENSG00000160336	ENST00000684525.1	2241	83f52d81476c395c50cc37349cfaeccdc9c3e240a08e84b56145587a31f5b635
ENSG00000160352	ENST00000456283.7	1668	1af539c9b1a95fb1130788017ce4ea377cef5c54076276c0738cb57934ce7ec1
ENSG00000160396	ENST00000291823.3	1851	7b79940ea62b6fcd74c1588699ecad451442aed4877e08abb1f5f1b28c547fbc
ENSG00000160446	ENST00000372663.9	804	f43a9b6f357f1c97f990662462d59393ec21921c4795884821e16ab59a10fc52
ENSG00000160447	ENST00000291906.5	2670	ae3d3d7087f4608b3f97bc21a2496acbca297a010ca178640a90311d7c3d8c81
ENSG00000160469	ENST00000309383.6	2337	ff8ac45ce77715377c31dd098bd0efeb5530a59e07213d722985000a85e13847
ENSG00000160505	ENST00000301295.11	2985	73b798f882495da4b161c8c060b09830d2cefb2f4d3dabd471030de873af5ce1
ENSG00000160551	ENST00000261716.8	3006	d572eefe46462cecaeed2ee8ab4d8dc39aebe1c52c5e2d78c8fdc434815d459b
ENSG00000160584	ENST00000445177.6	4110	6a8fe05ed2b923e5db6929576338b4b08a6690fe4178adf718e5b1d85c0a248a
ENSG00000160602	ENST00000268766.11	2079	97f271c9e810a2de7f197f73e1cb899864bfc7169237e63e752b8688da2b10c1
ENSG00000160683	ENST00000292174.5	1119	8c6af3d94093a793d1243b1124b36f7ba55439734b7d2e67cd1f4cd86c8ac67b
ENSG00000160685	ENST00000535420.6	1620	0e3040f84eae9a252bb3c32c41d3a3f8377b3a764e7cadc9b24a32ecae60b822
ENSG00000160703	ENST00000409109.6	2928	bceb613aa145de2f277b8c95141ad35c2429ce6b8e083fcbb45ce69d99107b48
ENSG00000160791	ENST00000292303.5	1059	99b0b248eeba8cc745e3363598a190a92f59903ad233920dcc45e94f1beb58ac
ENSG00000160856	ENST00000368184.8	2205	3d0cc04436799ea9847fc4de4df9239e14ba341a9d0d663c51abbec0767d8793
ENSG00000160867	ENST00000292408.9	2409	cfcb591038728473413e3ec84473c8ec59812c68ffcf82babb862491ba798436
ENSG00000160908	ENST00000337673.7	1686	dc6c543eeb3efea4e8c92226dde86e06f07ab1d2ee469e0091d7bf2688ce0839
ENSG00000160917	ENST00000292476.10	810	c18bfdcd4f9273763b6b769971303242991c74d495115593cf4352fe7c457b30
ENSG00000160961	ENST00000292530.11	1998	512a6c1e5b152cf5ec0a10d278cc7b7f06c911ec664d1901cf75c1744b856ee9
ENSG00000160973	ENST00000377317.5	1098	b04b2248c29c394bc2ad90bebfe1168123c2a0201aa3abab60b51a37b34fc342
ENSG00000161011	ENST00000389805.9	1323	2136b283ea16635879098f6963fb6e88d633c5b599d8b18d43057a4e8aec9f6c
ENSG00000161265	ENST00000378975.8	546	ce09195d3b44f9a510fba9a666fcf2ad5c1d3b5c86d8d82941a8384e5bb2da67
ENSG00000161298	ENST00000292928.7	1653	cae17ae5155c9c9754b1b65741b5c6121da1c24a7eeee7d9c1de4ab96b5bb0fb
ENSG00000161405	ENST00000346872.8	1530	0396eae3d340077069baf5085a70ec7d3583d5d58cc2ddfe71f5422f182d0fa4
ENSG00000161551	ENST00000638348.2	1458	7019dab2d79c26d87cdb69eef90c29f221cffebadebb1d101c8c8e96885a2be8
ENSG00000161642	ENST00000394313.7	1101	5736281c3fb66a8623bf6498f2b38db4b56dc8dd8cde8af68c188546737677d9
ENSG00000161647	ENST00000398389.9	1758	13420e4a8409f80abf7632baa4705371706aa7e32fe490c46edfbdcf0a032e36
ENSG00000161692	ENST00000315005.8	1848	eb2ab1b765048757e77e768f3613916e6c4c62945a5e22203684075e65e11927
ENSG00000161807	ENST00000541538.1	936	91730e77179c75ad547a3dc770b58fcaa490af6a61a05829e830a2e6a83f2d5d
ENSG00000161914	ENST00000293771.10	1848	56ba9d339db6f5cdbbce49e8a0e0e6acb0cf764c749e7f88fced423b13f316b2
ENSG00000161940	ENST00000293805.10	1440	080d92213a8449f6fbf7dc8920bf9821ce8ac67856f674fc7976b06a7133e303
ENSG00000161944	ENST00000691900.1	921	8897031c11a015fe30cc11ccd4102de4519ca6938a92f94e635e3eb18778f0f9
ENSG00000161992	ENST00000409413.4	1716	a51debed43e713595924303fa8b1765c82b50f7df483ddceefedc3779a254f26
ENSG00000162086	ENST00000669516.2	1614	fc33c5aed4fc1f5c9c1aa05bb8c60283d50c9829d06bc43bc0e50673865526ff
ENSG00000162300	ENST00000294258.8	933	b8fdc8a1a06eb2822dfd28d4657b4469698116f9ac3fb090f3c1b97ee25ef708
ENSG00000162302	ENST00000334205.9	2319	4909c6d50db1bceb00b4c67e22661f6b5a05f18db665c59dd147bae3a07e7dbc
ENSG00000162341	ENST00000294309.8	2259	a62474352a7ec4e856d9985c07ac2b3b19a21db98148fb1d521388ccc0dcae79
ENSG00000162367	ENST00000691006.1	996	87b46dbb69eca55f1e596f47b347f84fe947280c47652a87bc83733a3a7b705b
ENSG00000162409	ENST00000371244.9	1659	77ae29a58a681905dfbfd5ea5f9f5bb936d51dda7546aadf0b239dc7217c4c3b
ENSG00000162415	ENST00000359600.6	3558	4bf5df17983a8c33b94e61a7af5b84e1cffc6da0b6d8070f5b6b3c0502ebfd08
ENSG00000162433	ENST00000327299.8	672	e5059be9e82f037c3ac88c322054fb778b632a7131bc7718b494b580cf375228
ENSG00000162434	ENST00000342505.5	3465	98855f9dc2960122827471044b48933229a2211d869804fd743fba4c109fff8c
ENSG00000162526	ENST00000373534.4	807	475a0bc9c54a2212ec5c061c585f3d4590dfbd07bc11d45fe256b87f13569e57
ENSG00000162572	ENST00000379116.10	2409	21dd9a7bf74ba6108304c2b714f63243f60f811a6da2704747b34ded02863831
ENSG00000162585	ENST00000378546.9	543	3980e2d1bc81f27890391fc981b24fc038faebbf57cda4e6d8604e0deae15178
ENSG00000162618	ENST00000370742.4	2073	257b7b0c674220436ef5d72a466c3a9335d10bd0fcda31c2799d62b845e88752
ENSG00000162624	ENST00000356261.4	1041	1be9ad6ffde5dd33a542bd6977a7bae5b16706dd62cfbf5e0950c9ea01f40b95
ENSG00000162664	ENST00000340281.9	1749	5c21e41fc70c55302411f475f3bc66209cc66b5aa260eea523e66a4e01993153
ENSG00000162676	ENST00000294702.6	1269	a71f1f10ef826b67aa1fefa17ea1a4ec6ae02df1c8254f211a74e3911675266a
ENSG00000162687	ENST00000294725.14	3408	3a19a279c8386988e2a4bca07c473b23ad4e9d5a7287157f271e08cfd7558fde
ENSG00000162702	ENST00000367353.2	2688	659314e399076b4101be229c3863d69f18a0d20dca3bf492232d33ad1acf43c8
ENSG00000162711	ENST00000336119.8	3105	4d5be12208ec5de577308564b6472fe075ee64ce19a593aba7a374eb78bd2d4a
ENSG00000162714	ENST00000682384.1	1764	07d4a4b45771cee18e11a109b1831b9b8165469d6fdcae9f9ce2719317f08a0d
ENSG00000162727	ENST00000366476.1	939	45035dcf703d5fa2314d86050e45d9b4343e71fa63357fe15e35ef0c5fcbd6b3
ENSG00000162728	ENST00000368088.4	1182	c9033d71ce26c8b1af34bca714c423f8608a66f3959d93cbb6baf5129cf40938
ENSG00000162733	ENST00000367921.8	2568	4a1784e52a103b4172957f4024a15fc9f5c1e3f52c5cc7e010224250b1572eeb
ENSG00000162746	ENST00000367948.7	1281	fe08ce244311b5c0e9fcab1e6c20332e9194e21b34b98353bfe898687006c172
ENSG00000162747	ENST00000650385.1	702	74f09c14f7db556fcbed8790a9a2dda0c32bd9dff36db18819afc63bdaebe1c5
ENSG00000162761	ENST00000342310.7	1149	ca47bff4ee80981e3adc2bacb28e40a4ed79ef6f6614d40d331f8a33cd7c5f9c
ENSG00000162878	ENST00000294964.6	1482	79b1560d28547a3a272c0bf42c3b593d05d071d1881a037dd3f1e4beb7e43345
ENSG00000162889	ENST00000367103.4	1203	36ef113fefeda62f5eba2e5e931f6f6bc5267f5acdf3b9cc0b51faeaf4062c9b
ENSG00000162894	ENST00000367091.8	1173	bb29bbfb25209bfd6af35514fb0224b02a140c959e9cc7fb422bc370dbf3c813
ENSG00000162897	ENST00000324852.9	1734	231ddc15b462edd77858393daab5c2a0fce4ee2578e150b3091cd82fb9f1bfe2
ENSG00000162975	ENST00000295082.3	1485	079bd321cf0ab8f45332d4c20e2a0eeb35ade801f5e3f6f71a9f215fb169e541
ENSG00000162989	ENST00000295101.3	1506	09959092c714d065f99ff59221b52c5c188750207796ccd7ca7932aec4a629ab
ENSG00000162992	ENST00000295108.4	1071	18a3ab01cf7afd05a67c859bd2a215aef29461d59eff78351bb63c293b055a12
ENSG00000163012	ENST00000295131.3	1902	50815651c76f4f195d6c877745dfc5edddad52ed547d1fe7db5b73d4c660b3ad
ENSG00000163064	ENST00000295206.7	1179	acbbee3e7e51cd31ee29880da2ece7ef546d433535538f610d9385b4dbc928dc
ENSG00000163132	ENST00000382723.5	912	dff7b6a45dc424a883c4bc61a744c7d8b8b7e13c82902b1f54b877b2cc2949f1
ENSG00000163161	ENST00000285398.7	2349	b356fc10752ba85afa9684bb73327d71b0edfb788f42da604780abf240aa6932
ENSG00000163214	ENST00000457308.6	4161	b3b6fe9a708eb99a7c840d99be70c3aff868ab054e02f31df1944e2e82ca2d5c
ENSG00000163251	ENST00000295417.4	1758	0374e6f32af2d67a8016a6ab9841ed4b68a688ff8c2befc0544405b8ef9fe2c5
ENSG00000163349	ENST00000426820.7	3633	74a89905ee71d38edd0709559c1f9ff3c6163b1b06a168d4ae333ce46894bdb6
ENSG00000163435	ENST00000367284.10	1116	448e8e5d4d88fe972bd88ba027df63d88cbbf8acdf09c2223da42e2fe2d9bf60
ENSG00000163464	ENST00000295683.3	1053	7998fd70b6f25d18d0b8e2c120125d323663430936cb0a44bb0ec07facb356c8
ENSG00000163491	ENST00000691995.1	3348	68286ce322879e990cb5ad8d3292929006eff4b2fafd58229f2e5af06dc9f5d3
ENSG00000163497	ENST00000295727.2	717	c29f05c96625fb5de213fea36f3c2a5e1b94aa909787f6afac26a635417d7ed6
ENSG00000163508	ENST00000449599.4	2118	1b66ee1523eaebf82b5ea3268824257e03aa78590bf32cf2ef2a68c940cd4ed7
ENSG00000163513	ENST00000295754.10	1704	da49c2056c43ec847d6e5055a33213d8229a51f01a1175e4f668011a975ce02b
ENSG00000163516	ENST00000323348.10	2181	3ba329697fab66e4e5eceacda03e351a6759ac62e720b25f8dd18ff3a55d5838
ENSG00000163518	ENST00000271532.2	1548	788d52f6e5fcb4e8f0c254746fb07f13c6def6b0728e6ec7004ca5de60a4eae9
ENSG00000163534	ENST00000368176.8	1290	f2292f6d73e1c0c5b9ffe1d52a88fe78e259c8e15c30779698d732fc80d4aa8a
ENSG00000163545	ENST00000367157.6	1887	28785bfea2aa6de3d22dbdb82b8686e14557ddd36224d590fdb6839b4d3d0caf
ENSG00000163558	ENST00000295797.5	1791	fe7ddd69ab6a0f0cd8c3f6a3e422865fea7d1a7b7359aba3236789c72f8e8a5a
ENSG00000163602	ENST00000477973.5	657	796945b7f586a3e65cbc3e7ef4bff53ef662ab9c66bc37de5f2a7f75cdc73646
ENSG00000163623	ENST00000295886.5	1104	16f78f951daebcc032c6b21337ece630b6d8e3678351051325bbc2a09263ca8a
ENSG00000163625	ENST00000295888.9	10581	3fbcbed32aa839a799d13e222e96e139779fbc9af2d8f8c1282ccf0c390300bf
ENSG00000163659	ENST00000295924.12	1974	31ad1c08191c9a874cec91d34d9f2abb494bd52e7713df9050ce581498f271fa
ENSG00000163666	ENST00000295934.8	558	292aa51fee561065c06a0b7aa8216561555a4da2bbce1fd539cde8871d952789
ENSG00000163673	ENST00000636136.2	2454	a7a72fcee5105873d8f8681b3e4dfbbaaf7356f0287ddd88aca83be83dafb468
ENSG00000163785	ENST00000623711.4	1824	954ff224ada7fb826fab4529412debefc02a4870b5859bb2dd600149063518bb
ENSG00000163788	ENST00000296088.12	2298	9d32cc4a5e75753ecbbdafb5dc3a544256290cdcfd130e5cbfdd44a9c3a2f6ba
ENSG00000163792	ENST00000296096.6	645	2689c8dbebc75ec4f0bc225b87653ff9b5599f650ac18050c84869265b1d98ad
ENSG00000163795	ENST00000323703.11	1626	2e973ec871f0c3d554c4634cae38212f1c2b8bd8268197d2341c61deab75eb76
ENSG00000163812	ENST00000424952.7	900	6f8eea5b1bec616d26018eacb74bd0f0fb88036b29291a51b55d3abb371c7e81
ENSG00000163815	ENST00000296130.5	609	50f5289ad3a6243e633794d6bd0c2d430afca7c0a5334c57188a41f20571e0e5
ENSG00000163820	ENST00000296137.7	4437	582f413d2e3b094a6cd479e7fdad9fd601477e63848bb5fdc0f30741746cae8e
ENSG00000163823	ENST00000296140.4	1068	409e386153322e2451859d86b7d764e83c929ccba18496935289d63f8bd82973
ENSG00000163825	ENST00000296142.4	699	a6f31a62674d3813fdbeda1e11175d97e68479f13b2c521ff7d2a175363f0d47
ENSG00000163833	ENST00000338040.6	2130	405c54a15d96afdd7823a7b669f33b0f4ae55a762cb010bf53339f9d2ee9fe52
ENSG00000163848	ENST00000360647.9	2385	0e32e1aedafb9da0094c3a248e327c08e04d292a3ab59d12a389047e6dda1cbb
ENSG00000163867	ENST00000357182.9	3978	77efd662b74a076af06babb2246754ce04999c5bf24071e21dbdc169070f032f
ENSG00000163874	ENST00000373087.7	1800	ee9bbfe968222c7afe592bd5cedae0ea6f66bd3b574d2ba82be31e697aa1258f
ENSG00000163884	ENST00000296233.4	1251	e99b72c4805ba4accc9397274a16b0011908680d0bcc063d3c4aa0b9558d8f5a
ENSG00000163909	ENST00000372852.4	987	bfd2bfb54d96e64f7053a6d29dbe6c155be6ad035c24e2c9de77ced827c00f8e
ENSG00000163932	ENST00000330452.8	2031	6076ac9631d1b377cc3b061e10cf87828872f154dc0f040c7e011bc83fa6b639
ENSG00000163958	ENST00000296326.8	930	409e3a8f63f258fecd5d4bb79df287411357309d214f7094949798337d935dfd
ENSG00000164011	ENST00000651192.1	948	bb5e0f0650b8792da67df561a3585cc01f87622b54940ccb443a7ff957cab60a
ENSG00000164048	ENST00000354698.8	1095	2eea9c2ec86cc284fb88a5341d9b9c008efed61e99570637a1e4bbf1cb6bf6bc
ENSG00000164061	ENST00000296452.5	11781	a7103ed7e11107db8614a019c2944a0d203a6f51192dd724a298d0bd0cba6d2c
ENSG00000164078	ENST00000296474.8	4203	e66e450283eb85d3246fd965afa76636a31d8b34671934d2d2347c8ffe8ab748
ENSG00000164086	ENST00000495880.2	1260	dd63446f8bb755a225fda30315bfce3515de6d19559dbbcd7924487400548294
ENSG00000164093	ENST00000644743.1	975	0c3cb30ad59a290963cf7cfb833b04463bcedc3279debdb3f38db0b3b0f7c51e
ENSG00000164104	ENST00000296503.10	630	9f3c231e82c6e03f5ad3f4184ebe00eff5568ed83b0866b150c898a78c69507e
ENSG00000164107	ENST00000359562.4	654	b7cb9acb01c391d4cee2c29517930698146619140c384867b912e644ceda4304
ENSG00000164125	ENST00000585682.6	1560	aaf2628f297f4babfa335983ecb6dc08f0332b4a08fb860d269e3444de781046
ENSG00000164185	ENST00000296600.5	1095	a349a73c5a308c11e64a885ed1b87982a839e4d25d6933b50567a2db177f99f4
ENSG00000164199	ENST00000405460.9	18921	e099df7fdbed8f82020dfc2c28d83aa0d7f475efffbb4abc3d3fea6f196b819d
ENSG00000164256	ENST00000296682.4	2685	34598ba1c760b7a273f76b86b0e259ef7d6396991552d27db1d81ad7c0d7ad53
ENSG00000164270	ENST00000377888.8	1167	245f32168e893f26a40218d5c6ae6c76ff81e35c04db65a694d25f45d0d58ddc
ENSG00000164309	ENST00000446378.3	12210	11a2c2e42515af958c8295e8374f0d9d910ce0dbaccb0a82c7a5a4d15154a5c7
ENSG00000164330	ENST00000313708.11	1776	d785fef431268462cc5e76d0241cad6bb84151172e97a668719d0e1ae1f4502c
ENSG00000164342	ENST00000296795.8	2715	3eb9a591298b60e556b0d8b2f526aa420fbac8c19bc33afd49bef3d57536e916
ENSG00000164379	ENST00000296839.5	1212	cfdfbac36e61d5bc8784a9d502ac93d89643fb43a2ae677a7bcd8260958a40a5
ENSG00000164438	ENST00000296921.6	876	042aeda7c232abf93e8da28a87d9a0c447a53b192f1a7b935a8a3b9057c63b66
ENSG00000164458	ENST00000366876.7	1311	1ed7d0f1fdcda84b355e6c92ce0209f56fc25091e7eaf96e4ed98963eb294940
ENSG00000164532	ENST00000408931.4	1344	0dbe702eb69360d01efeaacca11581831f23abcce077810a257c636b095ef760
ENSG00000164543	ENST00000319357.6	1245	7d3db341a64ee6f00115b017864eb896eba4b2e4f5a7dac89409a22baeff4e00
ENSG00000164588	ENST00000303230.6	2673	53faeb39265bc5474071521e67847a3afdcbbd27df7a93341cef11ef5ab561fa
ENSG00000164600	ENST00000297142.4	1014	ee3431180765c1207b8f6848484b23012d2dae975e3c80946f1718a8683f3d7d
ENSG00000164604	ENST00000424100.2	1113	e2190fa3a7e7a9173ac81ad33704dccc93c703252dcc5ee402316d1e308d6b18
ENSG00000164626	ENST00000359534.4	1500	4a5ffb2338ce14af26f5f4e85962b3a305e4a7a51a7c9418adfd203f12960360
ENSG00000164631	ENST00000405858.6	2094	aedde8ab383ba83699faa22802234d5c2cbc96f73561976e2309fe48f33c7aa0
ENSG00000164651	ENST00000418710.3	1527	5206469a69147e1f163744101f64150927d32bf18bdc2f21c8037679b95d2edf
ENSG00000164683	ENST00000354724.8	915	df401a62d1c2819b126ead95ede61067b96c6cf964c934ac4aea252d6c8ad14b
ENSG00000164684	ENST00000327835.7	1239	2c6e46879845361e977fe635486cf483c95f2c0065ac1aaf2bce0c98f64c05b7
ENSG00000164715	ENST00000297293.6	4512	4b753770c6d89d4c1e6652511f8152b1596529c422f5fed606e750e5988c75f5
ENSG00000164736	ENST00000297316.5	1245	c84436015ee6f11598d25b9a39a788b62ecc7a6c873ec12492b6525459d659c7
ENSG00000164776	ENST00000297373.7	1164	0d5f2293d75cc7d57c00385b792dd66b6404e64325f02a20c658e2c6e697f31c
ENSG00000164778	ENST00000297375.4	1002	152b917fb59746a8f380d2dc76334b22d03db243f8dd1bca1f1a49db5dd1f457
ENSG00000164794	ENST00000524391.6	1503	420b0943f5ca766fce24275157f064c9189af8927bd2f0d13d504d6c6d979290
ENSG00000164849	ENST00000444847.2	1002	62a9fbb0a165356d58d900926ea79cb908f908c5dc57368dcbf6505bf01e4f95
ENSG00000164853	ENST00000316333.9	1596	e494e441a024e5f2b2d89c08cec1543f1ec792a0b84961a69b174d641754e116
ENSG00000164885	ENST00000485972.6	879	f8a997a313d6c646d8ac4ddf29bc0a6f71234f51fc9890af92b4e9faf18c6360
ENSG00000164900	ENST00000297537.5	1092	e7b9520083cc61abd5c4a6111d0b0c82c2a6c6e37f13c02ae607d3040910f1e0
ENSG00000164916	ENST00000328914.5	2202	bbae7d1ec8a421a07f98f95f40a765cd4492f2e068eec11f0539cd0efda7bebc
ENSG00000164920	ENST00000297565.9	939	0b4a90784d3a4c6905694e6516752b23b49044071c2fb3456b38541cbcc645d0
ENSG00000164930	ENST00000358755.5	2121	b1f1e8ba211fa7a1a68a9e48e3dcc9e67b6755606b8d8b0f253954217570fc03
ENSG00000164946	ENST00000380880.4	6540	ddba36d27a828b88654f5efa3d19c183beeac8ca7976c54001e0f94349560659
ENSG00000165025	ENST00000375754.9	1908	2cdb335a1037381d65dec18c0b0479756afba5c10b435e32be22986ec9256196
ENSG00000165059	ENST00000377276.5	1056	520a7320579de99a29f3cba3f476561f77da6ab5d10b7e5051bcccf0ee37ac90
ENSG00000165061	ENST00000297737.11	690	d532d380caf200b2b8101d2e0470af3b18124d91eb8bcca398e461f0b0c749fe
ENSG00000165066	ENST00000518699.4	798	1eca832e16881b928598d54771be1b89ae418de9851c86fb6bd7b37f9115c8a0
ENSG00000165091	ENST00000297784.10	2283	db5797606ff1c08c06715fc9187287a5882ce1e6df826b29d2d0de70da41c188
ENSG00000165097	ENST00000650836.2	2469	c007cf4ea9e87092c6b65900eb857910117d52d7563bc6279a209a362e78204a
ENSG00000165125	ENST00000359396.9	2298	7122724cd9690097809d1cc8bb5d475f2e0f6c961c4db1eeb6ee58d3251977d8
ENSG00000165156	ENST00000395571.8	2622	69934adb66763c7001fb1a74fede6f8389a556d41b7210818badfebf6daad6b2
ENSG00000165202	ENST00000297913.3	945	e7d9b3b2afb1ac7acbd7b6c83b730c4ad04c93f6c30b01495d73093c711eb637
ENSG00000165204	ENST00000277309.3	951	0f7f17c080dfcd9575232ab0079eec6bb1257d93471e1816a75d57bc4660b9cf
ENSG00000165238	ENST00000427277.7	6654	0ee7815fe2dc5eead845373e2ba046393a892f35b0172385d7956d06e5f2966e
ENSG00000165244	ENST00000375256.5	1053	3ad830976a1090562e731650ff3d5bd90e54bf0f7d33633fef41cd725a17e5b4
ENSG00000165259	ENST00000373177.3	2073	eca3d6f694ce6c8f71143ade2865788a64641b07a70881e9aef3c82171bf6370
ENSG00000165304	ENST00000298048.7	1956	7d7d043bcc9b79df10583aa583c98da221815f2a861c2af66653f0e4c343903f
ENSG00000165370	ENST00000651716.2	1527	4efdf6bdcdce1cd367a60630574adbe9f0d7b4ee06ffaa975fceb621cc6bc64d
ENSG00000165417	ENST00000553612.6	1131	48bb55472264a3564cc4810b6995afbb1ce7938b827b59f151f9f037f2c8e107
ENSG00000165424	ENST00000372336.4	726	b2cf1bde63e2a1aa9f8b8b139d6f4b03dc5f2eb28bade6ac2b55ed1c8b5ae54d
ENSG00000165462	ENST00000298231.5	855	74af27eb038d2cf522e8756742ca7cb05b33bcbd89a2eb787f36c5e0e288dce9
ENSG00000165495	ENST00000298282.14	1419	903ef67918f9ab45f496b7b0496d8a58458351b98e8d55813588229a7587a57e
ENSG00000165512	ENST00000298299.4	675	28a577d99db3a8b0f91191daf0a2a8f011cba2ab3969f9e4511d4d2abbd63027
ENSG00000165556	ENST00000381020.8	942	0d31f8c005763611c8f0f936021981bf88741480397491a4bded099e54dded2e
ENSG00000165588	ENST00000672264.2	894	f8d21642ec3749fe867f1c0e17dff20d5e6e106c506a0b61b17be97fee7ba6b4
ENSG00000165606	ENST00000374139.8	792	bc818b5a347da77a26e50f24b96bcad43f97a1c9f799835deedcea4f2956b38a
ENSG00000165632	ENST00000344293.6	2790	d0da5f5906b259982abd72da0c9b058953ad9afa703d0ea497001ecc9d44cd0d
ENSG00000165637	ENST00000332211.11	885	dc432ab66014cf59d6d2befe69e0350b1950d1e6b7cee0ddd7977211420dd621
ENSG00000165643	ENST00000425225.2	1164	1335a8cf70326209d1729083312b45cd5b913c8be2e97956342c61f41de976d8
ENSG00000165655	ENST00000372524.5	1941	e7d1aa8dbe15a695adc06ac7fdbec44b6dc368e5ed97455dd3972e6c33c7444e
ENSG00000165682	ENST00000298527.11	690	a66e8b5329070e96c82095084700fe4b4536aeb74fa5c86953db9d87fbc348fd
ENSG00000165695	ENST00000298545.4	1440	7f2382fd31559dd70c4e80ea2f81f78a93716b6861118ae3fc0da8dffcc61a09
ENSG00000165702	ENST00000372122.4	993	47ef7e1dc0b43cde48eac7f910323cf55c5202ba5f72a6f31e4f0f03c4b89465
ENSG00000165716	ENST00000371692.9	1296	e9d7f9166ff84789955096a7ed85041174ffe6f833b2217e10ff69314b072770
ENSG00000165724	ENST00000298585.3	684	61bd1af56430f03dc02d02e0de587b89f681ab308ec1685b47f4d126555a8b44
ENSG00000165731	ENST00000355710.8	3345	f74cc663f211bcf7c387ccbc628a1d2c2f2fea5c0173a4972ad7ef30908e742e
ENSG00000165752	ENST00000298630.8	1461	f7f2253ceb2ea2ebe7be03f4215cf309ef150e6492a200bd9bb437d5d056144c
ENSG00000165762	ENST00000641885.1	945	55f12550782a596055bc15999c1e6a01ef1fe5a76ecc64ae26bc4be53a067995
ENSG00000165804	ENST00000360947.8	2169	99a5fb71e99c4c307323eae284336762ca116ef61cec3ba3b338122850662617
ENSG00000165821	ENST00000537235.2	3018	5b6cfec9cdfe4787e729f3956aded8002e4e5868502d57184f7e107659a57e5d
ENSG00000165861	ENST00000556143.6	2334	6f1e901a0e98b5c3c367a12656164ef17796df250fbf3bc682b7cb6723330f48
ENSG00000165891	ENST00000322886.12	2736	fdb15d54d18b80608a5cd46e751933a4664a48ab76999a4c17ffe19b468b9ec9
ENSG00000165914	ENST00000328459.11	2532	cec9615674f4235302a36f51f581eeb3836757a90ceb49b41f9c20dd97a4414e
ENSG00000165995	ENST00000324631.13	1983	e6aceca7f1e63ae000ee744683ab00d7f33a3aafee2f7202ac339444956c017d
ENSG00000166006	ENST00000549446.6	1917	720bf35e10e85469b57a62cc4d4b272e77a63e43527fb599d6609949c637e254
ENSG00000166073	ENST00000561100.2	1548	d0f90ed15d4b07936b7f5c6adc6db132c577c7dff198af1d92597f64363dc4e1
ENSG00000166140	ENST00000355341.8	1416	21c2fb32951bd0401f55e075a166c2da89ba1c810865522161f19b59f2b3f38e
ENSG00000166165	ENST00000348956.7	1146	a36324af12fd4a5fadb2711716757a535dbdddad158f17413211c1fd5fb7399e
ENSG00000166188	ENST00000299237.3	1749	a8c8a0c085ca52596d5240512542feb98d904a852dd7032418a2342619765760
ENSG00000166211	ENST00000551346.2	747	be7058fab1d856d1e1b3c7b0d75ee0dda9c8bd44509bfd3338106b598b42978b
ENSG00000166257	ENST00000299333.8	648	05676d732c85fa8536258af25816db7d606f19ee02bc1997080a4121a455f508
ENSG00000166261	ENST00000530393.6	1947	6bdad12eb666322f6ebb0e9241f1e30f4623600f477f4c70a5e471b0ce2af5bf
ENSG00000166289	ENST00000436066.4	840	55d2ff9ccb1fc250ed28d7d870fb248fca18cb2565ea373af5375088fe18ac6b
ENSG00000166333	ENST00000299421.9	1359	aa05877321ba8ebc9d37c7e2e8d2738150ee27388fbe9fd85d351e32f3a7df30
ENSG00000166337	ENST00000299424.9	657	858860371b4e8db4646e8f515ec4573a422db4bfcfcb6802eb8bb05d4881f5d9
ENSG00000166343	ENST00000299432.7	1383	96ef93eb1c117c9ea5337eef97f1f97cace5c213ce8684a534a50c71846e345a
ENSG00000166363	ENST00000299454.5	954	b1e2549982480fa85889d5ac7a02f38646c43cee8a075ff694e32820fa0954b5
ENSG00000166368	ENST00000299459.3	927	01915da69a2937925afd7ea4de4cfc5188635b47ec84b08d839ed1e26cd7d59d
ENSG00000166432	ENST00000651725.2	2088	22869fafcb1bae00c90dddab92ccbed52eef2ba2eeaddcdc0c641a57b8fc8ab5
ENSG00000166454	ENST00000299575.5	2472	21cbc146bd868fde7a1d86b61f135393ccae2311d26195afaf9b62acdb7be74b
ENSG00000166473	ENST00000525539.5	7379	30bdc0921e5b0bf52ca748399384332b01a891cb6a5f3bf9c677e47f24d076e4
ENSG00000166478	ENST00000396602.7	1917	03829da599f762839abaf61a94190cb996820396ca89c8c173303d887a7e7d34
ENSG00000166484	ENST00000395604.8	2451	55efdc6653b19c675e94542ee39da3dbf545a888187c902dacbcb9df8794bbaf
ENSG00000166501	ENST00000643927.1	2022	a31162cbe973642f862df43dc5f85966ce0ff68774eed90f68227d5e775c0377
ENSG00000166509	ENST00000299642.10	594	d1ca9fba2259dd359651b21dbc5a825159ab750b5d2459277c0a02d02d635fde
ENSG00000166523	ENST00000299663.8	660	d36eee55eab2e18c9d707900d668365014d5447b72cfd27b8faef255c9a0e3ea
ENSG00000166526	ENST00000299667.9	1341	53ede17ba210a21644210e895533a90c5733755c7479baab9f44ba899c4bc63f
ENSG00000166527	ENST00000299665.3	648	f2352de7c73f043c9f75c913c74c587a04f024dbae379fb559a7ae64c869b2a9
ENSG00000166529	ENST00000292450.9	1422	90344d6e1f33a5fbf8604ae527dbe6ebf420a7482357f09201c5c8feb729cfee
ENSG00000166548	ENST00000544898.6	798	a525d159d534332c6f24babe26abecf90b9b6f30cdaa60b16d25db13bb9fdb94
ENSG00000166704	ENST00000551380.7	2379	83852dc274431e35178fb724d5bf785bec02198f4589938da3374472b0a6af2c
ENSG00000166707	ENST00000650639.1	1212	b19d4ee13d7c9430d244279ef308ed0a4b1c1d2d3948c92e276401d36f60f250
ENSG00000166716	ENST00000560079.7	3804	e475c8f8abf623bbe8705dd2d4227387ea432c0748bbe511ed551cd43d354726
ENSG00000166736	ENST00000504030.7	1437	62f8d7cf43d27c30c72680033b4380e946109928521f176a318fdd9aaccd0a1a
ENSG00000166762	ENST00000396879.8	1593	bbf5d7c520d14e378662484fa0f8208fe3e7572a5a8d796b68ee0f3b05f59515
ENSG00000166823	ENST00000300057.5	807	3732b1f5694ee885d92facff7bf0b62b7374ade175c925f9046913079034f8bd
ENSG00000166828	ENST00000300061.3	1950	a84111709ab8f0e326be1b36673b2bde6a3621b83f3051c12ab2afb0a438bd98
ENSG00000166851	ENST00000300093.9	1812	4be8e30c78e4679796f8a65aad3a7eb02d4a0184e8fa5b4fb9db66b5b457d2fa
ENSG00000166856	ENST00000300098.3	1215	86982dd5c2cac7c86a8bfb8c92e49c7fb749b028bd130538fbdf0fe5128c0b61
ENSG00000166860	ENST00000300101.3	2139	4682878dc619078832db76503d461a69fc1e60be64a50ba4c4790485450e773c
ENSG00000166884	ENST00000300127.3	945	2f2918c38de24c52aa0a9f2440cba67e892865bf96de614c81fbe3deb3bc73ec
ENSG00000167034	ENST00000380871.5	705	482f110dc8f954c84178a344edf6dc6fce055be783f367135769c1479a026595
ENSG00000167074	ENST00000266304.9	912	67df5ec3666feea1edc5616abb042e0434f02579ec6698acf75bf6614934532e
ENSG00000167081	ENST00000373489.10	1305	9ccd1a8576551020fa138cd306f7c2d4da9a62546be4429b3ea21576a34fa9ed
ENSG00000167157	ENST00000372469.6	762	aca9d55b550c423e9e83c5c11c0a3c80ce6f1656ff83b6e3dce054bde603e6e6
ENSG00000167182	ENST00000376741.5	1842	77cc304c4541a9c5b62726942872a41576e77980cc3efba594ad61dfd7e0c25b
ENSG00000167191	ENST00000300571.7	1212	85738c7c5d23dce10131979b36c5b728ad23f07f171b171608083aa8cb7dea5a
ENSG00000167207	ENST00000647318.2	3042	be13ffddae59c84713c9968e019c59a1defb6461fe3bd61e0eca8ef4e31d7823
ENSG00000167232	ENST00000300619.12	3576	fa9ccab1dbe9aaf16ea3b5efe0879843509e7c423ad139d63eb52faea053845b
ENSG00000167258	ENST00000447079.6	4473	ded9dba8ad45b131ec99503d89e3d00b8444a5a71b7fbd428d3f65b430dfcf94
ENSG00000167332	ENST00000396950.4	963	6848a93cd5ef4e71e05e666660ac9551aa8a3532733a00b75384618163fd6df9
ENSG00000167355	ENST00000300773.3	939	f6409c6a955e3dc6c25c1787af1a61d0110aea10434e9625da6aebfe78f52e6d
ENSG00000167359	ENST00000380211.1	945	55a24ed9e67ccd6ad91d92646ef1caca589db15561261beca1f5d1aaf8bec665
ENSG00000167360	ENST00000300778.4	954	5f44f33722ff821486ea942f1aabcfa00c2f01f673fb49d70bceaab52e05ef66
ENSG00000167377	ENST00000647773.2	2061	42158b7bb2f82628ba58f84d40ac0270686162fb9e9c054d90bfe88bd2af629c
ENSG00000167380	ENST00000337433.10	2412	b06b5719a68d8ee6c8e26b181718524cb9a7a6531159ad2a7de4e172cc0a3271
ENSG00000167384	ENST00000592529.6	1998	8dbe4fb23d4e24299363dc5cd5f43448ed0929340c39d2358eef95fc272627d3
ENSG00000167394	ENST00000300849.5	1860	b8023a183ef31aaf3bb7a4c34d5518bafd9e3e8ebec9d92203caac6943ec65f2
ENSG00000167395	ENST00000300850.5	5499	12f9438f3f57bfd7d1fd2b53cb98318e76958c74ca0003db8b4e5e836471abd9
ENSG00000167491	ENST00000683918.1	1905	146babcc51861441d0dd215a125863f3f1c1ac8cbb0b502c1ec7060fea7b73aa
ENSG00000167524	ENST00000301037.11	1233	e4cb585bf47970c31a7188fdd0cccbb7e0295654336afa4dc5a4a30fec486f1c
ENSG00000167528	ENST00000547026.6	1275	2be9cee682e7c5bd98cce2e25f976fd03fd0ef6fcf2641c43affac536a355a74
ENSG00000167535	ENST00000301050.7	1455	a9799a8f2cf290fbfe2a3f08ca4fa617e7cac53b587b029f0ceb25300302acdf
ENSG00000167554	ENST00000403906.8	1389	7d4d8a484a2798845d09d7f3841dd74cf4cc74b1246cd9e7ec918e18697a2e91
ENSG00000167555	ENST00000360465.8	1887	984b5033b4cbddada4ca812a1da2a5490bf86b42f1844fe529a9e3ca48bfeb9f
ENSG00000167562	ENST00000391785.8	1398	ff1a2a2feb3b30852a464b67e7ebf6c80bfeb31b5d2234faa835759fd420fb06
ENSG00000167601	ENST00000301178.9	2685	cc5333d903e318b768b23b9dca49a528b04155a7478fbdd14287b0b1469b665b
ENSG00000167608	ENST00000619895.5	2121	b6bf1e54ddfd1e7b39f5a3dc5aacca126c8219821176b3150dd89ed5508dc098
ENSG00000167625	ENST00000301215.8	2013	7c983cdfed92fa655b8fb9f49faeaee10517da8467c1d27262ae02a3d654be16
ENSG00000167633	ENST00000391728.8	1335	942510b536141d95f49a90eb06ca7547b20032d0bcbec7fe16c674d9bb1e219e
ENSG00000167634	ENST00000592784.6	3114	0a1705374bb310d6c382ef8e35d04ce5ee34d4da1a604ef1818eb72618ed6cc9
ENSG00000167635	ENST00000443387.3	879	bb0a7ff51d96ba6ccdd1b40f7e535557566ca4c86cc625f67deb8115a1e3bb24
ENSG00000167637	ENST00000618787.5	2040	47c0be95298858c4637b4bfb5e90af1e5be0055fd75bed641fa106573c103c37
ENSG00000167657	ENST00000545797.7	1365	d915df5cd6ec495fdf174f1573296fd30472dd47b9cc32e335c9ea9da8de8a21
ENSG00000167685	ENST00000337080.8	984	9aeecabe0d78bb9fb6e0bc7e497314164f4f8011b199fa0a16a940ca4d5d2b7c
ENSG00000167723	ENST00000576742.6	2373	d8ce89831cad02bac201fa053ddb2321f357c1265ea2268ac8f31c48c6c540e8
ENSG00000167766	ENST00000301096.8	1551	3c831c5b3761be2a22be01708d9d2488c9a1cf4394a3d42d549162f9dbd9c105
ENSG00000167785	ENST00000601372.6	1209	3f215a7f1971806bda2357b3c76db83a96c6c46d0fd7d5b152212baf27ab912b
ENSG00000167800	ENST00000335385.4	1158	f0432ce9e05a8e0b4d44596bb8cae2b35a2372e36411515943a66d2c66cea8dc
ENSG00000167822	ENST00000642058.1	948	30295f41fd6c0b40ae40f624c7cc7229f711f0c72ca0ee093b943e56a7f6cbe7
ENSG00000167825	ENST00000301532.3	945	7a81558f198909c963b1a126b0bc82a305e8a46978e062df899b66cc70af5c91
ENSG00000167840	ENST00000250076.8	1335	e4aa1e40b7898ad7cd5b24c21cdff7dd9b00356e65f4c5036d5beb54c80025e6
ENSG00000167895	ENST00000318430.10	2181	554ce46681bbac2eb67963a047e015c4b32e147c848f7161797bbe3952d3b00a
ENSG00000167900	ENST00000301634.12	705	c2252ddc4796e64605d9b8d5301df3c0e0fbb02480ec68c77a8147ce72364085
ENSG00000167962	ENST00000562103.2	2715	60a01a18b3fece1b0ce40352281808a68311fc848a52a76de8a96180cab3a32c
ENSG00000167967	ENST00000301727.9	2355	a4cba9af3b4bbf209b60e908555e00005a6c8053622f498b1ab8aabae1febea9
ENSG00000167981	ENST00000301744.7	1275	f7c97d9cafe33035a9909953e10dd5df63901bb3ffadb8675efd499a75850a8f
ENSG00000167984	ENST00000359128.10	3198	f30a801c5bea5d4dccf977b0727749641529dde16202a381134b7cb1cf476217
ENSG00000168066	ENST00000377390.8	1920	7f9e2a9b2766a49a72a8b0f2d501e1c4581403e58532b150ec5be8cd254f640a
ENSG00000168124	ENST00000304646.3	939	8a48768d07e5e5397c08c37984c020d6cb6f338da86ef7e7949adf5ab471fc3e
ENSG00000168131	ENST00000303324.4	1074	ed93d111cef13171c50807ef8c5b92f2166d3faef6860875abdc318bd3be1538
ENSG00000168135	ENST00000303592.3	1338	bdec5f4600a58e15319af394abbdfc9962780890d1ca141e497c531fa6ad75de
ENSG00000168158	ENST00000304936.4	939	c3416a55c59b30eb9e289f017302a177ed9075f0698374b78775ab189f3558a2
ENSG00000168228	ENST00000302874.9	1542	6348edf25bb823445ba810f794ff0ffb107dbbac967adc3efee00d236a33fa62
ENSG00000168263	ENST00000382082.4	1638	4c4d6f00a6e7bf6c87a384b3b993fd58695b1096448fdfa0eff6fa01609b99a2
ENSG00000168267	ENST00000376504.4	987	d9db261249e2d3cd038e066ff4d63b157d94388603318a4746712d7f6cfe44c2
ENSG00000168269	ENST00000306268.8	1137	fd11eda414e4f690b13dc00f609f636033cd629015ec2c79f8555c09e683974a
ENSG00000168329	ENST00000399220.3	1068	6ee2e250b9f8de82c73c29c2de352f6835666169c83033cb91ace8b16c6d3b00
ENSG00000168348	ENST00000307169.4	1701	d5fe39ba6ee9bd7b5cd4c85d38c8ed1066404164850dd2e879648d56d7582e57
ENSG00000168356	ENST00000302328.9	5376	2742849b036b3cba078332083d0ce4c7f9692bf1ef287b12b1adcc28bfeaf91a
ENSG00000168418	ENST00000308251.6	1560	0e08e8e64672f2023fa63c7e17ae0ebfc74734d9a95aef9d5175961d147a9a12
ENSG00000168447	ENST00000343070.7	1923	e0320e046e1e3903db7b0a53bef1477ff2ceeee2982dc469760f30c6a486a099
ENSG00000168505	ENST00000306318.5	1047	6e81eb4cc012a9de4cdd7de2b5548c009410b4928b74912050c8d00d37379934
ENSG00000168539	ENST00000306960.4	1383	2205b601647de4befe994a2c7ff9331504b7332b161d08d2005690b353c1424f
ENSG00000168566	ENST00000342415.6	1020	195cec5a6a0f869ed866fe3db7d83144dd9f8101fa49a74558971d771e76b56c
ENSG00000168612	ENST00000372523.1	1458	b9f836d37240243d024a9ef2597b11144cb7130e7390268656b88ec823225543
ENSG00000168661	ENST00000601142.2	1872	beb8c83f0bfb8943d07807791bb2d42515370c97d6fa390a2cddf6178e2b3e47
ENSG00000168724	ENST00000648817.1	1596	4cf20cac30b06090af61d3d560226b0797d5c36d2d327f11a5142696c433211a
ENSG00000168772	ENST00000394767.3	1104	b3172d773019594d4af49c542a8e242a50a63e7de94c3818397b9e8b0da0e39c
ENSG00000168779	ENST00000483851.7	960	af807b18719819a7a95dd6655d8de9152dfe612628a0cd4229edb2d109d3afc5
ENSG00000168795	ENST00000307750.5	2034	dc82dc65c15462c0c700be37558428a3ff7c2e1098ebbef74f2fea6a2f663db2
ENSG00000168813	ENST00000355898.6	2862	b482ac9806faa74516e219c4ccddc2c7a452d8527d5a28fd88b64f4687111d0c
ENSG00000168826	ENST00000337872.9	2298	c0aa96ff4c73c0c6387b229d6dd03e86adc5a79b9e4680e36ae95fa4a653dd88
ENSG00000168828	ENST00000377981.4	939	fc658da9076932353feddc84ad6caeaf60924c5c869d4f691c83b81a6b041412
ENSG00000168830	ENST00000305344.7	1098	0c2828dfb47bdcac1512e5cdea4bb27ad891825cff502335b57a576e30ba2133
ENSG00000168874	ENST00000306279.4	966	d55cc35b27eb7cf1ab52ab5365811b24599b3a96bcc6d08be0e69b81b729ba21
ENSG00000168875	ENST00000306087.3	723	50d06db899e3a590f501c77fc5478f3503bcdcee4413715288ce27c905b9195b
ENSG00000168884	ENST00000315423.12	1290	c12009217cffdcc333945f457ea3f4fb215c73ad6f35f8e1dd151bbc3087699c
ENSG00000168916	ENST00000513986.2	4539	7d7555e3e3b00c68a62da368dc06155054b82e91b52690e43da85f4c6a6427aa
ENSG00000169016	ENST00000381525.8	846	66d34b48126528d86a4941d280a7f8db8c3bf919e34ab0ef2e4e835d17fdd8a0
ENSG00000169032	ENST00000307102.10	1182	082274cbd22ba07887a43bcccbd2c334e6f8c1fe0e0f64a059679e2103781b09
ENSG00000169071	ENST00000375708.4	2832	572456afaae1775938f157da6cb6be9d73f5dfa65c8ac659e076cdba13c56843
ENSG00000169083	ENST00000374690.9	2763	f3eab3f6f2efd6e3e560d262330a18a07b86d360a02b76e27be6b4be6487a4ee
ENSG00000169118	ENST00000303052.13	1269	82437f85df56ba0f51aeb87e9a29c4bddefc334c2b76813f0193fc4d0999388f
ENSG00000169131	ENST00000335815.7	1818	b23402c47f822f6868b37ca03e52a731cab3810fb6033298726ae2a48d9e53aa
ENSG00000169155	ENST00000373464.5	1404	746ca3016a09f482b38fb012348e2e9e02c8043e9c0f5f0f0063b30475f116de
ENSG00000169188	ENST00000374987.4	1557	190e3f7478c5f5b89f823d11402e6877578b87f8c512d2a52985370f05a8462b
ENSG00000169208	ENST00000641040.1	942	aae32cc0155048288f5a8d726bcef18c9e6d1d6165449650de34cf5b031f4b7c
ENSG00000169214	ENST00000641470.1	927	6c706f092a96884348e87d2f59060e7fd3695ca5eeca6a8d95af8b2414fae69e
ENSG00000169249	ENST00000307771.8	1449	d2745f58bd764117592379a924e867c2aff3b698fa6727299f11cebecc569cc9
ENSG00000169252	ENST00000305988.6	1242	104945eb40ab477da85b1ec32da3721854cf3fe0220fed3f1472caf6e0427298
ENSG00000169297	ENST00000378970.5	1413	e44736dfec36f588f23731e7ee61d1c91f6f9b84c0d5e9c76528febe1a0fe2ed
ENSG00000169302	ENST00000397936.8	1191	d6744ae11455c50068f3cf46e955143bb544e3fdb0c5c3928404d9970f0ed775
ENSG00000169327	ENST00000304418.5	936	64740ae6d355e7d5b4b45690aa3c970fb73ad5d92523f060dc670ec4326d56f1
ENSG00000169398	ENST00000696786.1	3291	f95aead0ee86a0f20170617ad127f0414ab385efa722e6c7b613b74bb65fdda7
ENSG00000169427	ENST00000520439.3	1125	44add938e31170f920bde8129fdc7ee2f84272e5cff719bd65a47ddd2391f972
ENSG00000169432	ENST00000642356.2	5967	d96e516c71cba0ef7ce72c2835f7586ef2dfd4692beed153a526f726dca5cac8
ENSG00000169484	ENST00000641793.1	933	62f257fd28ec84e1401b62504aad19effcfa5c2483d5be1796464bf399e4f73a
ENSG00000169488	ENST00000305051.6	975	e612da1163826844728a48d5ae7cc96bf6255a5d36c8f93d231ec0f2f74d9485
ENSG00000169504	ENST00000374379.9	762	5c4209476df56a6af2418b0a1765c92e9539c4f87d2558b8a8c1a25d9b943c56
ENSG00000169508	ENST00000376414.5	1086	1e5f9ed5fde18559f3791c650e8b61cbdf58035d070f8eff7f7b171d93467d06
ENSG00000169548	ENST00000302097.3	1629	b087258f956b01952f173157bfe512ece7d0ae11a7694fc6c3e9b821712c114a
ENSG00000169554	ENST00000627532.3	3645	7e38e53fdfb221ad152036748daf2a63e2d87ae7e5d2a96b81edcd3d2b563c5f
ENSG00000169583	ENST00000494426.2	711	acd0b681c51321c8a3fdc85985587b6db0cb443f57e17320fc4314f794c1cc14
ENSG00000169594	ENST00000345382.7	2985	d903c6a75fa1134bab708bc4b6f3737df72b0abc8a000ee31b85ca93a00b5172
ENSG00000169621	ENST00000303795.9	1536	e4d60b8cfbf841f2b47f1233376f80e9f508bb08b06a047ef2a317d37654bd92
ENSG00000169635	ENST00000407464.7	1848	adb1638a6435d28414af22ae5d70513b62e6e8c092dd62cdf5ea01ed44854c6c
ENSG00000169676	ENST00000304374.4	1434	6b3caf5b4ad097b554a670f6ce0ca14f4d1ec8fa3f9989522384e48dae426143
ENSG00000169679	ENST00000302759.11	3258	fc00790974ac3c2cd70bdc659d7f9d7dc9558a6424fadce556474d70b98dd639
ENSG00000169714	ENST00000422453.7	534	77e57e5a7088f68e3f41d5e5b1fdac23062c85f2f3eb1ba4c587baceab201be1
ENSG00000169740	ENST00000374433.7	822	a992e367f39a839523b507402f4d835077de71e2819383f3d99ddc4b2e060e7a
ENSG00000169756	ENST00000544547.6	1014	a9f795fdd93fc274147c907479a3ca349e9705338caf16b09292f877005a7731
ENSG00000169840	ENST00000302945.3	795	2126c6b0ab5d058d1bb8403a027a501e60716608b4a47dc34e819ef5e3e93483
ENSG00000169856	ENST00000305901.7	1398	4340b6631cef9c218e60bfa4dee882223531af837c15b76ab4a40322ee4c9ebc
ENSG00000169918	ENST00000307050.6	2802	aad1da3820a7d28823f1c8e69ef99778cd549ece29618b5c3a66d04e909d43eb
ENSG00000169926	ENST00000307145.4	867	ac8398d8c85d53b84f3c18eba828f2ead472c24f4ad065286b378232ca11fce3
ENSG00000169946	ENST00000407775.7	3456	974ca7eaf1e85e5c4cfe888c698cabbe2b3188e9366e968d533810f628e0dee9
ENSG00000169951	ENST00000395091.3	1224	6b774229e88e7ae272f75ee78dbfbda0ca546d3f151f5f4f5cf48ac664ace69d
ENSG00000169955	ENST00000693075.1	996	78e8b3cfc4f97d519050b86e09b45eab65feaf77e9df94e145b0d7936421af29
ENSG00000169957	ENST00000380412.7	1623	7396c7a82eb8f6371e2841d3bb69dd184d78400f9f9d41e35d5da711e482209b
ENSG00000169967	ENST00000682094.1	1860	1b4e1d7275f366c654c7b0b3d76a3f624a66aad3ed6986e0f0ca7f7fbde9f356
ENSG00000169981	ENST00000396056.7	1584	706e410eb9a165304a3717ebca9c87f7a6e2747a9d11bb17ae223a3781627f7d
ENSG00000170011	ENST00000302541.11	2580	803f64165d525c65e68d062541c88364d0176013e14db441d96bc678682c76c9
ENSG00000170075	ENST00000367282.6	1446	c618e03829f2056c4224959ed2cd354c6d97c9235a217f39deb88e7e40138484
ENSG00000170100	ENST00000433976.7	2274	283d4fd742196847dcecfb4be9bf2fd17930f34b853c3646678cbaecd12375a7
ENSG00000170122	ENST00000382500.4	1320	1dddead4f56ab5d462ea61be4f9eda31d7a986fd80c5cf6a3a047a94dea38899
ENSG00000170128	ENST00000304244.5	1086	195e80d8e3298027c549723ae902bc7869baff47620215939fc8151aa272bcc7
ENSG00000170145	ENST00000304987.4	2781	e62b2cade838e2b9770b8b5119089a28b558b4a57ae3367d25bcbd055a675092
ENSG00000170166	ENST00000306324.4	768	3a39ae962bab6564505be5634bc417772cbfbbcca5e88f2c8728a84a13cc8f64
ENSG00000170178	ENST00000406506.4	813	ec295aa3033d060012a67e541f0a5dd1005c178679109d1bdf02f0945e8499ac
ENSG00000170209	ENST00000303941.4	2298	a28fad1d1140d8a12a366bcc4ee98ba1fb590b4bbd5b54c7b13b573c53fe8ccd
ENSG00000170214	ENST00000306675.5	1563	c32b9b5447b76a31f6e64e2b048fbddc4a85133b5aacc9962becc3bf3dec037d
ENSG00000170255	ENST00000526914.2	969	a4996fe33003329ba2843b913c1e171e92ef67f3730750089871a28b4e098560
ENSG00000170260	ENST00000335870.7	1488	98c6e88684e86606a4130fa79287be46f2f9741ecb1823f43781868ec83e8084
ENSG00000170265	ENST00000610704.5	2016	ccfb17283f3057d1ff7d0ae4eaeba0db1f44d3f70e7211a5479d08d9d2a20617
ENSG00000170289	ENST00000320005.6	2430	95263cc1929b2da9df54c58fefa0ea985041997817ddc317e07487c15400b16a
ENSG00000170312	ENST00000395284.8	894	c54f9b668e993c20c1f9eb140ece4cb01565074a3cb530f1829ded79243b2ada
ENSG00000170325	ENST00000360871.8	3471	d31bd46e1b5702e2df4d45b8dff268dbe79c56855f613989e779e465dbb6caac
ENSG00000170345	ENST00000303562.9	1143	a951b93182a0daae53bb1887d302d336ff6af104c0b518966bb85903d0341e7b
ENSG00000170370	ENST00000553456.5	759	5bac95c0a282a85f3159e506995d92449c2b8932d86ff0b8a038d7f8d36a3c5d
ENSG00000170374	ENST00000536324.4	1296	4705b904c84c2953c5a41dd2ede9e79d9964705410904c28a588a4c411113bec
ENSG00000170390	ENST00000296550.12	2301	3fc18d66ff2da59f1eb1304849da8fe7d46b7b04d1bd295014ea22b1609e6852
ENSG00000170396	ENST00000302277.7	3630	59f1b4221b021d32f8ef20e6d89ce0fed8b7548f1e53d9ec76e97d94ca839414
ENSG00000170412	ENST00000392627.7	1326	d0eba39c6ceaa19149b43241bbf8fe0fb276d573cdccc30b2c8d2899f201097c
ENSG00000170448	ENST00000507489.2	2736	f08debd0bf2c4963f0f970d8ed5f89e26c0de0d6c837c86c7b7604a72f4e56cc
ENSG00000170485	ENST00000335681.10	2475	04a020a58d17e2c285b0152e015398a12b2ae3709c96537cc201b501bd6b6bcb
ENSG00000170525	ENST00000379775.9	1563	a131e41572332162207b762a651598f26bb79995924d4a3ccc9eef5630b665b1
ENSG00000170537	ENST00000304381.10	2172	2072e64f9e2ff4fbcab9e7acd720eb1783cf9acf02fc5fa6311a5232d3931df3
ENSG00000170549	ENST00000302006.4	1443	a9a25b02c92de389ce0c2fc7008b90585de7c28b6dd768579bc8111337e0a1d9
ENSG00000170561	ENST00000302057.6	1416	c5a360d7310cba7195ee6b6ed783a52d96760c7915474b132b9a2ffefe50adc3
ENSG00000170577	ENST00000303077.7	876	1d76849a6096130b0780dc785d37158be5b229c84f07f164336b4450650074a8
ENSG00000170605	ENST00000641329.1	942	f798f82ed1eaa96b5f752f47bfba8407383411fb301abcbe91257e8f8eacfa7a
ENSG00000170608	ENST00000302177.3	1053	8ed0824c2f9d888f676d657b460a16d3487060bc8a45cbe5901a02dd9db916a4
ENSG00000170627	ENST00000305879.8	504	c54ce41a268fd78ed563f66282dd0645501cd8923058ffbbe5cabac1e251219e
ENSG00000170631	ENST00000394909.7	2049	0df515b98ee84774c0908ba2ce9b302e1eb62f60c25c59cc61021ccad8c6bb57
ENSG00000170653	ENST00000420353.7	1452	ed15c355b738e27034161cae950e2c3e1909f35a72cae4026eee6991b52b25dc
ENSG00000170683	ENST00000642047.1	945	746ff2db567f6219b6a8eaf0a36396a7ab1ce958f58c63d833b6e2fb8d69a4df
ENSG00000170684	ENST00000303809.7	1428	f0ac49a0178da7a9b87a380a9028d7f3516e2d589efc021355409a25a559f1e2
ENSG00000170689	ENST00000311177.7	753	a09f8949a576af8b1d94864376da1085bb06ffdc6370097d959e78305ad6ff84
ENSG00000170734	ENST00000372236.9	2142	978a5e618e766e2b34d3a510bb10363a5490dff82670421670e2a85333121bf0
ENSG00000170745	ENST00000304101.9	1476	52160c0d3acd57f717de1c860cdbb5c8ef4787f9e2e0fdd546c1ed4bc2c72945
ENSG00000170775	ENST00000303921.3	1842	50a1eff9e5be9e29f44b4f89078b92221ceb697be05f66235e1311fca9780762
ENSG00000170776	ENST00000394518.7	8442	b28fb3d54f630e1ebe2b60a9d5a89e9570a612247a0ea1bffd69e48f7e73ac65
ENSG00000170782	ENST00000379829.2	948	4691b7b44d31b49012741df14586175602f55624fedf59aaf4998daddd3360f3
ENSG00000170790	ENST00000641461.1	912	0a9d608b50525b7c6122c90a26adea7591ff0d4f3c9188502821629ea85f2e92
ENSG00000170802	ENST00000340553.8	1296	c0a6e6dee39d9d4f3a3194abf86ab5993c520deedb425f9e284c1020f16e5c3b
ENSG00000170837	ENST00000304411.3	1128	e162a840a2921edf028de909b741d251b10139db026623a08716dc3336ddc0b7
ENSG00000170920	ENST00000305444.2	939	ae1b9507cdfed08ac6622393030a574592d6d90182d86568f8956c62010996d9
ENSG00000170923	ENST00000641081.1	975	f99c97269d2672606ceebf58af67bee8524bd1fbc22dde28a0057a449a69128a
ENSG00000170929	ENST00000641627.1	942	1db25668aeb6103a7783eb792095879ca61b7989fce8e75e583b3d1a7f14fcd3
ENSG00000170949	ENST00000683776.1	2457	89c8cb522f9c4e833939b7f00f02d876864eb1b65ecb43a6f7dfc369723c945a
ENSG00000170953	ENST00000306842.3	933	40633cffced9f8b51d7989da1e264360cf03df68b73ecfd934ce30f43256b159
ENSG00000170954	ENST00000243643.9	1668	5a6ab021f523d8f872afb4668925ccb15b4e462e9d423dca11fee5c71fd14ebd
ENSG00000171014	ENST00000307033.3	957	62850f19e66407f8cae38db740fdacf15fbe96f495823df036fdd9e07bc98c31
ENSG00000171017	ENST00000306708.11	2391	da0876a4f80bb67201dd292045c8ed1eac07c7d1be103860a1e955ebf18efff4
ENSG00000171054	ENST00000338616.6	927	0c99844d77c1bfb6b61943aea67af915761a62c427651978635e96b8a091d891
ENSG00000171056	ENST00000304501.2	1167	4e9b0975f179764961046eb92eb7b55b18f32ad0b6686e0e78d47d68c5adbb8c
ENSG00000171094	ENST00000389048.8	4863	466c384da9a5b6c98499c537a6cb0813b75cc9a663362ad8ba3de28bc25ffb58
ENSG00000171121	ENST00000392685.7	828	eb899b6d26485e77d6377bb76b72f4da8963c66146ff14c5ac7540f484304705
ENSG00000171126	ENST00000306078.2	1311	0e07c83ba60b8e431a51558c195f29ae3a58c1e61107aa9b6f45bee669b5d408
ENSG00000171132	ENST00000306156.8	2214	f99495bf92f73ad814d34d57f56bae5b8edfbee1c4315329cbb1c99bafa0564f
ENSG00000171133	ENST00000302681.3	951	491d503b5378fd505f96606e48b8e8b5b22b88df31901b8099b2aff96cee7868
ENSG00000171161	ENST00000306562.8	1359	40f4197d0babbe26126695831f6044511d64f04da9bb2da0f985d26a0c092091
ENSG00000171163	ENST00000306601.9	1560	a3293d7527b6d149f54f4705924266b7f6f294aa0e1e3e54e9f03527ee78174f
ENSG00000171180	ENST00000641868.1	936	29a45043e454fc6766b83ec673acd9ab582a6626655f34143b2fedbf338f90b1
ENSG00000171219	ENST00000342711.6	4656	9a0544c7f18ae8f960bee97b97b7591c9afc43e2b5d70874e60a2aac7ff5ec70
ENSG00000171223	ENST00000302754.6	1044	3dcb4724d0c246937cb962974838f3401670f23ad1008ee3b6427839018f52a9
ENSG00000171291	ENST00000682736.1	1515	cb499147ade81b3342a3851fbc1c6dffbdd7c7e6b39e7f75eb0cc32acaff9add
ENSG00000171295	ENST00000304060.10	1788	52741f14ec85d347dd976e694706e7f9aa6ddecb82d6ba2688a1f645613674ed
ENSG00000171303	ENST00000302909.4	1185	8327066bd15d4c7a8b0cfdad1c2f63b778d0b9e66d03a78412971b66c4bd30eb
ENSG00000171307	ENST00000393760.6	1134	f034e8aba838216da98c80a41006c2a3f6d1a8ea22c59eed6c46331fae057284
ENSG00000171365	ENST00000376091.8	2451	a56fac4202479e3a24c202bc44abee5bf8cd3e6a7c6c448723f218d2085feb0c
ENSG00000171385	ENST00000302127.5	1968	9b1b5b7f72cefd906fdd32e47f23ed9efb0ed7f10d292742744fbb4af66ad1a5
ENSG00000171425	ENST00000270451.6	594	6cda36be5ee48ec59aa9ba768a53cece031f3bd0de3c7036048817cbd60501c2
ENSG00000171443	ENST00000301073.4	795	534177acf3027fc6c845a6d37a77cf9d4f8cbcac0d75ed0e91659c74807dbd58
ENSG00000171448	ENST00000373656.4	1326	acb2ff777cef8cfd5cbf526ad289266bbb921fd227f703e3fe2949995836c0fb
ENSG00000171459	ENST00000304720.3	936	5c0361bd9575cd1986986a236be1b86d682a936da7fa4aadccc3097791ea528c
ENSG00000171466	ENST00000453372.7	1281	8096290abbce2feb7ce27b47d1b032cd6cc90226e5b7bd6d1b2ea01dbd4524fc
ENSG00000171467	ENST00000361428.3	6840	566a59e0570f63a5a7bcea4436b65b79e5ecad1619bf09cb5b2c6d4a053b3daa
ENSG00000171469	ENST00000302851.8	1461	e446b1b7f6cb72437f2f28c1d2b04a2761ace7a79bbaae57f1a78c0422ffcf05
ENSG00000171476	ENST00000420433.6	276	14e6f099bc4a30a448cd563df1c1d341da7d5d4168e557625bb15b84f533aef1
ENSG00000171481	ENST00000304820.5	975	3790e86be1c3eef0f1e159462b1ed0ac2f1eb0dfe2e60a726c4a24efad91ed1b
ENSG00000171487	ENST00000390649.8	3603	24d32ecc547fc18e3b5c4c3c5aebefb1e988d750f83d97f05635402c6c4fa7fe
ENSG00000171488	ENST00000370454.9	2412	15316fab2427169cfb5deca38affdf4e09ed2f33c6cebf979be45359e03e7c87
ENSG00000171492	ENST00000337338.9	2577	fdd2cbcc9b88fa096f8f5be250b966c1f17df8c9ff971530927c776e2f11f7d5
ENSG00000171496	ENST00000641027.1	930	404ca0570c0ab17ee5e710f5398146bbd36403173285b6e2bd9d6b65b9e67fdc
ENSG00000171501	ENST00000373688.3	951	1540695f2a51832df48632ba95240267e7659c8ef6a24b04b96f1fbcbb7f7b46
ENSG00000171505	ENST00000304880.2	936	5257d8c14b7d8fbb52375c8cfd6e850a15f7d2e52d61bd27144a2b5c0afdbf5f
ENSG00000171532	ENST00000302584.5	1149	42e3b1b1bd9d619d22b2053bb491c45b81d0dd4f950318efcd422e87b59b998f
ENSG00000171540	ENST00000306422.5	978	85ec3c1918acb9aa4b04c6f6f96be324dcf12fa0f5aed9427c84b1252c54ec72
ENSG00000171561	ENST00000641504.1	963	e87a20b4e2f87320a4ddc101acaa71550fd2b7301636748c86bb9ea8f1d54df5
ENSG00000171574	ENST00000306910.9	1266	e493901759d8d458316b709919a94bd6568a51aba2498c33e8dd539f6e1c1002
ENSG00000171604	ENST00000302517.8	969	31c672f790fd10e493990fba0c355a65b79ceb0d46622ede18e86d932e53608e
ENSG00000171606	ENST00000617501.5	1962	48a7134e6f6a4278fea9b2d51dea0d6a2156e455bbf55a6f3f71e015d3bdea7f
ENSG00000171608	ENST00000377346.9	3135	6d5875f01df3e46a33a806d9a30b79989b4e563c0c9c8cbf8495ad90f5b834d6
ENSG00000171649	ENST00000597850.2	1464	e513bcf43cc220d3dc556d5c88d0ff8236ec83a4062fdd17c78a80706cc1d0e6
ENSG00000171657	ENST00000302548.5	1011	eb9e13c595c15b86cb2a2ca21844b23ae04b06e0291f4409e463f191e4abb4a7
ENSG00000171659	ENST00000378142.9	1146	adeae418091973a970aa8c6f9e56a79a43a20c052515677c6123f8bf5540d6a7
ENSG00000171786	ENST00000302101.6	402	0506d456cecd494ce49cc51feeb42505cda17de869ebf515de4787f164fbfc8d
ENSG00000171817	ENST00000316433.9	1983	8f7d4b015a0c91076cfdd4c1e7f7eef782bc77b58a584a1f856af5b762ffd2d0
ENSG00000171827	ENST00000330173.6	1611	32cbbb38f3d9997ace0375b9fa52fc576c1da9401641d0e928a54c834c3e7fd7
ENSG00000171872	ENST00000372299.4	1170	d589adc5f482db6dc64272f0e4f8c68642cd41fb040ff3fcf25b7f42bca93328
ENSG00000171873	ENST00000379453.6	1719	ca37e0c71c8a7de1422fc9ecb6a8c41e04039c66b72685bc9d27875f57bc5096
ENSG00000171936	ENST00000641646.1	951	26242f7399cf4b62310b398c71122d2ae4503977493ae72a691cd9144ee6fb9e
ENSG00000171940	ENST00000371471.7	3147	938122fdfbcbcbeef6bd439d5437f68c8821958a0ea55024f7b1beaee56722dd
ENSG00000171942	ENST00000305899.5	948	1ffc38b07bc024bee9672d06c6a200189eceb2a20c520a29f11bea2646b41755
ENSG00000171944	ENST00000307388.2	951	f0cee0a3c99491ab411967a89c732d450c8e09798411557b8030148b5255ee50
ENSG00000171956	ENST00000396057.6	978	74de043e32c4d066a384b890958afbe93832254f69ddd24b04501146b3601562
ENSG00000171970	ENST00000306908.10	1668	3c0389140b088070006d1e3250343f2784c5fdfd496f23d0b79583f4f2655c3c
ENSG00000172000	ENST00000307635.3	1371	414e61b27239c5eec7125d753975d1e593caaf446c63bec6dc37ab8e203449db
ENSG00000172006	ENST00000317243.10	1617	934b5e025e451ea807db2eb418cd8b347823d4b0c691e27a33448cf6757aaba9
ENSG00000172016	ENST00000305165.3	528	d0dd71bb70030185b5883d960cd771ad36f9c86bf4ee18c9fd483b721392ea35
ENSG00000172023	ENST00000305089.8	501	440d9b05471ee87697493c704f8ffcab52ab07c0dbd831c447c1a34672bbd616
ENSG00000172046	ENST00000417901.6	4155	b052a9f7d7ccbb671e74470a38e8988ef0064ab9e770d2b0cc410f0021e83266
ENSG00000172059	ENST00000305883.6	1539	8cecaae51ee7b125342fafad3ce235da066ca77db80279c1e69535b06f90f08c
ENSG00000172071	ENST00000303236.9	3351	5170946789b7bc2483c280ae94eb72fc4c55edeb6b2c69f24b35700976865e6c
ENSG00000172081	ENST00000357066.8	654	a06a4a07de6d78b91034e0a12263c0cb0d11d4529d09738ef599d8958e4bd42f
ENSG00000172146	ENST00000641732.2	930	a009042ef7474c7b4c3907e03701978608646bdf7989bc901c0a6be0e36bebe5
ENSG00000172150	ENST00000381951.1	930	dc0dc91f43c8a6685c8e8d356f5e4f81ee03b91afe777b0178082f9039aa868f
ENSG00000172154	ENST00000302124.8	933	5c1ab0dbdbbe5bb67428e8c1626e91267f2989eab42c9fa740066c872dff7278
ENSG00000172188	ENST00000641580.1	933	467b30b5c80ad629287175ee1eb0f8efd16fee4fcff37e853a60b58c3b4fac46
ENSG00000172199	ENST00000302270.1	930	988b62e87d9216aeaffe6b9fbb110a3173641d85ee76b7b2435a3bf3925a19db
ENSG00000172201	ENST00000378700.8	486	21fe56764de769bd0f23f7615b0ce42afd0a1a49f5b9b2dfeaf339945e4cbc8b
ENSG00000172208	ENST00000624868.2	912	ce7d27acc9cdb2f05d0b28f4f5b57797bc124077d37eff8896b8a2d6ffc651f2
ENSG00000172209	ENST00000304402.6	1302	98278257100c3abc320770ac8f08b284b50084b6109810d0459cb3941a59f322
ENSG00000172238	ENST00000306011.6	1065	daa36dbaee43ee12361f430ec1ebcc43677b588d6d321dc2852bac4152a77068
ENSG00000172243	ENST00000304084.13	744	8a8cee67a5f25054a43c6dfbc88b26a264e598afe5913770570567172d3e19a0
ENSG00000172262	ENST00000682664.1	1872	d6be68169f0db5adc4e3680106ad28745e5d1f3c1507a5d0a0df6c3b794328bb
ENSG00000172273	ENST00000350777.7	1554	5238d7d267c916aa8654e11fb31ec2af8e951dcc15f7799e4cd3a77eabec9a5d
ENSG00000172289	ENST00000307552.3	930	fe0cdaee575d2c7050c2f7b5c9b7d4a762155eac616313117452cc42fc340211
ENSG00000172292	ENST00000305747.11	1155	d9f6d954f945600ef837a16452dfd680109b8630eeb3338b734a9ba078289b85
ENSG00000172320	ENST00000641045.1	948	6040316dbde2ba63ceedd0bec1c519222f83f969ea0f5f9e1957c95e87018a95
ENSG00000172322	ENST00000304361.9	798	4b8f215ce242ed8493304a48a95a14e06ab5c027afa964ada25be5e8a5da3148
ENSG00000172324	ENST00000302040.6	975	916be824000f66f65ab705cb3c2a2f75c82eaebbd830c4a925fa31ce6dfcc773
ENSG00000172362	ENST00000641921.2	945	8c1e18f37d3e1927c131c84804e62055f1d0fd537abf3faa6749b183d8693d26
ENSG00000172365	ENST00000641342.2	930	90b159a308ba868d1021efbb1fe1381c437bf2e9a0883cc290f023d5c49a687d
ENSG00000172377	ENST00000641439.1	945	e41f1844553449f8ef8a959c05df19019fd6c3554e32d844d60ce6c2c9437556
ENSG00000172379	ENST00000303329.9	2154	70eafafd582ffe3bc3d177ad116902a5629d9a4457528f71e1b463298087ed9a
ENSG00000172457	ENST00000641668.1	939	2eb1ab10837fcace65ceaf9d93bd3d04cf6fab907a5e08cb5374589788997fef
ENSG00000172459	ENST00000624596.2	933	52acdc92444ee85da9cef462427aa183e8705233c37745f2f3d8fc3ebaf0a186
ENSG00000172464	ENST00000544374.3	951	1b53c6bc0f7886bae856ced29ae16cf7666777561969180fa94cbc47ff78b9ad
ENSG00000172466	ENST00000261332.11	1107	b184ebd4867a693b059d6107d0283cd1914ac3eb0e1fe1a3bd6a77850d5dcfe2
ENSG00000172487	ENST00000533152.3	951	53d0144c4f0c118a34f2eb940d9fd6c39d1f707c9cddffe5cb64eb0973b62fcf
ENSG00000172489	ENST00000313033.4	969	097ab97989831a95b0ed673566bd3627e9b617ef2fe6f45f730d7dc6aebb1a45
ENSG00000172519	ENST00000642092.2	948	5fb782c62846716a21ece051d1f7ddd9a2666eae3ef8ab2cb79939a20207714e
ENSG00000172640	ENST00000310248.4	954	105aeb9825378f84a7ff1acb1ca740b581fd1c255ccf5f5501f472696f3f2b98
ENSG00000172667	ENST00000311417.7	870	a2555a79e5b1ae1d9de963f3cecb26bf2655abe43e9ef15d6f089b02f163b798
ENSG00000172671	ENST00000344646.10	2184	7b10f6762c5224fad9997691e3dacfa197f99ce4e338e86aea1b6a0a3eeb31ea
ENSG00000172687	ENST00000683779.1	1128	f934d9e4268fa90e6e42d257c2d75997af45e276c5583a0c06e9198849c4bef2
ENSG00000172742	ENST00000641962.1	945	e5dbdc6bf278caf6caf1bcbdd2f07e07130fe29b0c3e565b565a754e92f8c388
ENSG00000172748	ENST00000398612.3	1515	07944bffedf4d6a27e2f5c7741bf933eae6c6efe695c28dad7e6babf42c3ecda
ENSG00000172769	ENST00000641865.1	945	36c6a66aea4793b9f67cd05d6a00a63c0081fe116abc8f6c44680fed6539191a
ENSG00000172772	ENST00000395079.2	918	a3e2dcf01cbd4ce7ee6d79d6680f56ce141e3b35c8e9bbb707c0187310b81358
ENSG00000172789	ENST00000312492.3	669	8408e4f016c9c9a929de092a7424d4387f87130129a1d9a0524b2dc9b8024456
ENSG00000172818	ENST00000335987.8	804	7124b09296ccf092912eb970a36fe62ff682df5e27c7eb30c493a16d586d6555
ENSG00000172845	ENST00000310015.12	2346	517cf32c542659073115389185efa26b85539fb4749c071bbce3fcf24ed71577
ENSG00000172888	ENST00000339296.10	1320	2eb580f727696a5a08a9f7f8be96bd226f47f12f683c17ab30099d43790bae4a
ENSG00000172915	ENST00000379939.7	8904	d629cdfe0c95f73fec4276128ecedd013536ebfd3fd5becf8ce0974520407155
ENSG00000172935	ENST00000309099.7	1032	d0251dad5730fe1a1f2b470f445c72e793dac79b834fe772c2723e69356b821d
ENSG00000172938	ENST00000309106.3	966	75a5494e52fc7606de1a770357d06d287f4c3870d7191da10bbbab9901687a25
ENSG00000172939	ENST00000311806.8	1584	764e0bc8b88ba2a862ceeea486d6ad9cafb87715a9d00ce27fdd2d4aa576acd9
ENSG00000172977	ENST00000341318.9	1641	690ade0bde99baddedd5d7647b41a81414ba3523bd5ac9733bafbdea593c29ef
ENSG00000173011	ENST00000310074.8	1263	9e2754c5500d92dc4b100d8f7a04807403920d25ec87eb0e5f11a7d137cec59d
ENSG00000173020	ENST00000308595.10	2070	7aa2ae6643e10b709cd3c303e2c006c2b47db7c705f46cc440eeb86efdf2ef70
ENSG00000173041	ENST00000309683.11	1593	7dc11f63be48df830bf8794b884bac83962c480cd5fc2d0cd01c5e2e7a18a986
ENSG00000173068	ENST00000380672.9	3300	a42c8bc723268ced78156547b6cf2320da1075353eb90b0e33fda2dd030b48ba
ENSG00000173120	ENST00000529006.7	3489	b66cb2de7cfaeef64c72a8c3c78471fc676febd40d42d0b47a45a2859f4ead70
ENSG00000173250	ENST00000311104.3	1260	ecadc7e7a4c381e863cc018559f584fcfa8772e2cb2cff06358cc306100c365d
ENSG00000173258	ENST00000309235.6	2235	c18c3f33d03c4a8c590799ed5d7c4abc17c004fe75bcedf912c3e47c014684fb
ENSG00000173275	ENST00000339249.5	1557	da4a8d7fa477066a552e0f986ed75362eace11e7cace06c118cbfc65fef43c1b
ENSG00000173276	ENST00000310826.10	3201	d548a268f15a9446b7ef1f07738602eec08b764d190a2eebdd0b3adc8d841af0
ENSG00000173285	ENST00000641535.1	942	37f42df43729e3f8df9eb0ed7a4a4a2090c85d31927f68439bff094a83f5efcd
ENSG00000173302	ENST00000309926.4	1044	dbd6bd05e8cadfe26b0ef639a728c05cd6ee139cf8181099c98d21e76ca4d7fb
ENSG00000173327	ENST00000309100.8	2544	6c3372474f9738b053bf5c962ded0c174fa7154a293e3ee107e3e9da2d9da371
ENSG00000173338	ENST00000340313.5	924	f36c46e57c08b5d5e7ed5706d6bd3f53ea10ba4cf8403fb1c8ba379412c15bc8
ENSG00000173391	ENST00000309539.8	822	a146f4e4a0d321ad1baff50ab79632d42cf0aaf0492beb672dbef77137f8b85c
ENSG00000173404	ENST00000310227.3	1533	62dec7eeee90f120269fbf79b9b2acc5e9b6fed3c7276eef1f552f2127816a9a
ENSG00000173480	ENST00000312026.6	1728	a6ab69b9d75f1ef3f0c32fdd32b97681202ca0a3258b5534bf0f832e57424a04
ENSG00000173542	ENST00000309395.7	651	a9ed4a099530a5f4fdd704544d9b212ba63e29531afaeba25dd27186344d341e
ENSG00000173545	ENST00000308683.3	1434	b2538fe5d90e1d8bba24f67736c6f58b5915d9e2bfff091f476658e481124769
ENSG00000173567	ENST00000651242.2	3015	99a37ef16e11398a8595f3fbdfdbc3a0e7def168e7ac5b832a1feba258030f8c
ENSG00000173572	ENST00000342929.4	3132	b21d40eb2a6b22ae9e0df31642fc4f55b3499b6d443f6556d2e71c7aee54d9aa
ENSG00000173578	ENST00000309285.4	1002	ba64a73d5ca7606f3c98d48fef2cf5f9629a4ebfb4f71c2df1f90fe1ebb05592
ENSG00000173585	ENST00000357632.7	1110	a071c55037895d22117b5b6a40fd011c5669d94b8e99c3b7a6379533f6541e09
ENSG00000173673	ENST00000377898.4	561	18e09c724906139ad119a31b8f88b2b6f26a571026eb6a97181b7ea34725ca6e
ENSG00000173679	ENST00000309623.1	933	b32cbd279eb0cf99e5e6d8082afcbbfa7b27c13392fc1c32ea82c009cc5eb7e7
ENSG00000173698	ENST00000379869.8	3054	9c364dd09d3bbabc425c1df2a754e19e5fcd0c72da3e74305028568f7647a65b
ENSG00000173826	ENST00000314672.10	2877	1e6fcf30e223f254faca9e15b1de44c39d1c8e30ce423b6dba34671cdc28a44d
ENSG00000173846	ENST00000372201.5	1941	3f2c60a9c965d988fd321b0231900300a281ff858160ec0a828c2f96a99c5d63
ENSG00000173875	ENST00000343325.9	1731	7b7cc77b2c9e86494155c53c748c5015814160dbfc709f1b1d8d38d3c745c0a9
ENSG00000173890	ENST00000355897.10	1017	4dc657b9e0cc822a3fe001c243fba94ccf1b27285b9d6a51dd8327f9dd6e705b
ENSG00000173914	ENST00000310046.9	1080	a94c46b86a6966f91e296f0bef5948062af3585b096efb4b83cca9aa360aee59
ENSG00000173917	ENST00000330070.6	1071	976c37400526313a7f2261a943f2a09bfc9beda19b5d436f2a1bef5594674f8b
ENSG00000173933	ENST00000310092.12	1095	4db1ddab2b0c433d339e02ae69f9ba67b4466c1bab36a567b9b6b1b437e762eb
ENSG00000173976	ENST00000555633.3	555	0c2c87b611d74d7c1a5856d6ec5f433613dc9c4f62dc0b5d0af1c88d0303df80
ENSG00000174123	ENST00000308973.9	2436	1414261b4d5fd73d5d95a119fc3d5e87e56228487f1f907efd7ef9c1dcae10d0
ENSG00000174125	ENST00000308979.7	2361	f9401beab07e1dab086a246d133ca7958a07a97514424c60a9dd50e0c13160f0
ENSG00000174130	ENST00000508254.6	2391	0039aebc01fa01b8266e3ad15dd6cd4fe0840d9686584e9e7763847bda892893
ENSG00000174165	ENST00000310442.5	855	f4c98ea56fabdb38525411854f6a05a39d89cc97dc09383f552206900c5b2ac1
ENSG00000174175	ENST00000263686.11	2493	0b8a0d3c8534306dc4445a78de1b031fd52e5779762489f1a60410240e6d1e3f
ENSG00000174197	ENST00000703841.1	9345	f5e2f3090b94960d5ac5832472b6affc0d2d5eeec01c86f96e581fdb224f21e7
ENSG00000174255	ENST00000482457.4	822	d8dca37ff7bf953baa3fc938bf5d1ce2211478842979a92e28b5990d64577023
ENSG00000174276	ENST00000310597.6	1212	68e64b720bfb63b6ab009068d7f7c99d556d7fb29d8d529630c8ea601fe76982
ENSG00000174279	ENST00000308618.5	1431	8cc675b4e2c3d357efd2b7cfdf98c3b5e34f34e0bdeab65354e58a37e2a8b62d
ENSG00000174282	ENST00000380599.9	3042	b034bb877eb794f07fa577dafcfaf4bae01a51e37484426af4a19a06d23a878c
ENSG00000174292	ENST00000688331.1	1986	116f0516779b4105e12779ee9bb52b7a01ec40a8017cede0d2997bbf84b6fdae
ENSG00000174306	ENST00000683867.1	2871	9064a4fa8a7d459b84dfa758e8e3b537f8415976220cce953920163a6f0ebb4e
ENSG00000174332	ENST00000628545.2	2388	df7696605acfbacf0e6f18a40535c702c1e05cd68638a538a73188ad8ae72577
ENSG00000174339	ENST00000307832.3	936	74a56fbaaf5190ff509c6ecaf02b63649e2692b9a4b39644e4658cef03d10680
ENSG00000174428	ENST00000472837.7	2850	13e97a4562cc839b297d0994b2404e460253c77fb4c46210343d3f496152c12f
ENSG00000174460	ENST00000310164.3	1209	7a979c5d149d4fd17d9b549d3626c010cd226e85fdecee9be3d544824f0e8b40
ENSG00000174576	ENST00000311034.7	2409	18a87fa5eaadda7dbe8882afd2b8e546d387d4517d49c346efd3a28436e17eeb
ENSG00000174586	ENST00000311044.8	1497	081843348326e9846f260f13fe22eaefcd1a9270175de5915bc200e5885f36cb
ENSG00000174652	ENST00000592904.7	1851	0c08b027ddf3043cd8d99e622984c1d46750a387d217e49d9a32531b89433427
ENSG00000174667	ENST00000641669.1	939	1942171a41243e0222f45c1abb121e89acbeccbaab2f01f9869fe0961b75c90a
ENSG00000174672	ENST00000528841.6	2211	6c2faa7eb3b1b7cfce41783462e4ba0511e37b916e052d49366f4ef6d488ba60
ENSG00000174738	ENST00000312521.9	1740	a00b94c034da7bb9d62ea55880649274f2c5eca8161490412e750343c2ab53b6
ENSG00000174804	ENST00000531380.2	1614	22c0de8103637e98df56f060fa2035be8327dfd1dc984b4bdcd3b8f450bb212a
ENSG00000174807	ENST00000311330.4	2274	0c23a32dbe52d8f02daf14098901e5b25b6310a04b4a626c5034dd7064a2cf86
ENSG00000174837	ENST00000312053.9	2661	9bdb3615d60abd76d0dfb10613efb0284b7b016a65121cd865b736c9b029c1e5
ENSG00000174885	ENST00000534750.6	2676	27d5ce74a552a63524e4fdcc1078666ee3b459320f94003a58c196ed41f780c6
ENSG00000174914	ENST00000642097.1	918	858cc44eb969241faa110c25a51cc6423a60a8efba219caa19b54bc008507dab
ENSG00000174937	ENST00000641993.1	924	26fdf6c3ad20a3e65588feebcf046701efa921b7838c01b8e7ae8eff863f0a33
ENSG00000174946	ENST00000309180.6	960	5468049190e69abeab84b19f0049420c1e7ab75d27e046b07ae0989ddc19d18f
ENSG00000174948	ENST00000389740.3	2196	b116024da8186b814790cf87e065c2b273bbf8a5b35faf145330462fef1b4114
ENSG00000174957	ENST00000312298.1	939	6462f0a711a0aceeb8d83afea3cb5be5effbf2c2ef17582d6bc654d7cacc7948
ENSG00000174963	ENST00000383075.8	1005	1d7acb08b706707c88bdca8cdb5c52f41e3cd8e54ba01138f10d02b218cac6ac
ENSG00000174970	ENST00000641071.2	966	6ba8308f9434e770be5fd2adb1ab12c7e2e77079e1fac7aaa5c3baee67953d6c
ENSG00000174982	ENST00000641692.1	936	320775c263b1750636cb38400852993be028b85c2e55b3293b96c3a7eaf759ff
ENSG00000175048	ENST00000359775.10	1467	ffc5f8bbe211a7e19cc69a7cd0f2f8efb5c92698bf1d67d699f78bf88dcd63f8
ENSG00000175054	ENST00000350721.9	7935	cadf547a5de6574ca49d6ee08d2ea180459f12a9d2938f0ae1d631a6d3b35f92
ENSG00000175066	ENST00000392993.7	1590	bf61f4f7a6b7de574a009de616fe1199c8eaceb038ea7c586e0f7fdfe0959189
ENSG00000175077	ENST00000312295.5	792	4aaaf6f881b038fb03bfd2576996c56cefb8a2713ff6e9039ec08a8267f67e8e
ENSG00000175087	ENST00000374269.2	1026	18cc1643c353c9b30ccc77d42fe226a20d36402ea676381f05115f80406115bc
ENSG00000175104	ENST00000526995.6	1569	9182e2524dcd499309d7ba9129449b406b3ee5071df1282a348ef551f081f207
ENSG00000175105	ENST00000636215.2	3387	03dd89354bd8f6c2b0115094062f1e9df7e04241acd918547e4e28f26b9658cc
ENSG00000175143	ENST00000642005.1	957	a7e037515c3c1f391372c169d82c4a72860cf015302a056c362e98bc8cb7fcf1
ENSG00000175213	ENST00000311764.3	2163	5669c42f252a3b03613a78f899e19e04836d6c4c237ea2b902209f44f72a7b8b
ENSG00000175294	ENST00000312106.6	2343	baeaff3cb485b8c9a39afe19d13a08d8eca4c07f21f6a8293bcea7c765fcaaf0
ENSG00000175322	ENST00000590202.3	1623	f8dd1777ca1fdf90d0f8781a3d7e180ae8b78ea99b9dc65f219da3348f655a41
ENSG00000175325	ENST00000308304.2	681	4492f66e7026c4bfe322528cbd953e41b7e6a37dd71470edeceba2b77b3a29e8
ENSG00000175329	ENST00000404699.7	738	11e1edda94b50684e11a4237ba5b71f060bbccc099e25c0a71fb8631610cc797
ENSG00000175395	ENST00000302609.8	1371	d094e7d3336fac2b94ee186d67a76323877211d15d30e56419d9d376d1a5748a
ENSG00000175398	ENST00000309675.3	942	4c2a5156b71b845ddec37842d437c5f970880ce0380c1fef3f0a2418cd39e6bd
ENSG00000175485	ENST00000311352.3	963	57079235cd204143b18a9cfe21a81aefb260c04a5072d8f3a90a5483365c943b
ENSG00000175514	ENST00000312457.2	1413	84511c57c8ab2a6370c7fe5d504a7e26069f9549224b09f244cb04a10c401c10
ENSG00000175592	ENST00000312562.7	816	11d84413b6071ab5822859e4a32ccea84ec83ec6276d60ec8b99bf22644a9221
ENSG00000175619	ENST00000309562.3	930	c4bc9d07f210ffb8e5cebcd173db55fc35c786ba121836965fddc6d8edb670f9
ENSG00000175634	ENST00000312629.10	1449	026cd68985e63b832017d9506d371ed85c528b8d77c86dd1c3d60bd928ed5108
ENSG00000175691	ENST00000314531.5	1638	effd9f075be6e2d455188d58ca460a98d0bd61ff39b0e5961ff3b29157f97244
ENSG00000175697	ENST00000464295.6	2445	f70f16f07197061d5d4fc1cdec974d1b95c8d5b04a0904e381889e62fce45eb3
ENSG00000175727	ENST00000319080.12	2760	c29e7825bf462c2ba565d404338e207d4dadf2f6923bffe311043cfa1fec4a3d
ENSG00000175745	ENST00000327111.8	1272	279546303ae2740f29ea0e3433332f2bafb90e040228b2b4f3da56889e360199
ENSG00000175787	ENST00000395395.7	1812	9439b0766979bf2f73e4d1ecdd2c79d7a79adcba83ef4d90fbf49580bc07c450
ENSG00000175832	ENST00000319349.10	1455	f01f0b7378e0c04bad71c40f40d603a3a3e45b359fc825feefbd3b844a3879fa
ENSG00000175879	ENST00000313173.6	873	a65adfd70f9601339f99b2257a4c8070a657a62b50ef9a3c5276dde67e057995
ENSG00000175893	ENST00000380916.9	798	4d8f5ba46b65a9685f1e0ab59e20de854d4a3fa15b82be059f600b908bbe586e
ENSG00000175895	ENST00000315367.4	750	855e32d88564ae08ddcc6d314f2edc1b51aa231ec4a1e2cd627e7ce68ca67f1b
ENSG00000176009	ENST00000531618.2	546	165254bbc483d1c04486b6d714390a29a190fa9636f744b20bbe8ba7200a6b2a
ENSG00000176024	ENST00000293471.11	1854	d6fb4c62eb8c216f878d5ddb4d88c10561414cca5e5ce8aa837cdca05ddb2d5e
ENSG00000176083	ENST00000349618.8	1515	7c26bc2d25e472c25184ea2bd077153a201fb47db45d455c7da2c218af2f3352
ENSG00000176105	ENST00000314574.5	1632	42934eaaccb04d775f26fb82b36c7257a4de26690d482fb3366dd08156d0de68
ENSG00000176165	ENST00000313071.7	1470	f880ce2f3467df16457a3e50a76a208895d9093bef74d8188480784b89abbdc1
ENSG00000176170	ENST00000592299.6	1155	99285f7eec380a5c52ed273d9cbfc34a182883e3526b94191f6df912d0fdd5b4
ENSG00000176198	ENST00000641082.1	945	5db63847009891fc6826448f659ec19b8ddfec5c0876e68345e01a7f0be16553
ENSG00000176200	ENST00000313253.1	936	018f0ae991113d9b62124681441ddc3a24da4154bb10797794353634720bfb90
ENSG00000176219	ENST00000315519.3	993	fbc415b9019a1bab27e28b9a830816e08c2307733896dc659c222d092d4fc85f
ENSG00000176222	ENST00000587539.2	1659	5724c56d8bc6da7728bf7afae390622b6f9b295060ef26db986fa5a9ab9a4ea2
ENSG00000176230	ENST00000641386.2	939	bb75a938b0fb8fbd2060341e9ed9cdddcaf1418e9f166787a56bca9379225a70
ENSG00000176231	ENST00000322107.1	951	3ca50b4d22ee4c056df1fca88853c7f437708f10ae42552d4aeaefa02a1a536b
ENSG00000176239	ENST00000380219.1	939	1d8cf916f9d06645f6a446996d95f02447e0fc196d2945022fcac967a833b8c9
ENSG00000176246	ENST00000315683.1	939	ad65fe77a6a902de171dd696681608342b8dcd227b54b3779434aeec59324960
ENSG00000176253	ENST00000641904.1	915	ea127dc4858516080552d3ef0540341ea74633b9c7a8c6b0b9508d3a8bc79b93
ENSG00000176256	ENST00000681531.1	561	3e45fe9f5fe274a7c33ed78c667813b26d78926bba07cfc93f9f850d7e5f65ca
ENSG00000176269	ENST00000320901.4	939	77f73f13ad430a204e318e3078c6e47b514954476c1dfc32a6b8e2ab6021271a
ENSG00000176281	ENST00000315915.5	972	954bf2d78ec271ef909fa9ccb11199c10faf623db6c278141d667625d85ce6b4
ENSG00000176290	ENST00000425829.2	947	78e0a87c66df124d1e3c25ee1ade220c8d193d2a796fb085690d5fcda6723b0d
ENSG00000176293	ENST00000313434.10	1977	8b05829c61a3540e9cd4757cec49c40e30abb5a32ae25f1b7408ccf1dfaee61e
ENSG00000176294	ENST00000557677.3	924	3ce20ceed09956e4a2902c5253b5e459322c09e1a648452e56270326a59026b7
ENSG00000176299	ENST00000641200.1	942	d5c3b41cafd06de6c35b907077a4a2fa3a4d621e0ffe94311e2d7b2970ed24b2
ENSG00000176302	ENST00000317011.8	879	324bba69fba40c9ded975633e8dd3f50acc099c9df4a48c4e0e50978ad879889
ENSG00000176371	ENST00000546148.6	1845	9a879564f54163b661764bf479e98c3e7c753303841ecf78a9879d5be3cd3be2
ENSG00000176407	ENST00000409785.9	1146	2b796c8f945c9d038dbf2e49e2c55151215b2cdc7701dbe6e0f0437b7f395a19
ENSG00000176435	ENST00000342213.3	1473	04ab0bde7ac454737165a3924d07ca5cb50f7db1b6c21ed793700f55d68236e7
ENSG00000176444	ENST00000368361.9	1500	34c00119d072580df4d7ce3837298ba9989deb9d00922049a73f7f6b72f05d4e
ENSG00000176472	ENST00000314228.10	738	e36bb65f642ff42d6d33509a8248fde84e60385be921d51068b19ab96a0726b1
ENSG00000176495	ENST00000641998.1	936	7ae420905a905c40f81c8a1c94e0505dc16c1a16356ca4517c3be038cca51deb
ENSG00000176540	ENST00000319813.3	981	3d1e4892d1f0ab877ca566ec065ae44b2561a4d48b342516810fb970de1d3e72
ENSG00000176547	ENST00000319856.5	909	f3dc74635c4020596093a4f8c782c9037a9d87d9f55d204e550d923359904c2e
ENSG00000176555	ENST00000319988.1	930	26759bf3eb4c58a15645a840db11298111ca0aa0579d4985e4d8c742d1526839
ENSG00000176567	ENST00000320048.1	918	b08ee1206c6dc14df69a609122a6f4af1e6995cbab9268da7239e569dcbcfc6c
ENSG00000176601	ENST00000392915.7	3987	e65f13f1eb117ea77fe0d713afb1c21057b7a9de2c110750db9041056e68f8d3
ENSG00000176678	ENST00000320241.5	1038	2dcbb723e61b09eabc9e1026c6cb02398188354ea22b766b0a70246e9b90d6cb
ENSG00000176679	ENST00000321217.5	558	10d0bc6098f7f092c0f6dc2ecc7e2d7d78cfba30880a7efb2c5b7397288627fe
ENSG00000176692	ENST00000649859.1	1506	ce5baa302b4e75f0af0bd397ce77ef6fd970ffedcb7ff0beeb06c01f7d76f648
ENSG00000176695	ENST00000585993.3	918	12b92eed5a3ab4722c6bfe552a6744cdb20973d094769494f3062c4ff93fc6c5
ENSG00000176723	ENST00000315678.10	1047	adf8d6a306913db0bc2e03514093363f99ee3abd72ab8b66107f97f45d45e6c1
ENSG00000176742	ENST00000641270.1	948	7fb8ddd8ead8c54757e3404a95dc410b0fa48934c4e826df64db2bce2f4996e6
ENSG00000176783	ENST00000319449.9	2127	77bae1c36febea409a84b7f82710e337d005547d1049af7911dc6fa0ccebe3bd
ENSG00000176787	ENST00000321522.2	978	7750e38bfd232219ade8074b308d2b4596aba0a0e3715684fd014d6dba870b75
ENSG00000176798	ENST00000641819.1	948	a14333bd9ba0fb1751a1bcb6a2397f1251afa4844e705ba89320c85e22198db0
ENSG00000176842	ENST00000394636.9	1452	c066ab168fea685dc75ba9f51f8869ec4d82b6809084423979377b0d9e0275dc
ENSG00000176887	ENST00000322002.5	1326	5e5de82670ee2253d96c962edf65869cd013c4c6a815a9758e87b59d913f0553
ENSG00000176893	ENST00000641926.1	945	b1c1c2bc56b176cb6ddedf8cb1799272a18468d07b353591c517dbce32f0aeb3
ENSG00000176895	ENST00000641490.1	939	d5c27465de5b28371e1bfe69152c813a296dc6c15c3e31c86e273ee9431c6765
ENSG00000176900	ENST00000322049.1	984	d137f31f0fc45093886657240874539f439a4e040167a7eab7aa82440df8fd52
ENSG00000176922	ENST00000322101.5	972	577cf3cdc41b855f9e1c7b42095deb11fab455dc22da5771e07f0c8de8642f51
ENSG00000176925	ENST00000322110.8	993	58bb4227eb1a0b4827c94182f887d9142d4b2d78f80f3c7547d24efc45e400b4
ENSG00000177030	ENST00000382409.4	1698	3b2a4ca52d4ab05b0a4692cdfea72c35c37df31a6fc9a431ba1d4b34a81a2868
ENSG00000177045	ENST00000317578.7	2220	e0fcd03744e0bd78db67c453f68cd78bc040272f987a480d836404e6963f1368
ENSG00000177054	ENST00000446113.7	1869	7d5a0891fe47b29e7be3bc3c88e8df8617dc5735cb7f00d2bb7c34ba17c010c7
ENSG00000177098	ENST00000324727.9	687	744d14f5da46121a5a7ce047eb08d9b66b3f4e347e5ee2f82126ac09e164a81c
ENSG00000177108	ENST00000319374.4	792	190b117bcbbbb49ff7edfa31d3b33618d6add3b9941ce3ded7f670e9eb178ad5
ENSG00000177125	ENST00000319119.5	1515	8e324eeea847a9e371a5e01c810815c386ec03c4bb6417f21e817e3ac8f6e009
ENSG00000177151	ENST00000641268.1	972	f4876ce04be4979e60ae6893ef87e88479a5d2068856ce59a402995b68837787
ENSG00000177174	ENST00000317861.1	939	0d51228b097b5b0260c10215f905db0441e018f334a71f35dff7ed315f6555e7
ENSG00000177186	ENST00000317965.3	939	242c0305f28166330a27e575504b6d80c47383f815630169c7912b0e4b4a748a
ENSG00000177189	ENST00000379565.9	2223	5a8c69ca797e997d551dfacab6ad1dcc6a88cfc401a66222d32fba96d8f696b9
ENSG00000177201	ENST00000641276.1	963	881c1a4789aa9140e65d1dcb09ca2ff43a15cded9a3d0211b99af14a85f728c4
ENSG00000177212	ENST00000641220.1	963	9fe62f0ce5945cf5c73aebb4a8686800b540b7a3e7954f880d2c1d8a57f758c4
ENSG00000177272	ENST00000369769.4	1728	db7caf24aa5f6d7da1062bd1eabf50a292b2047a9203d90cd419ae1cd8138762
ENSG00000177275	ENST00000318244.4	987	1eac7fa4b817b4ed46fa1fb2527f53fb8c1e2d07dd698b3897ec731325f66a9a
ENSG00000177283	ENST00000374694.3	2085	7f5e8ae8b746af7cafd3b5a5dfec69ca564e2f44a3e35951a0269f83f1e252e0
ENSG00000177301	ENST00000316361.10	1500	a354ccfabb0a3cb8d98b4c9ba250a42794d48ff1acf64756b0882d449a5a6686
ENSG00000177302	ENST00000321105.10	3006	aab02c691b4bde7c463d651cbe7b0993b35447288108f0ef29a04831fa70197f
ENSG00000177311	ENST00000321464.7	3588	31129c3760be2428a02cfc4142f16f0e2c09ad7361a5eb71d6d598128a986e82
ENSG00000177374	ENST00000619757.5	2145	d42f75d7c8575d841c9295d1f0af8a247961418c62754ac4287a54ff8f2158c7
ENSG00000177426	ENST00000343820.10	819	f8b38591767c4655a635ba7d2d227b93dd59f154a938f88f8624a2ab646f30d9
ENSG00000177453	ENST00000326035.6	1311	5e8379ba3b7f1954c1e9e6c7afd12ca2ca7f02204cf48d2bcbd02d448c1f2615
ENSG00000177462	ENST00000641945.2	939	bb83572a5fb9474eb260ab6d137f2647cda723fd6177ec640baf032f8683a184
ENSG00000177463	ENST00000425241.6	1791	32e7275571439bb908244666a427b0d60ec729871d80ff46eeccbed788793694
ENSG00000177464	ENST00000323040.5	1089	70a9a38d02406965f4258e2d91d71fcc9c64c9db1a68c7f756ca4361fcbfc308
ENSG00000177468	ENST00000367734.4	819	03ef84f1be87427ffc4ecd24406ef5fe556e6d40687860584c35a07fe23e2c87
ENSG00000177476	ENST00000320002.3	930	da345f312f1b01aceee9c5c646d2e4f0600b0c21d70b41fd4a125991667190f3
ENSG00000177485	ENST00000557385.2	2019	9d639e9285f570ea5bcf5388fa9ac2f0673bcbeaf139b265413c56a071b33f37
ENSG00000177489	ENST00000320065.1	954	ab98ecbc909f9e0be8bab3c0dcd7569992a7e77fdb0aa07f91868c959dd192c9
ENSG00000177494	ENST00000317012.5	657	c1c9d0a524ca1d35cb10ecd725d6c55f11e7b5dddc8c1da413f1264273811925
ENSG00000177508	ENST00000329734.4	1506	c5184a698e5b4afdac5648867a15bfc50150adb4cdfee649d58660db55146004
ENSG00000177535	ENST00000641149.2	954	5d3e9fac5c6b077dee0983c79ccccf284d91ec8bdda60b7be835c9ec751e3019
ENSG00000177551	ENST00000320238.3	408	532f720be6bc08cc56f0e167cbd2b3991c4d4f7ad0b617e35a93643ffdb81c7c
ENSG00000177599	ENST00000323169.10	1314	c7c48eb460df46348fbcd5ae6cc44fea74b0642332196f34c1c8b899c1334378
ENSG00000177606	ENST00000371222.4	996	4e1d47efbd866957b7f0e70a17d82ed57250ef16f19689d42f53d2b885e03485
ENSG00000177693	ENST00000650172.1	972	598c8ca74bb762d15887cb7f14fb4072a9b33d4697e885ec86052cb41e59f39a
ENSG00000177706	ENST00000313766.6	1755	6285aaa7c472f60d9ea06fff489359ef8e212b55a51b88bf874c4ff28ee27cee
ENSG00000177732	ENST00000342665.5	948	566c177c938f6703270a8fe0928bece1573df8c477a94af7efdfeec6df8a7522
ENSG00000177807	ENST00000644903.1	1140	e0d6dd2a49aacf14f93c518f37e00710db2de14baad12d6c01f57bcde8dd1792
ENSG00000177842	ENST00000314529.10	1269	79b48d5a6fc5fb9a5e46c219d881355310958226c51b8cb5cc49c8edfb708cfe
ENSG00000177853	ENST00000316045.10	4452	c1f649e8bce6af7b9720cec3b2af5f6ff4322b80220a2a702863308ef258057b
ENSG00000177873	ENST00000432264.4	1731	824676adf4e602aeef5481c85f4ab125cad24b90340e5d8fb05adc63774859be
ENSG00000177888	ENST00000367405.5	2730	34de69975b1bb132e02408735d80405164b7842ac1e8a3b01becb8171aa21a45
ENSG00000177932	ENST00000315475.7	1665	0fa440fc43510c8dc0eca14aeb5d65a6b1096da0ffd8fa7e3e7b70bf3afffe10
ENSG00000178015	ENST00000380007.3	1305	cb866e3fa641a0b5b21e973adf4498b05946947e9791ae716721f227ff69ec95
ENSG00000178084	ENST00000318351.2	1344	a9a90c0061d9ed0b21e57da97156501a7911668fb446afeca0570d27a76ee558
ENSG00000178093	ENST00000585580.4	822	142e9ab70a905ce3d9d68c9b0c93acacd9ce1d5ec6ecd0851d9329e6a77396aa
ENSG00000178104	ENST00000695795.1	7239	8951453cf4155a9849102b862907c358b28cbe777a20c987db693d5526482712
ENSG00000178150	ENST00000595607.6	1254	3c98cb50327c0893d91e9af65f339f40e3db739a1323486fe7b529fca10755df
ENSG00000178163	ENST00000326756.4	3225	4f42cb9d2e0ed3ce340ccf5a3b20020d044eea0a1d42e76b29e56861107e76e9
ENSG00000178175	ENST00000318442.6	2235	4709fb6cc1ade2bdca50335e09648fd6bd2155b6539ac9c3d393c53265de9215
ENSG00000178187	ENST00000519564.2	1569	3d2797c78664ef9dd4523da28a12e5e581578c436f22ce335b231eed396d8245
ENSG00000178199	ENST00000409806.8	1584	5836c93d6bec1d53dd97b5ec714b3cfba9849a8504e75fb6d9ba0a3b912b30a6
ENSG00000178229	ENST00000321545.5	1803	7f94d10f4dbf8743e3c6c1a1bf109942b2e1542b9a1efdc820df1855a220c29d
ENSG00000178338	ENST00000322434.8	1839	c8219dc1c4bbd6070535a2350d7b2632872acab3483cadfc47320a1a3452d5aa
ENSG00000178342	ENST00000316249.4	1401	1537323d2be89ab17a7c829c1d02a6b2224df48e3ebddfbf8d1a1292e97d15cf
ENSG00000178358	ENST00000317834.5	993	3a4f1ac9c10f3d94e98039ee675ff3e6324dd666381c39f015614f3dc5a6bbc5
ENSG00000178381	ENST00000316495.8	438	0e3e33bae046e572c3dd3fa329b871b9c8ae582bbbc4866ed9e89acac1fee714
ENSG00000178386	ENST00000434772.8	1449	88ce37cd5ed255c0a1906dff0720cd886dba2ed9a6497bf6be7869ced2a43303
ENSG00000178394	ENST00000323865.5	1269	3f2bff31034ceeb83487e359e2968eab470282b2b21ae323a88544c22fc8a28e
ENSG00000178403	ENST00000313341.4	819	fd0ba94cfba705ab82fb1d699199b92225e0dcef15c5e63f43394edb3597a4af
ENSG00000178568	ENST00000342788.9	3927	7171eb3eb7e9bfca2abb1a1ec87eb718092a1c2eaaca4ed3c75e9e26348b7ae3
ENSG00000178573	ENST00000326043.5	1212	bbe1c3e327c11e7c34fab571b8ea916447c4521b32293ade2f2d82d21f76ab8f
ENSG00000178586	ENST00000641019.2	996	fd767a407d456e016f06d2841a4f3f12345428c5bcd09325b72335e7069791cd
ENSG00000178623	ENST00000407714.2	930	2f6708085bf03009ba07e24300a7a0d968488be6323099c23d12ba0d7312ff8e
ENSG00000178665	ENST00000429591.4	1332	e6d012354bdc96c3efb7e936743d9096f189d5729bfe5a9e16230e004e1ad3de
ENSG00000178691	ENST00000322652.10	2220	b48388c4ed391f029f4d7b072e0dbb0c7156b60a4cbf49638e92e40fda525aab
ENSG00000178726	ENST00000377103.3	1728	19a7ab73b53ef08d5abd94a8f113aa8d385b2aa07ff45b6affdd2fa008051d45
ENSG00000178764	ENST00000314393.6	2514	9e88a12c664dfc989e65495f009e42ec4f2e404fa338277077cc8290f5a02656
ENSG00000178860	ENST00000325509.5	621	f30dc7d4081b4c5c5600e27abdc051396824d3b4b2acfa977c3355b60978dd34
ENSG00000178913	ENST00000313368.8	1050	1e6a9e97b046e2a425541aa10f96ade1b12038ac18c437447082a045c8a96150
ENSG00000178917	ENST00000436261.7	1593	d156e8c268678f67a314dc3d165e02d7b03b8ae354083977f24145edaffcc68a
ENSG00000178919	ENST00000375123.5	1122	1eb202087bb4871436cc5654a76c323e6fab14385ab5622a369421251edc358a
ENSG00000178928	ENST00000698655.1	1401	ee01937702fa9806ea6cf3fc1aba796e643da7ee8d9d215508122d045aa09508
ENSG00000178935	ENST00000391701.1	1224	b147b724a32cf3947935ff1ed8c9b3e27d96d7397ce939f894d71f421119a4c0
ENSG00000178951	ENST00000322357.9	1755	c7123c801a48e1fca0792c20b6f60ca7e1299c843be7be07bf2c84d38232bb8c
ENSG00000178999	ENST00000585124.6	1035	dcb4c43c6eb9eca6968b1bbe0f7512739c3f3b0286fb4be34191ddfc6d828b2e
ENSG00000179055	ENST00000641530.1	945	d9b8142ef4248a5eecdc102768dfd2dac11175da2b1dcab7770b4297e3db0b37
ENSG00000179059	ENST00000326866.5	933	eac9fbdc56aa2ea48e445af51b0bcebed4f0e1069d2f146e41a7b37556a775b3
ENSG00000179097	ENST00000319595.7	1101	d10c0fff342aca2b8fc66582605d9315ba14838256293cd88a62ef857e0e36b1
ENSG00000179111	ENST00000541682.7	693	b813362375b62a00a568e914bbd85fb056b3a3d83aaac9eafac68e5f26891153
ENSG00000179195	ENST00000337815.9	786	5bd95e558d1ee322e908cad866da9109e5735c6d349adc6484948d79a56ad54a
ENSG00000179300	ENST00000321110.2	1428	1587306198735407adabe03babaab63ce253e6c4653d25150b469d168d5c0a55
ENSG00000179335	ENST00000395066.9	1473	a60027be0f6966ef6ee3c7f82d0af29d60c2804be7699e395f26a1482060781d
ENSG00000179348	ENST00000341105.7	1443	a8e78850d45787941710aa2eb06ae59aa02c222f4666a5b149dad4a4ad22321e
ENSG00000179388	ENST00000317216.3	1164	e97fad4ff788024e7919532cf5b6a1fe535d9d8bb1f3c240e3ffa2cff79e5cf5
ENSG00000179431	ENST00000317811.6	1314	f5fcd2ee48998c1d102c771629d105cdb4e7e4ef78b1076be222512e40e5244d
ENSG00000179455	ENST00000314520.6	1524	382a7d07d7a9399c7ea46442ba05fefcdaf9e97c691fcac007cfafc5637e9b5a
ENSG00000179456	ENST00000358704.4	1596	d181bdc596a1da30810a85f5d63861e2a5655dbfb8002ccb86078ad0881a0a3d
ENSG00000179468	ENST00000350513.3	933	d2c8ab6245bbaa99cef559826611fedd671c67f891437ec5c6124c7dab1c03ad
ENSG00000179526	ENST00000398712.7	1164	7fcbe60bd71472a55a7035e04dc38fec15d5504b06f9606d7b527602eaaf0430
ENSG00000179528	ENST00000377566.9	597	e3faf0e72e32cc219335b1dbdeb8aef6b317af42559ec4b439852c6e336852b8
ENSG00000179546	ENST00000374619.2	1134	ad991741c9c92f1e9b71dac1c37ca1e02587567856588f9cd9e5de414acd5fa7
ENSG00000179580	ENST00000569714.6	738	d061a260a214de2d58bec5c74944d82d1cffb906a97d9d8480113392468ac94c
ENSG00000179583	ENST00000324288.14	3393	65236400150de49029b64ffb64313024dfc5a774b6a39ec94449ac606afe8bd7
ENSG00000179588	ENST00000319555.8	3021	dcf87dd158647299d066af5c80e2963c65136c67decb2e6def75b762f178d417
ENSG00000179615	ENST00000641114.1	930	4b819ca65340c1f5450df5e74f35a3df4df91531ebf624b2deee6f5e6a63dc21
ENSG00000179626	ENST00000641569.1	930	96595761823381c8fb1c3e90d2b9c30915d6486885c26a0ce4f5fcc7ac9efced
ENSG00000179627	ENST00000342537.8	1269	ac701f901936449fe09f5c3cd1db9e49560f99ca063a7237b3e0ab2bb5a052e5
ENSG00000179639	ENST00000693622.1	774	b41d11569527e55de338158c9096c58b0cacee0f90bf1e4f11a6664a66a21b5c
ENSG00000179695	ENST00000641202.1	939	a42af80c34c291e678dcddd1721831fc64758724bdf914ab34ae5315099f4cbb
ENSG00000179709	ENST00000291971.7	3147	6204747f2285539a2195330de21ee923a38a54dda9b632ce3c97b67fef486dd0
ENSG00000179772	ENST00000375978.5	993	1e6de58325ad780ac2027771d0c0137b3da8e5c163e068d1b55f0653c13be053
ENSG00000179774	ENST00000373673.5	459	a82629807689ca1267e01b7909114e628fef455ca9085fdbcc882438283f4b41
ENSG00000179817	ENST00000314254.3	969	2af83eaaef9845cc6bbcfb6ad2fdd9ce6fed492198f69774e038ba6d7257f38a
ENSG00000179826	ENST00000621697.2	969	75daa5d9b6f3106171aef2c7fbadbcfe0876a6746dab69e342c664878430d059
ENSG00000179841	ENST00000394718.4	1284	4042ee8b5cc93ad3c867ad65f2458d2bbf302c2e41871f68a915ff9da63aedac
ENSG00000179873	ENST00000589093.6	3102	b9a7ffbcfa41bfaf79a5617de54e6b3843ac9cac1aa98344b79e65c1fb3bc6f8
ENSG00000179909	ENST00000684351.1	1314	a4193b8846cd7771b639b7b836d1a7d29d1c5b23ded72d92e1b3f071c1a2a4c9
ENSG00000179919	ENST00000326258.1	951	79619d72942706603bc8542f5c9e82834fd69b1044c6bee2ebaf991a51c74e64
ENSG00000179922	ENST00000325351.5	972	32cf0d663b0e96eef801331d98595cce44a0d9eb590ff0d2925e174fdee50056
ENSG00000179930	ENST00000339948.3	1707	245811fe1b40c44e27f2a44f269708d380f5b292c6766f631d79394c5fadfa66
ENSG00000179934	ENST00000326306.5	1068	f5832a700dd807aa37f62b382e2e890a3c2e0a4618914d0c27ec17c7962749f1
ENSG00000179943	ENST00000221665.5	1491	cff785dd5f5935a429716906ff19cc5f6ffe22ddbf03a90256ac113ef18c5b86
ENSG00000179965	ENST00000319296.10	954	7a3f04316a37e2bf285043621b90d9457aeffa7356575850862e8b855a305363
ENSG00000179981	ENST00000580243.3	3234	e3eea39a679ba8b273d00ed8a3d42fbfc8cdf33bfeb77eb6cea6f2a944e6eca9
ENSG00000180016	ENST00000322608.2	945	5ba4d8dd7fefa4e9497b2f4dcc8dc67a69b51608a5f94dd0676f929f8c6aa7db
ENSG00000180035	ENST00000613509.2	1857	57d4ec7dd4c9318503674ad47ae1b885211a4ebcec7139bbe97b71662ba755b2
ENSG00000180053	ENST00000325017.4	906	098813a802f4ffa3c4b25a983c62becf518ae7466cee98be95c4f2dd417e0281
ENSG00000180090	ENST00000323404.2	948	7a004213d6793172cf595a4e9d4aed1eca1a64964546cb3644fc373b38a2fabe
ENSG00000180138	ENST00000379800.4	1014	f8a06095106d51bf9ef53e18a88ef46068a1ea848b70a1d00696295e3c24a1d0
ENSG00000180257	ENST00000444460.7	1956	c6e58d9d20f30c899ee5fe44a304b2724c10bf26e56e65521e76ed8060050fa2
ENSG00000180263	ENST00000343958.9	4293	32ae46a9b4ba88ec357a67a7a96e33de82e7b495df77678614c8adfa2869a449
ENSG00000180264	ENST00000696331.1	2949	bdc699473a13f260e1a03cbe1c5726ec340a1a9416361ad6e82ca1f26d6164a8
ENSG00000180269	ENST00000570682.2	1062	cb2c363b467ac38c340c1396c86fe42ece0b095f3bb3fb26720a8ae575488cf1
ENSG00000180318	ENST00000316824.4	981	95fd1cd1d74168d749f677b77004cbe27f17b9049267481b8281fb5b2fd4e068
ENSG00000180340	ENST00000315323.5	1698	e6891c32b8a6de95d8ee4f989e53b8a4fbfd558e918127aaeeabbc828e374b4c
ENSG00000180357	ENST00000326648.5	4236	62ddca425427365347ea50e7b1483edee582423f01409b27439b502ebe34202a
ENSG00000180370	ENST00000327134.7	1575	33cc7f1ca999026b076e137ff63344f4a6bb459e38ed9a0fad0218fe4a970712
ENSG00000180433	ENST00000641861.1	960	ea9240e949225c143f979d3c2ba6d042a707f2bc2dfc4bbdc9e3cfe4b8e559ef
ENSG00000180475	ENST00000316770.2	960	322b8355846e137ad3d208b02be04d0cfc2be2c6ce6a8b72163032297803bd38
ENSG00000180479	ENST00000451802.7	1830	9c4c94de0d1f766c41dfa62c838347dfb6a650294c67c7823f4d3c99aae6174c
ENSG00000180532	ENST00000318203.9	1302	6a9e39c01ddee77b4c92a8f664edb1fea079d2630701033c59f86a9185e3535a
ENSG00000180535	ENST00000609256.2	570	8d118b96cc0ad54721aab32a9cf3c9b607498538babcef6e509b521e24c2620b
ENSG00000180613	ENST00000326902.7	915	ed2d81e38764515749504240fb5f7c0210a7a5cf3501c37b7e4c473f9fce5949
ENSG00000180626	ENST00000575779.2	2424	472851fb2ef64ef6b57adaa6f7aaae12a86feabd4ef34c5e5f0ba490d6627276
ENSG00000180658	ENST00000315453.4	933	e15fb1768b39da158226c7631513656f3f73ddb010e3943ed2ec0db3650618b5
ENSG00000180667	ENST00000315927.9	1047	9494a8086c861b35bfb9d00c10539c963b365efcff8bbb444c60730a503fe5a8
ENSG00000180708	ENST00000641042.1	939	7cca6189d20e9f2257732a87ea1443c9c8da1939ee94393c774c9ad20b11e731
ENSG00000180720	ENST00000682254.1	1440	d2e8ffd6e84ca0f7b9245916534167c107a42aac295e711aea09576444cbc8a4
ENSG00000180776	ENST00000400590.8	1098	0d1ca17b2bcbde1ce45b1bf25a7443dd97d3b4d9149f86adc20be5efda64d414
ENSG00000180785	ENST00000396952.6	957	befcdd210f1a7d50bd018e2a04fecc79e8df132cc2e158f6b81981003dac0d9d
ENSG00000180787	ENST00000318833.4	1509	05a832a281832f86485a8580279fa46d53583228d06c2051e27a07afbcf56fd4
ENSG00000180806	ENST00000303450.5	783	32f8b9fff2158a85e006d484d307f6e45ff71f421256ba66bc3f49fe242ff22a
ENSG00000180815	ENST00000338883.9	3942	9b32edb0f6670d30eb1904167e1907dcdf4e268db4a2a0f77b278c548e3593b5
ENSG00000180818	ENST00000303460.5	1029	373373817f62529cbf234e453dd9ea1bac9362a2bd39b15b4d28abd96c497669
ENSG00000180828	ENST00000321870.3	1146	c7b78129c4f3cb6bf93124689ada84d0d284b5ab5621e9f68fe0a18591e79021
ENSG00000180855	ENST00000301547.10	2016	a5c4bff5636c4a6e4f33df9df9cd91feb3c2dc485f77874da2036f56de1341c4
ENSG00000180871	ENST00000318507.7	1083	e04cc31ce5b39c71fa05bf62ca46558b19607717eb96b4b74433b6a731f15cd0
ENSG00000180884	ENST00000404801.2	1899	9b8e53c35917a653370f35ed53ee09bc7459bb9a34cd416aedb7de7d56f0957b
ENSG00000180919	ENST00000316529.3	960	0088d2beb3ac46672fdf1c6fd84d71aa3158ed98f0bc02df5145d6f3511c9fae
ENSG00000180929	ENST00000322241.6	1107	40cc3f7a1f744fb35bf56199eaad00242fbfb73820ac755201b1184c23405037
ENSG00000180934	ENST00000641900.1	945	fd57edc2d468fd2f598e075000593c331a9edd142d2c9e90b17671a503931f18
ENSG00000180938	ENST00000319286.6	1590	2995f4646bd7b8496783ac5e3dd35a7704dd482f01a885a487fd267553868db9
ENSG00000180974	ENST00000641726.1	939	39d13fd39174ced225436880df110056eba55790d7bccbf89017dfa4c7ab8900
ENSG00000180988	ENST00000317037.3	966	d374a29d6d75eae83322f6e60f0130708bf54b117e6d4463eaa1be15307455b6
ENSG00000181001	ENST00000641645.1	963	52cea75dceb8e319a9c7b37684e4a45634878ec1baf297429d35cbd0f39a587d
ENSG00000181007	ENST00000392161.4	1599	54a4fca25a5df6c4c5ebfc66bd90cb2a90a78f7204530f1d2c14aa5674747ed2
ENSG00000181009	ENST00000641181.1	975	3abb370c0b9fa66dd8f86d2fc9b696058711510b091aa0dd9e40dd3fa57f4184
ENSG00000181017	ENST00000641377.2	951	91a31f731b10636a308b216381d2375608f747463762ae26ddaec30549289120
ENSG00000181023	ENST00000317121.6	975	9b77d398aba1ec627c51e3039dcf13f40d0823cdf60de14a5920c17ddfc64002
ENSG00000181036	ENST00000368106.4	1305	7ad2155682cf5b9ba9088944eae4cd2352d98a56be54a897187ac3416ed6bd9e
ENSG00000181072	ENST00000680005.1	1401	46b1f76f4e977e57d96ebffd2371bfeca131c3713be8a22b4cb6ebf8efd6b26b
ENSG00000181074	ENST00000641350.2	966	a62a7e29c12a90630feed3f15f53d6e9a2ebe60c5aa26e4ced6b92c875ea0f5d
ENSG00000181085	ENST00000338033.9	1635	59b56745d00ed6e6ee04354f40c79e00244681dd17350137cba5c1216e8ec102
ENSG00000181135	ENST00000358656.9	1116	15523991ed69a6aaa4600310bfe9cbf03aaf7094800342a0082088d4cd201315
ENSG00000181220	ENST00000458143.7	1983	01cfd349e254df211dca96647c5754cae69f5daee70250e62c7eac48bd26de34
ENSG00000181273	ENST00000326855.3	930	d449bebdb04bfe950cd6efb294e6834f1a002d7880087503e99ecd589cccf1b0
ENSG00000181315	ENST00000415922.7	1209	5876aa45eee3360aa64d1cc668d2e774d46a0d4a8eb103c230495cc32212a94f
ENSG00000181371	ENST00000327216.5	936	fadf1c79ae8afb9ae217b9a27c7953709225d3247f5be6cb7bdc7bca29eb79b4
ENSG00000181409	ENST00000326724.9	4125	48cec2d7960114a987b64512d4f58749d438c435fab6f0b109ed0ff5f0bd72d7
ENSG00000181444	ENST00000302017.4	1788	8cd253d297ce0824dc6dc89585bb27e1e190896744cbeee28a4fa201cb4e1c72
ENSG00000181449	ENST00000325404.3	954	f2aa9eefdf2aaa633224681938a6a8840d1be259182a1b31882080f476ea2e1b
ENSG00000181450	ENST00000343776.10	1578	398d583d1858028d4601fe239e08a3f41cd701cf9fc065e659d06a4258a933a0
ENSG00000181472	ENST00000325144.5	1545	6a209c028be0214b128d945f34b9d45d306dfcdbf4627a3e6bccc800a865fc8f
ENSG00000181499	ENST00000321252.3	972	a63619da5b0b9a3b66db647436abc6811b18a4ab89fffb202fb944ec85bc224c
ENSG00000181518	ENST00000641687.1	945	13fd8d147f6f4d814b117f628cdc080b6a026f8280b4c4ad83dd39ed4d999edd
ENSG00000181609	ENST00000322641.5	957	aafce25b8a326b47b26ea39bd79e24527e32355b4db90ed9a1c8548e6490c489
ENSG00000181616	ENST00000322653.7	945	5d05c40e8139f99b7fc47276557f55df66d1cd90ba5f8a5f14e3cb62d7f57690
ENSG00000181619	ENST00000395116.2	1485	98f6e0d6c3a2a5ed928285e8f18c9281a0c130752be1ab83b38791e58a64cce4
ENSG00000181638	ENST00000330701.7	597	e5ff8960ab7bfd1e0419b010a4d995dbfa2140e10de60f05f01b20cc2cf08024
ENSG00000181656	ENST00000315033.5	1155	445176368065ea6d27ad040ca69909b72e8cd82f9197d656220df86c4fb1334a
ENSG00000181666	ENST00000392153.8	1923	5315de36387404cdcd7d51d2969a4d3ab4710a348b377f10cb460d0178d3cff7
ENSG00000181690	ENST00000316981.8	1503	753b154a34ca820b4811a6c4990141998f3518a06f5a8759ed28d2aa5932f660
ENSG00000181693	ENST00000641600.1	936	1e1b2c88118ec48df2beca05c9a5337bea00fb067fa5fc1e8ad1d1b34d94aa25
ENSG00000181698	ENST00000641665.1	981	2e24f6766b6e5c3d3c2aec2a233b88a71561a53f92ee789d74d10c64b1ad9a0c
ENSG00000181718	ENST00000641661.1	957	0a89be8dbfb43a1c989e66df34ce9f8f502f5f8d27129aaa981f19456db7f0e4
ENSG00000181722	ENST00000675478.1	2226	1e3778f096a581fea55a838ac886bfeb6d7351e7ed30063ffd486f862f1ed621
ENSG00000181733	ENST00000641125.1	945	17e1ed4b20861427c69aa00dc411e4eb900b9bf3cb39daee7b5ff6bf0bc31d9d
ENSG00000181744	ENST00000315691.8	1293	6c9d5b0743cfbf7e130c73adb60514a3d37779c78b3a1a27b5c8370bef4d4173
ENSG00000181752	ENST00000313447.1	924	f43675174014f61045bac97bc2e396d3aca06e715a979564da48a802b57b0adb
ENSG00000181761	ENST00000313472.3	939	c6cf7741ab4548348142309a7304e2ca6adc5ff09b3ceddac966e299b8c11afb
ENSG00000181767	ENST00000313503.2	939	ac8c98999bf44c282ab2c134aa708a502e8e147ab56f3333d087023f6474a1ba
ENSG00000181773	ENST00000374024.4	993	86bdfb6e47e71f98662ff3cbe8ccb822c0873d41b499e4ca405552a90844e5c2
ENSG00000181785	ENST00000641320.1	975	37a8b80a911380503c5233a3f653364be2b367dc436ab9f2d4bd2628b2bc4285
ENSG00000181790	ENST00000517894.6	4755	6bb75dc857a8c31890af9e4bda11bd19f737913349e6d1f97667ee48ecab43c3
ENSG00000181803	ENST00000320704.3	996	439d2480103b9eb3517c51b93c80d4533df2af83cd85fa56a13dcabb4a809fd2
ENSG00000181894	ENST00000598312.6	1626	07c890f492a4d70dc0bf2612a8cbb7723e8b059862f79d874e379823f2c5bdeb
ENSG00000181896	ENST00000592502.2	1311	eec2fdaff48dbbdd76a92085427c454e0f81d06170afe33b3a0a0598f9de9c5a
ENSG00000181903	ENST00000314259.5	930	82ac6fd761b430748825880ce984372b0c2ae8e947fbdc7ded829d1a905bd836
ENSG00000181927	ENST00000641760.1	939	7e7d0c9e8d4c738db5dddb079d9e26779962980c363764602a71290f34948499
ENSG00000181929	ENST00000548065.7	996	1f14880b8994bd279ea5a78ae6362794d31416a677eae92025c0516d31e58785
ENSG00000181939	ENST00000642128.1	951	3b3a8d7aafb605d8e7e46017c97b8f7c92bcb0f1b11ca7545e0801bf0fca1a58
ENSG00000181958	ENST00000641526.1	945	e979fdad9904896b50e5df6501080821dd491597e489e690877ee46f88f837db
ENSG00000181961	ENST00000314721.5	987	71bbbd341f957d6e5c19db0bb04fab0803f2b3d9e7da8156ef14c478b715a8a1
ENSG00000181963	ENST00000325719.4	945	a680554fb582847dd373e535964510cf156930455e1ec6d78958352206ad09d2
ENSG00000181965	ENST00000314744.6	714	832e4b5435fd49580d5824560b795bb1a9ed43e2bcea99a76446290b5934a9b0
ENSG00000182070	ENST00000380367.3	939	d52e360ba66e9b58a71767a99ff4ea809c2440376a0fe1f02419640211ea3066
ENSG00000182083	ENST00000319423.5	939	940c944c98021297be9e75e3f96be6b0feda8a15350d99a6d481c127266d7ce4
ENSG00000182111	ENST00000420713.2	1488	0c58ee04634e0f80846f53ba84f38ce326e87777dce28f2fe2640013ee2882b8
ENSG00000182141	ENST00000356929.3	1692	b541bc1bad77334b92633947463f4d52db4bb05d22a2fe283420d42316834332
ENSG00000182158	ENST00000330387.11	1563	d06f76b9e04d8002e5fa639a19f31cfc27024ffb0afb4c62230bff9a4396d5ec
ENSG00000182162	ENST00000381297.10	1080	4729d5af954b95ace11d11f79e819f50e73474132694c47914fb0e6a35d75fd9
ENSG00000182170	ENST00000332314.3	870	dd7cc49f50a38dee2e871a06533a359ce551d5f4af9e16b1ba4fa32bf8d55971
ENSG00000182208	ENST00000329957.7	807	84c61d8ed190e5323ea4d02fa8b75539cfc79f23834aefa785d9f974447854d3
ENSG00000182223	ENST00000327939.4	1275	dff192586e305470f05dd7701e36a2a38b691bd3a5cdb662361ed4e8d093ce9a
ENSG00000182253	ENST00000336292.11	4698	7a89e980a51a72e5342e747d85cbeda2d410c5e778dc10e3977c79edd203f953
ENSG00000182255	ENST00000328224.7	1962	52cd8faca6de81eff4989570632e2b06728675b04942c52df5809c38b79001e5
ENSG00000182261	ENST00000691676.1	1968	4fd6e335d7bec7a5f498b3b671f7a1f0ec01a0a0b4875af74b01209a7749ee59
ENSG00000182318	ENST00000329665.5	1476	ef0687384162d14ceefd65992e95d783a638440cf096fe167c5c50974252e62e
ENSG00000182324	ENST00000342291.3	1311	8376c8e27bf0e7eb775d7560a51b969b7670d218477e81d80ee19773e8324839
ENSG00000182334	ENST00000641167.1	936	4fe29ab1edc8471416043733bff4f6dbc7a1227aca5987f051eb496264b6b623
ENSG00000182348	ENST00000333190.5	4050	abbb2c7ce1c2531747ff45d6cfcc4015f57cb14426209535ade4b7daf8d0b455
ENSG00000182389	ENST00000539935.7	1563	c3ab6c6a1b98bfdd3082c7077a906978ca84196a28ac326163558bd8dd32d467
ENSG00000182446	ENST00000331134.11	1827	ea265cfbd09a809f4231e3df151327c56ff05e9c20734b95b01a6a51995de621
ENSG00000182450	ENST00000422670.7	1182	8c7f6f3155c159a6355236c6d6ae972a23f4b6888e7951bfd53937546bf23ac8
ENSG00000182463	ENST00000371497.10	3105	904852aa43270bebdb7ddd5c17872857a8fb1a320639981ede09fad5136a8037
ENSG00000182477	ENST00000432841.1	938	d8c336623441018bb38eadd5920fb55ea3630a96d0a69b233eebfe54b1ec4d1b
ENSG00000182511	ENST00000328850.8	2469	54b678c0851f7d68da71f1560fd566def22ed2a83e47510ded20995ae906860c
ENSG00000182541	ENST00000331728.9	1917	331ef3be7fe6b84500f26ca3c22b23cd879f4372f69eaaadecce4b821fdb2f4e
ENSG00000182566	ENST00000328853.11	882	b82c50400670b2cb6bb3be3b5d6c80ba31c386dcc1cf07c0a9627732ab240267
ENSG00000182568	ENST00000338745.11	2292	aae0f71dcd295c6482e0ad1179c2314cf3c9df27a93436782841ffb202f0bd35
ENSG00000182578	ENST00000675795.1	2919	d414d085f4fd32a137a9ff14369151bf7dc2fbc6f92790ec552586b6bd99a34a
ENSG00000182613	ENST00000641492.1	948	602bbe1844f83cc7fb00dcb049b06036936fb984026c9feb985394bcdf5f8483
ENSG00000182634	ENST00000641585.1	936	03af4aa48b8ade8467c259e3f0bbc64d88b3e6bb2091c62cd343e5c329256e6d
ENSG00000182652	ENST00000642117.2	966	8cf82dbbe64e32adaac8f1bcf31da036688c91bf984d342ec6b486efc34efc06
ENSG00000182674	ENST00000523207.2	2736	cdf358be0ce42670f0953ecfc35969bb74e88b760a43d078be5f710a182ac5a9
ENSG00000182742	ENST00000332503.6	756	08e8ece2160fc6f44663849ceeea13178f342d08afd6d1ee61da1e33f1c269ef
ENSG00000182759	ENST00000333480.3	1062	3b8e358e66f55b1d02cfe4728b456a9f0eac1a1417c95e57da6db5c2b68a0017
ENSG00000182783	ENST00000641069.1	948	8a6879b6d633c9080d104c0d19765286fbb98e6282d424609f06ff811fa4a6cb
ENSG00000182827	ENST00000366812.6	1587	9adae6466c31c40e02f26b10552877391ed37c7c8f8d61ceb6f4c7b2b518d012
ENSG00000182854	ENST00000332238.5	939	551860b93755ef5fa7dc7a2ba7629cca1b7563211f06d97c09412384ae3f3391
ENSG00000182866	ENST00000336890.10	1530	379bdcbccc3b2fb88feb3e873c6d88b3ce57baa8ebf8f8d6a5a537d26349a7c8
ENSG00000182872	ENST00000377604.8	2793	4e33f14695a1124bfe9ae6226d91f82f1b04269719dc1b7e5e4a0f46510eda65
ENSG00000182885	ENST00000333493.9	1650	9e489f96a5b3392660750e78de07a1a5146e05ecb1d5ce5e8d5b623bf794c27d
ENSG00000182903	ENST00000511833.3	2772	b20acffdf7096eb58655fa218a24786878f4ade16e68648115b13e7cfccd0eea
ENSG00000182944	ENST00000397938.7	1971	a96ac86e79a901179f7635a1177d19b5768310b4f13a30103898a5d9347fc001
ENSG00000182952	ENST00000377575.3	273	77a46982832f0b3fe09a5aa74c88bb6bc6554c38b03b8b1ccd3ebade5b9b715b
ENSG00000182968	ENST00000330949.3	1176	3b2b51502ee46faf7ede74c04a8581030ad3a03734084b41f999191a877af8fb
ENSG00000182974	ENST00000332663.3	942	708d5749faa26fc12b3c23b50609f60c5f8b9904d59485212e1e929ce2e86bb6
ENSG00000182979	ENST00000331320.12	2148	9afbef99e59504020e0af9b1c3b6e1de89ea9f3022628a4cfc04294a572a35a8
ENSG00000182983	ENST00000440367.7	1281	dafe2e9338d413240327db50d07cc19cc15ed4f95595f484f3540f97b07e79c1
ENSG00000182986	ENST00000682928.1	1530	24a116c9b3fa8dfc258b8c7b19a7f72b515e8c9cbc31fe74f5f7707e6462b98e
ENSG00000183024	ENST00000328890.3	942	611140d68fe4b64d042fbb67a96a33578bea13ca73dc80a1d068521c5beb3eb5
ENSG00000183072	ENST00000329198.5	975	6e6580e01c3fb87b6049950962de4c46dd50c844a17cac016ffffd7f685ad338
ENSG00000183150	ENST00000651487.1	1248	526dbf7e4c825e8d292e8e144206c660348394268677f793b6b7c07a32aa290a
ENSG00000183251	ENST00000380224.2	933	cbd23e8d4d6000a3614c49db2f63275dbd20b31fe216563e3f69eef8d6235b4e
ENSG00000183269	ENST00000537935.2	942	d574c1740f8aea28876255a83bb5a1ddd4f934cb9ffa17a57b7aa465132115f9
ENSG00000183303	ENST00000329434.3	969	335815bfc4045cf1f9a75c6599765dd3bb8d5ffb700373cb88dee13d87385503
ENSG00000183309	ENST00000526926.6	1491	032b303e8aabbe8eaae2b526f4eb841bc88a1622eb4771dcc78610298d88c6c6
ENSG00000183310	ENST00000328782.3	957	0b1a62f50a89d71fe458128fa81979d694693c111ac698abbb62c8c848be49d7
ENSG00000183313	ENST00000332249.4	990	d45e066e0c0788dd7443c8072aae37da424f2e0479d28cd73733d0b8fb1d34f3
ENSG00000183389	ENST00000641156.1	942	f23f44e6b3b34cf647cc6103d4c84c0991a84e7978bdc6d635e8a5f1c63df03e
ENSG00000183421	ENST00000332512.8	2355	30f48f2f2071bbdcc8dfcc3adc976882fed4a00574a8a63ba8da0471ae32e636
ENSG00000183434	ENST00000310125.5	1218	0cdb3a38b989e22192459ec05fd590b4975348b75c9cb6af4d64225999d77312
ENSG00000183484	ENST00000329797.8	1143	0014dfdfe683ef5cb28d4dbfe76e345c496cf981c609d3828f2cae78b5fa615b
ENSG00000183621	ENST00000436087.7	2487	758907db5129dd72f188748237129f50d092b4201b18e4db096cb29164d36f4a
ENSG00000183625	ENST00000395940.3	1068	ca55e22c77be79731bc320586e11602909775ec1bc8a4227047566cfbb9937a0
ENSG00000183647	ENST00000597700.6	1701	fd985c07e2e38bdcf00544158bbbbdaecf6f6b198107b456fb24a51cee4dfe8a
ENSG00000183695	ENST00000329773.3	993	87112645db3f232cf14e51fb0b072928046b3fb7cb2b7f06a7ec896105d8bc6a
ENSG00000183706	ENST00000328795.6	951	d4d6171d62f1a70c3e005633083b460e3972d745121f88aaea6d216cbb44cd24
ENSG00000183733	ENST00000332372.6	660	a824377095087040e2da2628f0e6028d988e049cc1735e689c73eff1864ef115
ENSG00000183734	ENST00000331289.5	582	6850c23d7d76e126ff2152ca71539e91d0582f60d8402fc6673b4431a1a452ce
ENSG00000183735	ENST00000331710.10	2190	a02f1bff86fe6445c334fab109a4fd40f57ff21a406e60c0a6ce91d7a1ad2a65
ENSG00000183765	ENST00000404276.6	1632	4ca61064840381619c9385b243415ada355bddfcdc15bc57c5be2b7875fd9102
ENSG00000183770	ENST00000648323.1	1131	a4ef1a5f826ed2dd24307ad2b3a4d4dd6008fab065710a2a581d7be43460162c
ENSG00000183779	ENST00000331569.6	1773	228b01a9e7b197e4aabfbf9f00241476f634ef4f5daba510e96bb909a16f4f29
ENSG00000183813	ENST00000330953.6	1083	7d34697fda727c19714df185c8a25aaac2ae925f6c2ace4859fc8081fed15882
ENSG00000183840	ENST00000329321.4	1362	e4219dd7d5b7428c4bb202960d1fa187bb47b89478e234f5fe4ceaa48e761bc4
ENSG00000183850	ENST00000597761.7	1512	26a238e80e2424b0ea641310f67ddb1d805aaf79b12d6bec8cb712e4e492dad9
ENSG00000183862	ENST00000329903.5	1995	1913aadf7220250db6afad764398ee1cf45908ed65bd402467ea62993e58ab48
ENSG00000183873	ENST00000423572.7	6048	dcc185045ae8a6980f2dcef7610011ffc4cac27e8c8420cdc9a589fbe2b85931
ENSG00000183943	ENST00000262848.6	1077	55259cb608df8be7b10bb905e97c4aa091281a842a2d241349ecab7010bb1254
ENSG00000183960	ENST00000328405.7	3324	065b866fd5757d637d50c784ba7a3720dc619996796fc35a8c52aac33c9effa1
ENSG00000184022	ENST00000642090.1	939	636129f78ba51c6fb32566ad1ef1294605473a5f17da83d0b9ed268b5424b7eb
ENSG00000184058	ENST00000649276.2	1515	08ce483d89dae86365633bb1ac3bbd175f366575fa9fdd9a32cfb7f5ad393dc3
ENSG00000184140	ENST00000328882.6	939	a79ca5a03746d68beec0751f5ac30aa4370d7bf08a6e9d74bd2df8c9b149e86e
ENSG00000184155	ENST00000334857.3	930	c6271092a8098e4382d798d9edda26ab17a64ee7fc5228fe9f7dd1b24d4da2c3
ENSG00000184156	ENST00000388996.10	2619	c72cb91f74c54ab7afbff5f5a3d33ef0a700746044b7f470480ca49cbc8ffc56
ENSG00000184160	ENST00000330055.7	1389	8bd37c98a89ae0603ac785935c536dd4f8fade20a69af95d717ae171f8e9448a
ENSG00000184166	ENST00000641833.1	939	96e526599235b5d4dd7dfc21cae50f12e9f064d34361236d05f9109cccad4007
ENSG00000184185	ENST00000583088.6	1302	5d9e381d7a7573f7c17be636d20fa7e2b0f70f7cbc81fd2166d8f9db9f4c07c3
ENSG00000184194	ENST00000332582.5	1122	b4e258a7b5110de46aa61289e5dae0ae8c216b8dd60e309cda1e994c7f6efabd
ENSG00000184216	ENST00000369980.8	2139	e01ff5eb7edb82dcde8c9c193c387c1ba7694675c76adce516987866b9b35aef
ENSG00000184221	ENST00000382348.2	816	e7bbf940f863439e9f557930107bf5116d22096d8a085f4de7e617061878cf4a
ENSG00000184261	ENST00000327876.5	1293	b5d587f303d66a27c77369c61e1e9c4c188d3e82a4af3023b9320e2ae80d929e
ENSG00000184271	ENST00000333640.12	1836	e91bf35fb98027fe469278ef5036c6540fc34def2e8d1c5bfed961f1bd52e814
ENSG00000184302	ENST00000327720.6	741	267dee579ff15741e6fe9eff8e41867160329615cef79c2e9541017197cd44ed
ENSG00000184304	ENST00000331968.11	2739	2bcfa08ee37fec57e68ac66311ccd7d3bb2f163152f37d7beea5c28914dc6c8b
ENSG00000184307	ENST00000638807.2	1308	be18610aebac3774343224f14312b3bcaa2581ee44e26ae1e848b95fcc6426ae
ENSG00000184343	ENST00000370101.8	1704	d4e0c34b056362ef95bf3e7de094fb45574ea956eaefc9bd29e75d18dbb5134c
ENSG00000184350	ENST00000389832.7	939	450fc3aa0656c0962d206a1cd3c02d12927ea824dc39f992c0b8ec0ce0b2bdcc
ENSG00000184374	ENST00000332843.3	834	6067023bdebf989d8466f55e3c690e65f26433b23f430010d98010f26357c476
ENSG00000184394	ENST00000641086.1	927	8016b581a01312f96ecfc3f18a235d4c2f57d20039c484872382aa26bb8ef0c8
ENSG00000184408	ENST00000331113.9	1893	109cde05ae34e8bcd7d8f4971aca7ac6728334cefd887832b4f97439c5e963b0
ENSG00000184451	ENST00000332438.4	1089	d1dc2f301e2e4acd2a002d3b0a0ce151da43660d8ddc293fd58e1f4862d3b8fb
ENSG00000184478	ENST00000641160.1	948	477fa3124b61fb3cfbe8d47f471d4ceefb2fa8c88573dcb0b10a466710d253cf
ENSG00000184481	ENST00000374259.8	1518	6cfc4ffe319f17410c6134001ef6e6fe44c40553b6c96bbde6f3dbfd1b2217f2
ENSG00000184486	ENST00000328345.8	1332	b4b4700012f0b8f5ee5e204f636a5956d4461099edb4ffd1442b3493b6e0e0e0
ENSG00000184492	ENST00000306507.7	1227	15760cc76a4d3468b1594c3218708050cd04adcd82733ded15c93930ca205efa
ENSG00000184517	ENST00000570010.6	1224	f7dd43e2bc7b682f765bc6bd5fe88ab5738ba4698a7b0c45683f06cc105e9753
ENSG00000184545	ENST00000397374.8	1878	68a45ddc6a60c96fbda8f5c7f4cba4cfd4f1a83d9e3514053e530f66564f533f
ENSG00000184611	ENST00000332142.10	3591	7b1de2426c7bd5f6811c07b237eeeb39e2021b07c73aa251e16b1287ae771ecf
ENSG00000184635	ENST00000343769.6	1863	7e7cb619564993c001a93a2d9dbf298609661c75fcbcac74229db4f4152286e5
ENSG00000184659	ENST00000377413.3	1251	0c66c9cac419b5ce4c57b24900540fb2a8db5a8a5d1376fc94ca3d0c07820dc0
ENSG00000184677	ENST00000375647.5	3720	371624d5ed457ba4c4a4b7ffd3c713645a0bc44e92e6c56913bd9ef7f1a96ea5
ENSG00000184698	ENST00000642046.1	981	7956fe304c551fbfea258e69ffc959711ecc9ddfa24295551a572e38a597099d
ENSG00000184828	ENST00000590800.6	1860	b93806ecc97e32d98bd937a97bf7d7103e1d517790aed844351cf245b609245d
ENSG00000184845	ENST00000393752.3	1341	b00b549a1ab6dee7f5c51419c56ecb620f62584d91e3ff0ae9d6b281781d73c2
ENSG00000184895	ENST00000383070.2	615	36c0d6d9cf6329324c6f1d3266c316faf7bd8984dc8854eaf0114fd4f8ad4bbe
ENSG00000184908	ENST00000375679.9	2064	680aa7fc12c36bc8804dc3913f934b4df24ebd90bf3102dcf047c1fb7c283360
ENSG00000184933	ENST00000641196.1	984	662e7b0965a0e421ee57d040a5d963ff96efb7e444d39f8898eb4bd3812333c9
ENSG00000184937	ENST00000452863.10	1569	22d7c60fde41e20c04e97cc66869cfa03513e632222b9092a0c6039f71d4646d
ENSG00000184939	ENST00000563169.7	1911	03515873e00ce8760ea7799f072e654d1e7c292381c318e9ef34f86da4df377b
ENSG00000184954	ENST00000327335.4	939	807043da0ed06bec33be882665e753952940926316b500ddd435d25e708d585c
ENSG00000184984	ENST00000383263.7	1599	9445a6e514629d53af14adc565776f583c75ff465eeb09b70a46461ec9341d16
ENSG00000185022	ENST00000338483.7	495	28aad2a6fe17fcf54e9e9cffb67f7a4f25ce1e329c095dec68320041a5782fba
ENSG00000185024	ENST00000547530.7	2034	e1ff808052584b239a952dd2ebb19769a533b406423f0e0a07e70c8092236a7d
ENSG00000185155	ENST00000366810.6	699	66affee577383fb770389b6cc88c63374428df7f82a1487faf08e91358fe623c
ENSG00000185177	ENST00000319636.10	1575	eff00cca49786d75117e304178aadecefe61571332df12c7eaf08bfe743a976c
ENSG00000185189	ENST00000442628.7	1506	8f6175fcd94917b64b53c044d7e95b530a4a1a0dfb88cbaa68ab2d7ec2daee8b
ENSG00000185219	ENST00000396077.8	3096	da9e9a6af74c38520fa4f2efe408895c2ea38f05ff89d656bc80b7dedb8a7f07
ENSG00000185238	ENST00000331079.11	1596	eb84d0e553e7ff55b099680aea3f522054daa8d10fdec22284d0c872b3f7516e
ENSG00000185252	ENST00000400451.7	1935	aed6a72690a7d1b32b87edae412b383812335e52d930cad7963cf6d8ecbe96a4
ENSG00000185278	ENST00000367701.10	1512	6d4b4395a63be88a5da08597f9a12e5c4ba7d629d4a48f0988b05a387b39abe1
ENSG00000185303	ENST00000372325.7	747	c0920ba4ae7dfd435ebac9a21e4eeafc47cc7d4ed54a25ec7195e0685a44d979
ENSG00000185313	ENST00000449082.3	5871	5c62101208b71e436010b209c3a52827016aa0736b54f939567b1d2902203a3d
ENSG00000185324	ENST00000353379.12	1083	28bca7d93750eba97657c494771563cd9a41d60ecc7c4637db0969462c100fbc
ENSG00000185359	ENST00000329138.9	2334	670809ede72b9f42552b08cc8e806b5900512c565f56c2cb843fc4d8ee75af2f
ENSG00000185372	ENST00000641551.1	948	110792a5c84bc06bd468ce7cdab22e0674a5059f8d9864b0edaa88d577dcb12f
ENSG00000185385	ENST00000641113.1	930	9e1d63c7ece9ce6304820e80a4025b97a6caa6a07e1a427564d959be17adb23f
ENSG00000185386	ENST00000330651.11	1095	271e5bb83fd606674be45722c09a900807ae62cd308561f8ce700552f98296e5
ENSG00000185420	ENST00000490107.6	1287	69ca57df30d6f0b614c9770b3c7a3c93c6466d9363a2811b3661af80e0c6c0a7
ENSG00000185453	ENST00000614654.2	2763	3d9dce5b683eaa30a05597e57860bc88dcfafd74f55d38bbe443f9cd4f840224
ENSG00000185483	ENST00000371079.6	2814	cec5721eb4ed25ad329ab8ab05acff3d707edb6333c2c4e082f33bc1a408a0bd
ENSG00000185513	ENST00000418998.7	2589	702ab0af2545b0800dbe8f5eb2e10d9ae6f46a13d9d1ed5abc45c6504f711bc2
ENSG00000185532	ENST00000373980.11	2061	6ebaa87189a30f007d16ce846d54b0b53f0127f4b5d098fa5e98f2734da9a7d3
ENSG00000185551	ENST00000394166.8	1245	ff528e1200ad2d33bd451a94d8a47d1ec11f640c29f02b2519a292c8d9e3ca9c
ENSG00000185591	ENST00000327443.9	2358	018f85e352003077ed15b746343095d423796fd4232e5f299b8410e5778c7b68
ENSG00000185610	ENST00000332700.6	1020	1c3bba8383e8d33aa0ab2737f6804273ba97d6866399fba60caedefb625e3b7a
ENSG00000185630	ENST00000420696.7	1293	8e565747342e7d524745f3c0321ea5a78436fe3dd1c753617c5a7cb9fec04c7e
ENSG00000185650	ENST00000439696.3	1017	4df314fec3c7a6ade7aa80e3db97bd29347083a58f2cd88645b2f0df0a0e906a
ENSG00000185668	ENST00000373012.5	1356	7b422002528b42ec16d068a1d04dc9b65a48664eeb274afce5efda0947059e2c
ENSG00000185669	ENST00000332281.6	879	c3d91303cd8ac14481a711c86f17cdd605ffcbfd0d797c5ec75ee9b8e5fdaa48
ENSG00000185670	ENST00000394807.5	1575	795bdd9b2b04e0f0a2c9af6866e3d2335d3cd04cc21085851fbb24407e3bfe33
ENSG00000185722	ENST00000341657.9	3510	94112b5fabbe66de968db1f5078104889822a8ba608c4d4f533933ee9f8278eb
ENSG00000185730	ENST00000330143.8	1125	d0ea243848e79d311b5645affc73bfcc5fcf2cbe7ada2f65832f1c0207edcf4f
ENSG00000185760	ENST00000370398.6	2799	acef4c748245e748649951446a55850adcfe0d8015d7642b0b2a4d5bdb03dbfb
ENSG00000185792	ENST00000332836.7	2976	960abf4710c81ac0f42883c5fad0b75cfb68998bbaeb3cc319075efbb74b7681
ENSG00000185811	ENST00000331340.8	1560	b0c82439b3a933e5fff1fc04aee04c02f03185ba54468cd1e131c2da273377f0
ENSG00000185821	ENST00000328314.3	939	2d02ad439c46e9a8d26341bd1301ae10c26eaf6a7b8d06d26a63b9b718502c0d
ENSG00000185869	ENST00000391711.8	1299	bf616b68f37faab1e06da031bdb4f75eb8865e682b88b8c8b16302a6f94d5306
ENSG00000185926	ENST00000328188.1	930	d3203838f33c4a3eacaaf1ca5a49c437a0e18d67931df16466534631131cfee6
ENSG00000185947	ENST00000300870.15	2232	075cc3bec431c58bf7be7aa2bb68ba65e9a6cf8b5e231b883b8a70f68ad57a76
ENSG00000185960	ENST00000686671.1	879	15b2bf45a1644723c41cb78eb07f044aebdb19e5cf89f184be363136d8bd92ec
ENSG00000185974	ENST00000335678.7	1692	0a1c6a035de497f02ef18bc56234cc7006c12957716b5d3f4a169869396b71cf
ENSG00000185988	ENST00000454744.7	1011	a04a4a64dfc25df324e74765724cd1a56c5b05355a0c8ea6f565395e56fffe90
ENSG00000186017	ENST00000452939.7	1257	df168b889f84efababe8da1ff1f384a7060e0cf29372009e15674e55497f5fba
ENSG00000186020	ENST00000591340.6	1692	d637a706a9a1e969fed0d3800f37aead4e6014b5f87d3e2d15bc90275706d636
ENSG00000186026	ENST00000421176.4	1782	387bb73a29b9f0c072cc9aa9ab6dc849e5bcf7075c750375751f2b95ae250b60
ENSG00000186038	ENST00000415389.6	1371	3fdcb3eb02483e6c08c9a49405db11e52bfcab36bc405d9b8503511e4805ae2b
ENSG00000186051	ENST00000334077.6	327	228c4cdadc0e705d6921424c8c27d799f85c763a9505e2844b661d293580374d
ENSG00000186090	ENST00000428798.7	1215	79d17fffbad29ec4b3a7892c395563b87abc7aa58c89f2f2bfc64583ba404015
ENSG00000186092	ENST00000641515.2	981	adfd1886271553e4499ff89cf30d092e99c0598e829f64804baa7e3723284af6
ENSG00000186103	ENST00000334384.5	948	67b5f283ee093a3cef4f24e1e8359711dbe376397b02782d2acc7f082632fdaa
ENSG00000186113	ENST00000335605.1	945	8603ef067728b6cd9ae409184cc7e8c46d73b64eeec07a9cb9460588e07f1d95
ENSG00000186119	ENST00000333976.7	942	c96eafd9ba4df0de6ed936694e5a3c927dab8d98453cbae37973e51d583fbb29
ENSG00000186130	ENST00000373659.4	1275	2a56770cdfa1a401f8a0427a710554c4504aa8df31059a35540e745b43dd51c8
ENSG00000186230	ENST00000334181.5	2337	a3a2aa4cb3e641da2da254bba5d573c84076744376c599ca4bae43921f63947a
ENSG00000186272	ENST00000307658.12	1995	4dd353666bcfa8a3c8d4e3fbb4365ef19d4eebfc9123a9afeb9898a5fc15476b
ENSG00000186300	ENST00000334241.9	1887	18b8519321af14344d6a856224dd3d1fa251d4c6a57ad3077bd22ebcfff798fc
ENSG00000186306	ENST00000334438.1	945	ca2b36a71bce3f7b9e8ff6b4ad1baaab08e0471e25bf21c3c87d84b6ad1873ff
ENSG00000186376	ENST00000370766.8	1533	03cfa3ea135f31dba4697b7b138805477509ee3e1055e8650b16af2fb11c1082
ENSG00000186431	ENST00000355524.8	864	6ba9e73bc7f0e23d2c944dcf86e3c1700066796d474ebc54db82d806a596899e
ENSG00000186440	ENST00000641540.1	954	79e25258a5a6db37454d2696e7812379c011f11e82a233c2e741ebca85e51f04
ENSG00000186446	ENST00000620116.5	816	237327475d01100a4ee7685dd0edee81856116fe4f280b43d3ea68143621073e
ENSG00000186448	ENST00000344387.9	3090	12f2b96c775a9f79af461f1adf712046a2a22f47b111ca9fe5cd1b5beb03a896
ENSG00000186471	ENST00000371431.8	594	6d03c40b66b263306e94507a960b3ba59565e98dba4d48a6905c0f924b3ee8ed
ENSG00000186472	ENST00000333891.14	15429	e41780b079bab75902b62475d70246a7879398e295b04ff9b190ce7312789135
ENSG00000186487	ENST00000647738.2	3561	1010e190986660b2453b03502ac5f06b1e3c654a9df012f7dca96c857258f165
ENSG00000186496	ENST00000589332.7	1008	e8ee933d87c1b3bd40e3498f7fa4ddd3ed9635a86b002b309c4fa13a1d7e2b97
ENSG00000186509	ENST00000335397.3	933	c7908fb71f6fc7544980f71338c9e4b924ccf37f4a9002900ebcb2934a3f095a
ENSG00000186510	ENST00000331433.5	2064	a63e5338e01a6f703780fd13818977544baf70b9bb544bcaed1bf1afa9f3f243
ENSG00000186513	ENST00000641291.1	945	4d9fa123d1ce75207087a38c0c9e30a0a379113b60692880d2ecddc1bee78a92
ENSG00000186532	ENST00000305513.12	2415	390f37449c7c73f30c197e7c35522b2d611a54f4d7da773dd495319b9cebb63c
ENSG00000186564	ENST00000334793.6	1488	c5537006a57596356f10456effe5f6688c9fc4e7d4a266cc56ec65ef3960eedd
ENSG00000186566	ENST00000591680.6	4509	7559afa4c4357dc61e73f9c5ca9b6ed8b84b9dc321631335b2f67ad2ceb88643
ENSG00000186575	ENST00000338641.10	1788	25110d3a9dcef75e3ef9a94877c4a9d1b2779643ea80fadad3d005bcbb738491
ENSG00000186652	ENST00000311862.10	669	d97daa2b917b2eb0e636d9c16dd89f115d24851db892f2856af032aba6ee5b5d
ENSG00000186660	ENST00000316059.7	1713	adb5b884f694e893beed8c6245340861c4d2910df9394c027c74e92873e5ccdb
ENSG00000186723	ENST00000641419.1	957	18bf6ae76f53068b2280b5dca8b2c6a4d11b61ced9b59f63d513f946f0c78928
ENSG00000186766	ENST00000388920.5	957	c072d5ba0945b851fd8e062a14d84ed796b70b157b0599f307f23ff9005b17c4
ENSG00000186777	ENST00000419098.6	1758	7b31173f07e67dc0aed2e22d9dbfba513e81ec4960dc50b47feaa7626d468f11
ENSG00000186790	ENST00000335071.4	960	7a59b8f34bf7265c0d2602fa55ba19eecb3598aa8fd9384f500a72a442294d65
ENSG00000186795	ENST00000334549.1	1155	1e95d8e36b4de30a1d398c2d806bbb0dfdfd98de59aa55b1b30695c8d5b7ff9e
ENSG00000186810	ENST00000373693.4	1107	dc2556f2e65cfa8c46f2054a067e677cd522a2d559d63e10712583303f98840b
ENSG00000186812	ENST00000330501.12	1605	85978f9fe45612b9162f45d9d15567645ed944afc0986ec619afbfeffad0272f
ENSG00000186814	ENST00000333206.10	1485	37c3b44bdf966c9d601224688c39646bb0d1130dc8238f17d8852cca43179e6b
ENSG00000186815	ENST00000335509.11	2451	dd99d7d2b0088519641e691117287dc276dc5e1fb1f6f9d242014bbc24f47d6b
ENSG00000186818	ENST00000695418.1	1347	67afbc6d5ce4f487033e1a42b289073abdeb227be165803603de8bb4b4ba3dce
ENSG00000186881	ENST00000334726.3	960	6bdb4c267023366f0127643c7c02e0474f2f633828a8313cc5a015124faa41ee
ENSG00000186886	ENST00000641440.1	972	82b667501231880be6c0c37dca914f1c18c83900c0cfbadd03f73ddcfd896bde
ENSG00000186908	ENST00000426126.7	1899	1ed20361e8c9c5c6bfc39236ffa8a4c38a2cec181dfcdd3a6ed0ff1a3abe948e
ENSG00000186918	ENST00000344423.10	1542	caea23385003bdc98bea9f706ef380e7bf602dacba6ec4434bf31a6ba4f26211
ENSG00000186919	ENST00000334586.10	1239	3e33c09b9a3b43671e68ddc2435cec586d06a73e8a287f5e41053664db6fd729
ENSG00000186943	ENST00000335040.1	963	5714d8493225a28cfb4cba90e67ce8256efcf95f02fe9768c045af7afff09834
ENSG00000187037	ENST00000334425.2	918	abf9152d41e53a40d18b69b58e872c0d0257ef5894c4b0fff6537e0eef2fcbff
ENSG00000187079	ENST00000527636.7	1281	5d72471201d2a35ed4c9f961195591cc79724d1584aa199b3478357fde160751
ENSG00000187080	ENST00000366480.5	963	5ccb5299e041d8c6d43176c8001c3c87c9ea707ffef538e5af3fc86f0ca94fe0
ENSG00000187098	ENST00000352241.9	1581	9bd495b17de59faa851d309842b21c4a61f04e47c4505e9dc6aa16c625ca37a5
ENSG00000187116	ENST00000432233.8	900	b79ed3f9ccaa9bd0063ac6db41323e10f0c8cdf44ba09631e91060a155ad1bba
ENSG00000187140	ENST00000371116.4	1437	96e9e2d961c522128b25dd964806830678af3b25ec0daa1c907431c71f24f8a3
ENSG00000187187	ENST00000347077.9	2511	0dcc18a51b5bdbdb4e54d625a268d8c375d82253aae822de6156fb5dd25c0eef
ENSG00000187391	ENST00000354212.9	4368	22d1be389445bddd314700a019c9f551f653c9dd328747741147c5903a67e1d7
ENSG00000187486	ENST00000339994.5	1173	1e7797aa6c690fed895951b82b9446c609ed23fe14f71317e088677c79271461
ENSG00000187554	ENST00000642603.2	2577	1b8b4a5d30fcab2c2a3fca16dc1b06a275533fe7857d81ead5ebbb8d274d785d
ENSG00000187556	ENST00000339133.6	579	7bb8b5ca3fea5b60cd771c394d91bad722b13594d32ac83a52240beccd13f6f0
ENSG00000187559	ENST00000342833.4	1254	a08e5c412988a7e12aa81b4ce5ce5e61836bf0e0cd805c3d7927c1761363c2ca
ENSG00000187595	ENST00000692273.1	1512	5bce22f6091db9317534a3320cf982afe06d7f39f8e282f64c02ea3ace252772
ENSG00000187605	ENST00000409262.8	5388	dae858fa3050e3d4f847f9bba7645b61c9483e843eea6d293db69c9d3d92b9fa
ENSG00000187607	ENST00000583566.6	1566	6052b307282b89f087a155d94677e31a987f649ea1149fff09ab8fd2d0b7980c
ENSG00000187612	ENST00000344514.1	933	2cd054219965fea731bdb3f16a4f15b8c9a9a2b590aac73667651b1c6eb54b44
ENSG00000187626	ENST00000377294.3	1638	c9406744f07dc5a8ce2a7876e1b221d3216ea96fb45f383f823124c05b0e9e1a
ENSG00000187688	ENST00000338560.12	2295	3a1d479301e8743ae0275350e58f58ffc19699d43f2c0d34587505acfb5c9efa
ENSG00000187701	ENST00000460972.4	954	9929dfdf809e863441b6e4f866b700333e177ad3479f57d28ee51f6af9d8cdfc
ENSG00000187735	ENST00000521604.7	906	a1e88f3cedf1dc12d3e34b6bbef6030c0c23c058b7ff9cbec3a92694fd1ae4db
ENSG00000187747	ENST00000345043.2	1008	f11946c9669ff8982856b05c881e51eb4b7a59486275247b884f30a1ce0f8cf5
ENSG00000187772	ENST00000345080.5	753	d59eaced28fc199201576b1861ab52fdbac4bc7e51d6bbc7165227e0e0d9afd4
ENSG00000187773	ENST00000343998.8	1260	64ba83131377a96c1a6f32f6b9cdaf0da7cacff44e2edf4bb40ed40635a93d1b
ENSG00000187792	ENST00000341976.5	1341	cafa67c82a713c805f8e5673f22dedb291a91abf994ff97da8e142cbb612f3ea
ENSG00000187801	ENST00000361584.5	1605	b10dff7c8ba0cf07d6263c8ab0c4a8b5fce9b7e1a7ca1ad6da0e1b35297a42e2
ENSG00000187815	ENST00000372706.6	1581	9e037d0558e43dd8cdc9492eeac7d56198af232443005e0031d78ca6d4ca07c2
ENSG00000187821	ENST00000515777.6	729	16f3626a64aa7023c66ba4e1ba5288e77dc13aa95407e4a06d93f38542fd5509
ENSG00000187823	ENST00000695839.1	933	f8f361d5b4e3f4dbced00e7aaf242a83e1f9b4fe63ee002cdf1fcc906211a31a
ENSG00000187855	ENST00000342331.5	519	0ec3cf2557445bbf21b3a55bd52bb9c3f7f3a9771262d64b9e0ab9762db21639
ENSG00000187857	ENST00000641576.1	939	bfa61910fb9598900717dd0e53a68f5041bbe4b339262c4d078cee5223d8916c
ENSG00000187912	ENST00000417570.6	1137	4b95759d6e6df810fb61e05303969cd82d2de6ba49c13c77a7b1602cf30f4611
ENSG00000187918	ENST00000641930.1	939	0eca884a8d32f61038f4a8639ae205440eb2f93e686359814052d6276db03c72
ENSG00000187959	ENST00000344935.8	540	06ed065f1a293d473e5f7f81268db4ef204afec085c8fe086152b7cf020d4cbb
ENSG00000187969	ENST00000339534.4	501	1fd820a19b78a70ab805f7547f89c2ad4776f4b48a534f1b4e973a9e72bbb2f3
ENSG00000187987	ENST00000289788.5	1170	2ea94896a3e7b0c61d80024d5bed1a54908fef646abed67931bf548a1ad1cd43
ENSG00000188000	ENST00000641288.2	939	1a488a7e69b0ee0fa2210ff0587de4b62b9cd634ac40eb924eeba4457d5cc044
ENSG00000188011	ENST00000343216.3	1719	60c654f8dea80a1c621f9e57e6340653e134135a243278f6f8f6131fb2f83e99
ENSG00000188033	ENST00000311437.11	1590	faef7b4d1866666f9bbe12995f7f0e4d3d181cac5ff9ad57422ed344da44b93e
ENSG00000188037	ENST00000343257.7	2967	06f9ebd08998c27b6a7017e3d23f0b5dffcff6dfcfce3b09bb3228db1cf4303d
ENSG00000188095	ENST00000341735.5	1194	096da15d5b6aa291f538f27519156244abdf563622ec976ae7900d063e2db6b9
ENSG00000188124	ENST00000641124.1	951	82a4e3f3c2284e9f1b4d89262a43c0b7c94e56c029f3526d32d49f26fba61089
ENSG00000188130	ENST00000215659.13	1104	37a5121710a69d1574a17070c53b20cc76057ce64e640619dbf8496c72d42710
ENSG00000188171	ENST00000601440.6	1587	fd311b1618e9cf91c3adf2f31aca579565373563a6f71f7fc98c98792d9b3f1e
ENSG00000188177	ENST00000409871.6	3570	4d0ff91ea11efe38f304d74c37573d1995a277c86fcd63248baaa557c9245b51
ENSG00000188191	ENST00000537384.6	1146	6ff50a2aad734afeb484deb638721c95c0ee3c114fe276ccb555fbcbbc2c4203
ENSG00000188227	ENST00000627814.3	1221	68d5e9d047dc8c77347cb5513f9013b67607855921b71ee2b2c5dcbfc88f9ca1
ENSG00000188269	ENST00000322301.5	960	e4e5c885cd1dca97fc166b6d65e554fe4a487ac4c366dd05704a4662584bd12e
ENSG00000188282	ENST00000697321.1	1716	9d1be7c55c5fc70c3588338e0500066dd95c1f7a2d55cf35acce48dfbefc88f0
ENSG00000188283	ENST00000684119.1	1428	eb8cb935a6b466b489b2eeab7a9a9030897834946d9a2e819df852073410403d
ENSG00000188290	ENST00000304952.11	666	90d587f021c3864b224fe3edec4f0e7fc3a5fdca53c3cafc65d05f8c24da7abc
ENSG00000188295	ENST00000448299.7	1137	22bcac880b90ba2c7db4dc727d6a4efc875ce41dfb468f48c23b863bc4596804
ENSG00000188321	ENST00000603380.6	1617	36b1327409e0bcdbd09ff0bab944b1f936b75b8ee5203266de69835ded425546
ENSG00000188324	ENST00000358433.3	945	88b3d403411d748ab11ced4bdbfcbd7accee67adec77c7b532300708157900fc
ENSG00000188340	ENST00000641131.1	954	c6ee69117006da9c26a34ac99b4fb2fa0921371078a77619b155006ddcf2f2a0
ENSG00000188342	ENST00000340473.8	750	364425ca33c8fa4e0a70750e8413bf12519bc0b42e3ebc1a847c71b36ce20d8a
ENSG00000188393	ENST00000455827.2	525	8a8b96c4bd032107be81cc1b1a568164660df40836777ba7c48462686864590f
ENSG00000188394	ENST00000616002.3	1050	3de0c92ec6bb508277f700fb95c4fd4b2895b757fed00f0ea7c3cb8422393709
ENSG00000188404	ENST00000236147.6	1119	afc9bbb1815bfcad959118431c9185b6d0067e7c1b51df5d137861663f1da60e
ENSG00000188425	ENST00000341294.4	417	10e98829ede4ca613748cbe8843b71b159f7c912dc16d6884c7bc111de89e459
ENSG00000188554	ENST00000590996.6	2901	a442ad53d8e93d6608ac736a053625365f0ef4ae883f20e26348ca73a265e3aa
ENSG00000188558	ENST00000641804.1	951	efafdb8f4630029da66381bdf41f68f8a45f578930fabba6fa877c51669f0f10
ENSG00000188585	ENST00000623247.3	1203	919aeeb04c4e5dd92f74cedbcd4d2d6fbfcd2c1b51585aeaa0197edcefeb4a00
ENSG00000188613	ENST00000425699.3	879	e4e27abe65a5e114406609286e39224aa9b3811f4b743e6f770021678697fe0f
ENSG00000188620	ENST00000357878.7	1074	1f77562c339f65f9fe6d86eb25aa991e9ffdb49fc68d9f4fb885d5a7cc1af741
ENSG00000188629	ENST00000683217.1	1446	011261a10bbf5929a405d67ec3e4b9259405bffd149873c9498665aeae23a9ea
ENSG00000188691	ENST00000532411.2	942	81027490527fb5e8e215fef730cfd33e644a8167f605e8e1095f4bc0121ac798
ENSG00000188706	ENST00000357166.11	1095	e95e1ff0efc12f5e1d8196bcd547ded9fca6aa0fcff2e8d9c1dc19f7454b5599
ENSG00000188763	ENST00000344575.5	1776	b28d012f727318a613ebe320cbdf3787cd48caaefbcc1004a4b297ac28ef5f51
ENSG00000188778	ENST00000345060.5	1227	d0552a8498eeaefa41bd0e0c35422fbd10f362a2c469575d1f1dc978080d3c0b
ENSG00000188782	ENST00000456354.7	1419	46ef657a2e138cd633b637cef6735354f9bcc5cd43b2fc971711b5cdfa3e9328
ENSG00000188785	ENST00000336128.12	1638	c93d63592cf92fc1fd1baee14e2c34d32ecd15e91c728a43163a21d4f8883121
ENSG00000188786	ENST00000373036.5	2262	3ba85f30164862b97e52d73650dcfe2e140c6a7585cc70ef4d3050dd0e820f28
ENSG00000188816	ENST00000339992.4	822	0a362d6216a65e9cfa302ea0f2b8c41b75f0a9dde2185af10913017576b45a33
ENSG00000188818	ENST00000283441.13	1239	277a8ca10da0d939ab16942242209f6aefe05b4803dee2a514a266edf80cc09c
ENSG00000188827	ENST00000294008.4	5505	5e0718012fa7826437b8b8099645b3836da55b65a360958266fc2f38c2780760
ENSG00000188868	ENST00000293725.10	1431	2f3c7966a26b199a27d5d0aade267f370e188136104738792ae2fcc80b4c51a4
ENSG00000188869	ENST00000359440.6	3303	2be5eb146a8cc926fd0ab8efbb534f4e4a1ea23c57edbeb4a4da1f2bbf37ec14
ENSG00000188883	ENST00000340940.5	1230	9e980df4a6c1f79b12bee0f574d471a43b4b8360e31a1575f016e0bb14914b2b
ENSG00000188906	ENST00000298910.12	7584	5843f49dd412288a13103898fdb32a937e93095747d74a1832b9e101e5d61eca
ENSG00000188909	ENST00000343035.3	702	06101fe4d338e9f196e58bfd6e60ef61d6f4c5c5f924c554446c5f85cef2ce93
ENSG00000188994	ENST00000369577.8	8172	da107f44b99d9f9e353d9b3643691f7bd273b54a2dcb3597e9868e79c5e6c4f3
ENSG00000189013	ENST00000345540.10	1029	e291ba3a591dd9730e794890cd5b1a4bbef31b94b46b0543d0bca173b61137ae
ENSG00000189042	ENST00000682579.1	1944	832079c10233c64238dbdaed77a5c994deb51f46a7414337e69952b33390b0bd
ENSG00000189120	ENST00000536300.2	1131	5996a27a99c1d9b1ce9b63dd4c7d2dc647ea21c721a61187941b4df338ab03db
ENSG00000189144	ENST00000536220.7	1998	8a42081b32808294d396383a0d8c8ff5cba5f1350a68acc6103db1718220b415
ENSG00000189164	ENST00000436120.7	1830	e28f36be3e2b7ed4ba9c566747ff392135a650489a7fcf730bdae2d63d33c618
ENSG00000189167	ENST00000533490.7	966	ec24fd9eed360c27a00b6633ddb10b85ba9f6f13c57439aa59b2a860e164c31d
ENSG00000189180	ENST00000432900.7	2436	ea9525bb79cb7b11fff54c9ad551235403f516ef07558d5ed16ff77d6a73a126
ENSG00000189181	ENST00000695265.1	936	12756aa9e174b111be72bbd6d5e1db9a12c4a1277cd3a276a5a00ee810fd1e2b
ENSG00000189190	ENST00000692063.1	2376	4f51149a86d0710b16e60ef84b14879d78d1cf37e50ab9b574aecf7f0a7dcfbe
ENSG00000189298	ENST00000252211.7	1617	069e04fa17a72274d7292ad00ec418c41585f2f4a407ca32c8ffd19e2cc0a5b6
ENSG00000189299	ENST00000339140.5	936	45da80464c1b0af5057107786a59098c66244a03da3de5bf7613e5e67e17a9f8
ENSG00000189403	ENST00000341423.10	648	acec454db432db02d11d97dcb6a1c97e8280689f929c1bd9b91ddfe4d8f3a208
ENSG00000189420	ENST00000338647.7	1251	a655c5d3ee1d5cd560751a1b4ffce976c614a7f0ceacf64222c4b27b697e089c
ENSG00000196071	ENST00000358120.4	939	b59f564f487a8f3e147e42ba98b4c5af761551f2213f8eb475278989af76cf02
ENSG00000196081	ENST00000418100.6	1860	2b52243b66632a02b869b08d08ba1d7f3518e366e2ebea5f0de061c5414f940f
ENSG00000196092	ENST00000358127.9	1176	944725eb8471c321cf9343e76796be9723dd5b115c701b0746113870579f5ce3
ENSG00000196098	ENST00000354924.2	966	d3bb7a36f8c7dc1d8ab9937fa85657131e0f1dd83b7558a610dc41182a0f845e
ENSG00000196099	ENST00000309154.3	942	82193c77a473dcb68170c6eda64b356f15506393d9a69346ba06373d6542a812
ENSG00000196109	ENST00000397121.3	1767	fbd6d12aef73c9cbc6cc841fefd78222d920f2bee4c9da9d982cdbb61c9e9e31
ENSG00000196110	ENST00000591998.6	1929	7f855ef4d67f0a23bcf9cfadfbe21ccca785a863ccf92d57cdde2e551d83ab68
ENSG00000196119	ENST00000284287.6	930	20a2f11932cd738378800fc5f2d3560e8bc5e234537d6b23d53de8b2e335fb9c
ENSG00000196132	ENST00000328439.6	3366	3b5336b972496367356f2ce6f01e89e37920bd69c883498c651db89f9c000940
ENSG00000196150	ENST00000417550.7	1668	f03d31f145cb189aafec33defc1b9af5a2f91c4a05a30c2b2db3043aa4d66d07
ENSG00000196152	ENST00000342483.5	1497	80481393f9fc510bfcfced0b8bfa24193ae0684d52be4313984229fafbbae82c
ENSG00000196171	ENST00000359610.3	975	a0e7fa11ffb09e0cd6564b3a22d71b8dd809ab7e8c1808230a505a291b9481ac
ENSG00000196172	ENST00000402377.3	1938	91e42c93f23711d360757691757e17c48a1d2b34823e5adf15bd4d90cf8bd46e
ENSG00000196184	ENST00000423932.6	930	de734b1f7624945841fac4b9a5b36dd7292446501ab085dc8b2edaf95a4316dc
ENSG00000196214	ENST00000439461.6	1407	86ce37db27c541ae1eb858971b14ce51cca262ec3ccaf7452522254bcdf26a74
ENSG00000196240	ENST00000641925.2	975	dc8e3477700d867f5e67dbcb547263f77e5eb78b57809d6119c1652fb6232e76
ENSG00000196242	ENST00000641802.1	963	5014eb90ef8c87c6df89002a8e5022d36904801c3e21afe6e54828b24b439067
ENSG00000196247	ENST00000620827.6	2559	bf069a364643e92a6c2183ac86ed8131ba470e93f11052e299c18d0cbd1d6715
ENSG00000196248	ENST00000641123.1	969	a876836159e67e148f0ddd47241e2f0fe1ec9a7297bec297f46e991111238c64
ENSG00000196263	ENST00000308031.10	1881	b988e89b550ce04f2f270f2d7e20a60e1681c101ebaeb9746fbb6a502770b04b
ENSG00000196267	ENST00000682614.1	2811	d2fe761e178c7a27ba9bc11322ab92669a39eb24d55b26d90354da3524c3f82e
ENSG00000196268	ENST00000392288.7	2325	5fa03d81d079999054233c16e1ab23d9488a62639da0eb916e12ac24c52721a5
ENSG00000196275	ENST00000451013.7	2850	d5344dbf20f7d67439c75548aac5f09e413f74dee9ecf5514c8102b86dcb0279
ENSG00000196323	ENST00000357899.9	1713	98d45b34638e3569b504d8b54d445d8144f01df0a838ed5253c42ab7ed63d246
ENSG00000196341	ENST00000641015.1	927	9b8abbe968f6efccc7dee78704ada5cf535190386d005c1af6a06b32c72ec813
ENSG00000196345	ENST00000426540.6	2265	feef36854b0e0af2aa8a13f8623931cf9c908607d604600964f69009637cdb20
ENSG00000196350	ENST00000601693.2	3759	5eb577c2390865692f2f76c80b0d1aa3612cb3c39ece5f309c354c52726e4b6f
ENSG00000196357	ENST00000304116.10	1500	cec06bee22b183cee6b76805c0a25d96aec69b4bdf12ec1be8e78200f33cc9ee
ENSG00000196367	ENST00000456197.2	11622	60ab1bb49fd02b54028117e7bd3fd1553dc154df9c5aa3886d38843f40659daa
ENSG00000196378	ENST00000429371.7	1620	6235c6a72d4e7d807f8f40fdd78513eb5c45a6833c298059795aa0a3be0c07ad
ENSG00000196387	ENST00000355557.7	1374	3612bd73147dcb2298cc1bd12095ed9042dac6718c613a814480ea1f40a6001e
ENSG00000196391	ENST00000354377.8	1452	4f28b2c58c51834364f8ce52682ab55fede5b8e2c24a3738517be8b956ffb773
ENSG00000196417	ENST00000396408.8	1572	fc726848d268843c5ba237f2946704d1860e686925554c776efb5f866ed81283
ENSG00000196418	ENST00000543802.3	1056	db23e04b244f764aca54e3d634a945549e7c1a4a141765812416665b6f609aac
ENSG00000196437	ENST00000316950.11	2061	6bf430d1df1873ee9689463c24ac2978e03f5803447d8ced40981a896521e6b3
ENSG00000196453	ENST00000247930.5	2496	bc50205dda2abace08a0d0fcc5b3780d8ff11becc8503ac24ff669f359c782c2
ENSG00000196456	ENST00000329630.10	1614	21564b009c51febdbef239ea90eaee4879465524c093f461d59c69708f8743a4
ENSG00000196458	ENST00000360187.9	1926	ad359f3587d63d7c3f12652af36313c426a26a0ccb3950b24e2cb471b90de33c
ENSG00000196466	ENST00000430385.3	1932	00b14df717272c6680e328a0e799f136fe450a135deeb5904fefb4c7a97dc701
ENSG00000196475	ENST00000358842.5	1662	6654728be88fb3290abc78c2f569dc728fe14cffd40e337012d1ffb3cb868e94
ENSG00000196539	ENST00000359594.3	957	df24921b2b8834ab07058351c7c670e15ede20afdd1f79a762d807f5bf26f03d
ENSG00000196557	ENST00000348261.11	7062	4b494425d6702295bfe24640b8f5035589b0a4243df26f63f5234e933c719cc1
ENSG00000196578	ENST00000358642.2	930	4ea6b83c654a420a9bd734ae1b801cf3f55c2412f1b6b37623480f09334f874c
ENSG00000196597	ENST00000481138.6	2100	12319eb31006d2c5ab4092ff44560b740accc98cc6f341f73d0ac7cd9549ac68
ENSG00000196605	ENST00000397902.7	1602	2fd22c51fa373d9a22359b8042cc52fb0fd6d3dcbf9712c16a9046cc732b13cf
ENSG00000196628	ENST00000354452.8	2016	2130bdc51dce63de37d50111c0780c578103c03498f23afce0dfcb02e00d373e
ENSG00000196632	ENST00000354646.7	5403	feaa995ead504250ccdd081aa248b90e2179747e972fcd3a6d049ec355a8feda
ENSG00000196646	ENST00000343979.6	1623	3c1502f16ffadf99a7ed5993b5eba4186b3075913dec283f49808ece5a54f123
ENSG00000196652	ENST00000326775.10	2520	c45c85747536d72ae2f39b9f6868347302ab78ec871f60895d1621efb9d32732
ENSG00000196653	ENST00000436624.7	1635	adf3a2bd888448527bf4c80eb86aea886c2adad768bf1e92c6d2847b2c9f8fc2
ENSG00000196664	ENST00000380659.4	3150	c49fdc9aeece0c7a9891b364d75b1c1f82ecdaeb306b3ad009c1c2a6fb4253b6
ENSG00000196670	ENST00000502412.2	2703	0771c261276b7798f8cce6078659a12bbfb35888687f6c90848543a30c9c5b59
ENSG00000196678	ENST00000357967.9	2076	4dfe5f5979d6d8c339869a68b8721e87b968aa6aec5bfdb42e0e01e0510caa2b
ENSG00000196689	ENST00000572705.2	2520	67929b6223ac4e2fe293be25a505ea51cc647ffdbef2b8ea5df19ccc472507d2
ENSG00000196693	ENST00000359467.8	2337	001dfbe16d9d9a99991372ce96629dead8bd6669f7ae598202fb241605643f9e
ENSG00000196700	ENST00000369888.6	2679	33ab0315520b2c9435964502bec1e7a8249c1a2417778027868dd638bf5e6afd
ENSG00000196705	ENST00000311048.11	1731	23c7f68bfd8acabe8a3e8a87fff15ec48b00875c107dd891344f914486d248f3
ENSG00000196724	ENST00000396147.6	2031	f5a22e0abbe029da15caca6e0e5bf58e9c1ce7e5f64abe7d0a83f1572e33f19c
ENSG00000196730	ENST00000408954.8	4293	6da1433b38c8a58a87b8fc55deb28e54105d8b3758d975cce150e8859f062c14
ENSG00000196757	ENST00000254321.10	2229	29a7966e4be9f9556641d44848b40fc52f9f9e8085c2dabcb530b1f2c2422631
ENSG00000196767	ENST00000644024.2	1086	7339c37e94a94683e6009a599ee76c573f5f145076f49beb48d7be2023c14b84
ENSG00000196772	ENST00000641093.1	930	22731162443c419e838d45d07fe32b5a4bd2a2528ede7ba0c79d86be18c4bf5f
ENSG00000196778	ENST00000641528.1	945	6da5c743896d45abbe215164f0920a8acb5451b1e259bab1ac338502e774d93d
ENSG00000196793	ENST00000374446.7	1377	ab6204393b3cd7504fda31e011a8ffba5b14ee908ce5d765ce39ce9ae79e50ec
ENSG00000196812	ENST00000340487.5	1047	fe04c5d1ba585c1835bc2b018666407405d0aea3b4c786809202ee9ea04f0b40
ENSG00000196832	ENST00000641879.2	936	63d9e0c2c27b1cc8c15ad2e0f287c6dd2bb20faa0a7824ed3a418510e14171bf
ENSG00000196867	ENST00000301318.8	2607	845dfe74e0d7f463f168288b818ffd2324ebb21b3b8e2ad2cedb0ddc6c98ab78
ENSG00000196876	ENST00000627620.5	5943	6c909765303c98e02e6ca3a55494b3bb5c23d6e23eb25fa2a7a47e9d6a31f176
ENSG00000196944	ENST00000366473.4	963	912397eef79e5c3f722c4a27a546133cc3b47a33f5f9a45ed7143489464d022e
ENSG00000196946	ENST00000396570.8	903	56d8f9b69d03aaf1fb4162da915c4850ca1cc792162bc720ea9847078e7551b6
ENSG00000196967	ENST00000292841.10	2310	988d90bf6126f8fa8f26ae146b259a560267113cf4d3244bdcf9dcb00a4ac357
ENSG00000197008	ENST00000307355.12	960	1c8e2ca87ddf7b7a24556f589bbfac4917e702f83810a861351810c61c83f20e
ENSG00000197013	ENST00000358491.9	2025	44a90ca443e16aaf979dc15c212ad54a4c2cec79c6a85239c7ec75e6c3e39b48
ENSG00000197016	ENST00000330619.13	2154	e6d8e18e12abf831d6c9f6b3669d7d6a3fd19c98fd2a8bc550e715301b513310
ENSG00000197020	ENST00000358296.11	1629	03f0c0df4f754104740ffc8e9d343b52e42d4d6b228b303db1750a9eda2d9a44
ENSG00000197024	ENST00000475153.6	1929	908cb6598f33fdd7283782d304536650bfbd287ffcfbde9bd1aa45abc83daaa5
ENSG00000197037	ENST00000394152.7	1635	e0179293d207088ec56d872fd985e88851527044555df6be4b4b06efc8f6c405
ENSG00000197044	ENST00000357901.5	2082	a5c740821e18e0f9dcea350b13f05513a4875a79e46eb81d54cf7ee7e9ba586a
ENSG00000197050	ENST00000337995.4	2067	20523f400a710884c6eae44684bf7d41c6f766e805999c926b36ab0ae0a95b50
ENSG00000197054	ENST00000358987.8	1185	60636f26eadf7e408a17f95eba7a0223e8a7824d517bb6a1cf81e090b592974a
ENSG00000197056	ENST00000359858.9	3429	8430e767a0b7b06a3da479b3bf0ed7b0d7ba5fa9ff92815a23112f1958e6f361
ENSG00000197062	ENST00000421553.7	1440	5a46d67a70632fa3d1102115f2f5dc480517034330485bba56390f0d6adb68b5
ENSG00000197063	ENST00000357736.9	489	36a23ca1829884ed1212cb36467dbd00661aa532a1a0a4c259848afb95d17498
ENSG00000197114	ENST00000355969.11	1536	7330adb5dc64feafcfc56841610b7a64c606c77163877494851168354c10594f
ENSG00000197122	ENST00000373578.7	1611	b647109c0f790b518db30250a3545bfced27c49a6a8470f7e34c4f00af734349
ENSG00000197123	ENST00000421025.3	1236	4da74aa9d9c9d1ba53d426a0503ebb7b77289ad5a2f93afd3581bee436f095c0
ENSG00000197124	ENST00000397165.7	1497	f3daee536e930ab2d6672f961ceae9f03a21e1fe9ffb75ef692625ec8a9ce296
ENSG00000197125	ENST00000642064.1	936	3a869c0e04e22e637da3ccb38af1b4edc9f43034bc747cfde9336cfbf4b44f29
ENSG00000197128	ENST00000356584.8	1347	2c44271a7cc0987ee90a31289d87cc4cda309bbf1496396ee0270c58129de9b0
ENSG00000197134	ENST00000594947.6	1692	b89719d89ec46eb420ceb83967d7701093bf25467ef69ce87c96d29ec48afd00
ENSG00000197147	ENST00000330947.7	2412	1c26a32a4c50b424c68ad7f4b327d60f2e2ed88bc2a1d0ccbafc4e98542a4743
ENSG00000197162	ENST00000395216.3	1218	6730b2b50144e4b0626ffc367ecaac614831a1bee99abd01bef6cfc2ff3337b0
ENSG00000197168	ENST00000684899.1	2499	59ee320fd814397e79bc4c2f3541316fe9d271931cbadd6f60d8c065110a4737
ENSG00000197177	ENST00000392607.8	1683	bf0c474542bed2ccedca160608d0b6d6c9bcd7662bdbda6bc35aae44ff549143
ENSG00000197213	ENST00000586855.7	1488	e0fc80070484420e09de169907c469cb707031506f3c4641cb46cc35cc4bf079
ENSG00000197233	ENST00000335302.5	942	9ab0a3c94916f03bcb007f183cc8e4fba2c85f7d88398898b3bfe089204c3ab4
ENSG00000197265	ENST00000355904.9	876	028a2bc5a92a5bc1d4aca72885a19465e02c2fb3d68c852f78a5c25530955de9
ENSG00000197279	ENST00000683778.1	1458	3b1bb72ed17905591e6f9f2e6af793e37136423a0a9794f4b12b7323b8a12a68
ENSG00000197309	ENST00000641351.3	939	58b88de588b2e6e88921adb53dd3c6695acd7d1d26a228f53185589091ea55a5
ENSG00000197343	ENST00000252713.9	1476	7620420d0243d632d397a503245c077389e27be96a0cfc6ed5e9f27b924cab74
ENSG00000197360	ENST00000357774.9	1719	80b6ca0efdc643a74e3840d672f96813362e84595e4f70121d19504428416f30
ENSG00000197362	ENST00000491431.2	2349	ed896403e2ac2e8c93a5e2c1020bd520a9e22690e617bd2ad2fa71c8a89e6e20
ENSG00000197363	ENST00000359971.4	1479	64eb21787b03db298a22dcc846408672865c6a4bd3e4827ace55871c11742877
ENSG00000197372	ENST00000359788.9	1707	916a9e8ef6809a9cbb6e10e8954a63748e11307ae8ec426936f3f514508c819d
ENSG00000197385	ENST00000360311.5	1899	646a6468319173d9f365d164345c69136bc0c937b5df4f78fbc895e16aff3cca
ENSG00000197403	ENST00000641846.1	939	bcfd371d9fcb02f8d9ad4995aa8d8e5d51a5c7f44d6a38f9259927a8fa851cf9
ENSG00000197428	ENST00000641817.1	975	4012386c633b6a4c33805b466b34754468e5e55f43c9b4ba5a51a4047e712d23
ENSG00000197437	ENST00000642119.1	924	7edb7ae76c75e04935523a4c2774ca02b892bfd7864d0b23fd8422336ea7b3b9
ENSG00000197442	ENST00000359015.5	4125	6f5becd264d0b5beb6886e9d3685adc671804ea0f5acc627c8e60c24b24233bc
ENSG00000197454	ENST00000355281.2	939	c36913c88affebda9139df5b3c5a80ac1b0f296a79f5314856104857c43e4a5a
ENSG00000197472	ENST00000339986.8	1548	6b0444f6d42e9c53c3e764c3c8c14d997e1b2d36a21099e00389bc8b8893a179
ENSG00000197483	ENST00000598519.2	3180	cf296a6db8c2fa48d1e3d7d1b653945f7ed2af1b7f12f69af30108ad58a92fcf
ENSG00000197497	ENST00000396424.5	2037	6bc12355f4ed78067ad0551769b9f1412c0ee23830e3dbd5d6bb99d08bfff76c
ENSG00000197530	ENST00000355826.10	2868	7d135c88edb8b1dcf9bd603c25f1c44c424a90c0fb8eb81cf403ad8ccc0125c4
ENSG00000197532	ENST00000641622.1	978	a55a308db171acee103869e01c79ebacce6fa04d66c8ae6aa94e0828d25014d1
ENSG00000197566	ENST00000311331.12	2598	d0edcbff8a1bc811d2d913157e5693dc89692f1aefd56d65a2dbca3270636eec
ENSG00000197576	ENST00000360046.10	963	ce914e4c3c1b741c0e7b9ceef287039b7e463a5b300a93d4de24e7cc9a4e2fe2
ENSG00000197584	ENST00000452583.6	708	9d3cc209eb705c304cfbf86002f3a839f588b3322f8e54ae5452638e240e95fa
ENSG00000197587	ENST00000360032.4	1134	8987659f11393a34a5ec23e67de9c493419c156943eb7c4cc2f4a33bc2d69e0f
ENSG00000197591	ENST00000355784.3	969	18e5a46e1376b7914aa946fbdf4dee757ac94b199f2e3a6f3ec55bbe907b3162
ENSG00000197608	ENST00000594440.6	2775	29c6d3813274779249e786f89d6e133d4dd571d29cf6b6d0904ce50e5b75f6e8
ENSG00000197619	ENST00000598071.6	2229	ad33e22d7507d1163ae54b834b6d5c27fab446b0c3ff1f7a827e32250b661a93
ENSG00000197647	ENST00000550507.7	2013	c0f8be17fbb523a3bb026403f2502688f85aa267079a2fbd1d44709e44e65d9e
ENSG00000197706	ENST00000343399.5	939	7be936778712642bc0cf684af5a32999ea394cc7cc3eb19ad813649dd919f824
ENSG00000197714	ENST00000360338.4	1689	8163fab5fad1f2e6fb92eb4ebc865c22c60c0127c1395190e7c95cd9779ad467
ENSG00000197757	ENST00000243108.5	708	fdc3b95b1072c06528e550cd11a9feeb1f96038d15a23671324efdee7502d117
ENSG00000197779	ENST00000338637.13	1986	d1121b95696783d7900e6ba4e346d8a0d59b6e59aef287ac7df6c3a05cb9f101
ENSG00000197780	ENST00000338366.6	375	9c300f87f301a600ee7928b2aeac11061a34f8e69cf88e029d96ee2890a71a0d
ENSG00000197782	ENST00000683561.1	1926	070d8c110b57bdebb70fb39e4c30dc47399230c50c0ce3ccacfd24b5b37775cb
ENSG00000197786	ENST00000357377.3	945	c26b3991fff955c4c19b3a68978008bf3c1c826fcb095162924162ced8ff51c1
ENSG00000197790	ENST00000360213.1	954	76a0099ddf3c40751d5495115873abfaa28e7e15b05c2c28fc7a04c506ee57eb
ENSG00000197808	ENST00000588268.6	1692	c6be9a054bfd0ec29a3488d0b22b364053554eb3b84ff9126731c88e42e0ee5a
ENSG00000197841	ENST00000492450.3	1716	d80bca8c40eb7119bc50ca3f534477f808ca75510672844afe4630982a171eba
ENSG00000197849	ENST00000641972.1	936	8dde58acfa3f2737eec346ac01663cd5aefb9c81f87e1f1b874bf3eaead2bb3d
ENSG00000197857	ENST00000355684.6	1848	f506a5d05cfa942e4bbd30ab191921a052b38243b79daec917819932d50c6628
ENSG00000197863	ENST00000356725.9	1911	5caaff2f70e6f86bd261af7e0c92c620dc101a910000f54084e476f2e28b7997
ENSG00000197887	ENST00000641683.2	939	202031fdd1c29a4b7bb31df65c953ca57da5ed2935e834cd56ab5834a83b68d5
ENSG00000197905	ENST00000359864.8	1305	29340348d1c9cf21ebb336451140d3da03bb9a4d8b41cdd62ecef36e349b998b
ENSG00000197921	ENST00000378453.4	501	af8ed1235b302049ba1267c325397601e8f03e846cc8570423e06eefbd0d92b2
ENSG00000197928	ENST00000598513.6	1755	08e21e20e1bb6d535d4a48b31630ee7ddace316a0f2cfe004b24d418fcf2e1f5
ENSG00000197933	ENST00000341191.11	1833	d7ac9a53a164fc66287217b45bce3d8243885b95b46d33ca57d8a25bcd789a02
ENSG00000197935	ENST00000377179.4	2001	92465da583ad5bdeea4122c17f4e722058febe071e8cef76941ea8561eb317ab
ENSG00000197937	ENST00000334197.12	2520	49e0088a0f8aa5032c99800f2a85159006a305126d3b43295e865d41a444d6a4
ENSG00000197938	ENST00000355273.3	930	9d399e1718895fda77ac9b8cc36fccbb5b2d8c0755e1091888e10bd05c51d1d5
ENSG00000197951	ENST00000599599.7	1650	53bf10f3b30396a7ab90eb701273e158dbb9ed55021422b680a2ccf8043d52e7
ENSG00000197961	ENST00000320451.7	1173	7b755fd1fd887e3714f700a918842159be32e7f15f64f634e84c1991735b54c3
ENSG00000197976	ENST00000313871.9	2088	38e915f98244954085b076d1d55374c84a7060f99bb25e58bbad4077895257e2
ENSG00000197992	ENST00000355819.6	726	e3c667f62fb2c2507919f70ec6b590331e04b282d73aa783dfaab3932b8a0de2
ENSG00000198001	ENST00000613694.5	1383	39938779d7cd35e6a87c850173cbd4af0e86142c6428341f4ca01dfe59165997
ENSG00000198026	ENST00000322927.3	4029	f44307a97ec0040a814591b60c97c49e59294230b57c4f7dc1602778e9c09953
ENSG00000198028	ENST00000301480.5	2373	116aaf1a85e20142912a53b459c7cc6feef5cc1a0822aeae862aaf61661da2a9
ENSG00000198039	ENST00000476120.2	1710	6e9dfa17610a68adf7fb23f3124d751a56a3e808ca05839726327d506a30b453
ENSG00000198040	ENST00000539354.6	2217	7c8456521c91a0b43a4ba7025998a58a66a3efca52ee441580efb363dc7a6bcd
ENSG00000198046	ENST00000504904.8	1833	c78acc697714468b3b1a00123b0995cbd7f468b6c4b0e4babfd99b7b2c07ee90
ENSG00000198055	ENST00000355472.10	1731	4a597c60c0f4d14ceece738fb51909ee38d7821fbb82e433a11ea13a35939529
ENSG00000198081	ENST00000651870.1	1350	793f1dcde949cf3f82a18a2649f0178833b354138fdc6111ed11ed5722fca7bd
ENSG00000198093	ENST00000354957.8	1518	6f34b8b711fabfa0f74c60cbfb6ce02a343a1c6d1aa794514dba38f9a5c5a9a7
ENSG00000198104	ENST00000641644.1	927	5a7ab75f358f03b2e77df59f1385c9afd18ff994c1bc25f5a684b75ffd242b70
ENSG00000198105	ENST00000395867.8	1740	1064ef40d4be9833554fe4910bb3611cfcce059b47d58bb6a7493af432f80dee
ENSG00000198128	ENST00000359959.4	939	1fe6f4b6c294ded6a47abddc6d33bf089724cddcca4dd7abbaf5e80ae585c195
ENSG00000198131	ENST00000687789.1	2148	54fdad27f6d6e4e519dffdbfef700523766268f7fba6b5ff32c7ed95a9810e25
ENSG00000198146	ENST00000356321.4	2076	f1bc31d1277906e78deeb056ad4f5ba8fa98dd59c8336832fbd2a0f5eaae4a49
ENSG00000198157	ENST00000358130.7	849	c903509c6276e7af5b70c6d6414092dcb68b1eb6a2df49ad480f59b241fedbb0
ENSG00000198169	ENST00000292562.12	2016	ce6311cce39802ffcd191e99a0f933be4414a27cab28cc6d26a58043fe64fb70
ENSG00000198176	ENST00000375370.10	1233	d8aa776fdaca1b425192f0037c7ae525089447551d0a446436a957f796b87895
ENSG00000198178	ENST00000360345.8	642	f6279be093f2d3acdc788745bc431158f102b822562419cff2365417d7a0715a
ENSG00000198182	ENST00000355202.9	2091	6e9836e7030a4e06c156500c66492c63a67a32ae687afe44b732a6d952cd1f44
ENSG00000198185	ENST00000692313.1	2043	ba8bca21168568dffab31cba1bdd8bea23247bf4f2b1b1e48ee2743a745a1de4
ENSG00000198205	ENST00000358697.6	2400	57d556ed2e494ee88fdc2a27a44319fee26d1f8203ab8b574d1022747483ef71
ENSG00000198208	ENST00000557413.6	1650	5d48b95f809174eff0867fb1ee4fe3073ff7024563d8d67b0b490e1dae170f71
ENSG00000198216	ENST00000367573.7	6942	26c2fcd00f4fbf3edcde3507299253c92cbd403dd0fffe5fb17266ded990c5a0
ENSG00000198265	ENST00000358691.10	5829	fd292ca4fea300d7109b443709d0dbdde019700719aaf225d9be8e7f533dd696
ENSG00000198276	ENST00000354216.11	1647	ea20058bcaacae98ea4518d21d53ec254e90c6b8f35c395c87a82d30750c9f15
ENSG00000198283	ENST00000360374.3	930	1786a6ea069ee1f1e02e60d00ec1bf669be40137504be5cc53bcea3a84806cc4
ENSG00000198286	ENST00000396946.9	3465	56df7d62ed801060c4f3f2c6864ab28be81b2751166a14995ea20bb8cf65cf2c
ENSG00000198298	ENST00000361807.8	1326	71e869496eeef4efb5ac31643f5784adae634a598ba0d679930e5eb2ad65bd1f
ENSG00000198300	ENST00000326441.15	4767	f6ff368ab63e62683f6e3060d89eae09fe7c5f6b48f49ae19bcdc463133c3864
ENSG00000198315	ENST00000330236.7	1737	e0b8a5f03df54ef688521af0969ec297711b7b007c464974bdbfb017e0f27c26
ENSG00000198342	ENST00000242804.9	1884	d36e7f690e259bd095f543cefaf042796c30c365866c31a2afdd5fbf1b442175
ENSG00000198346	ENST00000396403.9	1854	f1e6a700be070b126ff8f28445e483b23cf485c86462e485e6387ad9a1f23347
ENSG00000198353	ENST00000430889.3	795	b00fb9cddd28f19cb52a15cb6052518bd96c3a8c32cbb0c6da0fde7c112f2201
ENSG00000198355	ENST00000360612.5	981	39826948e4d8b03cecb9a65a88dd1d47e3f7a4ffa6575460a593bbaa63ce4206
ENSG00000198393	ENST00000328654.10	1602	63343f2b6112666daf760e2c9e9ba1bbcd404b82f8ad6b4ea39f944fcc457c05
ENSG00000198400	ENST00000524377.7	2391	16063780022e87719ec66a1306f906488bc92e233dcbcd9fc9dc6dceebd3d295
ENSG00000198429	ENST00000429654.7	1701	7b771d9f4330d5cd36f7f246e397a80b6d4fefba64ead7eed3bc24e620ff5aa4
ENSG00000198440	ENST00000333201.13	1710	816a539c750b19e80cf933aa854df9d998f8623a438b9a83fcffeebee3493e75
ENSG00000198453	ENST00000333987.12	1935	02b4b6d5387615fef8c03fbd26bd4718758df4b1793db357c0ea79d6927f2644
ENSG00000198455	ENST00000374888.3	2412	b079de3311b31e4785fc45498def3af0cb7960df5ee60cb6479e2d491a47b9e6
ENSG00000198464	ENST00000595962.6	1608	73e5614c717215d5db1665e539f704c7108cacfe9448da2f7b8e5bc7ec24784d
ENSG00000198466	ENST00000339656.8	1728	560544f492449513b44de419332a35dd976ec1cf7b9e585afe44dd6de4b5c219
ENSG00000198471	ENST00000358241.1	678	a59f65c96631194a424dc9cb9b31782b8becb87e5e6c2529941fd4da3fe04570
ENSG00000198482	ENST00000359798.9	2712	9e5e939c1a403f4a2605deb88e9dec79e2a9a2b5032b27ad783dc2ba09b5f851
ENSG00000198515	ENST00000514170.7	2061	8318eac5ca0f6cd2aedf0b48e0f18709eae270c55e12a078c91874e5043a9d30
ENSG00000198517	ENST00000343242.9	471	0dad6b048b434ea0cc6a86c968b896d4ff3fbc5914990f262658f6695d94856a
ENSG00000198521	ENST00000354959.9	2430	ca231e3e5db6cff49cfaf3be4a25c5863e65b9e3e76209cc4d7bfc926809535f
ENSG00000198538	ENST00000457749.7	2157	8b3da6a641af3dac42a078baccdcb6c80ccb507c479c2ffff09a5c0afcef105a
ENSG00000198546	ENST00000361518.10	759	877b9409570b268c350409e817d1eafb0255320b764e9ba76f8a28798522d804
ENSG00000198551	ENST00000361113.10	1386	2e1950b1175003698f7bd7a7803a42f584acf18adeb1230ca21403946b05b01c
ENSG00000198556	ENST00000331410.10	1278	3a3c1ab5ed51ace9dba81091fe00688190020fbb301d57530bad840795ad6de1
ENSG00000198586	ENST00000431350.7	2301	2380eeaf4cbbc04f7a8a2ed76bf727e3a1ea1c0fb3cf7c88a8b67c77490643c6
ENSG00000198597	ENST00000355537.4	3903	05abfa30cc5e620036ee39789a92c6d5e0e227e787574ecbd87bf59f853923de
ENSG00000198601	ENST00000641836.1	1044	1682f1c1b5ef98b85c6513826e9d35ad83912c09b07f10de066197e3d5e2fbef
ENSG00000198625	ENST00000367182.8	1473	f5b9b2ccac94d2fcc182b4a30c6348a875d302b9b126247368473cc5cae0bf72
ENSG00000198633	ENST00000433050.6	1986	33f9b3258afc152fede44796343cfaf045cea7f78c9251bf729bec1b27db9de2
ENSG00000198648	ENST00000355999.5	1638	bdddfc5ed7191f3c8e76543ff8de3867c754935e2c1a87ee34dc70ea4a08f0bb
ENSG00000198668	ENST00000356978.9	450	116a0eff48587ececd25c100fa015650f3e54301c385e961dcf2ef816662362e
ENSG00000198674	ENST00000307002.3	999	4bb6374248493a00e7c33ab301c4c7b0e9f75b6503a2bc5a662d4a340c8b7398
ENSG00000198678	ENST00000328207.6	936	092a1e5b4f3566c71167f8ceb6ab769b68287eafdb3f0e79986b97c6bd1dfc5b
ENSG00000198690	ENST00000362065.9	3054	c32a3fac32b44f5d2d0f38829a9608ba074294f37d7faf38ad25b0d5732889fa
ENSG00000198740	ENST00000430262.3	1821	aea07d268effa0f90f693fbb9d31f560d912c4037bdb620fa116a24ecdf639d7
ENSG00000198752	ENST00000361246.7	5136	0fc922243c63c8093dbc08dd908ea0fd791720abee9e794dbdbc30d5c9161a28
ENSG00000198783	ENST00000361952.5	1119	0e29c2cc4ec12908ff6424a0f0adece6880e73f19754e4f95518137b769d52b6
ENSG00000198793	ENST00000361445.9	7650	548903fbbe94ca05de69f0d591fbd4d34ec793958e9af379c26e965f3a591863
ENSG00000198795	ENST00000361524.8	3936	774f094781ad9a498b22b2e8f4f97f1f986805689673f3236052c7cef9727ffe
ENSG00000198796	ENST00000361673.4	6513	ff62aaf15ba0dd8da2216ff1be10e5036d627b693de03d4e4889fd37e63f2b66
ENSG00000198814	ENST00000427190.6	1680	1359dac8a53439667e47895b4d648b42a503c71d4d11b6b3f546907b4383405a
ENSG00000198815	ENST00000361346.6	1869	4df69c39c48d72f850af59b8436d1c911f7af180d5f240223a489303e9b20a35
ENSG00000198816	ENST00000597229.2	1707	c33f569fca1c312c6b00b67d7eb505a2a86b1aa40f7b0cb306c50d0406137951
ENSG00000198824	ENST00000361283.4	2439	7f6b534295e42bd517b4a9ec0bff53c5425409e4ebd0b3e880585a6360237b33
ENSG00000198830	ENST00000361427.6	273	f39c3cb1e92f76cd00d4b9f166648001c2c580b0265613870d37a805e13af3e5
ENSG00000198839	ENST00000361822.8	1353	5ea54445ec54752bcc78378c1241344f9aab368c900cc821ca588dbb5f7659e8
ENSG00000198846	ENST00000361421.2	1581	82d4f64c8970ff9505bfc1cb63012cee2a15405647967ff1bb779cb6823967d2
ENSG00000198873	ENST00000392870.3	1773	62317bdf080ee329c88bb332b6d5516522e0c0433f343ee0dbc0b37146a5e623
ENSG00000198909	ENST00000361733.8	1881	8149c08b6ecefafd83d5ad5c66897e003a34d0a6e99ad0aeb41946d0878cfb3f
ENSG00000198911	ENST00000361204.9	3426	73aa45bc1643ccf8646b94e6bc94aec96bf26f40bd0d346139764e56d6cdaa73
ENSG00000198914	ENST00000361360.4	1503	68df9aa0357b30cf0eb48a7902a9f71ea1c5f16ea38d3102652ab696dfc2fb0b
ENSG00000198924	ENST00000361384.7	3123	0ecabd2a91029ccb782280d245d1f83dd54c3b909eb29b00ffc0982f7ac50422
ENSG00000198933	ENST00000578982.6	1848	feb14eed776b67a5d865ca62f04ee128b8b8ce4964a6beab95e7c7f39497f482
ENSG00000198939	ENST00000361362.7	1386	eaa304f74a435786ec3ee006aaa0e05fe7183768e912e67e44ced6673e64925e
ENSG00000198945	ENST00000361794.7	2343	f20eb1d73cf159f2cf9164419a0951672a333cc91f09f2b7ed08169a0fce09c6
ENSG00000198947	ENST00000357033.9	11058	d480943790c86c3e8c775d4c90fcc504f128c5597e4ef8883bdc8a991f02dbfd
ENSG00000198965	ENST00000641067.1	975	b34696be1eb0a02cf462825668a830b4cd4e502e4c3cf86610f0f9fe477f56bc
ENSG00000198967	ENST00000641002.1	942	d4b63ab2062b7349db778dd054e8086102c394f9df189ab1d67723d74fa39843
ENSG00000203326	ENST00000474037.6	1440	80e7121b766458adb13c180190741c582a34d2939394e620f4a4103b53e93ece
ENSG00000203661	ENST00000641363.1	948	a372a25b286405c1afd1117d047d3c8e1585be16d4e8cb53f008202c77359229
ENSG00000203663	ENST00000641771.1	939	b97fbd3184d37a95d76f3c9703115be6351b5b7ff8c437aad197fea919ff111a
ENSG00000203737	ENST00000367685.5	1086	560643549418da526e83189d5294476a72b191c6861f1e445b2cb57a5c838cd6
ENSG00000203747	ENST00000443193.6	765	c47f485a9e114446ca5409abaa46b616fed20f098b1374a8d4c8930cbf07632e
ENSG00000203757	ENST00000368145.2	948	9e07f45f4b607ab9a36af949a91733b7c048f63b0b02efe6f123b5bae03fc458
ENSG00000203867	ENST00000369519.4	3684	460ac873305c4d44f11f1d5d5d473711d3fb3291241f622ebf99bff986ca81fa
ENSG00000203883	ENST00000340356.9	1155	1c2e9ebea0b4919abc774f58cc2fb65e942a0f74b55f16137d3342dc70b02cd7
ENSG00000203989	ENST00000371402.5	867	ab61cb4cf35c337a067b1d7277ae4b0737262b9a198fc95fbe32cb343dbb6b02
ENSG00000204060	ENST00000641094.2	1479	b8e45d07d07695506173936a1d81654073642fc9c3067b27d3f0f370cfb74b20
ENSG00000204103	ENST00000373313.3	972	e456f4a8c7d2e5ed1f0fd17f6b1586ec01250c8a1d94db4c9f1966c99578c0d9
ENSG00000204130	ENST00000602465.6	1821	8f49f4a613b783d22eb0c7ff9c3059bba37ec6ade26ec86048ab3e40b9b1b120
ENSG00000204160	ENST00000374142.9	1167	fd527d36ad40a3946061488264bd58362eab4374c8d9272b5c01c09b71a9bee2
ENSG00000204186	ENST00000374423.9	7065	9ba4697317cdd7463fb8ebc6dc5f9d75852ce565685f54bc50d82fd1ef899187
ENSG00000204217	ENST00000374580.10	3117	bbc1376dadc6d2845752fd5dab115c4cccd7f9cea9f78f0a53bab38fe67daa9f
ENSG00000204246	ENST00000641090.1	954	388c2ccfc3f032feacd214727fb02209968851cc79c5832c40c6374afa6c34ce
ENSG00000204304	ENST00000375050.6	1293	aacaf53182a7229a962141648136bf5e45e08fd14326601840e99667b1c66236
ENSG00000204335	ENST00000375281.4	1197	458b113bd9d914f05ec02bd558eef1aa88ea4343e17aeb5e9b82d00ad81ff5bb
ENSG00000204366	ENST00000375527.3	1380	a7d5070cc8307ffcc5cdb14e2b1803937095dbba8f411d2adde516e26774b709
ENSG00000204381	ENST00000375614.7	1125	60372817c724e3ad44624e17e0f5bdc2cf0eb6173e4228c78df2229e9f0d0608
ENSG00000204514	ENST00000435989.7	2568	ec259f7aad51338f40683ec85122178ee5613b1106e8f4c6f0d8fa0608d9f3da
ENSG00000204519	ENST00000282296.10	2013	f21e21e0633b121b1537d3c184fe532628a36cb609f3c9945158005f3755ef60
ENSG00000204524	ENST00000414468.3	1884	2026d9b5fd425af590a50d0a9491a0ab4d61e734e973f73313ef3f918ae983fb
ENSG00000204531	ENST00000259915.13	1083	77b7ff1b40d42bb296ec269851f37f5eeef74b130bfa376fe014bfeb7a04e708
ENSG00000204532	ENST00000534327.7	1491	5d0e82abf14514f476700a5d7a5d9da6b1681f9ad9f0f94731c19d895292e9de
ENSG00000204569	ENST00000376511.7	2823	8f9c6d020f42b83814fa55889b5c61c32524e0671fda8761bca1b9ff8c28446b
ENSG00000204576	ENST00000376560.8	567	048408c16f72c2c95fa2a69492c093bbf2b0d2d9c9188477fb7509fde00f1b99
ENSG00000204577	ENST00000445347.2	1896	4e15757b12dd55c99fca24892d8da868b675b0db15cd0f26b98405fd4fcd6274
ENSG00000204580	ENST00000376568.8	2742	8f421748fda78de19d476b72b5d3ddc93998553886d7943f6a67db0fa500dbf6
ENSG00000204595	ENST00000376650.2	576	db2fef73a1d4068a843c5b253a60fe34d5ffed539d5021a924061a8f0765cb03
ENSG00000204604	ENST00000595646.6	1569	c5867373832325c2e47ee5cae8b01b69284ba01a5ddca6715f90cef8bc330302
ENSG00000204611	ENST00000600228.6	2346	7cae3285de1d7c69280484ba3a5894a7e5d24c581491374eeac84d2c31d4635b
ENSG00000204612	ENST00000376708.1	1299	4f1432c7a8e67e7c89eefe3e9e4f915a69db6871bafe1278f90fcd4785e4e88c
ENSG00000204644	ENST00000376883.2	1611	995f0c83540dfe8e29512d20e2f533d87ba18f8954442f5396596f81b1883f1d
ENSG00000204657	ENST00000641840.1	939	8ffa27de0e3b706d0406fff5f8d43c29c02b88f6870afcd0a2263c242fabd0a3
ENSG00000204687	ENST00000377127.4	1137	291948ef6c1fc4bab9ee5a42b3917a6f5041339f7df8077ef4f71d27cf714871
ENSG00000204688	ENST00000377133.6	951	e2b5940f49183597efecc722d21ae40442491f9647e8dbbd44d3f68cf2a09a67
ENSG00000204694	ENST00000377149.5	948	14f66fdd2adce26dd276b7e3dc52738c7f20df37a7e8ac10ac2339730b4797d6
ENSG00000204695	ENST00000641895.1	966	bd6ccfc493f5ffb2885652c08ed16de80932910e95e695b04600fc0473b8932f
ENSG00000204700	ENST00000641417.1	939	2e2b1db67c2dc998ccf72ac79aafe502463389662b8c3906dda1e04779688a16
ENSG00000204701	ENST00000641151.2	936	c668e50fdf5b61eab29746d34fa44665b176771993c1473bbf16dd47f6e359e6
ENSG00000204702	ENST00000641659.2	939	07dfba327ad50e4ac85f1892f8925f1084eb27b3c4fe67beb97e2b603014194f
ENSG00000204703	ENST00000377173.4	942	98fa98abdf0170737fbf62afdb85dcfa5716d9c59011870f80a69780de68690b
ENSG00000204704	ENST00000377175.2	963	cece920323dc1299c6dbfc40f16b3fef04762903af455c37efaf022083018171
ENSG00000204779	ENST00000377420.1	1251	8d3d4be7e5cee8a2ed4689230b06c31d57363a3a3f0760d75660708ed91f0106
ENSG00000204859	ENST00000377674.9	2067	f851d4699003657577ab8801d04e6fffac09d245465c66b7df2e1b16b8305b63
ENSG00000204882	ENST00000377741.4	1077	61aa3dd05756429e6223321992bae14183d723ddb8883c652916452c4d0bdd71
ENSG00000204920	ENST00000270014.7	1617	66f7bb48f9b8e9cbd2ae0c30e2a30c672bd91ccf0908d3518175e5394eb1f96f
ENSG00000204946	ENST00000434415.6	1641	79e1430ad392a20f0b285a475af0021627319782de899767b331d20b679998ff
ENSG00000204947	ENST00000378061.7	2259	7fba223edf89668a77381ae70328b5a1bf06926feff457bec2272ce3af8f2eee
ENSG00000205029	ENST00000378396.1	987	6283d92e7e2b9bbe73ffb281ee120b4918e7079928ef67c1bc204fccbc9a3daf
ENSG00000205030	ENST00000378397.1	936	14b7ae8d737dae87775a6f34f5dec5dd059b94066e35c75ccb3aed86262e6144
ENSG00000205111	ENST00000451199.7	1029	8991c2c7008704fede756f80d6ad793726b63baaba13fecd5ca65b5839b112b6
ENSG00000205189	ENST00000455036.8	2616	1cdba40ecb8a145d17f098da1169ce5ef45d14aa559995935d88eecb07056d61
ENSG00000205213	ENST00000379214.9	2856	26aa3411e5ffe9b45a5a05368951e57ea88cf7d2b0003249643e9217b453e83b
ENSG00000205250	ENST00000379378.8	1242	c4095de4bbcedb1f28c872130fd042716b3b419cad0baf6808388638f641805e
ENSG00000205327	ENST00000548615.1	939	2b93956c66fc72082f6699b2361dd787c052dfac57225a59de206dd4d1f46491
ENSG00000205328	ENST00000379665.3	939	8b6179268c4ae278270fe7c84059cbd7d111f2627618a8a5952caf3dd1965843
ENSG00000205329	ENST00000641740.2	936	72964341fa48dd5af6b09b4b4eadb3b25e03647e53b4d6cca6ec9dc3b38f031c
ENSG00000205330	ENST00000642104.1	939	26e06d21102374ae3ffd24f1d89659658118cd34ba2d8528c459e38d5c37884e
ENSG00000205336	ENST00000562631.7	2064	cb3fa8fe61d698613e0b543d8ca2409606f3655419a9c8c24c214a25da696bff
ENSG00000205409	ENST00000329322.5	942	963d4d0ed36d6469719285ba84843fe843a0cc98f6334a15e3f17b0e1c35266b
ENSG00000205495	ENST00000380370.1	936	a1ede784f6da576cbb8d9b424a62c899c4f1ae8923ed48a6c8ee4330aa5b7bcd
ENSG00000205496	ENST00000380371.1	942	632e87ea84526d8bdd6e84b2452ff1226a281baca3b0e5d45f94e4204f280c0b
ENSG00000205497	ENST00000641898.1	942	e7d6312a82fcd3799ac719ceb5475a571f2894c8acba09bb0716907038f64001
ENSG00000205581	ENST00000380749.10	303	5a133cd2985637c4a71089a1f58c3e0f3a1783778742546b0bc16e3adab31fcb
ENSG00000205683	ENST00000556509.6	1137	18f0cd722883ef1f59ad03954f4c72c3df91f542d7a11777a779dd7b4f948d12
ENSG00000205809	ENST00000381902.7	696	47b747f5b8f0c1aeb1365c8fef1e9bdaea065f3b4d0bf04b2663bdfb7aab9f2f
ENSG00000205810	ENST00000396439.7	723	be7ee0021f938682bbcd67ebbe3dae0105d89693a649fa56eb21d7652ade9a5d
ENSG00000205846	ENST00000382073.4	630	38834070dfa9d486f930018f1d1f4425a4ef25cb7cdf024d735a4c96477db41b
ENSG00000205899	ENST00000391429.2	708	adf8acda3c4121de87e8645875ae83525cac52e4e2a9efa35e8b5b80f1c68699
ENSG00000205903	ENST00000382252.6	3015	19e4dac4617ff7f304cf49f16402076f0204ac33368b90bfb16ae200feb8b9db
ENSG00000205922	ENST00000382349.5	1485	a2b269b7366584dc7f698023663c1938a6b155bef741dff75416d3328301e369
ENSG00000205927	ENST00000382357.4	972	0c9e0f132d0ba9f40824e3419f9f3beb905936d0254f655974f2e34011c944b6
ENSG00000206077	ENST00000508859.8	1116	f772b27c4902f50345a31f5c43657392493e95698d5ac40d1e34def602706ec5
ENSG00000206203	ENST00000399635.4	1077	dc6650ea0d5c31241c902d2ce0d284b9a92802a326020743d1e4ebfbd813d6c4
ENSG00000206474	ENST00000444197.3	939	fdc2c8b6f23cd6919e108ed3d2024508e604e7639094690c41a7394c2044799d
ENSG00000206536	ENST00000383695.1	966	1f3bef07b1adc519938aeab113245696b0f390798d9b9fbbe8344109a8aaf09f
ENSG00000206559	ENST00000383768.7	1071	f212bff80d3ada049b95fde3340c8367376f363f3ea46bd11626d18e09342f5e
ENSG00000211455	ENST00000389032.8	1395	9312b5ba8e00f4b71871c4572cae1a712a4087b6fb235e9a4bc8f895b2e16ed7
ENSG00000212122	ENST00000390666.4	1104	eb0cbd7c48e2694c38debf590b6caf6806845b95e74be9eebdbf238829cffd5b
ENSG00000212807	ENST00000641810.1	933	f0fab491c50c6178a30b682412dd56a7fcf61481e2de948f5df5032cfed9cf35
ENSG00000212993	ENST00000696633.1	1080	4471b077532ce2fcbea84b1635a156f58b28f85e91e4f78c29238cc24fd483d5
ENSG00000213015	ENST00000325333.10	519	d2ba189b722ea4da7a6c2b1dd9a243fd16a6b7e0bfe8213ba242ef1a44b54fce
ENSG00000213020	ENST00000652185.1	2118	c26c4dc63a4d14fd67506505bf5cb6d9765335073a6a2c7d27fbe3fa9d9d8766
ENSG00000213088	ENST00000368122.4	1011	f361f65f86c5b4ff43d84b9ecfde1726fddec7ae7cdec6c3cafc79b2262cad36
ENSG00000213096	ENST00000357002.5	1980	0d58c4cf5a246bd1f15097c709f16694d73c060f65c20362efb025360dc27998
ENSG00000213199	ENST00000349064.10	1596	39097c3aeeb70620a795ec3746d289b57168383224dc3ebae642ecac2573d8ac
ENSG00000213215	ENST00000641412.1	954	40d13e4f11dd2fee2a2bf4b703c51fcc9443d864a30a796d7c1d0046d897a508
ENSG00000213221	ENST00000371738.4	537	42fdf0f58b70717a1059ae67463c5add07b1d23e79a90fb7665ff0b09fa4aefd
ENSG00000213341	ENST00000370397.8	2238	a4dcffc8ba92b2f36eac2f22a80dc7f20263a3f5509f46871a60c92f4544308e
ENSG00000213347	ENST00000439742.7	621	885f6fe9bf14c8da607b1191525075eda19834a63348a01a586bcfe830396bf5
ENSG00000213439	ENST00000429239.1	925	1665201335dfe7ce3352de4e9af7f0a7569dae64284fd0a9491bed7367177371
ENSG00000213585	ENST00000265333.8	852	78e273ac3517754bf1840516cdf78bfc762f6307f84e485dcf924eda950ed137
ENSG00000213588	ENST00000395064.3	1422	11bdc40bd9d3f8c68d757207de585ca335e1605d217f7611b20f64b1a24e5f9d
ENSG00000213719	ENST00000375784.8	726	1df4531395c65f4ca5df4c7188cfd69f092ed6d8ab65cf352cc1b230a66aecbb
ENSG00000213762	ENST00000396161.10	1284	da12a0053e4fa53423aac1db8d0e2dcc1c6962c46b6cd2f4e24ebf6476d4cb58
ENSG00000213780	ENST00000259895.9	1389	ba490d82b7b21da63709b36e3328c22a1270f5a08b88d227f1881ddbcbf84ae5
ENSG00000213793	ENST00000638862.2	2157	c4fc0858f6e73f99f37f3fd26ee4b454b0d9f2d052e4818efac30b0f3e3db995
ENSG00000213799	ENST00000458035.3	2913	722fd40a0132873de2acb171218935cfc4c6d1510604315e1ee92fd2175da563
ENSG00000213809	ENST00000240618.11	651	27b3ecc39d573355b08d9c48e84ed717a6808b1dac659cdd467b14eb8e0eafc6
ENSG00000213921	ENST00000638280.2	597	fbc5c5de8b0abfe9c6b2fc870da47ec7064eb33279e701acee4bc9d88a0f3813
ENSG00000213923	ENST00000396832.6	1251	e62fb19c4d4cbccfe80fd1bcca47dcb53f14b6a159832b8bd1e9f7b102ea2706
ENSG00000213967	ENST00000594466.6	1851	f85449714e3818f52fad7dfb8b9291c0c3accbc01aec2ea9657873f9e5fa6e81
ENSG00000213973	ENST00000596209.4	2595	069efd6d70e534e9ecf52447ba3aa04c7ecf3b51c1943f99d1095b858930d691
ENSG00000213988	ENST00000418063.3	1806	2e0b1b37826516326ed2be31c9b9966447c12ad4d3957efd544376df78d7da2b
ENSG00000214022	ENST00000489432.7	1875	fb2cb52de0d29399651cfafb62b81fb8f9d7c6f0d6e5b8bcbc827f4163e2f8d9
ENSG00000214029	ENST00000537226.3	1635	ee887273b1372faa56c7669ef17d20b1a4a057f1a002efb596605d4ad44bab3f
ENSG00000214336	ENST00000428390.3	1263	7f42bc707d9654d920912d37a24f1c9159f87d4124390c49f5105742cd1bbe60
ENSG00000214513	ENST00000398468.4	756	b67fa7a8a6926fc681bf83c60844943996260ae847f96171800723bd80c381a7
ENSG00000214652	ENST00000456806.3	1500	f95a90b056566a4f061fffa5df39fca60afdeb7c902ac7dddb400d649dd3dee1
ENSG00000214655	ENST00000604729.6	5505	2b2f51e7e07e80a5671ffedc722cafd75a646946a92f62a65e900916f2f893ad
ENSG00000214717	ENST00000652001.1	2085	ca7ad870be290b6aa71be8061cfce43d3d67b22cddc94d06c797e26b90504617
ENSG00000214941	ENST00000399277.6	423	752771a0a5a403dd173a7d2b5a09b18ebf1d265975fe373a940c1f499a8706f5
ENSG00000214943	ENST00000399285.5	1002	3171d1be08f371b23872bdb4ca543db524f59eb542c372b5e484f87d4b439d25
ENSG00000215174	ENST00000434992.1	138	4fa4ac61235dc9192a14c7f210a34f60d30b6eafc823880ad277ffaf6ac42a8d
ENSG00000215262	ENST00000399881.8	3450	76d23c95115a860f4d088db167dab1aafb12654b41bbdf3a76afd29c1b0ad1b6
ENSG00000215343	ENST00000400085.8	903	9b43428b0324158b7da5fdd338d029f73074eebef8f375b7833ef0a3bb273aff
ENSG00000215356	ENST00000400120.3	903	792aaebd35e25cf5933c2f4d125f1f4cf32894f38f74946534d1b86e8f819446
ENSG00000215372	ENST00000400156.4	903	86daccfa14c066e7f3201b642dff785b3ccf54281279a141ed5cb62f210e802d
ENSG00000215397	ENST00000246104.7	924	8dcf6d24ca9e120a0871e47ecd26777b9dae4e6188ab4f299e8f78575e8c870a
ENSG00000215421	ENST00000299687.10	6747	5e561b1a6980134c72696cfa3e9e0b5168b66a95cab3b772d4acc9f31b9f0016
ENSG00000215612	ENST00000400677.5	1047	1c2eaf2638fec9f882e0baa00917aa09ba3a207d650591d4c1da67efacca918f
ENSG00000215817	ENST00000651890.2	2418	6ff5392ad303b0f94f1957784800ee3abf86cb8861fc37e7de7e62a9c6f470d5
ENSG00000217236	ENST00000394967.3	1455	87372b23a967dc94aa4fb44c4073a27663d050b05522af564a06411693983bcf
ENSG00000218891	ENST00000325421.7	1689	6232b10fb5e706c4c983715546590fb5b175c5c207286f35ec16e93d8806049e
ENSG00000220201	ENST00000707000.1	822	e8b5a5cccd49a200b60833185b4740d41e8a04efe3dc1a8274b5da139d798592
ENSG00000221813	ENST00000641698.1	936	d63afe07e90c88c00a2ca91db63c683be0a9f412be40f58ece52c6f410e55408
ENSG00000221818	ENST00000520164.6	1728	015e6d875746a0efc5ad24a86dc002c46b5b2b8927a76bdc33569c4f16c85aa3
ENSG00000221836	ENST00000641693.1	936	af1f7ed7ea63c3322e7fef3f9881e71e528c3583147a56680ca5175743622eaf
ENSG00000221840	ENST00000319760.8	948	290c31d3807bf647485ace7450f8e2780c54a1b3640ef73c7f505bf7d71f55be
ENSG00000221858	ENST00000641592.1	933	8468d27a574b9e3ef6c8817ecb100dccb5ad36bb2c75bcd9d9f83d1ce3ad5d87
ENSG00000221882	ENST00000573901.3	948	df4a24ab8edd9e16588daec4fc4de5d701e8729fc2a644456ba9bbfec0298fc1
ENSG00000221888	ENST00000641256.1	945	da390be0705d9ea9a0c3a339eda28b21834a55507c11eaf194049012ede2f046
ENSG00000221910	ENST00000408955.3	954	e393dd46f5635ecd0317f640503c6bfc845eb92cdd2fb64547c2d3291f7f88b4
ENSG00000221923	ENST00000422689.3	1734	017a6ce231d83db23861cff0448b90622de5346a88f72cada4eacf5787e8e3c0
ENSG00000221931	ENST00000327930.3	939	483b6e43aa5e70728daa12dce6fdfa7067be09ca81d42d5e041718e0568be93f
ENSG00000221933	ENST00000641663.1	933	1aad34e641d412b7d5b0d578daeaa68cbc957c1aef44098a0609c0dc0aa89264
ENSG00000221938	ENST00000641068.1	933	a98d12fd2895b484144dd2c71879fac152913e1a6f65e2672155a1b82eb6f5fb
ENSG00000221954	ENST00000335238.4	930	d2f1b5231404b8b746896d1d17d23aa9fbf6fbc4cc4446d218c47bd6d7353eba
ENSG00000221957	ENST00000339924.12	893	9ae84533ffac769fc41b65973cc59f1e2af2aa044d7f04412dc3c0f09baae631
ENSG00000221970	ENST00000641044.2	933	46f385545f55f2d625396d742bdf1ce703c56077eeb0a82994b266b7cfdbfe13
ENSG00000221977	ENST00000641524.1	942	9df6550ff550b36dc0d71c19b879293224197dba13866c66a817041ed0f9fdcf
ENSG00000221989	ENST00000408979.3	957	7538b23c84615e18c48012d8e2db27d7eaceb5830a15c5fae5e9f07f4befe2cd
ENSG00000221994	ENST00000276054.9	1974	8f76fc0b6844dd89abfa73561d083a230edcfd773616ac3ea1e8827a6bafbb61
ENSG00000221996	ENST00000624801.3	945	53fcdd3088fe3ac9952b6fb53d8abd45a6d201f5c05118474b36aa2068594fc1
ENSG00000223547	ENST00000439326.8	2001	ddb4238fe77b19c2c5c671efa75b357f636faa063ae4d307469f55aa28cb55b3
ENSG00000223572	ENST00000413453.7	1254	8f12f9a05225b01decab34b87aec50b2fd86c2046a49938315eff3606288b2d9
ENSG00000223614	ENST00000429565.5	1239	9a54c122db7c8b7ef692c9501cb8cf3ec221e8110b86a39e0d8f16f1cdedc8e4
ENSG00000225614	ENST00000565624.3	11862	a4fa9512554187450c5a35a2291990885807dd802fdcdaa04805cba85227b100
ENSG00000225781	ENST00000418316.2	942	2f25ca0223dd96797f1a0103eaad7597e08c6b36c17073d969117c358a429b06
ENSG00000225997	ENST00000418689.1	945	520b5959fe2774c56c0ccc7eb53981f21fe709cb7bbb5173069830dc1988cff8
ENSG00000226288	ENST00000641896.1	975	e3ae727e032a061a4ef0a329d754efc801a76dd43c64f752939fe09473bdbbf7
ENSG00000227124	ENST00000652011.2	2745	17f7ccf9e62ebeceb86ea9698c2f3b585a8b71b038d2ed9069922688b8b4a3b2
ENSG00000227152	ENST00000641557.1	952	2f9a58b736ada626bd536d3d6b532afc0ecdf62048182fdad1967ad6dede95fe
ENSG00000228198	ENST00000641626.1	939	ee02cb0c22d74aa0083dac3e722762219f7eaa0a7cea8fc15d1004ada53a62e5
ENSG00000228623	ENST00000639662.2	1140	af19176e5ee2e30fd2616f4887570416784e5e6558f6a4d323158a47c27992e6
ENSG00000229544	ENST00000451024.5	933	0c0c05179648206c0880ece8f92b4294f13e158efed56f4d94927fde9c496883
ENSG00000229676	ENST00000456783.3	1596	77567a888307c14f0a266eb2686ff7ad6bbfb4532d4871e5724c3b0bf2e22c55
ENSG00000229809	ENST00000223459.11	831	d8d535705c9cea707852dc912d5d36d83a662a449d72545eaa24c0296df249e3
ENSG00000230178	ENST00000456475.1	939	de3fa2f616d6514eb8be464795191abbd1a65c76849efb3aa9dc15c94d8db8ea
ENSG00000230301	ENST00000615035.3	930	11d14a2d69c5546d11f8d3210f1aa73268ce5173b297f31122dff3226259d1bf
ENSG00000230797	ENST00000429584.3	1119	3ba0c3fec97ee2a0edd6dc9344e45d69613782469d0cbb4a464c2ee1bf72bd52
ENSG00000231192	ENST00000641874.1	942	2bb73fe7b88b29b048db0df002d5c3cea5dc07f7d6d319cc0e184a6c72b37af3
ENSG00000231861	ENST00000427338.3	951	bcb81d2dbbf6e2bb510285323e8bf85f0676ecfe589db25e164c9b301ed4c640
ENSG00000232125	ENST00000452335.2	1737	ce82f2cff999080883878b4786e514206d50716b975a069f63c4469053063583
ENSG00000232237	ENST00000449188.3	621	ac48a9bcfe66a7dd82168fb97828ef50641ff2e34f0503a7100dc672501725f4
ENSG00000232268	ENST00000530443.4	975	977162dbf38502bc84e0a07642a2fa2bb1ef6c3b5f02d2da8a5a33968e2e4ddc
ENSG00000232382	ENST00000642057.1	927	2d8aeb155f47d85f6d1cff1d1be2a7ba7c8b74f42b5f7641e728e9cc8f2d06e6
ENSG00000233412	ENST00000641450.1	942	f1b31cc0cc190a74c1309c9b44cc9be49e126333d36e47a8308366714d5dddac
ENSG00000233608	ENST00000612363.2	483	a994518f57e7ef21d59b186f242f7f3c7cd1f1c1ce1b82256719926a099b0fb8
ENSG00000234284	ENST00000444149.7	1692	5832299c97da143ef8073c77130059e3c39da2fa3f91369bed9f6603761e973f
ENSG00000234444	ENST00000423484.3	1284	a8859b83bbd6984b7d580668b45b28114309a7cdf9ccd1a3d36031e15c4748c5
ENSG00000234560	ENST00000641224.2	936	3eb9835df545bd9e7069ec69efe75d046a39ab31d49e6eb74b1e994fe7e0efa0
ENSG00000235109	ENST00000344279.11	1221	ee8ba336fe07c5005aeee9e5a9d8344ee205601e6fecd997824dace270f0fede
ENSG00000235608	ENST00000422806.2	1347	f4b4bd0bd27e9cc941a1c22da160ffa49744858c000112321cf48c1e20b7fd47
ENSG00000236032	ENST00000641380.1	933	7f2f06af512a71fc9c24f7bf9bacf48e697b0ec8a9b85008cd89964b81f0f992
ENSG00000236104	ENST00000431845.3	1905	2c28faf494c78294436707d7fcc83e88a8d2ed939cbe1976f9e21d1c88b0469c
ENSG00000236279	ENST00000422142.7	645	7853608b11c88378052234292c18dc390b88b42cb4234c9fc3c5f3151e2a1668
ENSG00000236287	ENST00000413761.7	2082	ba0dedda9793646315461d5b9e1bd3d9b3cef5a362bd9789a56d03f2f32df177
ENSG00000236609	ENST00000457543.4	1980	65f8d679279cb274e39dd94c7770df4b2b91c33e764dd19db4b13b715a491e30
ENSG00000236981	ENST00000375024.1	936	b578b01f109dd14c59aadc587fbc1b390021f2911fb001ba6a03173534cdf2f5
ENSG00000237289	ENST00000441322.6	1254	fb351f0ecd0046d804a212b2b63eddc56aad1600ba385fb451c44072d322bf2f
ENSG00000237388	ENST00000446524.2	930	9490d6960068cca27781ee2689b322ec48ddbf7549f65e521e5b78b2b6afe98a
ENSG00000237440	ENST00000427401.9	1611	c4a33c778faab096bdee01381431e55428cdef5248af23339e3e6af37426c85d
ENSG00000237521	ENST00000456448.3	1020	fc94663008b1c61e3851fd62cc4b49add792c6755a7c6a5d0b40deea1c622fe9
ENSG00000237988	ENST00000641137.2	948	df964d981fa586299c3741b47a9497ad28b4f47f172be7f12f1ffbe88180a194
ENSG00000238243	ENST00000360358.3	945	8c090c430ae12636bc3c389480bf2dd21d8c2fd63a6b40fb7351947e0d1ef18c
ENSG00000239590	ENST00000340750.1	942	f9a17395351ddb73942d805d0b8a6bb2b5bff56a083d411d644c643ed02ca34d
ENSG00000239732	ENST00000360658.3	3099	151941a9bcc183dc19543e2271e3943860eddbd72042cd9846fe8fd7c8e522df
ENSG00000239961	ENST00000291759.5	1500	7a946f664efb526ee61a4c680113b087324e5bb381dda87191a69a4f45accbc6
ENSG00000239998	ENST00000391738.8	1452	6310ad1b39897b69edb5b21deaa431287f019ab2eb9b191dfae59996f796092b
ENSG00000240403	ENST00000326321.7	1368	f351448d748b664b4ffc75339fb4294c5d35e67e7e2969a4f62b2aa3a82f9b10
ENSG00000241128	ENST00000366485.2	945	bf51c1c11c4e3720375157f29817d465b8a0a37e0e563b0551f1589503a3664a
ENSG00000241399	ENST00000259053.6	699	5c0f1a55fd86d8270fca1d33c005695f6c49eda4aa2b39d01a6f7bb3ad49a8b1
ENSG00000241973	ENST00000255882.11	6309	59c13ad7863a0da35803bdd3889acd92552e6d48f661e607fa444ae61f1cae99
ENSG00000242019	ENST00000291860.2	1233	4a8950fff69148d11cd35cf795394287c410037900a14e9e0f388235df5308fd
ENSG00000242441	ENST00000403751.8	1437	38b35ef4878dc64a7ba0e69fd9c6fbf885251700ec687f0a922c8601e135ab35
ENSG00000242852	ENST00000397732.8	1926	e4106e1f800f1736200f1b5e450a29b90e2203cdebbb2a17142dc5acad058d76
ENSG00000243641	ENST00000424348.1	959	1c13056198e245e6abeb21bbe636ff6538bcfda3f11c61ff6832a161c577851a
ENSG00000243660	ENST00000437590.4	624	1e8827fdb96fa0f9aa9ee723a0e8831a30ba0af9d2ef1fa5afe33c960e8722e6
ENSG00000243729	ENST00000641768.1	966	b07bd05cdbf1771e156b39843742758801cf7e7dc162e45005648ed4b86e8b96
ENSG00000243772	ENST00000342376.4	1026	cac1f7dfb7ffd7a0cb30749daffef6b727e8c5c420e0bfb7e541ed3eabce2ac9
ENSG00000243896	ENST00000641841.1	933	263f799453ed83a256a7e908e7bdc7bfb0c09b9044a9502922cc037b4c1261f4
ENSG00000243943	ENST00000355467.6	1704	3f7494dba642c085371613af67fab65031b4bda1fa99c9e396f39925a3756439
ENSG00000244405	ENST00000306376.10	1533	3ef2fc38fc85b62503890abce18ea697364978c087483f2e30a4913d0832f0f2
ENSG00000244482	ENST00000396365.7	1446	f8151245015fd22e06600f37bbf7b6587770a0cf42f275ced1cc48341de66b37
ENSG00000244623	ENST00000316368.3	972	911455341f921c5b0519cbf17ad50b9807acb0086a511ad859fb7a01fda2eb75
ENSG00000244682	ENST00000466542.6	972	c5ac2a906e3a452c30d2b86c4b4db142fa37078f179ace4261d4e0e06b010305
ENSG00000245680	ENST00000532828.7	2310	a90791dc365515711b85b8f10c1215f963c9d056b0ef04fd203aee04c494a1df
ENSG00000247315	ENST00000500893.4	1212	9453da9cd06ea051823cb8fffdb207349a150efbd521daa4864da690ea20096e
ENSG00000248333	ENST00000341832.11	2349	3caf08473fb594eecfb82c8878c34e68c02f2121e06992af98bdb44e160fbc17
ENSG00000248483	ENST00000606183.4	987	5a7425aa90a5466d2afdd2d87a626acb9bd945467f498d157ce3a5ef82cc1872
ENSG00000249437	ENST00000517649.6	4212	d9005daf179c1f34deb769173f5ff93ca0a19182230e378f3301ab33cb1239cf
ENSG00000249471	ENST00000336614.9	1635	3af5f20055d5a5647a3e570733138f83f92e065842ef6c94a57f56c181dd22d0
ENSG00000249709	ENST00000339282.12	1662	9fd31499d03100bdb4dc0d9a0ec897d401f952e01ff6b97bfb44ba781bebbad5
ENSG00000249730	ENST00000504970.1	935	b3e7b05e990caade5d2dc58ebba81818dc12538703e0a8c806cb1df97ecd20b1
ENSG00000250312	ENST00000510175.6	1437	21fe1b1dfa3272faeff8a91d78372f0ba9fe6fb2539db2ae83a105b2ebdf7c11
ENSG00000250506	ENST00000448471.3	918	959ad7ce8c5cf7129d567795b89e8f41a76c22c0dc870f9e8fec337e5d18a81c
ENSG00000250510	ENST00000311268.8	1767	b19a1600cf2c0b168b08a36c6199f2605deee9685787b4c4d0548eee9fbe0841
ENSG00000250571	ENST00000340042.2	1131	204baeba1bfabaf1964bcbee9976b32921e01c5c4d56de17b7cffc527682f8c8
ENSG00000250803	ENST00000509403.7	327	0edfd1ee6719e57c9d4dbd53ff10ac8cd37833be553b3ed17ff2dad614737c8b
ENSG00000251192	ENST00000683375.1	1731	c28c97e0b8d6c0e4cb4213098f990ce2e1b2342fe0b054150efb3de12a278fe7
ENSG00000251247	ENST00000420450.6	1467	b564b2a426f74af7a7bd116af0cc70275232d5a66c8846682f223747519d621b
ENSG00000251369	ENST00000699333.1	1269	157e3b1d2c8903f50882c3a5fc4c9170678293a05ca25325add7e272d7ae7f82
ENSG00000251493	ENST00000615637.3	1398	907206dfbe6edcc11a9905497bfbdde0d42e7b28252125abe98dbe336e2c1823
ENSG00000251608	ENST00000514827.2	947	67c20c04aa8eb778a8ef48765b94a53d61079eabcdacbe485d3d724882834a39
ENSG00000253293	ENST00000283921.5	1233	b010923812321ee2cd729dba935b9cfde0d2d2f5d726ed8f98d2895781586ef9
ENSG00000253729	ENST00000314191.7	12387	f63916294209e3356daaf2f92ddf511f49a08c703d23bc0897c4c0a932e83a96
ENSG00000253831	ENST00000454449.3	1086	01cd4c59c8c7080fd0391809b0b8d1ddc07b3cc0430fceda9f92d24d6000df19
ENSG00000254004	ENST00000523638.6	1239	02fa3c34b947feb925aadf7e16f53b20497aa399439d0674812240459ae5f5df
ENSG00000254087	ENST00000519728.6	1539	8ccc5626279afff23529b0d4ecd0c80641f4056e14fb6cba642b4787854987e3
ENSG00000254466	ENST00000530162.2	936	acce2dea81da50d6df7a7050b77c2bf16b34805c0d2909d2199337171168d918
ENSG00000254658	ENST00000641465.1	948	bdd1c3b17e31191ba309e5fc3410210647aa10a9a7621ea3d57ac5dbb73e22c2
ENSG00000254737	ENST00000641722.1	936	0ff959765cf96b662ddc3eb05166c4aea34b0899155f75c304afb07283ddd5a8
ENSG00000254834	ENST00000526538.2	948	8fab1e6dc5ed1c3a488d30e6d2bce973c68ec57d076391adfd9fff0cf3772aab
ENSG00000255012	ENST00000641076.1	948	f22ca3c23ccbd2c29dbe326a65e6ec9d087bdae62a2f9320a8d6acfebe2c50bb
ENSG00000255192	ENST00000528386.4	918	058df7fd550829a85851f2391c7607a2f0566927e9686c11dcca228873aaaa84
ENSG00000255223	ENST00000528616.5	918	9ccabe80d8012a2967e2f4563cc2b01bc26553a15315b2e492b4700cd062b864
ENSG00000255298	ENST00000641992.2	936	f8a304c02aef2a5266d8db990bd134ab27ff6e58dfed1a8712616c25035199aa
ENSG00000255307	ENST00000530810.2	972	46d8f9793cad1cea958933fbf0da96b2cdf9655c2f2b4fa1d9e5b6f10e09072b
ENSG00000255582	ENST00000542433.1	933	65d8e7337aba0b229dd526305ea773cfbf8647820e60bb9fb0f5bba5a7ed3fed
ENSG00000255713	ENST00000545221.2	924	8ce1de1846b8824543ec10f110ce04ed3a9a8358f190a32fae4185c555109cf7
ENSG00000255804	ENST00000540461.2	1044	f866c1b6c8d87b94e4686c6c7b46c6da75ca784566d828f01f982e0d1c925433
ENSG00000256087	ENST00000221315.10	1959	1c5fa1678ae0217f77376ebffe71929c81cccc2536051dce1c8ebe4c99aaa2bc
ENSG00000256223	ENST00000248211.11	1722	ed1e52add68ce3f4145a8a7c0762904c8e782d4b42cbd7cc0b6ebf88cea78f0c
ENSG00000256229	ENST00000335117.9	1392	405c3ae53636e5bf4b079ef03ef4f74c8e8f6fd8f48b5637bc21f79138b49070
ENSG00000256294	ENST00000262894.11	2121	0da696400d58766b4a66557fa0272b775e449d4e343e6eaac1ae76b3e92ca81a
ENSG00000256394	ENST00000537611.3	1518	7a734e88140a380d06650d75266f97b588c18855901fc492089c7e2ff948d368
ENSG00000256463	ENST00000537592.7	3903	ff12c703905c44b634a73ef7dc454e7ca2aa3348ea2024b0d67406790305ac68
ENSG00000256574	ENST00000553795.6	987	e3bce34c931db68010526065632a5f5592c3afe91fa5b2cd5b8cf177b532d76e
ENSG00000256660	ENST00000338896.11	831	a61d0e5bfe6dd693fb5f05ab4695703e61eadf8b672a2b52839913260f07f3a3
ENSG00000256671	ENST00000632897.2	1197	124741f1559ebc2f898635327599d147245490db6939f2a048736b7f97467f2d
ENSG00000256683	ENST00000243644.9	1599	23618180e627a9cee8d526ce337c9e402109bcf9ae6105286bbf6a3a8eb5df73
ENSG00000256771	ENST00000589717.2	1500	18f204459cb6dfa37d5636fcc2d31c036a950e317691d902482a65be83cd7609
ENSG00000256797	ENST00000535540.1	624	5922b7991fc73c03d2ec1060072a4d0dee96369ff3a374270ad160cb2be2ab8d
ENSG00000256977	ENST00000480744.3	1197	124741f1559ebc2f898635327599d147245490db6939f2a048736b7f97467f2d
ENSG00000257008	ENST00000582579.6	1125	9cf6abe9ea401751621932cff4915bacbac6ea41779244dc2cb162bceb2e03e7
ENSG00000257115	ENST00000550708.2	981	8b5907ea9b44d81c6358f5b311bd60bf3a77bb1b040d33ece6b179ee96b9def1
ENSG00000257315	ENST00000550078.3	2940	639aaa2aea1de3d482957b387f4a2e2b962f35823fe856f239ad863cdf0c3c20
ENSG00000257446	ENST00000547628.2	1596	78ff8096cace5eb2ce78b4584190956fe38a98e0210cf40849c5ce163163a674
ENSG00000257591	ENST00000439556.3	1119	31910f67d40c9e3399b8051a2bff394d51169b2667d28c852ebc422452be5fa9
ENSG00000257923	ENST00000292535.12	4518	21c70823835589d3687f67fef76dc9617ae6666b69854db9fb435518170a5106
ENSG00000258083	ENST00000641559.1	945	162470b643dfc181fcfd404baff47fff86919c1207e754511248eff085bcfa00
ENSG00000258227	ENST00000546910.6	567	8deaf65dcc6888bfe6604933151351fd7c697db11d8639297890654013a275f8
ENSG00000258405	ENST00000421239.7	1773	c17064e04d2a602fdd0818b8e4771d7c3a75d0b70d34fbd3680a088a1f0f1e15
ENSG00000258453	ENST00000556246.3	948	ae4a81b672a6877ec14089311e9789ae06dd525b8d087c4b6c3d7277f756f079
ENSG00000258806	ENST00000553765.2	945	bcf3e86047ba4ba012f9f52081d102c627bd753c3b4fa01c0554c07d99801910
ENSG00000258817	ENST00000555099.1	930	de373f11c05acd6d6c4525bbf59349fd80a2da713a038a43ef3f189a1d369e7e
ENSG00000258873	ENST00000554048.3	615	d09e87d8b2b9573f35642ae99fdfc64901aee2ff557be39f63c22541f83282b2
ENSG00000260027	ENST00000239165.9	654	88af4fbc98abea8e41126eb2b98beb1958c95a1487e70c08c763991b668d0dce
ENSG00000260314	ENST00000569591.3	4371	097d43e8c79843b46a080cd92c313e65a086fb1938b7e9db1b51131af117456c
ENSG00000260428	ENST00000567180.3	606	8e68cf5ba4bf656b2e6947fad81e7196878e3f5378a3edf3e721c343a0312f57
ENSG00000260458	ENST00000567955.3	1302	145cd946a7fd4ba0fdd5ea3b64a22d16f47f215b5f3b948cff107c97b16417a0
ENSG00000260811	ENST00000568934.1	921	f06c90d096e956fc9b7e1cb1b81232f9cb5d7a32ac53900f8a9c2b4bb3ee7573
ENSG00000261210	ENST00000636231.2	561	fddc787b4a85a65409b8ffe9b0539f0437403671911dfc6bc31340b1ff5a39fe
ENSG00000261221	ENST00000568956.2	3180	3df992a197813ec91dab526bb2ab95e733f93abfabb543c93c469658763bc268
ENSG00000261678	ENST00000569446.3	1047	88cb97564be4151f5d049ebf3f9106628f2babc97538486be86d3777913d5b0a
ENSG00000261787	ENST00000563496.2	504	086cc1523ced9e3955a5900e4337f30bd93e83bfaf06520cc8b74ea291d62ad3
ENSG00000262085	ENST00000571766.2	994	de3411f22e77308a28e6e8b82fc639d751efdf6a4c482ed644337d830a83df1f
ENSG00000262628	ENST00000575751.1	939	a7c4ca343fa7c11dbf4534fe7ad8c0d53bae7ad4a8e11f6259814b0bbdc65a48
ENSG00000263001	ENST00000573035.6	2997	00df46b4fa8f897baa8435de4f90c188aff8afadf68191a422811dee75432a06
ENSG00000263002	ENST00000426739.7	2103	8630d8d58a97581b753519ccfcc12be54eecee4028dc4d0f47c06c63b1ed288b
ENSG00000263528	ENST00000581977.7	2151	0764c88065face8d6ddfbff2bf6bebbf8ec11cc7411c86e4a6b15868c63e0f4a
ENSG00000264522	ENST00000581312.6	2532	a88061bd03f1afc2b2ccda69888b184b46ce0fcc2be92f5cc7a238f05fa378eb
ENSG00000265763	ENST00000585316.3	1023	8f42dd0956b69950156c8ab0b7da92442d5944db6cfab356f0945c7a260bb903
ENSG00000266265	ENST00000583337.4	972	86ed503403c26a9ec5761e384ac1946f3724b4a1de92b853107750fdd2e6b1dc
ENSG00000267041	ENST00000591344.2	3273	e9e409af51bb42df3ccfd6cbd8b2ab4f6813023e1b6af14fb332b187a152c5e6
ENSG00000267508	ENST00000614994.5	1773	6494e3480832277ea88b06310498499d8eefd97e1daec81d7148e864703cae88
ENSG00000267680	ENST00000693561.1	2124	ae4f9142b7f8efa7bb7debbc8a446afeaf7b7be2a21fc36c46ca7983991f7673
ENSG00000268629	ENST00000600991.6	1230	450dde60a165fc0677ce02fc3557859e3812d830ba141aedced4154739aee67f
ENSG00000268696	ENST00000600766.3	1542	a855bbcb56d90738111e24c4ac51782e111ea72c39fef0bf26d2a04088f18c16
ENSG00000269067	ENST00000594710.2	1869	f883efe6fa7eeefdbe572e4d9d4e8bd8a6bc32183feca2e16592ab0815c90767
ENSG00000269335	ENST00000594239.6	1260	2ef449a100221658a36603c909c69a9f1f3bff8ac514af9cb536a8fa5fb37f48
ENSG00000269343	ENST00000594901.2	1902	7d85c5bede1aca964247875b357bc17d26b283c25ffbf301f039da7f7dac8fe8
ENSG00000269404	ENST00000595883.6	789	41c65fe0c423eceafa3be2c3cad2b677bb9991060d963eb505ad66d0c664615a
ENSG00000269699	ENST00000629319.3	1677	587e8791ecd8c889a0097203a3564e9d63b2bec149ab8628e416853d1f517fb1
ENSG00000270647	ENST00000605844.6	1779	9d255cc9b9d3a1ffb3d6e58dc2c8058054516c72f53a4dba7f27f6970f70e40d
ENSG00000272047	ENST00000607778.2	216	b6b30e739184d3056e6c7996ee462b7163b244ab31b45bfed6e7b6e7faa1e4f0
ENSG00000272333	ENST00000420124.4	8148	50ab40b3b7418fdb84a1a1d943909d8d43d90f614f9880635b1ad1b6f76e0533
ENSG00000272602	ENST00000610261.6	1947	d7f8ce19b3e6789f8238a4de4928f35776af4a5a1aaf2248c996bd034457a04a
ENSG00000272987	ENST00000440231.1	985	f8d88ddc5181b74c93957ea723303ed2feb92d044b7813e33e849f8296f9eefe
ENSG00000273085	ENST00000445557.1	926	8dbb5bebeb820b9a926db0fb89a4d8e2b14c3de0193d423e4b6d12c88a296928
ENSG00000273274	ENST00000609129.2	1488	03729be00064affa3ec964a470c81296e166a2935eda415b28c0c952395e88ba
ENSG00000273514	ENST00000622588.2	1254	f37be4a79ae070fe34ac6b199d1165a96faef7135831feb60c27bd11c920b49f
ENSG00000273611	ENST00000617429.5	468	e6dcfe17cdc829df3b395d4f23ec3b8b7f3f220a2b617370ab0fa22df82185b2
ENSG00000273706	ENST00000614239.1	1221	c9f058d3514477cd49ed271251bb050248cb6b976395100a7de14d6565811169
ENSG00000273841	ENST00000217893.10	795	a003cb4a3e7ff3ef18576f26c917c6a630895d698327af4416163fb330503f26
ENSG00000274102	ENST00000614722.3	942	db4edd2fbcc96a700342abadeefe8061d6fc666f28deaf106f1665e9dd17e313
ENSG00000274286	ENST00000620793.2	1353	9e47392ad584fcc86da874b7027bfa2b95f8d411c9d270d7c3754ad760c37234
ENSG00000274349	ENST00000621410.5	3180	e4935e5416ef211a03e7d3ab1bb29bb7111eb035cbdeb5185b65368d1518264c
ENSG00000274529	ENST00000536498.6	573	1abc2ea830e93e2b735aeb4f8052f282f8a36d4b07aae53f78308fece486ab9f
ENSG00000274588	ENST00000611977.2	3816	c8b29cdd62dba5905c0cc0cb84f802d215e32f9fb2fb4ea8c04aa13bb1727443
ENSG00000275004	ENST00000626650.3	1632	6079cc32ce864a06d770880a7087988485806700f314ba681e06bbc92535efe4
ENSG00000275111	ENST00000614034.5	1278	49a848274cc6aef31e5097c02f9997a48b281bbdf9da5d49fa82d1ae1f910912
ENSG00000275183	ENST00000611161.2	1437	96385639ec8bc658dc14052327dbcbfc8cedbe4d84df8a30bbbb1e5c9c013f7a
ENSG00000275410	ENST00000617811.5	1674	0955a190826850f27c23cdf68ef86d304a856472bd4f2f4b0caa0d9e22675b3c
ENSG00000276119	ENST00000542196.2	957	ffcbebf3102590c2775cfcc53a6335cc9c8573c70b925e126e5ce39b5b7c960d
ENSG00000276234	ENST00000615182.5	1332	3c15c5a9f12f1622a0032dc63debf1bb883e92f4ee5f69fcd7f880627088e0ad
ENSG00000276240	ENST00000641792.2	948	0e0b77c1c1af238cf0148ac9df6aaa58d494939df2c0fddd6fdae7230eacb6e3
ENSG00000277399	ENST00000616987.5	7104	be9e85ec27464dacd60d9dea579c94c0ed45c93f5fe7455dd5725efdda930918
ENSG00000277462	ENST00000366503.3	1170	7f7c4eeac6bfa392586bd26f42b981a3fb263507f0b35cc734a0d442fcb7272d
ENSG00000277481	ENST00000620267.2	5199	97984d77a8c19c8aa8415cd9b90deb06716ec7724fb50a3eba0152cafbff081d
ENSG00000277556	ENST00000374779.3	957	48a9b45d547d44d7ea5b90a2d794c1dde78f9f32644bd62f5c4402994fbd488e
ENSG00000277932	ENST00000610445.2	984	8bbdbcebf5cff8de4224eff1aacb178e9ecab4c2bf00286cd83ac5bcfa1dfe2e
ENSG00000278129	ENST00000621650.2	1728	3581b2686996f931757c8d2c0bae74fdf6c826e655f7a883026d656eec96896c
ENSG00000278318	ENST00000614049.5	2478	a02e3a362df99e597be99a10c1faa97324ed0997c5d3996640ec009d5e22f853
ENSG00000278570	ENST00000617575.5	1233	9c161b6f69d803c5b991146ca084a07429fad9cd2e4c04a3ab75e04073ccfca8
ENSG00000278870	ENST00000623849.1	966	bbf51f01401748ed43a175628d7b35a6205bfa924f0354517a5e8fe1b7dce1e6
ENSG00000278889	ENST00000341959.2	960	3608b83af90ffd96590997e0f13d859e0948a72106daa39e874911998581e7e7
ENSG00000279000	ENST00000641238.1	945	c8a8148d13ba2712757771cc3724637237f35af3bf378881b4c0ae7fd3e43b82
ENSG00000279012	ENST00000624187.1	939	b60df6636cc909041734a85cee57de6db55bd3d320d0c846ae08a70500e1bd2d
ENSG00000279051	ENST00000302622.4	954	de5148d1c5aa9203a1eee0927a609c963d516de078d7367e10e16c24ac502e79
ENSG00000279111	ENST00000623167.1	981	391b43002fc9346b0fa30927d9b02dc1416cfa05da09030664137731bd394ee2
ENSG00000279116	ENST00000624618.2	936	525fabb6fcd1180736a665a9f464615530fbcbea5861a511e4fe4643c66ca4d8
ENSG00000279263	ENST00000623922.1	939	bda4f97fe5a05ac153a9862b7de642fa39fc001c86e54f5d539b18019e099ada
ENSG00000279270	ENST00000624978.1	948	c344a197efd4c46e8b2b927ba2de98dd2e5204a26ff6406682833238c37efe0b
ENSG00000279301	ENST00000641193.1	951	adac1cfa14865ba8731eced9aa777997e11a98e4da563bdee0733b1409e61af7
ENSG00000279395	ENST00000625203.2	936	7900f97260bd7a673503284c78aab9570008143637e38ec8c52f341ae32f4682
ENSG00000279408	ENST00000623441.1	951	f59fa6a2b33f20ee0f3f16321c1a9cf394981b9deca3c2e4e05206b8464bc299
ENSG00000279486	ENST00000641258.1	951	608dfbe5a158dbb1aad2f58a106be8cd635c5c6c3e68b309b6d6d38ab8cfe832
ENSG00000279514	ENST00000623907.1	933	7abfb4a62d072702466e70e3948bda46dfa732eb9e2dfa6468353dee2ae22522
ENSG00000279761	ENST00000623930.1	945	41b0b53dde0116e71ee4dc77f9dd6e1b32daff574781470acd84088c428a1dca
ENSG00000279961	ENST00000623286.1	975	5410a96a9ac6d501ecf9e10ef687a3fe96d3b12fc27b662c771a5d6eeab8ad70
ENSG00000280021	ENST00000624103.2	960	7e8ff7602a82e59d78d824ad9fe1cda8b2f4532574163b0f9b7712b943be4588
ENSG00000280090	ENST00000356130.7	930	62d31ec9cf092223a3d0c9864143f4151da8192b2ff0d9a8b0ff37aac18040bd
ENSG00000280094	ENST00000623530.2	954	a76dc52827288b690a20cec92f951fd31701932b01f677ec31096160fe81c1b7
ENSG00000280204	ENST00000641544.1	939	4a105dac9a3cd086086aa149727898482ce734b7aa2ee4e28a97b8e884fdef32
ENSG00000280236	ENST00000642051.1	924	8bf2e0233d1fb7aa6763166afe8cda7b12fd4d80885828759afb305f680f82bf
ENSG00000280314	ENST00000641662.1	939	367652898c9a5624ff2fa12638bbd1eefe9ff8a2234e1f4fe06d7caa515ae73a
ENSG00000282419	ENST00000632372.3	2145	9cdc818fcad13623d1b9e8830d9e54f265dc35ce1f083eac7ac853e81b84cfff
ENSG00000282757	ENST00000633875.4	1038	ab7da0ab10a785af730ae753aa0a1de4c9245bcb0a49b070d687bed159258a67
ENSG00000282815	ENST00000695840.1	2982	d30abe5456143172f39b51bb354a258a5d8291c70e6d6d332fb4e4bb0e121e6f
ENSG00000283039	ENST00000634670.1	3159	653bb145877a6d28e7c820ca763155a7f07199cc4e9375348ba3c8df126ddc56
ENSG00000284609	ENST00000641139.1	942	9cf9e07631e071bd761ccf495cde918ab5669c060566770011b97af42315ad54
ENSG00000284662	ENST00000332831.5	939	de3fa2f616d6514eb8be464795191abbd1a65c76849efb3aa9dc15c94d8db8ea
ENSG00000284680	ENST00000641451.2	942	dabb64e425272efdde38fa36e3c71d50b4441da6938bfc3451a13d2276356d50
ENSG00000284723	ENST00000641651.1	939	d4e856dcfa98fb0594f23e7eb78338c73c15035ec1733cf94d94f95828caac8a
ENSG00000284733	ENST00000426406.4	939	de3fa2f616d6514eb8be464795191abbd1a65c76849efb3aa9dc15c94d8db8ea
ENSG00000290292	ENST00000357460.7	1653	8ea964b1f965bc6d8379793c7e273a41e6120901ca58d3f5c1d07c42e0518cc1
